W MEM 0 0 0
W MEM 0 2 0
W MEM 0 4 0
W MEM 0 6 0
W MEM 0 8 0
W MEM 0 10 0
W MEM 0 12 0
W MEM 0 14 0
W MEM 1 0 0
W MEM 1 2 0
W MEM 1 4 0
W MEM 1 6 0
W MEM 1 8 0
W MEM 1 10 0
W MEM 1 12 0
W MEM 1 14 0
W MEM 2 0 0
W MEM 2 2 0
W MEM 2 4 0
W MEM 2 6 0
W MEM 2 8 0
W MEM 2 10 0
W MEM 2 12 0
W MEM 2 14 0
W MEM 3 0 0
W MEM 3 2 0
W MEM 3 4 0
W MEM 3 6 0
W MEM 3 8 0
W MEM 3 10 0
W MEM 3 12 0
W MEM 3 14 0
W MEM 4 0 0
W MEM 4 2 0
W MEM 4 4 0
W MEM 4 6 0
W MEM 4 8 0
W MEM 4 10 0
W MEM 4 12 0
W MEM 4 14 0
W MEM 5 0 0
W MEM 5 2 0
W MEM 5 4 0
W MEM 5 6 0
W MEM 5 8 0
W MEM 5 10 0
W MEM 5 12 0
W MEM 5 14 0
W MEM 6 0 0
W MEM 6 2 0
W MEM 6 4 0
W MEM 6 6 0
W MEM 6 8 0
W MEM 6 10 0
W MEM 6 12 0
W MEM 6 14 0
W MEM 7 0 0
W MEM 7 2 0
W MEM 7 4 0
W MEM 7 6 0
W MEM 7 8 0
W MEM 7 10 0
W MEM 7 12 0
W MEM 7 14 0
W MEM 8 0 0
W MEM 8 2 0
W MEM 8 4 0
W MEM 8 6 0
W MEM 8 8 0
W MEM 8 10 0
W MEM 8 12 0
W MEM 8 14 0
W MEM 9 0 0
W MEM 9 2 0
W MEM 9 4 0
W MEM 9 6 0
W MEM 9 8 0
W MEM 9 10 0
W MEM 9 12 0
W MEM 9 14 0
W MEM 10 0 0
W MEM 10 2 0
W MEM 10 4 0
W MEM 10 6 0
W MEM 10 8 0
W MEM 10 10 0
W MEM 10 12 0
W MEM 10 14 0
W MEM 11 0 0
W MEM 11 2 0
W MEM 11 4 0
W MEM 11 6 0
W MEM 11 8 0
W MEM 11 10 0
W MEM 11 12 0
W MEM 11 14 0
W MEM 12 0 0
W MEM 12 2 0
W MEM 12 4 0
W MEM 12 6 0
W MEM 12 8 0
W MEM 12 10 0
W MEM 12 12 0
W MEM 12 14 0
W MEM 13 0 0
W MEM 13 2 0
W MEM 13 4 0
W MEM 13 6 0
W MEM 13 8 0
W MEM 13 10 0
W MEM 13 12 0
W MEM 13 14 0
W MEM 14 0 0
W MEM 14 2 0
W MEM 14 4 0
W MEM 14 6 0
W MEM 14 8 0
W MEM 14 10 0
W MEM 14 12 0
W MEM 14 14 0
W MEM 15 0 0
W MEM 15 2 0
W MEM 15 4 0
W MEM 15 6 0
W MEM 15 8 0
W MEM 15 10 0
W MEM 15 12 0
W MEM 15 14 0
W MEM 16 0 0
W MEM 16 2 0
W MEM 16 4 0
W MEM 16 6 0
W MEM 16 8 0
W MEM 16 10 0
W MEM 16 12 0
W MEM 16 14 0
W MEM 17 0 0
W MEM 17 2 0
W MEM 17 4 0
W MEM 17 6 0
W MEM 17 8 0
W MEM 17 10 0
W MEM 17 12 0
W MEM 17 14 0
W MEM 18 0 0
W MEM 18 2 0
W MEM 18 4 0
W MEM 18 6 0
W MEM 18 8 0
W MEM 18 10 0
W MEM 18 12 0
W MEM 18 14 0
W MEM 19 0 0
W MEM 19 2 0
W MEM 19 4 0
W MEM 19 6 0
W MEM 19 8 0
W MEM 19 10 0
W MEM 19 12 0
W MEM 19 14 0
W MEM 20 0 0
W MEM 20 2 0
W MEM 20 4 0
W MEM 20 6 0
W MEM 20 8 0
W MEM 20 10 0
W MEM 20 12 0
W MEM 20 14 0
W MEM 21 0 0
W MEM 21 2 0
W MEM 21 4 0
W MEM 21 6 0
W MEM 21 8 0
W MEM 21 10 0
W MEM 21 12 0
W MEM 21 14 0
W MEM 22 0 0
W MEM 22 2 0
W MEM 22 4 0
W MEM 22 6 0
W MEM 22 8 0
W MEM 22 10 0
W MEM 22 12 0
W MEM 22 14 0
W MEM 23 0 0
W MEM 23 2 0
W MEM 23 4 0
W MEM 23 6 0
W MEM 23 8 0
W MEM 23 10 0
W MEM 23 12 0
W MEM 23 14 0
W MEM 24 0 0
W MEM 24 2 0
W MEM 24 4 0
W MEM 24 6 0
W MEM 24 8 0
W MEM 24 10 0
W MEM 24 12 0
W MEM 24 14 0
W MEM 25 0 0
W MEM 25 2 0
W MEM 25 4 0
W MEM 25 6 0
W MEM 25 8 0
W MEM 25 10 0
W MEM 25 12 0
W MEM 25 14 0
W MEM 26 0 0
W MEM 26 2 0
W MEM 26 4 0
W MEM 26 6 0
W MEM 26 8 0
W MEM 26 10 0
W MEM 26 12 0
W MEM 26 14 0
W MEM 27 0 0
W MEM 27 2 0
W MEM 27 4 0
W MEM 27 6 0
W MEM 27 8 0
W MEM 27 10 0
W MEM 27 12 0
W MEM 27 14 0
W MEM 28 0 0
W MEM 28 2 0
W MEM 28 4 0
W MEM 28 6 0
W MEM 28 8 0
W MEM 28 10 0
W MEM 28 12 0
W MEM 28 14 0
W MEM 29 0 0
W MEM 29 2 0
W MEM 29 4 0
W MEM 29 6 0
W MEM 29 8 0
W MEM 29 10 0
W MEM 29 12 0
W MEM 29 14 0
W MEM 30 0 0
W MEM 30 2 0
W MEM 30 4 0
W MEM 30 6 0
W MEM 30 8 0
W MEM 30 10 0
W MEM 30 12 0
W MEM 30 14 0
W MEM 31 0 0
W MEM 31 2 0
W MEM 31 4 0
W MEM 31 6 0
W MEM 31 8 0
W MEM 31 10 0
W MEM 31 12 0
W MEM 31 14 0
W MEM 0 1 0
W MEM 0 3 0
W MEM 0 5 0
W MEM 0 7 0
W MEM 0 9 0
W MEM 0 11 0
W MEM 0 13 0
W MEM 0 15 0
W MEM 1 1 0
W MEM 1 3 0
W MEM 1 5 0
W MEM 1 7 0
W MEM 1 9 0
W MEM 1 11 0
W MEM 1 13 0
W MEM 1 15 0
W MEM 2 1 0
W MEM 2 3 0
W MEM 2 5 0
W MEM 2 7 0
W MEM 2 9 0
W MEM 2 11 0
W MEM 2 13 0
W MEM 2 15 0
W MEM 3 1 0
W MEM 3 3 0
W MEM 3 5 0
W MEM 3 7 0
W MEM 3 9 0
W MEM 3 11 0
W MEM 3 13 0
W MEM 3 15 0
W MEM 4 1 0
W MEM 4 3 0
W MEM 4 5 0
W MEM 4 7 0
W MEM 4 9 0
W MEM 4 11 0
W MEM 4 13 0
W MEM 4 15 0
W MEM 5 1 0
W MEM 5 3 0
W MEM 5 5 0
W MEM 5 7 0
W MEM 5 9 0
W MEM 5 11 0
W MEM 5 13 0
W MEM 5 15 0
W MEM 6 1 0
W MEM 6 3 0
W MEM 6 5 0
W MEM 6 7 0
W MEM 6 9 0
W MEM 6 11 0
W MEM 6 13 0
W MEM 6 15 0
W MEM 7 1 0
W MEM 7 3 0
W MEM 7 5 0
W MEM 7 7 0
W MEM 7 9 0
W MEM 7 11 0
W MEM 7 13 0
W MEM 7 15 0
W MEM 8 1 0
W MEM 8 3 0
W MEM 8 5 0
W MEM 8 7 0
W MEM 8 9 0
W MEM 8 11 0
W MEM 8 13 0
W MEM 8 15 0
W MEM 9 1 0
W MEM 9 3 0
W MEM 9 5 0
W MEM 9 7 0
W MEM 9 9 0
W MEM 9 11 0
W MEM 9 13 0
W MEM 9 15 0
W MEM 10 1 0
W MEM 10 3 0
W MEM 10 5 0
W MEM 10 7 0
W MEM 10 9 0
W MEM 10 11 0
W MEM 10 13 0
W MEM 10 15 0
W MEM 11 1 0
W MEM 11 3 0
W MEM 11 5 0
W MEM 11 7 0
W MEM 11 9 0
W MEM 11 11 0
W MEM 11 13 0
W MEM 11 15 0
W MEM 12 1 0
W MEM 12 3 0
W MEM 12 5 0
W MEM 12 7 0
W MEM 12 9 0
W MEM 12 11 0
W MEM 12 13 0
W MEM 12 15 0
W MEM 13 1 0
W MEM 13 3 0
W MEM 13 5 0
W MEM 13 7 0
W MEM 13 9 0
W MEM 13 11 0
W MEM 13 13 0
W MEM 13 15 0
W MEM 14 1 0
W MEM 14 3 0
W MEM 14 5 0
W MEM 14 7 0
W MEM 14 9 0
W MEM 14 11 0
W MEM 14 13 0
W MEM 14 15 0
W MEM 15 1 0
W MEM 15 3 0
W MEM 15 5 0
W MEM 15 7 0
W MEM 15 9 0
W MEM 15 11 0
W MEM 15 13 0
W MEM 15 15 0
W MEM 16 1 0
W MEM 16 3 0
W MEM 16 5 0
W MEM 16 7 0
W MEM 16 9 0
W MEM 16 11 0
W MEM 16 13 0
W MEM 16 15 0
W MEM 17 1 0
W MEM 17 3 0
W MEM 17 5 0
W MEM 17 7 0
W MEM 17 9 0
W MEM 17 11 0
W MEM 17 13 0
W MEM 17 15 0
W MEM 18 1 0
W MEM 18 3 0
W MEM 18 5 0
W MEM 18 7 0
W MEM 18 9 0
W MEM 18 11 0
W MEM 18 13 0
W MEM 18 15 0
W MEM 19 1 0
W MEM 19 3 0
W MEM 19 5 0
W MEM 19 7 0
W MEM 19 9 0
W MEM 19 11 0
W MEM 19 13 0
W MEM 19 15 0
W MEM 20 1 0
W MEM 20 3 0
W MEM 20 5 0
W MEM 20 7 0
W MEM 20 9 0
W MEM 20 11 0
W MEM 20 13 0
W MEM 20 15 0
W MEM 21 1 0
W MEM 21 3 0
W MEM 21 5 0
W MEM 21 7 0
W MEM 21 9 0
W MEM 21 11 0
W MEM 21 13 0
W MEM 21 15 0
W MEM 22 1 0
W MEM 22 3 0
W MEM 22 5 0
W MEM 22 7 0
W MEM 22 9 0
W MEM 22 11 0
W MEM 22 13 0
W MEM 22 15 0
W MEM 23 1 0
W MEM 23 3 0
W MEM 23 5 0
W MEM 23 7 0
W MEM 23 9 0
W MEM 23 11 0
W MEM 23 13 0
W MEM 23 15 0
W MEM 24 1 0
W MEM 24 3 0
W MEM 24 5 0
W MEM 24 7 0
W MEM 24 9 0
W MEM 24 11 0
W MEM 24 13 0
W MEM 24 15 0
W MEM 25 1 0
W MEM 25 3 0
W MEM 25 5 0
W MEM 25 7 0
W MEM 25 9 0
W MEM 25 11 0
W MEM 25 13 0
W MEM 25 15 0
W MEM 26 1 0
W MEM 26 3 0
W MEM 26 5 0
W MEM 26 7 0
W MEM 26 9 0
W MEM 26 11 0
W MEM 26 13 0
W MEM 26 15 0
W MEM 27 1 0
W MEM 27 3 0
W MEM 27 5 0
W MEM 27 7 0
W MEM 27 9 0
W MEM 27 11 0
W MEM 27 13 0
W MEM 27 15 0
W MEM 28 1 0
W MEM 28 3 0
W MEM 28 5 0
W MEM 28 7 0
W MEM 28 9 0
W MEM 28 11 0
W MEM 28 13 0
W MEM 28 15 0
W MEM 29 1 0
W MEM 29 3 0
W MEM 29 5 0
W MEM 29 7 0
W MEM 29 9 0
W MEM 29 11 0
W MEM 29 13 0
W MEM 29 15 0
W MEM 30 1 0
W MEM 30 3 0
W MEM 30 5 0
W MEM 30 7 0
W MEM 30 9 0
W MEM 30 11 0
W MEM 30 13 0
W MEM 30 15 0
W MEM 31 1 0
W MEM 31 3 0
W MEM 31 5 0
W MEM 31 7 0
W MEM 31 9 0
W MEM 31 11 0
W MEM 31 13 0
W MEM 31 15 0
AiM WR_BIAS 0 0xffffffff
# --> Emitted by: cent_simulation/aim_sim.py (line 263) :: WR_BIAS_only_trace
# --> Likely caller: cent_simulation/TransformerBlock.py (line 806) :: Vector_Matrix_Mul_output_pim_only_trace
AiM MAC_ABK 1 0xffffffff 0
# --> Emitted by: cent_simulation/aim_sim.py (line 267) :: MAC_ABK_only_trace
# --> Likely caller: cent_simulation/TransformerBlock.py (line 806) :: Vector_Matrix_Mul_output_pim_only_trace
AiM RD_MAC 0 0xffffffff
# --> Emitted by: cent_simulation/aim_sim.py (line 272) :: RD_MAC_only_trace
# --> Likely caller: cent_simulation/TransformerBlock.py (line 806) :: Vector_Matrix_Mul_output_pim_only_trace
W MEM 0 0 1
W MEM 0 4 1
W MEM 0 8 1
W MEM 0 12 1
W MEM 1 0 1
W MEM 1 4 1
W MEM 1 8 1
W MEM 1 12 1
W MEM 2 0 1
W MEM 2 4 1
W MEM 2 8 1
W MEM 2 12 1
W MEM 3 0 1
W MEM 3 4 1
W MEM 3 8 1
W MEM 3 12 1
W MEM 4 0 1
W MEM 4 4 1
W MEM 4 8 1
W MEM 4 12 1
W MEM 5 0 1
W MEM 5 4 1
W MEM 5 8 1
W MEM 5 12 1
W MEM 6 0 1
W MEM 6 4 1
W MEM 6 8 1
W MEM 6 12 1
W MEM 7 0 1
W MEM 7 4 1
W MEM 7 8 1
W MEM 7 12 1
W MEM 8 0 1
W MEM 8 4 1
W MEM 8 8 1
W MEM 8 12 1
W MEM 9 0 1
W MEM 9 4 1
W MEM 9 8 1
W MEM 9 12 1
W MEM 10 0 1
W MEM 10 4 1
W MEM 10 8 1
W MEM 10 12 1
W MEM 11 0 1
W MEM 11 4 1
W MEM 11 8 1
W MEM 11 12 1
W MEM 12 0 1
W MEM 12 4 1
W MEM 12 8 1
W MEM 12 12 1
W MEM 13 0 1
W MEM 13 4 1
W MEM 13 8 1
W MEM 13 12 1
W MEM 14 0 1
W MEM 14 4 1
W MEM 14 8 1
W MEM 14 12 1
W MEM 15 0 1
W MEM 15 4 1
W MEM 15 8 1
W MEM 15 12 1
W MEM 16 0 1
W MEM 16 4 1
W MEM 16 8 1
W MEM 16 12 1
W MEM 17 0 1
W MEM 17 4 1
W MEM 17 8 1
W MEM 17 12 1
W MEM 18 0 1
W MEM 18 4 1
W MEM 18 8 1
W MEM 18 12 1
W MEM 19 0 1
W MEM 19 4 1
W MEM 19 8 1
W MEM 19 12 1
W MEM 20 0 1
W MEM 20 4 1
W MEM 20 8 1
W MEM 20 12 1
W MEM 21 0 1
W MEM 21 4 1
W MEM 21 8 1
W MEM 21 12 1
W MEM 22 0 1
W MEM 22 4 1
W MEM 22 8 1
W MEM 22 12 1
W MEM 23 0 1
W MEM 23 4 1
W MEM 23 8 1
W MEM 23 12 1
W MEM 24 0 1
W MEM 24 4 1
W MEM 24 8 1
W MEM 24 12 1
W MEM 25 0 1
W MEM 25 4 1
W MEM 25 8 1
W MEM 25 12 1
W MEM 26 0 1
W MEM 26 4 1
W MEM 26 8 1
W MEM 26 12 1
W MEM 27 0 1
W MEM 27 4 1
W MEM 27 8 1
W MEM 27 12 1
W MEM 28 0 1
W MEM 28 4 1
W MEM 28 8 1
W MEM 28 12 1
W MEM 29 0 1
W MEM 29 4 1
W MEM 29 8 1
W MEM 29 12 1
W MEM 30 0 1
W MEM 30 4 1
W MEM 30 8 1
W MEM 30 12 1
W MEM 31 0 1
W MEM 31 4 1
W MEM 31 8 1
W MEM 31 12 1
W MEM 0 0 1
W MEM 0 4 1
W MEM 0 8 1
W MEM 0 12 1
W MEM 1 0 1
W MEM 1 4 1
W MEM 1 8 1
W MEM 1 12 1
W MEM 2 0 1
W MEM 2 4 1
W MEM 2 8 1
W MEM 2 12 1
W MEM 3 0 1
W MEM 3 4 1
W MEM 3 8 1
W MEM 3 12 1
W MEM 4 0 1
W MEM 4 4 1
W MEM 4 8 1
W MEM 4 12 1
W MEM 5 0 1
W MEM 5 4 1
W MEM 5 8 1
W MEM 5 12 1
W MEM 6 0 1
W MEM 6 4 1
W MEM 6 8 1
W MEM 6 12 1
W MEM 7 0 1
W MEM 7 4 1
W MEM 7 8 1
W MEM 7 12 1
W MEM 8 0 1
W MEM 8 4 1
W MEM 8 8 1
W MEM 8 12 1
W MEM 9 0 1
W MEM 9 4 1
W MEM 9 8 1
W MEM 9 12 1
W MEM 10 0 1
W MEM 10 4 1
W MEM 10 8 1
W MEM 10 12 1
W MEM 11 0 1
W MEM 11 4 1
W MEM 11 8 1
W MEM 11 12 1
W MEM 12 0 1
W MEM 12 4 1
W MEM 12 8 1
W MEM 12 12 1
W MEM 13 0 1
W MEM 13 4 1
W MEM 13 8 1
W MEM 13 12 1
W MEM 14 0 1
W MEM 14 4 1
W MEM 14 8 1
W MEM 14 12 1
W MEM 15 0 1
W MEM 15 4 1
W MEM 15 8 1
W MEM 15 12 1
W MEM 16 0 1
W MEM 16 4 1
W MEM 16 8 1
W MEM 16 12 1
W MEM 17 0 1
W MEM 17 4 1
W MEM 17 8 1
W MEM 17 12 1
W MEM 18 0 1
W MEM 18 4 1
W MEM 18 8 1
W MEM 18 12 1
W MEM 19 0 1
W MEM 19 4 1
W MEM 19 8 1
W MEM 19 12 1
W MEM 20 0 1
W MEM 20 4 1
W MEM 20 8 1
W MEM 20 12 1
W MEM 21 0 1
W MEM 21 4 1
W MEM 21 8 1
W MEM 21 12 1
W MEM 22 0 1
W MEM 22 4 1
W MEM 22 8 1
W MEM 22 12 1
W MEM 23 0 1
W MEM 23 4 1
W MEM 23 8 1
W MEM 23 12 1
W MEM 24 0 1
W MEM 24 4 1
W MEM 24 8 1
W MEM 24 12 1
W MEM 25 0 1
W MEM 25 4 1
W MEM 25 8 1
W MEM 25 12 1
W MEM 26 0 1
W MEM 26 4 1
W MEM 26 8 1
W MEM 26 12 1
W MEM 27 0 1
W MEM 27 4 1
W MEM 27 8 1
W MEM 27 12 1
W MEM 28 0 1
W MEM 28 4 1
W MEM 28 8 1
W MEM 28 12 1
W MEM 29 0 1
W MEM 29 4 1
W MEM 29 8 1
W MEM 29 12 1
W MEM 30 0 1
W MEM 30 4 1
W MEM 30 8 1
W MEM 30 12 1
W MEM 31 0 1
W MEM 31 4 1
W MEM 31 8 1
W MEM 31 12 1
W MEM 0 1 1
W MEM 0 5 1
W MEM 0 9 1
W MEM 0 13 1
W MEM 1 1 1
W MEM 1 5 1
W MEM 1 9 1
W MEM 1 13 1
W MEM 2 1 1
W MEM 2 5 1
W MEM 2 9 1
W MEM 2 13 1
W MEM 3 1 1
W MEM 3 5 1
W MEM 3 9 1
W MEM 3 13 1
W MEM 4 1 1
W MEM 4 5 1
W MEM 4 9 1
W MEM 4 13 1
W MEM 5 1 1
W MEM 5 5 1
W MEM 5 9 1
W MEM 5 13 1
W MEM 6 1 1
W MEM 6 5 1
W MEM 6 9 1
W MEM 6 13 1
W MEM 7 1 1
W MEM 7 5 1
W MEM 7 9 1
W MEM 7 13 1
W MEM 8 1 1
W MEM 8 5 1
W MEM 8 9 1
W MEM 8 13 1
W MEM 9 1 1
W MEM 9 5 1
W MEM 9 9 1
W MEM 9 13 1
W MEM 10 1 1
W MEM 10 5 1
W MEM 10 9 1
W MEM 10 13 1
W MEM 11 1 1
W MEM 11 5 1
W MEM 11 9 1
W MEM 11 13 1
W MEM 12 1 1
W MEM 12 5 1
W MEM 12 9 1
W MEM 12 13 1
W MEM 13 1 1
W MEM 13 5 1
W MEM 13 9 1
W MEM 13 13 1
W MEM 14 1 1
W MEM 14 5 1
W MEM 14 9 1
W MEM 14 13 1
W MEM 15 1 1
W MEM 15 5 1
W MEM 15 9 1
W MEM 15 13 1
W MEM 16 1 1
W MEM 16 5 1
W MEM 16 9 1
W MEM 16 13 1
W MEM 17 1 1
W MEM 17 5 1
W MEM 17 9 1
W MEM 17 13 1
W MEM 18 1 1
W MEM 18 5 1
W MEM 18 9 1
W MEM 18 13 1
W MEM 19 1 1
W MEM 19 5 1
W MEM 19 9 1
W MEM 19 13 1
W MEM 20 1 1
W MEM 20 5 1
W MEM 20 9 1
W MEM 20 13 1
W MEM 21 1 1
W MEM 21 5 1
W MEM 21 9 1
W MEM 21 13 1
W MEM 22 1 1
W MEM 22 5 1
W MEM 22 9 1
W MEM 22 13 1
W MEM 23 1 1
W MEM 23 5 1
W MEM 23 9 1
W MEM 23 13 1
W MEM 24 1 1
W MEM 24 5 1
W MEM 24 9 1
W MEM 24 13 1
W MEM 25 1 1
W MEM 25 5 1
W MEM 25 9 1
W MEM 25 13 1
W MEM 26 1 1
W MEM 26 5 1
W MEM 26 9 1
W MEM 26 13 1
W MEM 27 1 1
W MEM 27 5 1
W MEM 27 9 1
W MEM 27 13 1
W MEM 28 1 1
W MEM 28 5 1
W MEM 28 9 1
W MEM 28 13 1
W MEM 29 1 1
W MEM 29 5 1
W MEM 29 9 1
W MEM 29 13 1
W MEM 30 1 1
W MEM 30 5 1
W MEM 30 9 1
W MEM 30 13 1
W MEM 31 1 1
W MEM 31 5 1
W MEM 31 9 1
W MEM 31 13 1
W MEM 0 1 1
W MEM 0 5 1
W MEM 0 9 1
W MEM 0 13 1
W MEM 1 1 1
W MEM 1 5 1
W MEM 1 9 1
W MEM 1 13 1
W MEM 2 1 1
W MEM 2 5 1
W MEM 2 9 1
W MEM 2 13 1
W MEM 3 1 1
W MEM 3 5 1
W MEM 3 9 1
W MEM 3 13 1
W MEM 4 1 1
W MEM 4 5 1
W MEM 4 9 1
W MEM 4 13 1
W MEM 5 1 1
W MEM 5 5 1
W MEM 5 9 1
W MEM 5 13 1
W MEM 6 1 1
W MEM 6 5 1
W MEM 6 9 1
W MEM 6 13 1
W MEM 7 1 1
W MEM 7 5 1
W MEM 7 9 1
W MEM 7 13 1
W MEM 8 1 1
W MEM 8 5 1
W MEM 8 9 1
W MEM 8 13 1
W MEM 9 1 1
W MEM 9 5 1
W MEM 9 9 1
W MEM 9 13 1
W MEM 10 1 1
W MEM 10 5 1
W MEM 10 9 1
W MEM 10 13 1
W MEM 11 1 1
W MEM 11 5 1
W MEM 11 9 1
W MEM 11 13 1
W MEM 12 1 1
W MEM 12 5 1
W MEM 12 9 1
W MEM 12 13 1
W MEM 13 1 1
W MEM 13 5 1
W MEM 13 9 1
W MEM 13 13 1
W MEM 14 1 1
W MEM 14 5 1
W MEM 14 9 1
W MEM 14 13 1
W MEM 15 1 1
W MEM 15 5 1
W MEM 15 9 1
W MEM 15 13 1
W MEM 16 1 1
W MEM 16 5 1
W MEM 16 9 1
W MEM 16 13 1
W MEM 17 1 1
W MEM 17 5 1
W MEM 17 9 1
W MEM 17 13 1
W MEM 18 1 1
W MEM 18 5 1
W MEM 18 9 1
W MEM 18 13 1
W MEM 19 1 1
W MEM 19 5 1
W MEM 19 9 1
W MEM 19 13 1
W MEM 20 1 1
W MEM 20 5 1
W MEM 20 9 1
W MEM 20 13 1
W MEM 21 1 1
W MEM 21 5 1
W MEM 21 9 1
W MEM 21 13 1
W MEM 22 1 1
W MEM 22 5 1
W MEM 22 9 1
W MEM 22 13 1
W MEM 23 1 1
W MEM 23 5 1
W MEM 23 9 1
W MEM 23 13 1
W MEM 24 1 1
W MEM 24 5 1
W MEM 24 9 1
W MEM 24 13 1
W MEM 25 1 1
W MEM 25 5 1
W MEM 25 9 1
W MEM 25 13 1
W MEM 26 1 1
W MEM 26 5 1
W MEM 26 9 1
W MEM 26 13 1
W MEM 27 1 1
W MEM 27 5 1
W MEM 27 9 1
W MEM 27 13 1
W MEM 28 1 1
W MEM 28 5 1
W MEM 28 9 1
W MEM 28 13 1
W MEM 29 1 1
W MEM 29 5 1
W MEM 29 9 1
W MEM 29 13 1
W MEM 30 1 1
W MEM 30 5 1
W MEM 30 9 1
W MEM 30 13 1
W MEM 31 1 1
W MEM 31 5 1
W MEM 31 9 1
W MEM 31 13 1
AiM EWMUL 2 0xffffffff 1
# --> Emitted by: cent_simulation/aim_sim.py (line 276) :: EWMUL_only_trace
# --> Likely caller: cent_simulation/Llama.py (line 175) :: self_attention_aim
AiM COPY_BKGB 2 0xffffffff 2 1
# --> Emitted by: cent_simulation/aim_sim.py (line 289) :: COPY_BK_GB_only_trace
# --> Likely caller: cent_simulation/Llama.py (line 175) :: self_attention_aim
AiM COPY_GBBK 2 0xffffffff 1 2
# --> Emitted by: cent_simulation/aim_sim.py (line 294) :: COPY_GB_BK_only_trace
# --> Likely caller: cent_simulation/Llama.py (line 175) :: self_attention_aim
AiM COPY_BKGB 2 0xffffffff 6 1
# --> Emitted by: cent_simulation/aim_sim.py (line 289) :: COPY_BK_GB_only_trace
# --> Likely caller: cent_simulation/Llama.py (line 175) :: self_attention_aim
AiM COPY_GBBK 2 0xffffffff 5 2
# --> Emitted by: cent_simulation/aim_sim.py (line 294) :: COPY_GB_BK_only_trace
# --> Likely caller: cent_simulation/Llama.py (line 175) :: self_attention_aim
AiM COPY_BKGB 2 0xffffffff 10 1
# --> Emitted by: cent_simulation/aim_sim.py (line 289) :: COPY_BK_GB_only_trace
# --> Likely caller: cent_simulation/Llama.py (line 175) :: self_attention_aim
AiM COPY_GBBK 2 0xffffffff 9 2
# --> Emitted by: cent_simulation/aim_sim.py (line 294) :: COPY_GB_BK_only_trace
# --> Likely caller: cent_simulation/Llama.py (line 175) :: self_attention_aim
AiM COPY_BKGB 2 0xffffffff 14 1
# --> Emitted by: cent_simulation/aim_sim.py (line 289) :: COPY_BK_GB_only_trace
# --> Likely caller: cent_simulation/Llama.py (line 175) :: self_attention_aim
AiM COPY_GBBK 2 0xffffffff 13 2
# --> Emitted by: cent_simulation/aim_sim.py (line 294) :: COPY_GB_BK_only_trace
# --> Likely caller: cent_simulation/Llama.py (line 175) :: self_attention_aim
AiM EWMUL 2 0xffffffff 2
# --> Emitted by: cent_simulation/aim_sim.py (line 276) :: EWMUL_only_trace
# --> Likely caller: cent_simulation/Llama.py (line 175) :: self_attention_aim
R MEM 0 2 2
R MEM 0 6 2
R MEM 0 10 2
R MEM 0 14 2
R MEM 1 2 2
R MEM 1 6 2
R MEM 1 10 2
R MEM 1 14 2
R MEM 2 2 2
R MEM 2 6 2
R MEM 2 10 2
R MEM 2 14 2
R MEM 3 2 2
R MEM 3 6 2
R MEM 3 10 2
R MEM 3 14 2
R MEM 4 2 2
R MEM 4 6 2
R MEM 4 10 2
R MEM 4 14 2
R MEM 5 2 2
R MEM 5 6 2
R MEM 5 10 2
R MEM 5 14 2
R MEM 6 2 2
R MEM 6 6 2
R MEM 6 10 2
R MEM 6 14 2
R MEM 7 2 2
R MEM 7 6 2
R MEM 7 10 2
R MEM 7 14 2
R MEM 8 2 2
R MEM 8 6 2
R MEM 8 10 2
R MEM 8 14 2
R MEM 9 2 2
R MEM 9 6 2
R MEM 9 10 2
R MEM 9 14 2
R MEM 10 2 2
R MEM 10 6 2
R MEM 10 10 2
R MEM 10 14 2
R MEM 11 2 2
R MEM 11 6 2
R MEM 11 10 2
R MEM 11 14 2
R MEM 12 2 2
R MEM 12 6 2
R MEM 12 10 2
R MEM 12 14 2
R MEM 13 2 2
R MEM 13 6 2
R MEM 13 10 2
R MEM 13 14 2
R MEM 14 2 2
R MEM 14 6 2
R MEM 14 10 2
R MEM 14 14 2
R MEM 15 2 2
R MEM 15 6 2
R MEM 15 10 2
R MEM 15 14 2
R MEM 16 2 2
R MEM 16 6 2
R MEM 16 10 2
R MEM 16 14 2
R MEM 17 2 2
R MEM 17 6 2
R MEM 17 10 2
R MEM 17 14 2
R MEM 18 2 2
R MEM 18 6 2
R MEM 18 10 2
R MEM 18 14 2
R MEM 19 2 2
R MEM 19 6 2
R MEM 19 10 2
R MEM 19 14 2
R MEM 20 2 2
R MEM 20 6 2
R MEM 20 10 2
R MEM 20 14 2
R MEM 21 2 2
R MEM 21 6 2
R MEM 21 10 2
R MEM 21 14 2
R MEM 22 2 2
R MEM 22 6 2
R MEM 22 10 2
R MEM 22 14 2
R MEM 23 2 2
R MEM 23 6 2
R MEM 23 10 2
R MEM 23 14 2
R MEM 24 2 2
R MEM 24 6 2
R MEM 24 10 2
R MEM 24 14 2
R MEM 25 2 2
R MEM 25 6 2
R MEM 25 10 2
R MEM 25 14 2
R MEM 26 2 2
R MEM 26 6 2
R MEM 26 10 2
R MEM 26 14 2
R MEM 27 2 2
R MEM 27 6 2
R MEM 27 10 2
R MEM 27 14 2
R MEM 28 2 2
R MEM 28 6 2
R MEM 28 10 2
R MEM 28 14 2
R MEM 29 2 2
R MEM 29 6 2
R MEM 29 10 2
R MEM 29 14 2
R MEM 30 2 2
R MEM 30 6 2
R MEM 30 10 2
R MEM 30 14 2
R MEM 31 2 2
R MEM 31 6 2
R MEM 31 10 2
R MEM 31 14 2
R MEM 0 2 2
R MEM 0 6 2
R MEM 0 10 2
R MEM 0 14 2
R MEM 1 2 2
R MEM 1 6 2
R MEM 1 10 2
R MEM 1 14 2
R MEM 2 2 2
R MEM 2 6 2
R MEM 2 10 2
R MEM 2 14 2
R MEM 3 2 2
R MEM 3 6 2
R MEM 3 10 2
R MEM 3 14 2
R MEM 4 2 2
R MEM 4 6 2
R MEM 4 10 2
R MEM 4 14 2
R MEM 5 2 2
R MEM 5 6 2
R MEM 5 10 2
R MEM 5 14 2
R MEM 6 2 2
R MEM 6 6 2
R MEM 6 10 2
R MEM 6 14 2
R MEM 7 2 2
R MEM 7 6 2
R MEM 7 10 2
R MEM 7 14 2
R MEM 8 2 2
R MEM 8 6 2
R MEM 8 10 2
R MEM 8 14 2
R MEM 9 2 2
R MEM 9 6 2
R MEM 9 10 2
R MEM 9 14 2
R MEM 10 2 2
R MEM 10 6 2
R MEM 10 10 2
R MEM 10 14 2
R MEM 11 2 2
R MEM 11 6 2
R MEM 11 10 2
R MEM 11 14 2
R MEM 12 2 2
R MEM 12 6 2
R MEM 12 10 2
R MEM 12 14 2
R MEM 13 2 2
R MEM 13 6 2
R MEM 13 10 2
R MEM 13 14 2
R MEM 14 2 2
R MEM 14 6 2
R MEM 14 10 2
R MEM 14 14 2
R MEM 15 2 2
R MEM 15 6 2
R MEM 15 10 2
R MEM 15 14 2
R MEM 16 2 2
R MEM 16 6 2
R MEM 16 10 2
R MEM 16 14 2
R MEM 17 2 2
R MEM 17 6 2
R MEM 17 10 2
R MEM 17 14 2
R MEM 18 2 2
R MEM 18 6 2
R MEM 18 10 2
R MEM 18 14 2
R MEM 19 2 2
R MEM 19 6 2
R MEM 19 10 2
R MEM 19 14 2
R MEM 20 2 2
R MEM 20 6 2
R MEM 20 10 2
R MEM 20 14 2
R MEM 21 2 2
R MEM 21 6 2
R MEM 21 10 2
R MEM 21 14 2
R MEM 22 2 2
R MEM 22 6 2
R MEM 22 10 2
R MEM 22 14 2
R MEM 23 2 2
R MEM 23 6 2
R MEM 23 10 2
R MEM 23 14 2
R MEM 24 2 2
R MEM 24 6 2
R MEM 24 10 2
R MEM 24 14 2
R MEM 25 2 2
R MEM 25 6 2
R MEM 25 10 2
R MEM 25 14 2
R MEM 26 2 2
R MEM 26 6 2
R MEM 26 10 2
R MEM 26 14 2
R MEM 27 2 2
R MEM 27 6 2
R MEM 27 10 2
R MEM 27 14 2
R MEM 28 2 2
R MEM 28 6 2
R MEM 28 10 2
R MEM 28 14 2
R MEM 29 2 2
R MEM 29 6 2
R MEM 29 10 2
R MEM 29 14 2
R MEM 30 2 2
R MEM 30 6 2
R MEM 30 10 2
R MEM 30 14 2
R MEM 31 2 2
R MEM 31 6 2
R MEM 31 10 2
R MEM 31 14 2
AiM SYNC
# --> Emitted by: cent_simulation/aim_sim.py (line 307) :: SYNC_only_trace
# --> Likely caller: cent_simulation/Llama.py (line 647) :: self_attention_aim
AiM WR_GB 64 0 0xffffffff
# --> Emitted by: cent_simulation/aim_sim.py (line 285) :: WR_GB_only_trace
# --> Likely caller: cent_simulation/TransformerBlock.py (line 697) :: Vector_Matrix_Mul_weight_pim_only_trace
AiM WR_BIAS 0 0xffffffff
# --> Emitted by: cent_simulation/aim_sim.py (line 263) :: WR_BIAS_only_trace
# --> Likely caller: cent_simulation/TransformerBlock.py (line 806) :: Vector_Matrix_Mul_output_pim_only_trace
AiM MAC_ABK 64 0xffffffff 3
# --> Emitted by: cent_simulation/aim_sim.py (line 267) :: MAC_ABK_only_trace
# --> Likely caller: cent_simulation/TransformerBlock.py (line 697) :: Vector_Matrix_Mul_weight_pim_only_trace
AiM RD_MAC 0 0xffffffff
# --> Emitted by: cent_simulation/aim_sim.py (line 272) :: RD_MAC_only_trace
# --> Likely caller: cent_simulation/TransformerBlock.py (line 806) :: Vector_Matrix_Mul_output_pim_only_trace
AiM WR_BIAS 0 0xffffffff
# --> Emitted by: cent_simulation/aim_sim.py (line 263) :: WR_BIAS_only_trace
# --> Likely caller: cent_simulation/TransformerBlock.py (line 806) :: Vector_Matrix_Mul_output_pim_only_trace
AiM MAC_ABK 64 0xffffffff 7
# --> Emitted by: cent_simulation/aim_sim.py (line 267) :: MAC_ABK_only_trace
# --> Likely caller: cent_simulation/TransformerBlock.py (line 697) :: Vector_Matrix_Mul_weight_pim_only_trace
AiM RD_MAC 0 0xffffffff
# --> Emitted by: cent_simulation/aim_sim.py (line 272) :: RD_MAC_only_trace
# --> Likely caller: cent_simulation/TransformerBlock.py (line 806) :: Vector_Matrix_Mul_output_pim_only_trace
AiM WR_BIAS 0 0xffffffff
# --> Emitted by: cent_simulation/aim_sim.py (line 263) :: WR_BIAS_only_trace
# --> Likely caller: cent_simulation/TransformerBlock.py (line 806) :: Vector_Matrix_Mul_output_pim_only_trace
AiM MAC_ABK 64 0xffffffff 11
# --> Emitted by: cent_simulation/aim_sim.py (line 267) :: MAC_ABK_only_trace
# --> Likely caller: cent_simulation/TransformerBlock.py (line 697) :: Vector_Matrix_Mul_weight_pim_only_trace
AiM RD_MAC 0 0xffffffff
# --> Emitted by: cent_simulation/aim_sim.py (line 272) :: RD_MAC_only_trace
# --> Likely caller: cent_simulation/TransformerBlock.py (line 806) :: Vector_Matrix_Mul_output_pim_only_trace
AiM WR_BIAS 0 0xffffffff
# --> Emitted by: cent_simulation/aim_sim.py (line 263) :: WR_BIAS_only_trace
# --> Likely caller: cent_simulation/TransformerBlock.py (line 806) :: Vector_Matrix_Mul_output_pim_only_trace
AiM MAC_ABK 64 0xffffffff 15
# --> Emitted by: cent_simulation/aim_sim.py (line 267) :: MAC_ABK_only_trace
# --> Likely caller: cent_simulation/TransformerBlock.py (line 697) :: Vector_Matrix_Mul_weight_pim_only_trace
AiM RD_MAC 0 0xffffffff
# --> Emitted by: cent_simulation/aim_sim.py (line 272) :: RD_MAC_only_trace
# --> Likely caller: cent_simulation/TransformerBlock.py (line 806) :: Vector_Matrix_Mul_output_pim_only_trace
AiM WR_BIAS 0 0xffffffff
# --> Emitted by: cent_simulation/aim_sim.py (line 263) :: WR_BIAS_only_trace
# --> Likely caller: cent_simulation/TransformerBlock.py (line 806) :: Vector_Matrix_Mul_output_pim_only_trace
AiM MAC_ABK 64 0xffffffff 19
# --> Emitted by: cent_simulation/aim_sim.py (line 267) :: MAC_ABK_only_trace
# --> Likely caller: cent_simulation/TransformerBlock.py (line 697) :: Vector_Matrix_Mul_weight_pim_only_trace
AiM RD_MAC 0 0xffffffff
# --> Emitted by: cent_simulation/aim_sim.py (line 272) :: RD_MAC_only_trace
# --> Likely caller: cent_simulation/TransformerBlock.py (line 806) :: Vector_Matrix_Mul_output_pim_only_trace
AiM WR_BIAS 0 0xffffffff
# --> Emitted by: cent_simulation/aim_sim.py (line 263) :: WR_BIAS_only_trace
# --> Likely caller: cent_simulation/TransformerBlock.py (line 806) :: Vector_Matrix_Mul_output_pim_only_trace
AiM MAC_ABK 64 0xffffffff 23
# --> Emitted by: cent_simulation/aim_sim.py (line 267) :: MAC_ABK_only_trace
# --> Likely caller: cent_simulation/TransformerBlock.py (line 697) :: Vector_Matrix_Mul_weight_pim_only_trace
AiM RD_MAC 0 0xffffffff
# --> Emitted by: cent_simulation/aim_sim.py (line 272) :: RD_MAC_only_trace
# --> Likely caller: cent_simulation/TransformerBlock.py (line 806) :: Vector_Matrix_Mul_output_pim_only_trace
AiM WR_BIAS 0 0xffffffff
# --> Emitted by: cent_simulation/aim_sim.py (line 263) :: WR_BIAS_only_trace
# --> Likely caller: cent_simulation/TransformerBlock.py (line 806) :: Vector_Matrix_Mul_output_pim_only_trace
AiM MAC_ABK 64 0xffffffff 27
# --> Emitted by: cent_simulation/aim_sim.py (line 267) :: MAC_ABK_only_trace
# --> Likely caller: cent_simulation/TransformerBlock.py (line 697) :: Vector_Matrix_Mul_weight_pim_only_trace
AiM RD_MAC 0 0xffffffff
# --> Emitted by: cent_simulation/aim_sim.py (line 272) :: RD_MAC_only_trace
# --> Likely caller: cent_simulation/TransformerBlock.py (line 806) :: Vector_Matrix_Mul_output_pim_only_trace
AiM WR_BIAS 0 0xffffffff
# --> Emitted by: cent_simulation/aim_sim.py (line 263) :: WR_BIAS_only_trace
# --> Likely caller: cent_simulation/TransformerBlock.py (line 806) :: Vector_Matrix_Mul_output_pim_only_trace
AiM MAC_ABK 64 0xffffffff 31
# --> Emitted by: cent_simulation/aim_sim.py (line 267) :: MAC_ABK_only_trace
# --> Likely caller: cent_simulation/TransformerBlock.py (line 697) :: Vector_Matrix_Mul_weight_pim_only_trace
AiM RD_MAC 0 0xffffffff
# --> Emitted by: cent_simulation/aim_sim.py (line 272) :: RD_MAC_only_trace
# --> Likely caller: cent_simulation/TransformerBlock.py (line 806) :: Vector_Matrix_Mul_output_pim_only_trace
AiM WR_GB 64 0 0xffffffff
# --> Emitted by: cent_simulation/aim_sim.py (line 285) :: WR_GB_only_trace
# --> Likely caller: cent_simulation/TransformerBlock.py (line 697) :: Vector_Matrix_Mul_weight_pim_only_trace
AiM WR_BIAS 0 0xffffffff
# --> Emitted by: cent_simulation/aim_sim.py (line 263) :: WR_BIAS_only_trace
# --> Likely caller: cent_simulation/TransformerBlock.py (line 806) :: Vector_Matrix_Mul_output_pim_only_trace
AiM MAC_ABK 64 0xffffffff 4
# --> Emitted by: cent_simulation/aim_sim.py (line 267) :: MAC_ABK_only_trace
# --> Likely caller: cent_simulation/TransformerBlock.py (line 697) :: Vector_Matrix_Mul_weight_pim_only_trace
AiM RD_MAC 0 0xffffffff
# --> Emitted by: cent_simulation/aim_sim.py (line 272) :: RD_MAC_only_trace
# --> Likely caller: cent_simulation/TransformerBlock.py (line 806) :: Vector_Matrix_Mul_output_pim_only_trace
AiM WR_BIAS 0 0xffffffff
# --> Emitted by: cent_simulation/aim_sim.py (line 263) :: WR_BIAS_only_trace
# --> Likely caller: cent_simulation/TransformerBlock.py (line 806) :: Vector_Matrix_Mul_output_pim_only_trace
AiM MAC_ABK 64 0xffffffff 8
# --> Emitted by: cent_simulation/aim_sim.py (line 267) :: MAC_ABK_only_trace
# --> Likely caller: cent_simulation/TransformerBlock.py (line 697) :: Vector_Matrix_Mul_weight_pim_only_trace
AiM RD_MAC 0 0xffffffff
# --> Emitted by: cent_simulation/aim_sim.py (line 272) :: RD_MAC_only_trace
# --> Likely caller: cent_simulation/TransformerBlock.py (line 806) :: Vector_Matrix_Mul_output_pim_only_trace
AiM WR_BIAS 0 0xffffffff
# --> Emitted by: cent_simulation/aim_sim.py (line 263) :: WR_BIAS_only_trace
# --> Likely caller: cent_simulation/TransformerBlock.py (line 806) :: Vector_Matrix_Mul_output_pim_only_trace
AiM MAC_ABK 64 0xffffffff 12
# --> Emitted by: cent_simulation/aim_sim.py (line 267) :: MAC_ABK_only_trace
# --> Likely caller: cent_simulation/TransformerBlock.py (line 697) :: Vector_Matrix_Mul_weight_pim_only_trace
AiM RD_MAC 0 0xffffffff
# --> Emitted by: cent_simulation/aim_sim.py (line 272) :: RD_MAC_only_trace
# --> Likely caller: cent_simulation/TransformerBlock.py (line 806) :: Vector_Matrix_Mul_output_pim_only_trace
AiM WR_BIAS 0 0xffffffff
# --> Emitted by: cent_simulation/aim_sim.py (line 263) :: WR_BIAS_only_trace
# --> Likely caller: cent_simulation/TransformerBlock.py (line 806) :: Vector_Matrix_Mul_output_pim_only_trace
AiM MAC_ABK 64 0xffffffff 16
# --> Emitted by: cent_simulation/aim_sim.py (line 267) :: MAC_ABK_only_trace
# --> Likely caller: cent_simulation/TransformerBlock.py (line 697) :: Vector_Matrix_Mul_weight_pim_only_trace
AiM RD_MAC 0 0xffffffff
# --> Emitted by: cent_simulation/aim_sim.py (line 272) :: RD_MAC_only_trace
# --> Likely caller: cent_simulation/TransformerBlock.py (line 806) :: Vector_Matrix_Mul_output_pim_only_trace
AiM WR_BIAS 0 0xffffffff
# --> Emitted by: cent_simulation/aim_sim.py (line 263) :: WR_BIAS_only_trace
# --> Likely caller: cent_simulation/TransformerBlock.py (line 806) :: Vector_Matrix_Mul_output_pim_only_trace
AiM MAC_ABK 64 0xffffffff 20
# --> Emitted by: cent_simulation/aim_sim.py (line 267) :: MAC_ABK_only_trace
# --> Likely caller: cent_simulation/TransformerBlock.py (line 697) :: Vector_Matrix_Mul_weight_pim_only_trace
AiM RD_MAC 0 0xffffffff
# --> Emitted by: cent_simulation/aim_sim.py (line 272) :: RD_MAC_only_trace
# --> Likely caller: cent_simulation/TransformerBlock.py (line 806) :: Vector_Matrix_Mul_output_pim_only_trace
AiM WR_BIAS 0 0xffffffff
# --> Emitted by: cent_simulation/aim_sim.py (line 263) :: WR_BIAS_only_trace
# --> Likely caller: cent_simulation/TransformerBlock.py (line 806) :: Vector_Matrix_Mul_output_pim_only_trace
AiM MAC_ABK 64 0xffffffff 24
# --> Emitted by: cent_simulation/aim_sim.py (line 267) :: MAC_ABK_only_trace
# --> Likely caller: cent_simulation/TransformerBlock.py (line 697) :: Vector_Matrix_Mul_weight_pim_only_trace
AiM RD_MAC 0 0xffffffff
# --> Emitted by: cent_simulation/aim_sim.py (line 272) :: RD_MAC_only_trace
# --> Likely caller: cent_simulation/TransformerBlock.py (line 806) :: Vector_Matrix_Mul_output_pim_only_trace
AiM WR_BIAS 0 0xffffffff
# --> Emitted by: cent_simulation/aim_sim.py (line 263) :: WR_BIAS_only_trace
# --> Likely caller: cent_simulation/TransformerBlock.py (line 806) :: Vector_Matrix_Mul_output_pim_only_trace
AiM MAC_ABK 64 0xffffffff 28
# --> Emitted by: cent_simulation/aim_sim.py (line 267) :: MAC_ABK_only_trace
# --> Likely caller: cent_simulation/TransformerBlock.py (line 697) :: Vector_Matrix_Mul_weight_pim_only_trace
AiM RD_MAC 0 0xffffffff
# --> Emitted by: cent_simulation/aim_sim.py (line 272) :: RD_MAC_only_trace
# --> Likely caller: cent_simulation/TransformerBlock.py (line 806) :: Vector_Matrix_Mul_output_pim_only_trace
AiM WR_BIAS 0 0xffffffff
# --> Emitted by: cent_simulation/aim_sim.py (line 263) :: WR_BIAS_only_trace
# --> Likely caller: cent_simulation/TransformerBlock.py (line 806) :: Vector_Matrix_Mul_output_pim_only_trace
AiM MAC_ABK 64 0xffffffff 32
# --> Emitted by: cent_simulation/aim_sim.py (line 267) :: MAC_ABK_only_trace
# --> Likely caller: cent_simulation/TransformerBlock.py (line 697) :: Vector_Matrix_Mul_weight_pim_only_trace
AiM RD_MAC 0 0xffffffff
# --> Emitted by: cent_simulation/aim_sim.py (line 272) :: RD_MAC_only_trace
# --> Likely caller: cent_simulation/TransformerBlock.py (line 806) :: Vector_Matrix_Mul_output_pim_only_trace
AiM WR_GB 64 0 0xffffffff
# --> Emitted by: cent_simulation/aim_sim.py (line 285) :: WR_GB_only_trace
# --> Likely caller: cent_simulation/TransformerBlock.py (line 697) :: Vector_Matrix_Mul_weight_pim_only_trace
AiM WR_BIAS 0 0xffffffff
# --> Emitted by: cent_simulation/aim_sim.py (line 263) :: WR_BIAS_only_trace
# --> Likely caller: cent_simulation/TransformerBlock.py (line 806) :: Vector_Matrix_Mul_output_pim_only_trace
AiM MAC_ABK 64 0xffffffff 5
# --> Emitted by: cent_simulation/aim_sim.py (line 267) :: MAC_ABK_only_trace
# --> Likely caller: cent_simulation/TransformerBlock.py (line 697) :: Vector_Matrix_Mul_weight_pim_only_trace
AiM RD_MAC 0 0xffffffff
# --> Emitted by: cent_simulation/aim_sim.py (line 272) :: RD_MAC_only_trace
# --> Likely caller: cent_simulation/TransformerBlock.py (line 806) :: Vector_Matrix_Mul_output_pim_only_trace
AiM WR_BIAS 0 0xffffffff
# --> Emitted by: cent_simulation/aim_sim.py (line 263) :: WR_BIAS_only_trace
# --> Likely caller: cent_simulation/TransformerBlock.py (line 806) :: Vector_Matrix_Mul_output_pim_only_trace
AiM MAC_ABK 64 0xffffffff 9
# --> Emitted by: cent_simulation/aim_sim.py (line 267) :: MAC_ABK_only_trace
# --> Likely caller: cent_simulation/TransformerBlock.py (line 697) :: Vector_Matrix_Mul_weight_pim_only_trace
AiM RD_MAC 0 0xffffffff
# --> Emitted by: cent_simulation/aim_sim.py (line 272) :: RD_MAC_only_trace
# --> Likely caller: cent_simulation/TransformerBlock.py (line 806) :: Vector_Matrix_Mul_output_pim_only_trace
AiM WR_BIAS 0 0xffffffff
# --> Emitted by: cent_simulation/aim_sim.py (line 263) :: WR_BIAS_only_trace
# --> Likely caller: cent_simulation/TransformerBlock.py (line 806) :: Vector_Matrix_Mul_output_pim_only_trace
AiM MAC_ABK 64 0xffffffff 13
# --> Emitted by: cent_simulation/aim_sim.py (line 267) :: MAC_ABK_only_trace
# --> Likely caller: cent_simulation/TransformerBlock.py (line 697) :: Vector_Matrix_Mul_weight_pim_only_trace
AiM RD_MAC 0 0xffffffff
# --> Emitted by: cent_simulation/aim_sim.py (line 272) :: RD_MAC_only_trace
# --> Likely caller: cent_simulation/TransformerBlock.py (line 806) :: Vector_Matrix_Mul_output_pim_only_trace
AiM WR_BIAS 0 0xffffffff
# --> Emitted by: cent_simulation/aim_sim.py (line 263) :: WR_BIAS_only_trace
# --> Likely caller: cent_simulation/TransformerBlock.py (line 806) :: Vector_Matrix_Mul_output_pim_only_trace
AiM MAC_ABK 64 0xffffffff 17
# --> Emitted by: cent_simulation/aim_sim.py (line 267) :: MAC_ABK_only_trace
# --> Likely caller: cent_simulation/TransformerBlock.py (line 697) :: Vector_Matrix_Mul_weight_pim_only_trace
AiM RD_MAC 0 0xffffffff
# --> Emitted by: cent_simulation/aim_sim.py (line 272) :: RD_MAC_only_trace
# --> Likely caller: cent_simulation/TransformerBlock.py (line 806) :: Vector_Matrix_Mul_output_pim_only_trace
AiM WR_BIAS 0 0xffffffff
# --> Emitted by: cent_simulation/aim_sim.py (line 263) :: WR_BIAS_only_trace
# --> Likely caller: cent_simulation/TransformerBlock.py (line 806) :: Vector_Matrix_Mul_output_pim_only_trace
AiM MAC_ABK 64 0xffffffff 21
# --> Emitted by: cent_simulation/aim_sim.py (line 267) :: MAC_ABK_only_trace
# --> Likely caller: cent_simulation/TransformerBlock.py (line 697) :: Vector_Matrix_Mul_weight_pim_only_trace
AiM RD_MAC 0 0xffffffff
# --> Emitted by: cent_simulation/aim_sim.py (line 272) :: RD_MAC_only_trace
# --> Likely caller: cent_simulation/TransformerBlock.py (line 806) :: Vector_Matrix_Mul_output_pim_only_trace
AiM WR_BIAS 0 0xffffffff
# --> Emitted by: cent_simulation/aim_sim.py (line 263) :: WR_BIAS_only_trace
# --> Likely caller: cent_simulation/TransformerBlock.py (line 806) :: Vector_Matrix_Mul_output_pim_only_trace
AiM MAC_ABK 64 0xffffffff 25
# --> Emitted by: cent_simulation/aim_sim.py (line 267) :: MAC_ABK_only_trace
# --> Likely caller: cent_simulation/TransformerBlock.py (line 697) :: Vector_Matrix_Mul_weight_pim_only_trace
AiM RD_MAC 0 0xffffffff
# --> Emitted by: cent_simulation/aim_sim.py (line 272) :: RD_MAC_only_trace
# --> Likely caller: cent_simulation/TransformerBlock.py (line 806) :: Vector_Matrix_Mul_output_pim_only_trace
AiM WR_BIAS 0 0xffffffff
# --> Emitted by: cent_simulation/aim_sim.py (line 263) :: WR_BIAS_only_trace
# --> Likely caller: cent_simulation/TransformerBlock.py (line 806) :: Vector_Matrix_Mul_output_pim_only_trace
AiM MAC_ABK 64 0xffffffff 29
# --> Emitted by: cent_simulation/aim_sim.py (line 267) :: MAC_ABK_only_trace
# --> Likely caller: cent_simulation/TransformerBlock.py (line 697) :: Vector_Matrix_Mul_weight_pim_only_trace
AiM RD_MAC 0 0xffffffff
# --> Emitted by: cent_simulation/aim_sim.py (line 272) :: RD_MAC_only_trace
# --> Likely caller: cent_simulation/TransformerBlock.py (line 806) :: Vector_Matrix_Mul_output_pim_only_trace
AiM WR_BIAS 0 0xffffffff
# --> Emitted by: cent_simulation/aim_sim.py (line 263) :: WR_BIAS_only_trace
# --> Likely caller: cent_simulation/TransformerBlock.py (line 806) :: Vector_Matrix_Mul_output_pim_only_trace
AiM MAC_ABK 64 0xffffffff 33
# --> Emitted by: cent_simulation/aim_sim.py (line 267) :: MAC_ABK_only_trace
# --> Likely caller: cent_simulation/TransformerBlock.py (line 697) :: Vector_Matrix_Mul_weight_pim_only_trace
AiM RD_MAC 0 0xffffffff
# --> Emitted by: cent_simulation/aim_sim.py (line 272) :: RD_MAC_only_trace
# --> Likely caller: cent_simulation/TransformerBlock.py (line 806) :: Vector_Matrix_Mul_output_pim_only_trace
AiM WR_GB 64 0 0xffffffff
# --> Emitted by: cent_simulation/aim_sim.py (line 285) :: WR_GB_only_trace
# --> Likely caller: cent_simulation/TransformerBlock.py (line 697) :: Vector_Matrix_Mul_weight_pim_only_trace
AiM WR_BIAS 0 0xffffffff
# --> Emitted by: cent_simulation/aim_sim.py (line 263) :: WR_BIAS_only_trace
# --> Likely caller: cent_simulation/TransformerBlock.py (line 806) :: Vector_Matrix_Mul_output_pim_only_trace
AiM MAC_ABK 64 0xffffffff 6
# --> Emitted by: cent_simulation/aim_sim.py (line 267) :: MAC_ABK_only_trace
# --> Likely caller: cent_simulation/TransformerBlock.py (line 697) :: Vector_Matrix_Mul_weight_pim_only_trace
AiM RD_MAC 0 0xffffffff
# --> Emitted by: cent_simulation/aim_sim.py (line 272) :: RD_MAC_only_trace
# --> Likely caller: cent_simulation/TransformerBlock.py (line 806) :: Vector_Matrix_Mul_output_pim_only_trace
AiM WR_BIAS 0 0xffffffff
# --> Emitted by: cent_simulation/aim_sim.py (line 263) :: WR_BIAS_only_trace
# --> Likely caller: cent_simulation/TransformerBlock.py (line 806) :: Vector_Matrix_Mul_output_pim_only_trace
AiM MAC_ABK 64 0xffffffff 10
# --> Emitted by: cent_simulation/aim_sim.py (line 267) :: MAC_ABK_only_trace
# --> Likely caller: cent_simulation/TransformerBlock.py (line 697) :: Vector_Matrix_Mul_weight_pim_only_trace
AiM RD_MAC 0 0xffffffff
# --> Emitted by: cent_simulation/aim_sim.py (line 272) :: RD_MAC_only_trace
# --> Likely caller: cent_simulation/TransformerBlock.py (line 806) :: Vector_Matrix_Mul_output_pim_only_trace
AiM WR_BIAS 0 0xffffffff
# --> Emitted by: cent_simulation/aim_sim.py (line 263) :: WR_BIAS_only_trace
# --> Likely caller: cent_simulation/TransformerBlock.py (line 806) :: Vector_Matrix_Mul_output_pim_only_trace
AiM MAC_ABK 64 0xffffffff 14
# --> Emitted by: cent_simulation/aim_sim.py (line 267) :: MAC_ABK_only_trace
# --> Likely caller: cent_simulation/TransformerBlock.py (line 697) :: Vector_Matrix_Mul_weight_pim_only_trace
AiM RD_MAC 0 0xffffffff
# --> Emitted by: cent_simulation/aim_sim.py (line 272) :: RD_MAC_only_trace
# --> Likely caller: cent_simulation/TransformerBlock.py (line 806) :: Vector_Matrix_Mul_output_pim_only_trace
AiM WR_BIAS 0 0xffffffff
# --> Emitted by: cent_simulation/aim_sim.py (line 263) :: WR_BIAS_only_trace
# --> Likely caller: cent_simulation/TransformerBlock.py (line 806) :: Vector_Matrix_Mul_output_pim_only_trace
AiM MAC_ABK 64 0xffffffff 18
# --> Emitted by: cent_simulation/aim_sim.py (line 267) :: MAC_ABK_only_trace
# --> Likely caller: cent_simulation/TransformerBlock.py (line 697) :: Vector_Matrix_Mul_weight_pim_only_trace
AiM RD_MAC 0 0xffffffff
# --> Emitted by: cent_simulation/aim_sim.py (line 272) :: RD_MAC_only_trace
# --> Likely caller: cent_simulation/TransformerBlock.py (line 806) :: Vector_Matrix_Mul_output_pim_only_trace
AiM WR_BIAS 0 0xffffffff
# --> Emitted by: cent_simulation/aim_sim.py (line 263) :: WR_BIAS_only_trace
# --> Likely caller: cent_simulation/TransformerBlock.py (line 806) :: Vector_Matrix_Mul_output_pim_only_trace
AiM MAC_ABK 64 0xffffffff 22
# --> Emitted by: cent_simulation/aim_sim.py (line 267) :: MAC_ABK_only_trace
# --> Likely caller: cent_simulation/TransformerBlock.py (line 697) :: Vector_Matrix_Mul_weight_pim_only_trace
AiM RD_MAC 0 0xffffffff
# --> Emitted by: cent_simulation/aim_sim.py (line 272) :: RD_MAC_only_trace
# --> Likely caller: cent_simulation/TransformerBlock.py (line 806) :: Vector_Matrix_Mul_output_pim_only_trace
AiM WR_BIAS 0 0xffffffff
# --> Emitted by: cent_simulation/aim_sim.py (line 263) :: WR_BIAS_only_trace
# --> Likely caller: cent_simulation/TransformerBlock.py (line 806) :: Vector_Matrix_Mul_output_pim_only_trace
AiM MAC_ABK 64 0xffffffff 26
# --> Emitted by: cent_simulation/aim_sim.py (line 267) :: MAC_ABK_only_trace
# --> Likely caller: cent_simulation/TransformerBlock.py (line 697) :: Vector_Matrix_Mul_weight_pim_only_trace
AiM RD_MAC 0 0xffffffff
# --> Emitted by: cent_simulation/aim_sim.py (line 272) :: RD_MAC_only_trace
# --> Likely caller: cent_simulation/TransformerBlock.py (line 806) :: Vector_Matrix_Mul_output_pim_only_trace
AiM WR_BIAS 0 0xffffffff
# --> Emitted by: cent_simulation/aim_sim.py (line 263) :: WR_BIAS_only_trace
# --> Likely caller: cent_simulation/TransformerBlock.py (line 806) :: Vector_Matrix_Mul_output_pim_only_trace
AiM MAC_ABK 64 0xffffffff 30
# --> Emitted by: cent_simulation/aim_sim.py (line 267) :: MAC_ABK_only_trace
# --> Likely caller: cent_simulation/TransformerBlock.py (line 697) :: Vector_Matrix_Mul_weight_pim_only_trace
AiM RD_MAC 0 0xffffffff
# --> Emitted by: cent_simulation/aim_sim.py (line 272) :: RD_MAC_only_trace
# --> Likely caller: cent_simulation/TransformerBlock.py (line 806) :: Vector_Matrix_Mul_output_pim_only_trace
AiM WR_BIAS 0 0xffffffff
# --> Emitted by: cent_simulation/aim_sim.py (line 263) :: WR_BIAS_only_trace
# --> Likely caller: cent_simulation/TransformerBlock.py (line 806) :: Vector_Matrix_Mul_output_pim_only_trace
AiM MAC_ABK 64 0xffffffff 34
# --> Emitted by: cent_simulation/aim_sim.py (line 267) :: MAC_ABK_only_trace
# --> Likely caller: cent_simulation/TransformerBlock.py (line 697) :: Vector_Matrix_Mul_weight_pim_only_trace
AiM RD_MAC 0 0xffffffff
# --> Emitted by: cent_simulation/aim_sim.py (line 272) :: RD_MAC_only_trace
# --> Likely caller: cent_simulation/TransformerBlock.py (line 806) :: Vector_Matrix_Mul_output_pim_only_trace
AiM WR_GB 64 0 0xffffffff
# --> Emitted by: cent_simulation/aim_sim.py (line 285) :: WR_GB_only_trace
# --> Likely caller: cent_simulation/TransformerBlock.py (line 697) :: Vector_Matrix_Mul_weight_pim_only_trace
AiM WR_BIAS 0 0xffffffff
# --> Emitted by: cent_simulation/aim_sim.py (line 263) :: WR_BIAS_only_trace
# --> Likely caller: cent_simulation/TransformerBlock.py (line 806) :: Vector_Matrix_Mul_output_pim_only_trace
AiM MAC_ABK 64 0xffffffff 35
# --> Emitted by: cent_simulation/aim_sim.py (line 267) :: MAC_ABK_only_trace
# --> Likely caller: cent_simulation/TransformerBlock.py (line 697) :: Vector_Matrix_Mul_weight_pim_only_trace
AiM RD_MAC 0 0xffffffff
# --> Emitted by: cent_simulation/aim_sim.py (line 272) :: RD_MAC_only_trace
# --> Likely caller: cent_simulation/TransformerBlock.py (line 806) :: Vector_Matrix_Mul_output_pim_only_trace
AiM WR_BIAS 0 0xffffffff
# --> Emitted by: cent_simulation/aim_sim.py (line 263) :: WR_BIAS_only_trace
# --> Likely caller: cent_simulation/TransformerBlock.py (line 806) :: Vector_Matrix_Mul_output_pim_only_trace
AiM MAC_ABK 64 0xffffffff 39
# --> Emitted by: cent_simulation/aim_sim.py (line 267) :: MAC_ABK_only_trace
# --> Likely caller: cent_simulation/TransformerBlock.py (line 697) :: Vector_Matrix_Mul_weight_pim_only_trace
AiM RD_MAC 0 0xffffffff
# --> Emitted by: cent_simulation/aim_sim.py (line 272) :: RD_MAC_only_trace
# --> Likely caller: cent_simulation/TransformerBlock.py (line 806) :: Vector_Matrix_Mul_output_pim_only_trace
AiM WR_BIAS 0 0xffffffff
# --> Emitted by: cent_simulation/aim_sim.py (line 263) :: WR_BIAS_only_trace
# --> Likely caller: cent_simulation/TransformerBlock.py (line 806) :: Vector_Matrix_Mul_output_pim_only_trace
AiM MAC_ABK 64 0xffffffff 43
# --> Emitted by: cent_simulation/aim_sim.py (line 267) :: MAC_ABK_only_trace
# --> Likely caller: cent_simulation/TransformerBlock.py (line 697) :: Vector_Matrix_Mul_weight_pim_only_trace
AiM RD_MAC 0 0xffffffff
# --> Emitted by: cent_simulation/aim_sim.py (line 272) :: RD_MAC_only_trace
# --> Likely caller: cent_simulation/TransformerBlock.py (line 806) :: Vector_Matrix_Mul_output_pim_only_trace
AiM WR_BIAS 0 0xffffffff
# --> Emitted by: cent_simulation/aim_sim.py (line 263) :: WR_BIAS_only_trace
# --> Likely caller: cent_simulation/TransformerBlock.py (line 806) :: Vector_Matrix_Mul_output_pim_only_trace
AiM MAC_ABK 64 0xffffffff 47
# --> Emitted by: cent_simulation/aim_sim.py (line 267) :: MAC_ABK_only_trace
# --> Likely caller: cent_simulation/TransformerBlock.py (line 697) :: Vector_Matrix_Mul_weight_pim_only_trace
AiM RD_MAC 0 0xffffffff
# --> Emitted by: cent_simulation/aim_sim.py (line 272) :: RD_MAC_only_trace
# --> Likely caller: cent_simulation/TransformerBlock.py (line 806) :: Vector_Matrix_Mul_output_pim_only_trace
AiM WR_BIAS 0 0xffffffff
# --> Emitted by: cent_simulation/aim_sim.py (line 263) :: WR_BIAS_only_trace
# --> Likely caller: cent_simulation/TransformerBlock.py (line 806) :: Vector_Matrix_Mul_output_pim_only_trace
AiM MAC_ABK 64 0xffffffff 51
# --> Emitted by: cent_simulation/aim_sim.py (line 267) :: MAC_ABK_only_trace
# --> Likely caller: cent_simulation/TransformerBlock.py (line 697) :: Vector_Matrix_Mul_weight_pim_only_trace
AiM RD_MAC 0 0xffffffff
# --> Emitted by: cent_simulation/aim_sim.py (line 272) :: RD_MAC_only_trace
# --> Likely caller: cent_simulation/TransformerBlock.py (line 806) :: Vector_Matrix_Mul_output_pim_only_trace
AiM WR_BIAS 0 0xffffffff
# --> Emitted by: cent_simulation/aim_sim.py (line 263) :: WR_BIAS_only_trace
# --> Likely caller: cent_simulation/TransformerBlock.py (line 806) :: Vector_Matrix_Mul_output_pim_only_trace
AiM MAC_ABK 64 0xffffffff 55
# --> Emitted by: cent_simulation/aim_sim.py (line 267) :: MAC_ABK_only_trace
# --> Likely caller: cent_simulation/TransformerBlock.py (line 697) :: Vector_Matrix_Mul_weight_pim_only_trace
AiM RD_MAC 0 0xffffffff
# --> Emitted by: cent_simulation/aim_sim.py (line 272) :: RD_MAC_only_trace
# --> Likely caller: cent_simulation/TransformerBlock.py (line 806) :: Vector_Matrix_Mul_output_pim_only_trace
AiM WR_BIAS 0 0xffffffff
# --> Emitted by: cent_simulation/aim_sim.py (line 263) :: WR_BIAS_only_trace
# --> Likely caller: cent_simulation/TransformerBlock.py (line 806) :: Vector_Matrix_Mul_output_pim_only_trace
AiM MAC_ABK 64 0xffffffff 59
# --> Emitted by: cent_simulation/aim_sim.py (line 267) :: MAC_ABK_only_trace
# --> Likely caller: cent_simulation/TransformerBlock.py (line 697) :: Vector_Matrix_Mul_weight_pim_only_trace
AiM RD_MAC 0 0xffffffff
# --> Emitted by: cent_simulation/aim_sim.py (line 272) :: RD_MAC_only_trace
# --> Likely caller: cent_simulation/TransformerBlock.py (line 806) :: Vector_Matrix_Mul_output_pim_only_trace
AiM WR_BIAS 0 0xffffffff
# --> Emitted by: cent_simulation/aim_sim.py (line 263) :: WR_BIAS_only_trace
# --> Likely caller: cent_simulation/TransformerBlock.py (line 806) :: Vector_Matrix_Mul_output_pim_only_trace
AiM MAC_ABK 64 0xffffffff 63
# --> Emitted by: cent_simulation/aim_sim.py (line 267) :: MAC_ABK_only_trace
# --> Likely caller: cent_simulation/TransformerBlock.py (line 697) :: Vector_Matrix_Mul_weight_pim_only_trace
AiM RD_MAC 0 0xffffffff
# --> Emitted by: cent_simulation/aim_sim.py (line 272) :: RD_MAC_only_trace
# --> Likely caller: cent_simulation/TransformerBlock.py (line 806) :: Vector_Matrix_Mul_output_pim_only_trace
AiM WR_GB 64 0 0xffffffff
# --> Emitted by: cent_simulation/aim_sim.py (line 285) :: WR_GB_only_trace
# --> Likely caller: cent_simulation/TransformerBlock.py (line 697) :: Vector_Matrix_Mul_weight_pim_only_trace
AiM WR_BIAS 0 0xffffffff
# --> Emitted by: cent_simulation/aim_sim.py (line 263) :: WR_BIAS_only_trace
# --> Likely caller: cent_simulation/TransformerBlock.py (line 806) :: Vector_Matrix_Mul_output_pim_only_trace
AiM MAC_ABK 64 0xffffffff 36
# --> Emitted by: cent_simulation/aim_sim.py (line 267) :: MAC_ABK_only_trace
# --> Likely caller: cent_simulation/TransformerBlock.py (line 697) :: Vector_Matrix_Mul_weight_pim_only_trace
AiM RD_MAC 0 0xffffffff
# --> Emitted by: cent_simulation/aim_sim.py (line 272) :: RD_MAC_only_trace
# --> Likely caller: cent_simulation/TransformerBlock.py (line 806) :: Vector_Matrix_Mul_output_pim_only_trace
AiM WR_BIAS 0 0xffffffff
# --> Emitted by: cent_simulation/aim_sim.py (line 263) :: WR_BIAS_only_trace
# --> Likely caller: cent_simulation/TransformerBlock.py (line 806) :: Vector_Matrix_Mul_output_pim_only_trace
AiM MAC_ABK 64 0xffffffff 40
# --> Emitted by: cent_simulation/aim_sim.py (line 267) :: MAC_ABK_only_trace
# --> Likely caller: cent_simulation/TransformerBlock.py (line 697) :: Vector_Matrix_Mul_weight_pim_only_trace
AiM RD_MAC 0 0xffffffff
# --> Emitted by: cent_simulation/aim_sim.py (line 272) :: RD_MAC_only_trace
# --> Likely caller: cent_simulation/TransformerBlock.py (line 806) :: Vector_Matrix_Mul_output_pim_only_trace
AiM WR_BIAS 0 0xffffffff
# --> Emitted by: cent_simulation/aim_sim.py (line 263) :: WR_BIAS_only_trace
# --> Likely caller: cent_simulation/TransformerBlock.py (line 806) :: Vector_Matrix_Mul_output_pim_only_trace
AiM MAC_ABK 64 0xffffffff 44
# --> Emitted by: cent_simulation/aim_sim.py (line 267) :: MAC_ABK_only_trace
# --> Likely caller: cent_simulation/TransformerBlock.py (line 697) :: Vector_Matrix_Mul_weight_pim_only_trace
AiM RD_MAC 0 0xffffffff
# --> Emitted by: cent_simulation/aim_sim.py (line 272) :: RD_MAC_only_trace
# --> Likely caller: cent_simulation/TransformerBlock.py (line 806) :: Vector_Matrix_Mul_output_pim_only_trace
AiM WR_BIAS 0 0xffffffff
# --> Emitted by: cent_simulation/aim_sim.py (line 263) :: WR_BIAS_only_trace
# --> Likely caller: cent_simulation/TransformerBlock.py (line 806) :: Vector_Matrix_Mul_output_pim_only_trace
AiM MAC_ABK 64 0xffffffff 48
# --> Emitted by: cent_simulation/aim_sim.py (line 267) :: MAC_ABK_only_trace
# --> Likely caller: cent_simulation/TransformerBlock.py (line 697) :: Vector_Matrix_Mul_weight_pim_only_trace
AiM RD_MAC 0 0xffffffff
# --> Emitted by: cent_simulation/aim_sim.py (line 272) :: RD_MAC_only_trace
# --> Likely caller: cent_simulation/TransformerBlock.py (line 806) :: Vector_Matrix_Mul_output_pim_only_trace
AiM WR_BIAS 0 0xffffffff
# --> Emitted by: cent_simulation/aim_sim.py (line 263) :: WR_BIAS_only_trace
# --> Likely caller: cent_simulation/TransformerBlock.py (line 806) :: Vector_Matrix_Mul_output_pim_only_trace
AiM MAC_ABK 64 0xffffffff 52
# --> Emitted by: cent_simulation/aim_sim.py (line 267) :: MAC_ABK_only_trace
# --> Likely caller: cent_simulation/TransformerBlock.py (line 697) :: Vector_Matrix_Mul_weight_pim_only_trace
AiM RD_MAC 0 0xffffffff
# --> Emitted by: cent_simulation/aim_sim.py (line 272) :: RD_MAC_only_trace
# --> Likely caller: cent_simulation/TransformerBlock.py (line 806) :: Vector_Matrix_Mul_output_pim_only_trace
AiM WR_BIAS 0 0xffffffff
# --> Emitted by: cent_simulation/aim_sim.py (line 263) :: WR_BIAS_only_trace
# --> Likely caller: cent_simulation/TransformerBlock.py (line 806) :: Vector_Matrix_Mul_output_pim_only_trace
AiM MAC_ABK 64 0xffffffff 56
# --> Emitted by: cent_simulation/aim_sim.py (line 267) :: MAC_ABK_only_trace
# --> Likely caller: cent_simulation/TransformerBlock.py (line 697) :: Vector_Matrix_Mul_weight_pim_only_trace
AiM RD_MAC 0 0xffffffff
# --> Emitted by: cent_simulation/aim_sim.py (line 272) :: RD_MAC_only_trace
# --> Likely caller: cent_simulation/TransformerBlock.py (line 806) :: Vector_Matrix_Mul_output_pim_only_trace
AiM WR_BIAS 0 0xffffffff
# --> Emitted by: cent_simulation/aim_sim.py (line 263) :: WR_BIAS_only_trace
# --> Likely caller: cent_simulation/TransformerBlock.py (line 806) :: Vector_Matrix_Mul_output_pim_only_trace
AiM MAC_ABK 64 0xffffffff 60
# --> Emitted by: cent_simulation/aim_sim.py (line 267) :: MAC_ABK_only_trace
# --> Likely caller: cent_simulation/TransformerBlock.py (line 697) :: Vector_Matrix_Mul_weight_pim_only_trace
AiM RD_MAC 0 0xffffffff
# --> Emitted by: cent_simulation/aim_sim.py (line 272) :: RD_MAC_only_trace
# --> Likely caller: cent_simulation/TransformerBlock.py (line 806) :: Vector_Matrix_Mul_output_pim_only_trace
AiM WR_BIAS 0 0xffffffff
# --> Emitted by: cent_simulation/aim_sim.py (line 263) :: WR_BIAS_only_trace
# --> Likely caller: cent_simulation/TransformerBlock.py (line 806) :: Vector_Matrix_Mul_output_pim_only_trace
AiM MAC_ABK 64 0xffffffff 64
# --> Emitted by: cent_simulation/aim_sim.py (line 267) :: MAC_ABK_only_trace
# --> Likely caller: cent_simulation/TransformerBlock.py (line 697) :: Vector_Matrix_Mul_weight_pim_only_trace
AiM RD_MAC 0 0xffffffff
# --> Emitted by: cent_simulation/aim_sim.py (line 272) :: RD_MAC_only_trace
# --> Likely caller: cent_simulation/TransformerBlock.py (line 806) :: Vector_Matrix_Mul_output_pim_only_trace
AiM WR_GB 64 0 0xffffffff
# --> Emitted by: cent_simulation/aim_sim.py (line 285) :: WR_GB_only_trace
# --> Likely caller: cent_simulation/TransformerBlock.py (line 697) :: Vector_Matrix_Mul_weight_pim_only_trace
AiM WR_BIAS 0 0xffffffff
# --> Emitted by: cent_simulation/aim_sim.py (line 263) :: WR_BIAS_only_trace
# --> Likely caller: cent_simulation/TransformerBlock.py (line 806) :: Vector_Matrix_Mul_output_pim_only_trace
AiM MAC_ABK 64 0xffffffff 37
# --> Emitted by: cent_simulation/aim_sim.py (line 267) :: MAC_ABK_only_trace
# --> Likely caller: cent_simulation/TransformerBlock.py (line 697) :: Vector_Matrix_Mul_weight_pim_only_trace
AiM RD_MAC 0 0xffffffff
# --> Emitted by: cent_simulation/aim_sim.py (line 272) :: RD_MAC_only_trace
# --> Likely caller: cent_simulation/TransformerBlock.py (line 806) :: Vector_Matrix_Mul_output_pim_only_trace
AiM WR_BIAS 0 0xffffffff
# --> Emitted by: cent_simulation/aim_sim.py (line 263) :: WR_BIAS_only_trace
# --> Likely caller: cent_simulation/TransformerBlock.py (line 806) :: Vector_Matrix_Mul_output_pim_only_trace
AiM MAC_ABK 64 0xffffffff 41
# --> Emitted by: cent_simulation/aim_sim.py (line 267) :: MAC_ABK_only_trace
# --> Likely caller: cent_simulation/TransformerBlock.py (line 697) :: Vector_Matrix_Mul_weight_pim_only_trace
AiM RD_MAC 0 0xffffffff
# --> Emitted by: cent_simulation/aim_sim.py (line 272) :: RD_MAC_only_trace
# --> Likely caller: cent_simulation/TransformerBlock.py (line 806) :: Vector_Matrix_Mul_output_pim_only_trace
AiM WR_BIAS 0 0xffffffff
# --> Emitted by: cent_simulation/aim_sim.py (line 263) :: WR_BIAS_only_trace
# --> Likely caller: cent_simulation/TransformerBlock.py (line 806) :: Vector_Matrix_Mul_output_pim_only_trace
AiM MAC_ABK 64 0xffffffff 45
# --> Emitted by: cent_simulation/aim_sim.py (line 267) :: MAC_ABK_only_trace
# --> Likely caller: cent_simulation/TransformerBlock.py (line 697) :: Vector_Matrix_Mul_weight_pim_only_trace
AiM RD_MAC 0 0xffffffff
# --> Emitted by: cent_simulation/aim_sim.py (line 272) :: RD_MAC_only_trace
# --> Likely caller: cent_simulation/TransformerBlock.py (line 806) :: Vector_Matrix_Mul_output_pim_only_trace
AiM WR_BIAS 0 0xffffffff
# --> Emitted by: cent_simulation/aim_sim.py (line 263) :: WR_BIAS_only_trace
# --> Likely caller: cent_simulation/TransformerBlock.py (line 806) :: Vector_Matrix_Mul_output_pim_only_trace
AiM MAC_ABK 64 0xffffffff 49
# --> Emitted by: cent_simulation/aim_sim.py (line 267) :: MAC_ABK_only_trace
# --> Likely caller: cent_simulation/TransformerBlock.py (line 697) :: Vector_Matrix_Mul_weight_pim_only_trace
AiM RD_MAC 0 0xffffffff
# --> Emitted by: cent_simulation/aim_sim.py (line 272) :: RD_MAC_only_trace
# --> Likely caller: cent_simulation/TransformerBlock.py (line 806) :: Vector_Matrix_Mul_output_pim_only_trace
AiM WR_BIAS 0 0xffffffff
# --> Emitted by: cent_simulation/aim_sim.py (line 263) :: WR_BIAS_only_trace
# --> Likely caller: cent_simulation/TransformerBlock.py (line 806) :: Vector_Matrix_Mul_output_pim_only_trace
AiM MAC_ABK 64 0xffffffff 53
# --> Emitted by: cent_simulation/aim_sim.py (line 267) :: MAC_ABK_only_trace
# --> Likely caller: cent_simulation/TransformerBlock.py (line 697) :: Vector_Matrix_Mul_weight_pim_only_trace
AiM RD_MAC 0 0xffffffff
# --> Emitted by: cent_simulation/aim_sim.py (line 272) :: RD_MAC_only_trace
# --> Likely caller: cent_simulation/TransformerBlock.py (line 806) :: Vector_Matrix_Mul_output_pim_only_trace
AiM WR_BIAS 0 0xffffffff
# --> Emitted by: cent_simulation/aim_sim.py (line 263) :: WR_BIAS_only_trace
# --> Likely caller: cent_simulation/TransformerBlock.py (line 806) :: Vector_Matrix_Mul_output_pim_only_trace
AiM MAC_ABK 64 0xffffffff 57
# --> Emitted by: cent_simulation/aim_sim.py (line 267) :: MAC_ABK_only_trace
# --> Likely caller: cent_simulation/TransformerBlock.py (line 697) :: Vector_Matrix_Mul_weight_pim_only_trace
AiM RD_MAC 0 0xffffffff
# --> Emitted by: cent_simulation/aim_sim.py (line 272) :: RD_MAC_only_trace
# --> Likely caller: cent_simulation/TransformerBlock.py (line 806) :: Vector_Matrix_Mul_output_pim_only_trace
AiM WR_BIAS 0 0xffffffff
# --> Emitted by: cent_simulation/aim_sim.py (line 263) :: WR_BIAS_only_trace
# --> Likely caller: cent_simulation/TransformerBlock.py (line 806) :: Vector_Matrix_Mul_output_pim_only_trace
AiM MAC_ABK 64 0xffffffff 61
# --> Emitted by: cent_simulation/aim_sim.py (line 267) :: MAC_ABK_only_trace
# --> Likely caller: cent_simulation/TransformerBlock.py (line 697) :: Vector_Matrix_Mul_weight_pim_only_trace
AiM RD_MAC 0 0xffffffff
# --> Emitted by: cent_simulation/aim_sim.py (line 272) :: RD_MAC_only_trace
# --> Likely caller: cent_simulation/TransformerBlock.py (line 806) :: Vector_Matrix_Mul_output_pim_only_trace
AiM WR_BIAS 0 0xffffffff
# --> Emitted by: cent_simulation/aim_sim.py (line 263) :: WR_BIAS_only_trace
# --> Likely caller: cent_simulation/TransformerBlock.py (line 806) :: Vector_Matrix_Mul_output_pim_only_trace
AiM MAC_ABK 64 0xffffffff 65
# --> Emitted by: cent_simulation/aim_sim.py (line 267) :: MAC_ABK_only_trace
# --> Likely caller: cent_simulation/TransformerBlock.py (line 697) :: Vector_Matrix_Mul_weight_pim_only_trace
AiM RD_MAC 0 0xffffffff
# --> Emitted by: cent_simulation/aim_sim.py (line 272) :: RD_MAC_only_trace
# --> Likely caller: cent_simulation/TransformerBlock.py (line 806) :: Vector_Matrix_Mul_output_pim_only_trace
AiM WR_GB 64 0 0xffffffff
# --> Emitted by: cent_simulation/aim_sim.py (line 285) :: WR_GB_only_trace
# --> Likely caller: cent_simulation/TransformerBlock.py (line 697) :: Vector_Matrix_Mul_weight_pim_only_trace
AiM WR_BIAS 0 0xffffffff
# --> Emitted by: cent_simulation/aim_sim.py (line 263) :: WR_BIAS_only_trace
# --> Likely caller: cent_simulation/TransformerBlock.py (line 806) :: Vector_Matrix_Mul_output_pim_only_trace
AiM MAC_ABK 64 0xffffffff 38
# --> Emitted by: cent_simulation/aim_sim.py (line 267) :: MAC_ABK_only_trace
# --> Likely caller: cent_simulation/TransformerBlock.py (line 697) :: Vector_Matrix_Mul_weight_pim_only_trace
AiM RD_MAC 0 0xffffffff
# --> Emitted by: cent_simulation/aim_sim.py (line 272) :: RD_MAC_only_trace
# --> Likely caller: cent_simulation/TransformerBlock.py (line 806) :: Vector_Matrix_Mul_output_pim_only_trace
AiM WR_BIAS 0 0xffffffff
# --> Emitted by: cent_simulation/aim_sim.py (line 263) :: WR_BIAS_only_trace
# --> Likely caller: cent_simulation/TransformerBlock.py (line 806) :: Vector_Matrix_Mul_output_pim_only_trace
AiM MAC_ABK 64 0xffffffff 42
# --> Emitted by: cent_simulation/aim_sim.py (line 267) :: MAC_ABK_only_trace
# --> Likely caller: cent_simulation/TransformerBlock.py (line 697) :: Vector_Matrix_Mul_weight_pim_only_trace
AiM RD_MAC 0 0xffffffff
# --> Emitted by: cent_simulation/aim_sim.py (line 272) :: RD_MAC_only_trace
# --> Likely caller: cent_simulation/TransformerBlock.py (line 806) :: Vector_Matrix_Mul_output_pim_only_trace
AiM WR_BIAS 0 0xffffffff
# --> Emitted by: cent_simulation/aim_sim.py (line 263) :: WR_BIAS_only_trace
# --> Likely caller: cent_simulation/TransformerBlock.py (line 806) :: Vector_Matrix_Mul_output_pim_only_trace
AiM MAC_ABK 64 0xffffffff 46
# --> Emitted by: cent_simulation/aim_sim.py (line 267) :: MAC_ABK_only_trace
# --> Likely caller: cent_simulation/TransformerBlock.py (line 697) :: Vector_Matrix_Mul_weight_pim_only_trace
AiM RD_MAC 0 0xffffffff
# --> Emitted by: cent_simulation/aim_sim.py (line 272) :: RD_MAC_only_trace
# --> Likely caller: cent_simulation/TransformerBlock.py (line 806) :: Vector_Matrix_Mul_output_pim_only_trace
AiM WR_BIAS 0 0xffffffff
# --> Emitted by: cent_simulation/aim_sim.py (line 263) :: WR_BIAS_only_trace
# --> Likely caller: cent_simulation/TransformerBlock.py (line 806) :: Vector_Matrix_Mul_output_pim_only_trace
AiM MAC_ABK 64 0xffffffff 50
# --> Emitted by: cent_simulation/aim_sim.py (line 267) :: MAC_ABK_only_trace
# --> Likely caller: cent_simulation/TransformerBlock.py (line 697) :: Vector_Matrix_Mul_weight_pim_only_trace
AiM RD_MAC 0 0xffffffff
# --> Emitted by: cent_simulation/aim_sim.py (line 272) :: RD_MAC_only_trace
# --> Likely caller: cent_simulation/TransformerBlock.py (line 806) :: Vector_Matrix_Mul_output_pim_only_trace
AiM WR_BIAS 0 0xffffffff
# --> Emitted by: cent_simulation/aim_sim.py (line 263) :: WR_BIAS_only_trace
# --> Likely caller: cent_simulation/TransformerBlock.py (line 806) :: Vector_Matrix_Mul_output_pim_only_trace
AiM MAC_ABK 64 0xffffffff 54
# --> Emitted by: cent_simulation/aim_sim.py (line 267) :: MAC_ABK_only_trace
# --> Likely caller: cent_simulation/TransformerBlock.py (line 697) :: Vector_Matrix_Mul_weight_pim_only_trace
AiM RD_MAC 0 0xffffffff
# --> Emitted by: cent_simulation/aim_sim.py (line 272) :: RD_MAC_only_trace
# --> Likely caller: cent_simulation/TransformerBlock.py (line 806) :: Vector_Matrix_Mul_output_pim_only_trace
AiM WR_BIAS 0 0xffffffff
# --> Emitted by: cent_simulation/aim_sim.py (line 263) :: WR_BIAS_only_trace
# --> Likely caller: cent_simulation/TransformerBlock.py (line 806) :: Vector_Matrix_Mul_output_pim_only_trace
AiM MAC_ABK 64 0xffffffff 58
# --> Emitted by: cent_simulation/aim_sim.py (line 267) :: MAC_ABK_only_trace
# --> Likely caller: cent_simulation/TransformerBlock.py (line 697) :: Vector_Matrix_Mul_weight_pim_only_trace
AiM RD_MAC 0 0xffffffff
# --> Emitted by: cent_simulation/aim_sim.py (line 272) :: RD_MAC_only_trace
# --> Likely caller: cent_simulation/TransformerBlock.py (line 806) :: Vector_Matrix_Mul_output_pim_only_trace
AiM WR_BIAS 0 0xffffffff
# --> Emitted by: cent_simulation/aim_sim.py (line 263) :: WR_BIAS_only_trace
# --> Likely caller: cent_simulation/TransformerBlock.py (line 806) :: Vector_Matrix_Mul_output_pim_only_trace
AiM MAC_ABK 64 0xffffffff 62
# --> Emitted by: cent_simulation/aim_sim.py (line 267) :: MAC_ABK_only_trace
# --> Likely caller: cent_simulation/TransformerBlock.py (line 697) :: Vector_Matrix_Mul_weight_pim_only_trace
AiM RD_MAC 0 0xffffffff
# --> Emitted by: cent_simulation/aim_sim.py (line 272) :: RD_MAC_only_trace
# --> Likely caller: cent_simulation/TransformerBlock.py (line 806) :: Vector_Matrix_Mul_output_pim_only_trace
AiM WR_BIAS 0 0xffffffff
# --> Emitted by: cent_simulation/aim_sim.py (line 263) :: WR_BIAS_only_trace
# --> Likely caller: cent_simulation/TransformerBlock.py (line 806) :: Vector_Matrix_Mul_output_pim_only_trace
AiM MAC_ABK 64 0xffffffff 66
# --> Emitted by: cent_simulation/aim_sim.py (line 267) :: MAC_ABK_only_trace
# --> Likely caller: cent_simulation/TransformerBlock.py (line 697) :: Vector_Matrix_Mul_weight_pim_only_trace
AiM RD_MAC 0 0xffffffff
# --> Emitted by: cent_simulation/aim_sim.py (line 272) :: RD_MAC_only_trace
# --> Likely caller: cent_simulation/TransformerBlock.py (line 806) :: Vector_Matrix_Mul_output_pim_only_trace
AiM WR_GB 64 0 0xffffffff
# --> Emitted by: cent_simulation/aim_sim.py (line 285) :: WR_GB_only_trace
# --> Likely caller: cent_simulation/TransformerBlock.py (line 697) :: Vector_Matrix_Mul_weight_pim_only_trace
AiM WR_BIAS 0 0xffffffff
# --> Emitted by: cent_simulation/aim_sim.py (line 263) :: WR_BIAS_only_trace
# --> Likely caller: cent_simulation/TransformerBlock.py (line 806) :: Vector_Matrix_Mul_output_pim_only_trace
AiM MAC_ABK 64 0xffffffff 67
# --> Emitted by: cent_simulation/aim_sim.py (line 267) :: MAC_ABK_only_trace
# --> Likely caller: cent_simulation/TransformerBlock.py (line 697) :: Vector_Matrix_Mul_weight_pim_only_trace
AiM RD_MAC 0 0xffffffff
# --> Emitted by: cent_simulation/aim_sim.py (line 272) :: RD_MAC_only_trace
# --> Likely caller: cent_simulation/TransformerBlock.py (line 806) :: Vector_Matrix_Mul_output_pim_only_trace
AiM WR_BIAS 0 0xffffffff
# --> Emitted by: cent_simulation/aim_sim.py (line 263) :: WR_BIAS_only_trace
# --> Likely caller: cent_simulation/TransformerBlock.py (line 806) :: Vector_Matrix_Mul_output_pim_only_trace
AiM MAC_ABK 64 0xffffffff 71
# --> Emitted by: cent_simulation/aim_sim.py (line 267) :: MAC_ABK_only_trace
# --> Likely caller: cent_simulation/TransformerBlock.py (line 697) :: Vector_Matrix_Mul_weight_pim_only_trace
AiM RD_MAC 0 0xffffffff
# --> Emitted by: cent_simulation/aim_sim.py (line 272) :: RD_MAC_only_trace
# --> Likely caller: cent_simulation/TransformerBlock.py (line 806) :: Vector_Matrix_Mul_output_pim_only_trace
AiM WR_BIAS 0 0xffffffff
# --> Emitted by: cent_simulation/aim_sim.py (line 263) :: WR_BIAS_only_trace
# --> Likely caller: cent_simulation/TransformerBlock.py (line 806) :: Vector_Matrix_Mul_output_pim_only_trace
AiM MAC_ABK 64 0xffffffff 75
# --> Emitted by: cent_simulation/aim_sim.py (line 267) :: MAC_ABK_only_trace
# --> Likely caller: cent_simulation/TransformerBlock.py (line 697) :: Vector_Matrix_Mul_weight_pim_only_trace
AiM RD_MAC 0 0xffffffff
# --> Emitted by: cent_simulation/aim_sim.py (line 272) :: RD_MAC_only_trace
# --> Likely caller: cent_simulation/TransformerBlock.py (line 806) :: Vector_Matrix_Mul_output_pim_only_trace
AiM WR_BIAS 0 0xffffffff
# --> Emitted by: cent_simulation/aim_sim.py (line 263) :: WR_BIAS_only_trace
# --> Likely caller: cent_simulation/TransformerBlock.py (line 806) :: Vector_Matrix_Mul_output_pim_only_trace
AiM MAC_ABK 64 0xffffffff 79
# --> Emitted by: cent_simulation/aim_sim.py (line 267) :: MAC_ABK_only_trace
# --> Likely caller: cent_simulation/TransformerBlock.py (line 697) :: Vector_Matrix_Mul_weight_pim_only_trace
AiM RD_MAC 0 0xffffffff
# --> Emitted by: cent_simulation/aim_sim.py (line 272) :: RD_MAC_only_trace
# --> Likely caller: cent_simulation/TransformerBlock.py (line 806) :: Vector_Matrix_Mul_output_pim_only_trace
AiM WR_BIAS 0 0xffffffff
# --> Emitted by: cent_simulation/aim_sim.py (line 263) :: WR_BIAS_only_trace
# --> Likely caller: cent_simulation/TransformerBlock.py (line 806) :: Vector_Matrix_Mul_output_pim_only_trace
AiM MAC_ABK 64 0xffffffff 83
# --> Emitted by: cent_simulation/aim_sim.py (line 267) :: MAC_ABK_only_trace
# --> Likely caller: cent_simulation/TransformerBlock.py (line 697) :: Vector_Matrix_Mul_weight_pim_only_trace
AiM RD_MAC 0 0xffffffff
# --> Emitted by: cent_simulation/aim_sim.py (line 272) :: RD_MAC_only_trace
# --> Likely caller: cent_simulation/TransformerBlock.py (line 806) :: Vector_Matrix_Mul_output_pim_only_trace
AiM WR_BIAS 0 0xffffffff
# --> Emitted by: cent_simulation/aim_sim.py (line 263) :: WR_BIAS_only_trace
# --> Likely caller: cent_simulation/TransformerBlock.py (line 806) :: Vector_Matrix_Mul_output_pim_only_trace
AiM MAC_ABK 64 0xffffffff 87
# --> Emitted by: cent_simulation/aim_sim.py (line 267) :: MAC_ABK_only_trace
# --> Likely caller: cent_simulation/TransformerBlock.py (line 697) :: Vector_Matrix_Mul_weight_pim_only_trace
AiM RD_MAC 0 0xffffffff
# --> Emitted by: cent_simulation/aim_sim.py (line 272) :: RD_MAC_only_trace
# --> Likely caller: cent_simulation/TransformerBlock.py (line 806) :: Vector_Matrix_Mul_output_pim_only_trace
AiM WR_BIAS 0 0xffffffff
# --> Emitted by: cent_simulation/aim_sim.py (line 263) :: WR_BIAS_only_trace
# --> Likely caller: cent_simulation/TransformerBlock.py (line 806) :: Vector_Matrix_Mul_output_pim_only_trace
AiM MAC_ABK 64 0xffffffff 91
# --> Emitted by: cent_simulation/aim_sim.py (line 267) :: MAC_ABK_only_trace
# --> Likely caller: cent_simulation/TransformerBlock.py (line 697) :: Vector_Matrix_Mul_weight_pim_only_trace
AiM RD_MAC 0 0xffffffff
# --> Emitted by: cent_simulation/aim_sim.py (line 272) :: RD_MAC_only_trace
# --> Likely caller: cent_simulation/TransformerBlock.py (line 806) :: Vector_Matrix_Mul_output_pim_only_trace
AiM WR_BIAS 0 0xffffffff
# --> Emitted by: cent_simulation/aim_sim.py (line 263) :: WR_BIAS_only_trace
# --> Likely caller: cent_simulation/TransformerBlock.py (line 806) :: Vector_Matrix_Mul_output_pim_only_trace
AiM MAC_ABK 64 0xffffffff 95
# --> Emitted by: cent_simulation/aim_sim.py (line 267) :: MAC_ABK_only_trace
# --> Likely caller: cent_simulation/TransformerBlock.py (line 697) :: Vector_Matrix_Mul_weight_pim_only_trace
AiM RD_MAC 0 0xffffffff
# --> Emitted by: cent_simulation/aim_sim.py (line 272) :: RD_MAC_only_trace
# --> Likely caller: cent_simulation/TransformerBlock.py (line 806) :: Vector_Matrix_Mul_output_pim_only_trace
AiM WR_GB 64 0 0xffffffff
# --> Emitted by: cent_simulation/aim_sim.py (line 285) :: WR_GB_only_trace
# --> Likely caller: cent_simulation/TransformerBlock.py (line 697) :: Vector_Matrix_Mul_weight_pim_only_trace
AiM WR_BIAS 0 0xffffffff
# --> Emitted by: cent_simulation/aim_sim.py (line 263) :: WR_BIAS_only_trace
# --> Likely caller: cent_simulation/TransformerBlock.py (line 806) :: Vector_Matrix_Mul_output_pim_only_trace
AiM MAC_ABK 64 0xffffffff 68
# --> Emitted by: cent_simulation/aim_sim.py (line 267) :: MAC_ABK_only_trace
# --> Likely caller: cent_simulation/TransformerBlock.py (line 697) :: Vector_Matrix_Mul_weight_pim_only_trace
AiM RD_MAC 0 0xffffffff
# --> Emitted by: cent_simulation/aim_sim.py (line 272) :: RD_MAC_only_trace
# --> Likely caller: cent_simulation/TransformerBlock.py (line 806) :: Vector_Matrix_Mul_output_pim_only_trace
AiM WR_BIAS 0 0xffffffff
# --> Emitted by: cent_simulation/aim_sim.py (line 263) :: WR_BIAS_only_trace
# --> Likely caller: cent_simulation/TransformerBlock.py (line 806) :: Vector_Matrix_Mul_output_pim_only_trace
AiM MAC_ABK 64 0xffffffff 72
# --> Emitted by: cent_simulation/aim_sim.py (line 267) :: MAC_ABK_only_trace
# --> Likely caller: cent_simulation/TransformerBlock.py (line 697) :: Vector_Matrix_Mul_weight_pim_only_trace
AiM RD_MAC 0 0xffffffff
# --> Emitted by: cent_simulation/aim_sim.py (line 272) :: RD_MAC_only_trace
# --> Likely caller: cent_simulation/TransformerBlock.py (line 806) :: Vector_Matrix_Mul_output_pim_only_trace
AiM WR_BIAS 0 0xffffffff
# --> Emitted by: cent_simulation/aim_sim.py (line 263) :: WR_BIAS_only_trace
# --> Likely caller: cent_simulation/TransformerBlock.py (line 806) :: Vector_Matrix_Mul_output_pim_only_trace
AiM MAC_ABK 64 0xffffffff 76
# --> Emitted by: cent_simulation/aim_sim.py (line 267) :: MAC_ABK_only_trace
# --> Likely caller: cent_simulation/TransformerBlock.py (line 697) :: Vector_Matrix_Mul_weight_pim_only_trace
AiM RD_MAC 0 0xffffffff
# --> Emitted by: cent_simulation/aim_sim.py (line 272) :: RD_MAC_only_trace
# --> Likely caller: cent_simulation/TransformerBlock.py (line 806) :: Vector_Matrix_Mul_output_pim_only_trace
AiM WR_BIAS 0 0xffffffff
# --> Emitted by: cent_simulation/aim_sim.py (line 263) :: WR_BIAS_only_trace
# --> Likely caller: cent_simulation/TransformerBlock.py (line 806) :: Vector_Matrix_Mul_output_pim_only_trace
AiM MAC_ABK 64 0xffffffff 80
# --> Emitted by: cent_simulation/aim_sim.py (line 267) :: MAC_ABK_only_trace
# --> Likely caller: cent_simulation/TransformerBlock.py (line 697) :: Vector_Matrix_Mul_weight_pim_only_trace
AiM RD_MAC 0 0xffffffff
# --> Emitted by: cent_simulation/aim_sim.py (line 272) :: RD_MAC_only_trace
# --> Likely caller: cent_simulation/TransformerBlock.py (line 806) :: Vector_Matrix_Mul_output_pim_only_trace
AiM WR_BIAS 0 0xffffffff
# --> Emitted by: cent_simulation/aim_sim.py (line 263) :: WR_BIAS_only_trace
# --> Likely caller: cent_simulation/TransformerBlock.py (line 806) :: Vector_Matrix_Mul_output_pim_only_trace
AiM MAC_ABK 64 0xffffffff 84
# --> Emitted by: cent_simulation/aim_sim.py (line 267) :: MAC_ABK_only_trace
# --> Likely caller: cent_simulation/TransformerBlock.py (line 697) :: Vector_Matrix_Mul_weight_pim_only_trace
AiM RD_MAC 0 0xffffffff
# --> Emitted by: cent_simulation/aim_sim.py (line 272) :: RD_MAC_only_trace
# --> Likely caller: cent_simulation/TransformerBlock.py (line 806) :: Vector_Matrix_Mul_output_pim_only_trace
AiM WR_BIAS 0 0xffffffff
# --> Emitted by: cent_simulation/aim_sim.py (line 263) :: WR_BIAS_only_trace
# --> Likely caller: cent_simulation/TransformerBlock.py (line 806) :: Vector_Matrix_Mul_output_pim_only_trace
AiM MAC_ABK 64 0xffffffff 88
# --> Emitted by: cent_simulation/aim_sim.py (line 267) :: MAC_ABK_only_trace
# --> Likely caller: cent_simulation/TransformerBlock.py (line 697) :: Vector_Matrix_Mul_weight_pim_only_trace
AiM RD_MAC 0 0xffffffff
# --> Emitted by: cent_simulation/aim_sim.py (line 272) :: RD_MAC_only_trace
# --> Likely caller: cent_simulation/TransformerBlock.py (line 806) :: Vector_Matrix_Mul_output_pim_only_trace
AiM WR_BIAS 0 0xffffffff
# --> Emitted by: cent_simulation/aim_sim.py (line 263) :: WR_BIAS_only_trace
# --> Likely caller: cent_simulation/TransformerBlock.py (line 806) :: Vector_Matrix_Mul_output_pim_only_trace
AiM MAC_ABK 64 0xffffffff 92
# --> Emitted by: cent_simulation/aim_sim.py (line 267) :: MAC_ABK_only_trace
# --> Likely caller: cent_simulation/TransformerBlock.py (line 697) :: Vector_Matrix_Mul_weight_pim_only_trace
AiM RD_MAC 0 0xffffffff
# --> Emitted by: cent_simulation/aim_sim.py (line 272) :: RD_MAC_only_trace
# --> Likely caller: cent_simulation/TransformerBlock.py (line 806) :: Vector_Matrix_Mul_output_pim_only_trace
AiM WR_BIAS 0 0xffffffff
# --> Emitted by: cent_simulation/aim_sim.py (line 263) :: WR_BIAS_only_trace
# --> Likely caller: cent_simulation/TransformerBlock.py (line 806) :: Vector_Matrix_Mul_output_pim_only_trace
AiM MAC_ABK 64 0xffffffff 96
# --> Emitted by: cent_simulation/aim_sim.py (line 267) :: MAC_ABK_only_trace
# --> Likely caller: cent_simulation/TransformerBlock.py (line 697) :: Vector_Matrix_Mul_weight_pim_only_trace
AiM RD_MAC 0 0xffffffff
# --> Emitted by: cent_simulation/aim_sim.py (line 272) :: RD_MAC_only_trace
# --> Likely caller: cent_simulation/TransformerBlock.py (line 806) :: Vector_Matrix_Mul_output_pim_only_trace
AiM WR_GB 64 0 0xffffffff
# --> Emitted by: cent_simulation/aim_sim.py (line 285) :: WR_GB_only_trace
# --> Likely caller: cent_simulation/TransformerBlock.py (line 697) :: Vector_Matrix_Mul_weight_pim_only_trace
AiM WR_BIAS 0 0xffffffff
# --> Emitted by: cent_simulation/aim_sim.py (line 263) :: WR_BIAS_only_trace
# --> Likely caller: cent_simulation/TransformerBlock.py (line 806) :: Vector_Matrix_Mul_output_pim_only_trace
AiM MAC_ABK 64 0xffffffff 69
# --> Emitted by: cent_simulation/aim_sim.py (line 267) :: MAC_ABK_only_trace
# --> Likely caller: cent_simulation/TransformerBlock.py (line 697) :: Vector_Matrix_Mul_weight_pim_only_trace
AiM RD_MAC 0 0xffffffff
# --> Emitted by: cent_simulation/aim_sim.py (line 272) :: RD_MAC_only_trace
# --> Likely caller: cent_simulation/TransformerBlock.py (line 806) :: Vector_Matrix_Mul_output_pim_only_trace
AiM WR_BIAS 0 0xffffffff
# --> Emitted by: cent_simulation/aim_sim.py (line 263) :: WR_BIAS_only_trace
# --> Likely caller: cent_simulation/TransformerBlock.py (line 806) :: Vector_Matrix_Mul_output_pim_only_trace
AiM MAC_ABK 64 0xffffffff 73
# --> Emitted by: cent_simulation/aim_sim.py (line 267) :: MAC_ABK_only_trace
# --> Likely caller: cent_simulation/TransformerBlock.py (line 697) :: Vector_Matrix_Mul_weight_pim_only_trace
AiM RD_MAC 0 0xffffffff
# --> Emitted by: cent_simulation/aim_sim.py (line 272) :: RD_MAC_only_trace
# --> Likely caller: cent_simulation/TransformerBlock.py (line 806) :: Vector_Matrix_Mul_output_pim_only_trace
AiM WR_BIAS 0 0xffffffff
# --> Emitted by: cent_simulation/aim_sim.py (line 263) :: WR_BIAS_only_trace
# --> Likely caller: cent_simulation/TransformerBlock.py (line 806) :: Vector_Matrix_Mul_output_pim_only_trace
AiM MAC_ABK 64 0xffffffff 77
# --> Emitted by: cent_simulation/aim_sim.py (line 267) :: MAC_ABK_only_trace
# --> Likely caller: cent_simulation/TransformerBlock.py (line 697) :: Vector_Matrix_Mul_weight_pim_only_trace
AiM RD_MAC 0 0xffffffff
# --> Emitted by: cent_simulation/aim_sim.py (line 272) :: RD_MAC_only_trace
# --> Likely caller: cent_simulation/TransformerBlock.py (line 806) :: Vector_Matrix_Mul_output_pim_only_trace
AiM WR_BIAS 0 0xffffffff
# --> Emitted by: cent_simulation/aim_sim.py (line 263) :: WR_BIAS_only_trace
# --> Likely caller: cent_simulation/TransformerBlock.py (line 806) :: Vector_Matrix_Mul_output_pim_only_trace
AiM MAC_ABK 64 0xffffffff 81
# --> Emitted by: cent_simulation/aim_sim.py (line 267) :: MAC_ABK_only_trace
# --> Likely caller: cent_simulation/TransformerBlock.py (line 697) :: Vector_Matrix_Mul_weight_pim_only_trace
AiM RD_MAC 0 0xffffffff
# --> Emitted by: cent_simulation/aim_sim.py (line 272) :: RD_MAC_only_trace
# --> Likely caller: cent_simulation/TransformerBlock.py (line 806) :: Vector_Matrix_Mul_output_pim_only_trace
AiM WR_BIAS 0 0xffffffff
# --> Emitted by: cent_simulation/aim_sim.py (line 263) :: WR_BIAS_only_trace
# --> Likely caller: cent_simulation/TransformerBlock.py (line 806) :: Vector_Matrix_Mul_output_pim_only_trace
AiM MAC_ABK 64 0xffffffff 85
# --> Emitted by: cent_simulation/aim_sim.py (line 267) :: MAC_ABK_only_trace
# --> Likely caller: cent_simulation/TransformerBlock.py (line 697) :: Vector_Matrix_Mul_weight_pim_only_trace
AiM RD_MAC 0 0xffffffff
# --> Emitted by: cent_simulation/aim_sim.py (line 272) :: RD_MAC_only_trace
# --> Likely caller: cent_simulation/TransformerBlock.py (line 806) :: Vector_Matrix_Mul_output_pim_only_trace
AiM WR_BIAS 0 0xffffffff
# --> Emitted by: cent_simulation/aim_sim.py (line 263) :: WR_BIAS_only_trace
# --> Likely caller: cent_simulation/TransformerBlock.py (line 806) :: Vector_Matrix_Mul_output_pim_only_trace
AiM MAC_ABK 64 0xffffffff 89
# --> Emitted by: cent_simulation/aim_sim.py (line 267) :: MAC_ABK_only_trace
# --> Likely caller: cent_simulation/TransformerBlock.py (line 697) :: Vector_Matrix_Mul_weight_pim_only_trace
AiM RD_MAC 0 0xffffffff
# --> Emitted by: cent_simulation/aim_sim.py (line 272) :: RD_MAC_only_trace
# --> Likely caller: cent_simulation/TransformerBlock.py (line 806) :: Vector_Matrix_Mul_output_pim_only_trace
AiM WR_BIAS 0 0xffffffff
# --> Emitted by: cent_simulation/aim_sim.py (line 263) :: WR_BIAS_only_trace
# --> Likely caller: cent_simulation/TransformerBlock.py (line 806) :: Vector_Matrix_Mul_output_pim_only_trace
AiM MAC_ABK 64 0xffffffff 93
# --> Emitted by: cent_simulation/aim_sim.py (line 267) :: MAC_ABK_only_trace
# --> Likely caller: cent_simulation/TransformerBlock.py (line 697) :: Vector_Matrix_Mul_weight_pim_only_trace
AiM RD_MAC 0 0xffffffff
# --> Emitted by: cent_simulation/aim_sim.py (line 272) :: RD_MAC_only_trace
# --> Likely caller: cent_simulation/TransformerBlock.py (line 806) :: Vector_Matrix_Mul_output_pim_only_trace
AiM WR_BIAS 0 0xffffffff
# --> Emitted by: cent_simulation/aim_sim.py (line 263) :: WR_BIAS_only_trace
# --> Likely caller: cent_simulation/TransformerBlock.py (line 806) :: Vector_Matrix_Mul_output_pim_only_trace
AiM MAC_ABK 64 0xffffffff 97
# --> Emitted by: cent_simulation/aim_sim.py (line 267) :: MAC_ABK_only_trace
# --> Likely caller: cent_simulation/TransformerBlock.py (line 697) :: Vector_Matrix_Mul_weight_pim_only_trace
AiM RD_MAC 0 0xffffffff
# --> Emitted by: cent_simulation/aim_sim.py (line 272) :: RD_MAC_only_trace
# --> Likely caller: cent_simulation/TransformerBlock.py (line 806) :: Vector_Matrix_Mul_output_pim_only_trace
AiM WR_GB 64 0 0xffffffff
# --> Emitted by: cent_simulation/aim_sim.py (line 285) :: WR_GB_only_trace
# --> Likely caller: cent_simulation/TransformerBlock.py (line 697) :: Vector_Matrix_Mul_weight_pim_only_trace
AiM WR_BIAS 0 0xffffffff
# --> Emitted by: cent_simulation/aim_sim.py (line 263) :: WR_BIAS_only_trace
# --> Likely caller: cent_simulation/TransformerBlock.py (line 806) :: Vector_Matrix_Mul_output_pim_only_trace
AiM MAC_ABK 64 0xffffffff 70
# --> Emitted by: cent_simulation/aim_sim.py (line 267) :: MAC_ABK_only_trace
# --> Likely caller: cent_simulation/TransformerBlock.py (line 697) :: Vector_Matrix_Mul_weight_pim_only_trace
AiM RD_MAC 0 0xffffffff
# --> Emitted by: cent_simulation/aim_sim.py (line 272) :: RD_MAC_only_trace
# --> Likely caller: cent_simulation/TransformerBlock.py (line 806) :: Vector_Matrix_Mul_output_pim_only_trace
AiM WR_BIAS 0 0xffffffff
# --> Emitted by: cent_simulation/aim_sim.py (line 263) :: WR_BIAS_only_trace
# --> Likely caller: cent_simulation/TransformerBlock.py (line 806) :: Vector_Matrix_Mul_output_pim_only_trace
AiM MAC_ABK 64 0xffffffff 74
# --> Emitted by: cent_simulation/aim_sim.py (line 267) :: MAC_ABK_only_trace
# --> Likely caller: cent_simulation/TransformerBlock.py (line 697) :: Vector_Matrix_Mul_weight_pim_only_trace
AiM RD_MAC 0 0xffffffff
# --> Emitted by: cent_simulation/aim_sim.py (line 272) :: RD_MAC_only_trace
# --> Likely caller: cent_simulation/TransformerBlock.py (line 806) :: Vector_Matrix_Mul_output_pim_only_trace
AiM WR_BIAS 0 0xffffffff
# --> Emitted by: cent_simulation/aim_sim.py (line 263) :: WR_BIAS_only_trace
# --> Likely caller: cent_simulation/TransformerBlock.py (line 806) :: Vector_Matrix_Mul_output_pim_only_trace
AiM MAC_ABK 64 0xffffffff 78
# --> Emitted by: cent_simulation/aim_sim.py (line 267) :: MAC_ABK_only_trace
# --> Likely caller: cent_simulation/TransformerBlock.py (line 697) :: Vector_Matrix_Mul_weight_pim_only_trace
AiM RD_MAC 0 0xffffffff
# --> Emitted by: cent_simulation/aim_sim.py (line 272) :: RD_MAC_only_trace
# --> Likely caller: cent_simulation/TransformerBlock.py (line 806) :: Vector_Matrix_Mul_output_pim_only_trace
AiM WR_BIAS 0 0xffffffff
# --> Emitted by: cent_simulation/aim_sim.py (line 263) :: WR_BIAS_only_trace
# --> Likely caller: cent_simulation/TransformerBlock.py (line 806) :: Vector_Matrix_Mul_output_pim_only_trace
AiM MAC_ABK 64 0xffffffff 82
# --> Emitted by: cent_simulation/aim_sim.py (line 267) :: MAC_ABK_only_trace
# --> Likely caller: cent_simulation/TransformerBlock.py (line 697) :: Vector_Matrix_Mul_weight_pim_only_trace
AiM RD_MAC 0 0xffffffff
# --> Emitted by: cent_simulation/aim_sim.py (line 272) :: RD_MAC_only_trace
# --> Likely caller: cent_simulation/TransformerBlock.py (line 806) :: Vector_Matrix_Mul_output_pim_only_trace
AiM WR_BIAS 0 0xffffffff
# --> Emitted by: cent_simulation/aim_sim.py (line 263) :: WR_BIAS_only_trace
# --> Likely caller: cent_simulation/TransformerBlock.py (line 806) :: Vector_Matrix_Mul_output_pim_only_trace
AiM MAC_ABK 64 0xffffffff 86
# --> Emitted by: cent_simulation/aim_sim.py (line 267) :: MAC_ABK_only_trace
# --> Likely caller: cent_simulation/TransformerBlock.py (line 697) :: Vector_Matrix_Mul_weight_pim_only_trace
AiM RD_MAC 0 0xffffffff
# --> Emitted by: cent_simulation/aim_sim.py (line 272) :: RD_MAC_only_trace
# --> Likely caller: cent_simulation/TransformerBlock.py (line 806) :: Vector_Matrix_Mul_output_pim_only_trace
AiM WR_BIAS 0 0xffffffff
# --> Emitted by: cent_simulation/aim_sim.py (line 263) :: WR_BIAS_only_trace
# --> Likely caller: cent_simulation/TransformerBlock.py (line 806) :: Vector_Matrix_Mul_output_pim_only_trace
AiM MAC_ABK 64 0xffffffff 90
# --> Emitted by: cent_simulation/aim_sim.py (line 267) :: MAC_ABK_only_trace
# --> Likely caller: cent_simulation/TransformerBlock.py (line 697) :: Vector_Matrix_Mul_weight_pim_only_trace
AiM RD_MAC 0 0xffffffff
# --> Emitted by: cent_simulation/aim_sim.py (line 272) :: RD_MAC_only_trace
# --> Likely caller: cent_simulation/TransformerBlock.py (line 806) :: Vector_Matrix_Mul_output_pim_only_trace
AiM WR_BIAS 0 0xffffffff
# --> Emitted by: cent_simulation/aim_sim.py (line 263) :: WR_BIAS_only_trace
# --> Likely caller: cent_simulation/TransformerBlock.py (line 806) :: Vector_Matrix_Mul_output_pim_only_trace
AiM MAC_ABK 64 0xffffffff 94
# --> Emitted by: cent_simulation/aim_sim.py (line 267) :: MAC_ABK_only_trace
# --> Likely caller: cent_simulation/TransformerBlock.py (line 697) :: Vector_Matrix_Mul_weight_pim_only_trace
AiM RD_MAC 0 0xffffffff
# --> Emitted by: cent_simulation/aim_sim.py (line 272) :: RD_MAC_only_trace
# --> Likely caller: cent_simulation/TransformerBlock.py (line 806) :: Vector_Matrix_Mul_output_pim_only_trace
AiM WR_BIAS 0 0xffffffff
# --> Emitted by: cent_simulation/aim_sim.py (line 263) :: WR_BIAS_only_trace
# --> Likely caller: cent_simulation/TransformerBlock.py (line 806) :: Vector_Matrix_Mul_output_pim_only_trace
AiM MAC_ABK 64 0xffffffff 98
# --> Emitted by: cent_simulation/aim_sim.py (line 267) :: MAC_ABK_only_trace
# --> Likely caller: cent_simulation/TransformerBlock.py (line 697) :: Vector_Matrix_Mul_weight_pim_only_trace
AiM RD_MAC 0 0xffffffff
# --> Emitted by: cent_simulation/aim_sim.py (line 272) :: RD_MAC_only_trace
# --> Likely caller: cent_simulation/TransformerBlock.py (line 806) :: Vector_Matrix_Mul_output_pim_only_trace
W MEM 0 1 99
W MEM 0 5 99
W MEM 0 9 99
W MEM 0 13 99
W MEM 1 1 99
W MEM 1 5 99
W MEM 1 9 99
W MEM 1 13 99
W MEM 2 1 99
W MEM 2 5 99
W MEM 2 9 99
W MEM 2 13 99
W MEM 3 1 99
W MEM 3 5 99
W MEM 3 9 99
W MEM 3 13 99
W MEM 4 1 99
W MEM 4 5 99
W MEM 4 9 99
W MEM 4 13 99
W MEM 5 1 99
W MEM 5 5 99
W MEM 5 9 99
W MEM 5 13 99
W MEM 6 1 99
W MEM 6 5 99
W MEM 6 9 99
W MEM 6 13 99
W MEM 7 1 99
W MEM 7 5 99
W MEM 7 9 99
W MEM 7 13 99
W MEM 8 1 99
W MEM 8 5 99
W MEM 8 9 99
W MEM 8 13 99
W MEM 9 1 99
W MEM 9 5 99
W MEM 9 9 99
W MEM 9 13 99
W MEM 10 1 99
W MEM 10 5 99
W MEM 10 9 99
W MEM 10 13 99
W MEM 11 1 99
W MEM 11 5 99
W MEM 11 9 99
W MEM 11 13 99
W MEM 12 1 99
W MEM 12 5 99
W MEM 12 9 99
W MEM 12 13 99
W MEM 13 1 99
W MEM 13 5 99
W MEM 13 9 99
W MEM 13 13 99
W MEM 14 1 99
W MEM 14 5 99
W MEM 14 9 99
W MEM 14 13 99
W MEM 15 1 99
W MEM 15 5 99
W MEM 15 9 99
W MEM 15 13 99
W MEM 16 1 99
W MEM 16 5 99
W MEM 16 9 99
W MEM 16 13 99
W MEM 17 1 99
W MEM 17 5 99
W MEM 17 9 99
W MEM 17 13 99
W MEM 18 1 99
W MEM 18 5 99
W MEM 18 9 99
W MEM 18 13 99
W MEM 19 1 99
W MEM 19 5 99
W MEM 19 9 99
W MEM 19 13 99
W MEM 20 1 99
W MEM 20 5 99
W MEM 20 9 99
W MEM 20 13 99
W MEM 21 1 99
W MEM 21 5 99
W MEM 21 9 99
W MEM 21 13 99
W MEM 22 1 99
W MEM 22 5 99
W MEM 22 9 99
W MEM 22 13 99
W MEM 23 1 99
W MEM 23 5 99
W MEM 23 9 99
W MEM 23 13 99
W MEM 24 1 99
W MEM 24 5 99
W MEM 24 9 99
W MEM 24 13 99
W MEM 25 1 99
W MEM 25 5 99
W MEM 25 9 99
W MEM 25 13 99
W MEM 26 1 99
W MEM 26 5 99
W MEM 26 9 99
W MEM 26 13 99
W MEM 27 1 99
W MEM 27 5 99
W MEM 27 9 99
W MEM 27 13 99
W MEM 28 1 99
W MEM 28 5 99
W MEM 28 9 99
W MEM 28 13 99
W MEM 29 1 99
W MEM 29 5 99
W MEM 29 9 99
W MEM 29 13 99
W MEM 30 1 99
W MEM 30 5 99
W MEM 30 9 99
W MEM 30 13 99
W MEM 31 1 99
W MEM 31 5 99
W MEM 31 9 99
W MEM 31 13 99
W MEM 0 1 99
W MEM 0 5 99
W MEM 0 9 99
W MEM 0 13 99
W MEM 1 1 99
W MEM 1 5 99
W MEM 1 9 99
W MEM 1 13 99
W MEM 2 1 99
W MEM 2 5 99
W MEM 2 9 99
W MEM 2 13 99
W MEM 3 1 99
W MEM 3 5 99
W MEM 3 9 99
W MEM 3 13 99
W MEM 4 1 99
W MEM 4 5 99
W MEM 4 9 99
W MEM 4 13 99
W MEM 5 1 99
W MEM 5 5 99
W MEM 5 9 99
W MEM 5 13 99
W MEM 6 1 99
W MEM 6 5 99
W MEM 6 9 99
W MEM 6 13 99
W MEM 7 1 99
W MEM 7 5 99
W MEM 7 9 99
W MEM 7 13 99
W MEM 8 1 99
W MEM 8 5 99
W MEM 8 9 99
W MEM 8 13 99
W MEM 9 1 99
W MEM 9 5 99
W MEM 9 9 99
W MEM 9 13 99
W MEM 10 1 99
W MEM 10 5 99
W MEM 10 9 99
W MEM 10 13 99
W MEM 11 1 99
W MEM 11 5 99
W MEM 11 9 99
W MEM 11 13 99
W MEM 12 1 99
W MEM 12 5 99
W MEM 12 9 99
W MEM 12 13 99
W MEM 13 1 99
W MEM 13 5 99
W MEM 13 9 99
W MEM 13 13 99
W MEM 14 1 99
W MEM 14 5 99
W MEM 14 9 99
W MEM 14 13 99
W MEM 15 1 99
W MEM 15 5 99
W MEM 15 9 99
W MEM 15 13 99
W MEM 16 1 99
W MEM 16 5 99
W MEM 16 9 99
W MEM 16 13 99
W MEM 17 1 99
W MEM 17 5 99
W MEM 17 9 99
W MEM 17 13 99
W MEM 18 1 99
W MEM 18 5 99
W MEM 18 9 99
W MEM 18 13 99
W MEM 19 1 99
W MEM 19 5 99
W MEM 19 9 99
W MEM 19 13 99
W MEM 20 1 99
W MEM 20 5 99
W MEM 20 9 99
W MEM 20 13 99
W MEM 21 1 99
W MEM 21 5 99
W MEM 21 9 99
W MEM 21 13 99
W MEM 22 1 99
W MEM 22 5 99
W MEM 22 9 99
W MEM 22 13 99
W MEM 23 1 99
W MEM 23 5 99
W MEM 23 9 99
W MEM 23 13 99
W MEM 24 1 99
W MEM 24 5 99
W MEM 24 9 99
W MEM 24 13 99
W MEM 25 1 99
W MEM 25 5 99
W MEM 25 9 99
W MEM 25 13 99
W MEM 26 1 99
W MEM 26 5 99
W MEM 26 9 99
W MEM 26 13 99
W MEM 27 1 99
W MEM 27 5 99
W MEM 27 9 99
W MEM 27 13 99
W MEM 28 1 99
W MEM 28 5 99
W MEM 28 9 99
W MEM 28 13 99
W MEM 29 1 99
W MEM 29 5 99
W MEM 29 9 99
W MEM 29 13 99
W MEM 30 1 99
W MEM 30 5 99
W MEM 30 9 99
W MEM 30 13 99
W MEM 31 1 99
W MEM 31 5 99
W MEM 31 9 99
W MEM 31 13 99
W MEM 0 1 99
W MEM 0 5 99
W MEM 0 9 99
W MEM 0 13 99
W MEM 1 1 99
W MEM 1 5 99
W MEM 1 9 99
W MEM 1 13 99
W MEM 2 1 99
W MEM 2 5 99
W MEM 2 9 99
W MEM 2 13 99
W MEM 3 1 99
W MEM 3 5 99
W MEM 3 9 99
W MEM 3 13 99
W MEM 4 1 99
W MEM 4 5 99
W MEM 4 9 99
W MEM 4 13 99
W MEM 5 1 99
W MEM 5 5 99
W MEM 5 9 99
W MEM 5 13 99
W MEM 6 1 99
W MEM 6 5 99
W MEM 6 9 99
W MEM 6 13 99
W MEM 7 1 99
W MEM 7 5 99
W MEM 7 9 99
W MEM 7 13 99
W MEM 8 1 99
W MEM 8 5 99
W MEM 8 9 99
W MEM 8 13 99
W MEM 9 1 99
W MEM 9 5 99
W MEM 9 9 99
W MEM 9 13 99
W MEM 10 1 99
W MEM 10 5 99
W MEM 10 9 99
W MEM 10 13 99
W MEM 11 1 99
W MEM 11 5 99
W MEM 11 9 99
W MEM 11 13 99
W MEM 12 1 99
W MEM 12 5 99
W MEM 12 9 99
W MEM 12 13 99
W MEM 13 1 99
W MEM 13 5 99
W MEM 13 9 99
W MEM 13 13 99
W MEM 14 1 99
W MEM 14 5 99
W MEM 14 9 99
W MEM 14 13 99
W MEM 15 1 99
W MEM 15 5 99
W MEM 15 9 99
W MEM 15 13 99
W MEM 16 1 99
W MEM 16 5 99
W MEM 16 9 99
W MEM 16 13 99
W MEM 17 1 99
W MEM 17 5 99
W MEM 17 9 99
W MEM 17 13 99
W MEM 18 1 99
W MEM 18 5 99
W MEM 18 9 99
W MEM 18 13 99
W MEM 19 1 99
W MEM 19 5 99
W MEM 19 9 99
W MEM 19 13 99
W MEM 20 1 99
W MEM 20 5 99
W MEM 20 9 99
W MEM 20 13 99
W MEM 21 1 99
W MEM 21 5 99
W MEM 21 9 99
W MEM 21 13 99
W MEM 22 1 99
W MEM 22 5 99
W MEM 22 9 99
W MEM 22 13 99
W MEM 23 1 99
W MEM 23 5 99
W MEM 23 9 99
W MEM 23 13 99
W MEM 24 1 99
W MEM 24 5 99
W MEM 24 9 99
W MEM 24 13 99
W MEM 25 1 99
W MEM 25 5 99
W MEM 25 9 99
W MEM 25 13 99
W MEM 26 1 99
W MEM 26 5 99
W MEM 26 9 99
W MEM 26 13 99
W MEM 27 1 99
W MEM 27 5 99
W MEM 27 9 99
W MEM 27 13 99
W MEM 28 1 99
W MEM 28 5 99
W MEM 28 9 99
W MEM 28 13 99
W MEM 29 1 99
W MEM 29 5 99
W MEM 29 9 99
W MEM 29 13 99
W MEM 30 1 99
W MEM 30 5 99
W MEM 30 9 99
W MEM 30 13 99
W MEM 31 1 99
W MEM 31 5 99
W MEM 31 9 99
W MEM 31 13 99
W MEM 0 1 99
W MEM 0 5 99
W MEM 0 9 99
W MEM 0 13 99
W MEM 1 1 99
W MEM 1 5 99
W MEM 1 9 99
W MEM 1 13 99
W MEM 2 1 99
W MEM 2 5 99
W MEM 2 9 99
W MEM 2 13 99
W MEM 3 1 99
W MEM 3 5 99
W MEM 3 9 99
W MEM 3 13 99
W MEM 4 1 99
W MEM 4 5 99
W MEM 4 9 99
W MEM 4 13 99
W MEM 5 1 99
W MEM 5 5 99
W MEM 5 9 99
W MEM 5 13 99
W MEM 6 1 99
W MEM 6 5 99
W MEM 6 9 99
W MEM 6 13 99
W MEM 7 1 99
W MEM 7 5 99
W MEM 7 9 99
W MEM 7 13 99
W MEM 8 1 99
W MEM 8 5 99
W MEM 8 9 99
W MEM 8 13 99
W MEM 9 1 99
W MEM 9 5 99
W MEM 9 9 99
W MEM 9 13 99
W MEM 10 1 99
W MEM 10 5 99
W MEM 10 9 99
W MEM 10 13 99
W MEM 11 1 99
W MEM 11 5 99
W MEM 11 9 99
W MEM 11 13 99
W MEM 12 1 99
W MEM 12 5 99
W MEM 12 9 99
W MEM 12 13 99
W MEM 13 1 99
W MEM 13 5 99
W MEM 13 9 99
W MEM 13 13 99
W MEM 14 1 99
W MEM 14 5 99
W MEM 14 9 99
W MEM 14 13 99
W MEM 15 1 99
W MEM 15 5 99
W MEM 15 9 99
W MEM 15 13 99
W MEM 16 1 99
W MEM 16 5 99
W MEM 16 9 99
W MEM 16 13 99
W MEM 17 1 99
W MEM 17 5 99
W MEM 17 9 99
W MEM 17 13 99
W MEM 18 1 99
W MEM 18 5 99
W MEM 18 9 99
W MEM 18 13 99
W MEM 19 1 99
W MEM 19 5 99
W MEM 19 9 99
W MEM 19 13 99
W MEM 20 1 99
W MEM 20 5 99
W MEM 20 9 99
W MEM 20 13 99
W MEM 21 1 99
W MEM 21 5 99
W MEM 21 9 99
W MEM 21 13 99
W MEM 22 1 99
W MEM 22 5 99
W MEM 22 9 99
W MEM 22 13 99
W MEM 23 1 99
W MEM 23 5 99
W MEM 23 9 99
W MEM 23 13 99
W MEM 24 1 99
W MEM 24 5 99
W MEM 24 9 99
W MEM 24 13 99
W MEM 25 1 99
W MEM 25 5 99
W MEM 25 9 99
W MEM 25 13 99
W MEM 26 1 99
W MEM 26 5 99
W MEM 26 9 99
W MEM 26 13 99
W MEM 27 1 99
W MEM 27 5 99
W MEM 27 9 99
W MEM 27 13 99
W MEM 28 1 99
W MEM 28 5 99
W MEM 28 9 99
W MEM 28 13 99
W MEM 29 1 99
W MEM 29 5 99
W MEM 29 9 99
W MEM 29 13 99
W MEM 30 1 99
W MEM 30 5 99
W MEM 30 9 99
W MEM 30 13 99
W MEM 31 1 99
W MEM 31 5 99
W MEM 31 9 99
W MEM 31 13 99
W MEM 0 1 100
W MEM 0 5 100
W MEM 0 9 100
W MEM 0 13 100
W MEM 1 1 100
W MEM 1 5 100
W MEM 1 9 100
W MEM 1 13 100
W MEM 2 1 100
W MEM 2 5 100
W MEM 2 9 100
W MEM 2 13 100
W MEM 3 1 100
W MEM 3 5 100
W MEM 3 9 100
W MEM 3 13 100
W MEM 4 1 100
W MEM 4 5 100
W MEM 4 9 100
W MEM 4 13 100
W MEM 5 1 100
W MEM 5 5 100
W MEM 5 9 100
W MEM 5 13 100
W MEM 6 1 100
W MEM 6 5 100
W MEM 6 9 100
W MEM 6 13 100
W MEM 7 1 100
W MEM 7 5 100
W MEM 7 9 100
W MEM 7 13 100
W MEM 8 1 100
W MEM 8 5 100
W MEM 8 9 100
W MEM 8 13 100
W MEM 9 1 100
W MEM 9 5 100
W MEM 9 9 100
W MEM 9 13 100
W MEM 10 1 100
W MEM 10 5 100
W MEM 10 9 100
W MEM 10 13 100
W MEM 11 1 100
W MEM 11 5 100
W MEM 11 9 100
W MEM 11 13 100
W MEM 12 1 100
W MEM 12 5 100
W MEM 12 9 100
W MEM 12 13 100
W MEM 13 1 100
W MEM 13 5 100
W MEM 13 9 100
W MEM 13 13 100
W MEM 14 1 100
W MEM 14 5 100
W MEM 14 9 100
W MEM 14 13 100
W MEM 15 1 100
W MEM 15 5 100
W MEM 15 9 100
W MEM 15 13 100
W MEM 16 1 100
W MEM 16 5 100
W MEM 16 9 100
W MEM 16 13 100
W MEM 17 1 100
W MEM 17 5 100
W MEM 17 9 100
W MEM 17 13 100
W MEM 18 1 100
W MEM 18 5 100
W MEM 18 9 100
W MEM 18 13 100
W MEM 19 1 100
W MEM 19 5 100
W MEM 19 9 100
W MEM 19 13 100
W MEM 20 1 100
W MEM 20 5 100
W MEM 20 9 100
W MEM 20 13 100
W MEM 21 1 100
W MEM 21 5 100
W MEM 21 9 100
W MEM 21 13 100
W MEM 22 1 100
W MEM 22 5 100
W MEM 22 9 100
W MEM 22 13 100
W MEM 23 1 100
W MEM 23 5 100
W MEM 23 9 100
W MEM 23 13 100
W MEM 24 1 100
W MEM 24 5 100
W MEM 24 9 100
W MEM 24 13 100
W MEM 25 1 100
W MEM 25 5 100
W MEM 25 9 100
W MEM 25 13 100
W MEM 26 1 100
W MEM 26 5 100
W MEM 26 9 100
W MEM 26 13 100
W MEM 27 1 100
W MEM 27 5 100
W MEM 27 9 100
W MEM 27 13 100
W MEM 28 1 100
W MEM 28 5 100
W MEM 28 9 100
W MEM 28 13 100
W MEM 29 1 100
W MEM 29 5 100
W MEM 29 9 100
W MEM 29 13 100
W MEM 30 1 100
W MEM 30 5 100
W MEM 30 9 100
W MEM 30 13 100
W MEM 31 1 100
W MEM 31 5 100
W MEM 31 9 100
W MEM 31 13 100
W MEM 0 1 100
W MEM 0 5 100
W MEM 0 9 100
W MEM 0 13 100
W MEM 1 1 100
W MEM 1 5 100
W MEM 1 9 100
W MEM 1 13 100
W MEM 2 1 100
W MEM 2 5 100
W MEM 2 9 100
W MEM 2 13 100
W MEM 3 1 100
W MEM 3 5 100
W MEM 3 9 100
W MEM 3 13 100
W MEM 4 1 100
W MEM 4 5 100
W MEM 4 9 100
W MEM 4 13 100
W MEM 5 1 100
W MEM 5 5 100
W MEM 5 9 100
W MEM 5 13 100
W MEM 6 1 100
W MEM 6 5 100
W MEM 6 9 100
W MEM 6 13 100
W MEM 7 1 100
W MEM 7 5 100
W MEM 7 9 100
W MEM 7 13 100
W MEM 8 1 100
W MEM 8 5 100
W MEM 8 9 100
W MEM 8 13 100
W MEM 9 1 100
W MEM 9 5 100
W MEM 9 9 100
W MEM 9 13 100
W MEM 10 1 100
W MEM 10 5 100
W MEM 10 9 100
W MEM 10 13 100
W MEM 11 1 100
W MEM 11 5 100
W MEM 11 9 100
W MEM 11 13 100
W MEM 12 1 100
W MEM 12 5 100
W MEM 12 9 100
W MEM 12 13 100
W MEM 13 1 100
W MEM 13 5 100
W MEM 13 9 100
W MEM 13 13 100
W MEM 14 1 100
W MEM 14 5 100
W MEM 14 9 100
W MEM 14 13 100
W MEM 15 1 100
W MEM 15 5 100
W MEM 15 9 100
W MEM 15 13 100
W MEM 16 1 100
W MEM 16 5 100
W MEM 16 9 100
W MEM 16 13 100
W MEM 17 1 100
W MEM 17 5 100
W MEM 17 9 100
W MEM 17 13 100
W MEM 18 1 100
W MEM 18 5 100
W MEM 18 9 100
W MEM 18 13 100
W MEM 19 1 100
W MEM 19 5 100
W MEM 19 9 100
W MEM 19 13 100
W MEM 20 1 100
W MEM 20 5 100
W MEM 20 9 100
W MEM 20 13 100
W MEM 21 1 100
W MEM 21 5 100
W MEM 21 9 100
W MEM 21 13 100
W MEM 22 1 100
W MEM 22 5 100
W MEM 22 9 100
W MEM 22 13 100
W MEM 23 1 100
W MEM 23 5 100
W MEM 23 9 100
W MEM 23 13 100
W MEM 24 1 100
W MEM 24 5 100
W MEM 24 9 100
W MEM 24 13 100
W MEM 25 1 100
W MEM 25 5 100
W MEM 25 9 100
W MEM 25 13 100
W MEM 26 1 100
W MEM 26 5 100
W MEM 26 9 100
W MEM 26 13 100
W MEM 27 1 100
W MEM 27 5 100
W MEM 27 9 100
W MEM 27 13 100
W MEM 28 1 100
W MEM 28 5 100
W MEM 28 9 100
W MEM 28 13 100
W MEM 29 1 100
W MEM 29 5 100
W MEM 29 9 100
W MEM 29 13 100
W MEM 30 1 100
W MEM 30 5 100
W MEM 30 9 100
W MEM 30 13 100
W MEM 31 1 100
W MEM 31 5 100
W MEM 31 9 100
W MEM 31 13 100
W MEM 0 1 100
W MEM 0 5 100
W MEM 0 9 100
W MEM 0 13 100
W MEM 1 1 100
W MEM 1 5 100
W MEM 1 9 100
W MEM 1 13 100
W MEM 2 1 100
W MEM 2 5 100
W MEM 2 9 100
W MEM 2 13 100
W MEM 3 1 100
W MEM 3 5 100
W MEM 3 9 100
W MEM 3 13 100
W MEM 4 1 100
W MEM 4 5 100
W MEM 4 9 100
W MEM 4 13 100
W MEM 5 1 100
W MEM 5 5 100
W MEM 5 9 100
W MEM 5 13 100
W MEM 6 1 100
W MEM 6 5 100
W MEM 6 9 100
W MEM 6 13 100
W MEM 7 1 100
W MEM 7 5 100
W MEM 7 9 100
W MEM 7 13 100
W MEM 8 1 100
W MEM 8 5 100
W MEM 8 9 100
W MEM 8 13 100
W MEM 9 1 100
W MEM 9 5 100
W MEM 9 9 100
W MEM 9 13 100
W MEM 10 1 100
W MEM 10 5 100
W MEM 10 9 100
W MEM 10 13 100
W MEM 11 1 100
W MEM 11 5 100
W MEM 11 9 100
W MEM 11 13 100
W MEM 12 1 100
W MEM 12 5 100
W MEM 12 9 100
W MEM 12 13 100
W MEM 13 1 100
W MEM 13 5 100
W MEM 13 9 100
W MEM 13 13 100
W MEM 14 1 100
W MEM 14 5 100
W MEM 14 9 100
W MEM 14 13 100
W MEM 15 1 100
W MEM 15 5 100
W MEM 15 9 100
W MEM 15 13 100
W MEM 16 1 100
W MEM 16 5 100
W MEM 16 9 100
W MEM 16 13 100
W MEM 17 1 100
W MEM 17 5 100
W MEM 17 9 100
W MEM 17 13 100
W MEM 18 1 100
W MEM 18 5 100
W MEM 18 9 100
W MEM 18 13 100
W MEM 19 1 100
W MEM 19 5 100
W MEM 19 9 100
W MEM 19 13 100
W MEM 20 1 100
W MEM 20 5 100
W MEM 20 9 100
W MEM 20 13 100
W MEM 21 1 100
W MEM 21 5 100
W MEM 21 9 100
W MEM 21 13 100
W MEM 22 1 100
W MEM 22 5 100
W MEM 22 9 100
W MEM 22 13 100
W MEM 23 1 100
W MEM 23 5 100
W MEM 23 9 100
W MEM 23 13 100
W MEM 24 1 100
W MEM 24 5 100
W MEM 24 9 100
W MEM 24 13 100
W MEM 25 1 100
W MEM 25 5 100
W MEM 25 9 100
W MEM 25 13 100
W MEM 26 1 100
W MEM 26 5 100
W MEM 26 9 100
W MEM 26 13 100
W MEM 27 1 100
W MEM 27 5 100
W MEM 27 9 100
W MEM 27 13 100
W MEM 28 1 100
W MEM 28 5 100
W MEM 28 9 100
W MEM 28 13 100
W MEM 29 1 100
W MEM 29 5 100
W MEM 29 9 100
W MEM 29 13 100
W MEM 30 1 100
W MEM 30 5 100
W MEM 30 9 100
W MEM 30 13 100
W MEM 31 1 100
W MEM 31 5 100
W MEM 31 9 100
W MEM 31 13 100
W MEM 0 1 100
W MEM 0 5 100
W MEM 0 9 100
W MEM 0 13 100
W MEM 1 1 100
W MEM 1 5 100
W MEM 1 9 100
W MEM 1 13 100
W MEM 2 1 100
W MEM 2 5 100
W MEM 2 9 100
W MEM 2 13 100
W MEM 3 1 100
W MEM 3 5 100
W MEM 3 9 100
W MEM 3 13 100
W MEM 4 1 100
W MEM 4 5 100
W MEM 4 9 100
W MEM 4 13 100
W MEM 5 1 100
W MEM 5 5 100
W MEM 5 9 100
W MEM 5 13 100
W MEM 6 1 100
W MEM 6 5 100
W MEM 6 9 100
W MEM 6 13 100
W MEM 7 1 100
W MEM 7 5 100
W MEM 7 9 100
W MEM 7 13 100
W MEM 8 1 100
W MEM 8 5 100
W MEM 8 9 100
W MEM 8 13 100
W MEM 9 1 100
W MEM 9 5 100
W MEM 9 9 100
W MEM 9 13 100
W MEM 10 1 100
W MEM 10 5 100
W MEM 10 9 100
W MEM 10 13 100
W MEM 11 1 100
W MEM 11 5 100
W MEM 11 9 100
W MEM 11 13 100
W MEM 12 1 100
W MEM 12 5 100
W MEM 12 9 100
W MEM 12 13 100
W MEM 13 1 100
W MEM 13 5 100
W MEM 13 9 100
W MEM 13 13 100
W MEM 14 1 100
W MEM 14 5 100
W MEM 14 9 100
W MEM 14 13 100
W MEM 15 1 100
W MEM 15 5 100
W MEM 15 9 100
W MEM 15 13 100
W MEM 16 1 100
W MEM 16 5 100
W MEM 16 9 100
W MEM 16 13 100
W MEM 17 1 100
W MEM 17 5 100
W MEM 17 9 100
W MEM 17 13 100
W MEM 18 1 100
W MEM 18 5 100
W MEM 18 9 100
W MEM 18 13 100
W MEM 19 1 100
W MEM 19 5 100
W MEM 19 9 100
W MEM 19 13 100
W MEM 20 1 100
W MEM 20 5 100
W MEM 20 9 100
W MEM 20 13 100
W MEM 21 1 100
W MEM 21 5 100
W MEM 21 9 100
W MEM 21 13 100
W MEM 22 1 100
W MEM 22 5 100
W MEM 22 9 100
W MEM 22 13 100
W MEM 23 1 100
W MEM 23 5 100
W MEM 23 9 100
W MEM 23 13 100
W MEM 24 1 100
W MEM 24 5 100
W MEM 24 9 100
W MEM 24 13 100
W MEM 25 1 100
W MEM 25 5 100
W MEM 25 9 100
W MEM 25 13 100
W MEM 26 1 100
W MEM 26 5 100
W MEM 26 9 100
W MEM 26 13 100
W MEM 27 1 100
W MEM 27 5 100
W MEM 27 9 100
W MEM 27 13 100
W MEM 28 1 100
W MEM 28 5 100
W MEM 28 9 100
W MEM 28 13 100
W MEM 29 1 100
W MEM 29 5 100
W MEM 29 9 100
W MEM 29 13 100
W MEM 30 1 100
W MEM 30 5 100
W MEM 30 9 100
W MEM 30 13 100
W MEM 31 1 100
W MEM 31 5 100
W MEM 31 9 100
W MEM 31 13 100
AiM EWMUL 256 0xffffffff 99
# --> Emitted by: cent_simulation/aim_sim.py (line 276) :: EWMUL_only_trace
# --> Likely caller: cent_simulation/Llama.py (line 175) :: self_attention_aim
AiM EWMUL 256 0xffffffff 100
# --> Emitted by: cent_simulation/aim_sim.py (line 276) :: EWMUL_only_trace
# --> Likely caller: cent_simulation/Llama.py (line 175) :: self_attention_aim
W MEM 0 2 99
W MEM 0 6 99
W MEM 0 10 99
W MEM 0 14 99
W MEM 1 2 99
W MEM 1 6 99
W MEM 1 10 99
W MEM 1 14 99
W MEM 2 2 99
W MEM 2 6 99
W MEM 2 10 99
W MEM 2 14 99
W MEM 3 2 99
W MEM 3 6 99
W MEM 3 10 99
W MEM 3 14 99
W MEM 4 2 99
W MEM 4 6 99
W MEM 4 10 99
W MEM 4 14 99
W MEM 5 2 99
W MEM 5 6 99
W MEM 5 10 99
W MEM 5 14 99
W MEM 6 2 99
W MEM 6 6 99
W MEM 6 10 99
W MEM 6 14 99
W MEM 7 2 99
W MEM 7 6 99
W MEM 7 10 99
W MEM 7 14 99
W MEM 8 2 99
W MEM 8 6 99
W MEM 8 10 99
W MEM 8 14 99
W MEM 9 2 99
W MEM 9 6 99
W MEM 9 10 99
W MEM 9 14 99
W MEM 10 2 99
W MEM 10 6 99
W MEM 10 10 99
W MEM 10 14 99
W MEM 11 2 99
W MEM 11 6 99
W MEM 11 10 99
W MEM 11 14 99
W MEM 12 2 99
W MEM 12 6 99
W MEM 12 10 99
W MEM 12 14 99
W MEM 13 2 99
W MEM 13 6 99
W MEM 13 10 99
W MEM 13 14 99
W MEM 14 2 99
W MEM 14 6 99
W MEM 14 10 99
W MEM 14 14 99
W MEM 15 2 99
W MEM 15 6 99
W MEM 15 10 99
W MEM 15 14 99
W MEM 16 2 99
W MEM 16 6 99
W MEM 16 10 99
W MEM 16 14 99
W MEM 17 2 99
W MEM 17 6 99
W MEM 17 10 99
W MEM 17 14 99
W MEM 18 2 99
W MEM 18 6 99
W MEM 18 10 99
W MEM 18 14 99
W MEM 19 2 99
W MEM 19 6 99
W MEM 19 10 99
W MEM 19 14 99
W MEM 20 2 99
W MEM 20 6 99
W MEM 20 10 99
W MEM 20 14 99
W MEM 21 2 99
W MEM 21 6 99
W MEM 21 10 99
W MEM 21 14 99
W MEM 22 2 99
W MEM 22 6 99
W MEM 22 10 99
W MEM 22 14 99
W MEM 23 2 99
W MEM 23 6 99
W MEM 23 10 99
W MEM 23 14 99
W MEM 24 2 99
W MEM 24 6 99
W MEM 24 10 99
W MEM 24 14 99
W MEM 25 2 99
W MEM 25 6 99
W MEM 25 10 99
W MEM 25 14 99
W MEM 26 2 99
W MEM 26 6 99
W MEM 26 10 99
W MEM 26 14 99
W MEM 27 2 99
W MEM 27 6 99
W MEM 27 10 99
W MEM 27 14 99
W MEM 28 2 99
W MEM 28 6 99
W MEM 28 10 99
W MEM 28 14 99
W MEM 29 2 99
W MEM 29 6 99
W MEM 29 10 99
W MEM 29 14 99
W MEM 30 2 99
W MEM 30 6 99
W MEM 30 10 99
W MEM 30 14 99
W MEM 31 2 99
W MEM 31 6 99
W MEM 31 10 99
W MEM 31 14 99
W MEM 0 2 99
W MEM 0 6 99
W MEM 0 10 99
W MEM 0 14 99
W MEM 1 2 99
W MEM 1 6 99
W MEM 1 10 99
W MEM 1 14 99
W MEM 2 2 99
W MEM 2 6 99
W MEM 2 10 99
W MEM 2 14 99
W MEM 3 2 99
W MEM 3 6 99
W MEM 3 10 99
W MEM 3 14 99
W MEM 4 2 99
W MEM 4 6 99
W MEM 4 10 99
W MEM 4 14 99
W MEM 5 2 99
W MEM 5 6 99
W MEM 5 10 99
W MEM 5 14 99
W MEM 6 2 99
W MEM 6 6 99
W MEM 6 10 99
W MEM 6 14 99
W MEM 7 2 99
W MEM 7 6 99
W MEM 7 10 99
W MEM 7 14 99
W MEM 8 2 99
W MEM 8 6 99
W MEM 8 10 99
W MEM 8 14 99
W MEM 9 2 99
W MEM 9 6 99
W MEM 9 10 99
W MEM 9 14 99
W MEM 10 2 99
W MEM 10 6 99
W MEM 10 10 99
W MEM 10 14 99
W MEM 11 2 99
W MEM 11 6 99
W MEM 11 10 99
W MEM 11 14 99
W MEM 12 2 99
W MEM 12 6 99
W MEM 12 10 99
W MEM 12 14 99
W MEM 13 2 99
W MEM 13 6 99
W MEM 13 10 99
W MEM 13 14 99
W MEM 14 2 99
W MEM 14 6 99
W MEM 14 10 99
W MEM 14 14 99
W MEM 15 2 99
W MEM 15 6 99
W MEM 15 10 99
W MEM 15 14 99
W MEM 16 2 99
W MEM 16 6 99
W MEM 16 10 99
W MEM 16 14 99
W MEM 17 2 99
W MEM 17 6 99
W MEM 17 10 99
W MEM 17 14 99
W MEM 18 2 99
W MEM 18 6 99
W MEM 18 10 99
W MEM 18 14 99
W MEM 19 2 99
W MEM 19 6 99
W MEM 19 10 99
W MEM 19 14 99
W MEM 20 2 99
W MEM 20 6 99
W MEM 20 10 99
W MEM 20 14 99
W MEM 21 2 99
W MEM 21 6 99
W MEM 21 10 99
W MEM 21 14 99
W MEM 22 2 99
W MEM 22 6 99
W MEM 22 10 99
W MEM 22 14 99
W MEM 23 2 99
W MEM 23 6 99
W MEM 23 10 99
W MEM 23 14 99
W MEM 24 2 99
W MEM 24 6 99
W MEM 24 10 99
W MEM 24 14 99
W MEM 25 2 99
W MEM 25 6 99
W MEM 25 10 99
W MEM 25 14 99
W MEM 26 2 99
W MEM 26 6 99
W MEM 26 10 99
W MEM 26 14 99
W MEM 27 2 99
W MEM 27 6 99
W MEM 27 10 99
W MEM 27 14 99
W MEM 28 2 99
W MEM 28 6 99
W MEM 28 10 99
W MEM 28 14 99
W MEM 29 2 99
W MEM 29 6 99
W MEM 29 10 99
W MEM 29 14 99
W MEM 30 2 99
W MEM 30 6 99
W MEM 30 10 99
W MEM 30 14 99
W MEM 31 2 99
W MEM 31 6 99
W MEM 31 10 99
W MEM 31 14 99
W MEM 0 2 99
W MEM 0 6 99
W MEM 0 10 99
W MEM 0 14 99
W MEM 1 2 99
W MEM 1 6 99
W MEM 1 10 99
W MEM 1 14 99
W MEM 2 2 99
W MEM 2 6 99
W MEM 2 10 99
W MEM 2 14 99
W MEM 3 2 99
W MEM 3 6 99
W MEM 3 10 99
W MEM 3 14 99
W MEM 4 2 99
W MEM 4 6 99
W MEM 4 10 99
W MEM 4 14 99
W MEM 5 2 99
W MEM 5 6 99
W MEM 5 10 99
W MEM 5 14 99
W MEM 6 2 99
W MEM 6 6 99
W MEM 6 10 99
W MEM 6 14 99
W MEM 7 2 99
W MEM 7 6 99
W MEM 7 10 99
W MEM 7 14 99
W MEM 8 2 99
W MEM 8 6 99
W MEM 8 10 99
W MEM 8 14 99
W MEM 9 2 99
W MEM 9 6 99
W MEM 9 10 99
W MEM 9 14 99
W MEM 10 2 99
W MEM 10 6 99
W MEM 10 10 99
W MEM 10 14 99
W MEM 11 2 99
W MEM 11 6 99
W MEM 11 10 99
W MEM 11 14 99
W MEM 12 2 99
W MEM 12 6 99
W MEM 12 10 99
W MEM 12 14 99
W MEM 13 2 99
W MEM 13 6 99
W MEM 13 10 99
W MEM 13 14 99
W MEM 14 2 99
W MEM 14 6 99
W MEM 14 10 99
W MEM 14 14 99
W MEM 15 2 99
W MEM 15 6 99
W MEM 15 10 99
W MEM 15 14 99
W MEM 16 2 99
W MEM 16 6 99
W MEM 16 10 99
W MEM 16 14 99
W MEM 17 2 99
W MEM 17 6 99
W MEM 17 10 99
W MEM 17 14 99
W MEM 18 2 99
W MEM 18 6 99
W MEM 18 10 99
W MEM 18 14 99
W MEM 19 2 99
W MEM 19 6 99
W MEM 19 10 99
W MEM 19 14 99
W MEM 20 2 99
W MEM 20 6 99
W MEM 20 10 99
W MEM 20 14 99
W MEM 21 2 99
W MEM 21 6 99
W MEM 21 10 99
W MEM 21 14 99
W MEM 22 2 99
W MEM 22 6 99
W MEM 22 10 99
W MEM 22 14 99
W MEM 23 2 99
W MEM 23 6 99
W MEM 23 10 99
W MEM 23 14 99
W MEM 24 2 99
W MEM 24 6 99
W MEM 24 10 99
W MEM 24 14 99
W MEM 25 2 99
W MEM 25 6 99
W MEM 25 10 99
W MEM 25 14 99
W MEM 26 2 99
W MEM 26 6 99
W MEM 26 10 99
W MEM 26 14 99
W MEM 27 2 99
W MEM 27 6 99
W MEM 27 10 99
W MEM 27 14 99
W MEM 28 2 99
W MEM 28 6 99
W MEM 28 10 99
W MEM 28 14 99
W MEM 29 2 99
W MEM 29 6 99
W MEM 29 10 99
W MEM 29 14 99
W MEM 30 2 99
W MEM 30 6 99
W MEM 30 10 99
W MEM 30 14 99
W MEM 31 2 99
W MEM 31 6 99
W MEM 31 10 99
W MEM 31 14 99
W MEM 0 2 99
W MEM 0 6 99
W MEM 0 10 99
W MEM 0 14 99
W MEM 1 2 99
W MEM 1 6 99
W MEM 1 10 99
W MEM 1 14 99
W MEM 2 2 99
W MEM 2 6 99
W MEM 2 10 99
W MEM 2 14 99
W MEM 3 2 99
W MEM 3 6 99
W MEM 3 10 99
W MEM 3 14 99
W MEM 4 2 99
W MEM 4 6 99
W MEM 4 10 99
W MEM 4 14 99
W MEM 5 2 99
W MEM 5 6 99
W MEM 5 10 99
W MEM 5 14 99
W MEM 6 2 99
W MEM 6 6 99
W MEM 6 10 99
W MEM 6 14 99
W MEM 7 2 99
W MEM 7 6 99
W MEM 7 10 99
W MEM 7 14 99
W MEM 8 2 99
W MEM 8 6 99
W MEM 8 10 99
W MEM 8 14 99
W MEM 9 2 99
W MEM 9 6 99
W MEM 9 10 99
W MEM 9 14 99
W MEM 10 2 99
W MEM 10 6 99
W MEM 10 10 99
W MEM 10 14 99
W MEM 11 2 99
W MEM 11 6 99
W MEM 11 10 99
W MEM 11 14 99
W MEM 12 2 99
W MEM 12 6 99
W MEM 12 10 99
W MEM 12 14 99
W MEM 13 2 99
W MEM 13 6 99
W MEM 13 10 99
W MEM 13 14 99
W MEM 14 2 99
W MEM 14 6 99
W MEM 14 10 99
W MEM 14 14 99
W MEM 15 2 99
W MEM 15 6 99
W MEM 15 10 99
W MEM 15 14 99
W MEM 16 2 99
W MEM 16 6 99
W MEM 16 10 99
W MEM 16 14 99
W MEM 17 2 99
W MEM 17 6 99
W MEM 17 10 99
W MEM 17 14 99
W MEM 18 2 99
W MEM 18 6 99
W MEM 18 10 99
W MEM 18 14 99
W MEM 19 2 99
W MEM 19 6 99
W MEM 19 10 99
W MEM 19 14 99
W MEM 20 2 99
W MEM 20 6 99
W MEM 20 10 99
W MEM 20 14 99
W MEM 21 2 99
W MEM 21 6 99
W MEM 21 10 99
W MEM 21 14 99
W MEM 22 2 99
W MEM 22 6 99
W MEM 22 10 99
W MEM 22 14 99
W MEM 23 2 99
W MEM 23 6 99
W MEM 23 10 99
W MEM 23 14 99
W MEM 24 2 99
W MEM 24 6 99
W MEM 24 10 99
W MEM 24 14 99
W MEM 25 2 99
W MEM 25 6 99
W MEM 25 10 99
W MEM 25 14 99
W MEM 26 2 99
W MEM 26 6 99
W MEM 26 10 99
W MEM 26 14 99
W MEM 27 2 99
W MEM 27 6 99
W MEM 27 10 99
W MEM 27 14 99
W MEM 28 2 99
W MEM 28 6 99
W MEM 28 10 99
W MEM 28 14 99
W MEM 29 2 99
W MEM 29 6 99
W MEM 29 10 99
W MEM 29 14 99
W MEM 30 2 99
W MEM 30 6 99
W MEM 30 10 99
W MEM 30 14 99
W MEM 31 2 99
W MEM 31 6 99
W MEM 31 10 99
W MEM 31 14 99
W MEM 0 2 100
W MEM 0 6 100
W MEM 0 10 100
W MEM 0 14 100
W MEM 1 2 100
W MEM 1 6 100
W MEM 1 10 100
W MEM 1 14 100
W MEM 2 2 100
W MEM 2 6 100
W MEM 2 10 100
W MEM 2 14 100
W MEM 3 2 100
W MEM 3 6 100
W MEM 3 10 100
W MEM 3 14 100
W MEM 4 2 100
W MEM 4 6 100
W MEM 4 10 100
W MEM 4 14 100
W MEM 5 2 100
W MEM 5 6 100
W MEM 5 10 100
W MEM 5 14 100
W MEM 6 2 100
W MEM 6 6 100
W MEM 6 10 100
W MEM 6 14 100
W MEM 7 2 100
W MEM 7 6 100
W MEM 7 10 100
W MEM 7 14 100
W MEM 8 2 100
W MEM 8 6 100
W MEM 8 10 100
W MEM 8 14 100
W MEM 9 2 100
W MEM 9 6 100
W MEM 9 10 100
W MEM 9 14 100
W MEM 10 2 100
W MEM 10 6 100
W MEM 10 10 100
W MEM 10 14 100
W MEM 11 2 100
W MEM 11 6 100
W MEM 11 10 100
W MEM 11 14 100
W MEM 12 2 100
W MEM 12 6 100
W MEM 12 10 100
W MEM 12 14 100
W MEM 13 2 100
W MEM 13 6 100
W MEM 13 10 100
W MEM 13 14 100
W MEM 14 2 100
W MEM 14 6 100
W MEM 14 10 100
W MEM 14 14 100
W MEM 15 2 100
W MEM 15 6 100
W MEM 15 10 100
W MEM 15 14 100
W MEM 16 2 100
W MEM 16 6 100
W MEM 16 10 100
W MEM 16 14 100
W MEM 17 2 100
W MEM 17 6 100
W MEM 17 10 100
W MEM 17 14 100
W MEM 18 2 100
W MEM 18 6 100
W MEM 18 10 100
W MEM 18 14 100
W MEM 19 2 100
W MEM 19 6 100
W MEM 19 10 100
W MEM 19 14 100
W MEM 20 2 100
W MEM 20 6 100
W MEM 20 10 100
W MEM 20 14 100
W MEM 21 2 100
W MEM 21 6 100
W MEM 21 10 100
W MEM 21 14 100
W MEM 22 2 100
W MEM 22 6 100
W MEM 22 10 100
W MEM 22 14 100
W MEM 23 2 100
W MEM 23 6 100
W MEM 23 10 100
W MEM 23 14 100
W MEM 24 2 100
W MEM 24 6 100
W MEM 24 10 100
W MEM 24 14 100
W MEM 25 2 100
W MEM 25 6 100
W MEM 25 10 100
W MEM 25 14 100
W MEM 26 2 100
W MEM 26 6 100
W MEM 26 10 100
W MEM 26 14 100
W MEM 27 2 100
W MEM 27 6 100
W MEM 27 10 100
W MEM 27 14 100
W MEM 28 2 100
W MEM 28 6 100
W MEM 28 10 100
W MEM 28 14 100
W MEM 29 2 100
W MEM 29 6 100
W MEM 29 10 100
W MEM 29 14 100
W MEM 30 2 100
W MEM 30 6 100
W MEM 30 10 100
W MEM 30 14 100
W MEM 31 2 100
W MEM 31 6 100
W MEM 31 10 100
W MEM 31 14 100
W MEM 0 2 100
W MEM 0 6 100
W MEM 0 10 100
W MEM 0 14 100
W MEM 1 2 100
W MEM 1 6 100
W MEM 1 10 100
W MEM 1 14 100
W MEM 2 2 100
W MEM 2 6 100
W MEM 2 10 100
W MEM 2 14 100
W MEM 3 2 100
W MEM 3 6 100
W MEM 3 10 100
W MEM 3 14 100
W MEM 4 2 100
W MEM 4 6 100
W MEM 4 10 100
W MEM 4 14 100
W MEM 5 2 100
W MEM 5 6 100
W MEM 5 10 100
W MEM 5 14 100
W MEM 6 2 100
W MEM 6 6 100
W MEM 6 10 100
W MEM 6 14 100
W MEM 7 2 100
W MEM 7 6 100
W MEM 7 10 100
W MEM 7 14 100
W MEM 8 2 100
W MEM 8 6 100
W MEM 8 10 100
W MEM 8 14 100
W MEM 9 2 100
W MEM 9 6 100
W MEM 9 10 100
W MEM 9 14 100
W MEM 10 2 100
W MEM 10 6 100
W MEM 10 10 100
W MEM 10 14 100
W MEM 11 2 100
W MEM 11 6 100
W MEM 11 10 100
W MEM 11 14 100
W MEM 12 2 100
W MEM 12 6 100
W MEM 12 10 100
W MEM 12 14 100
W MEM 13 2 100
W MEM 13 6 100
W MEM 13 10 100
W MEM 13 14 100
W MEM 14 2 100
W MEM 14 6 100
W MEM 14 10 100
W MEM 14 14 100
W MEM 15 2 100
W MEM 15 6 100
W MEM 15 10 100
W MEM 15 14 100
W MEM 16 2 100
W MEM 16 6 100
W MEM 16 10 100
W MEM 16 14 100
W MEM 17 2 100
W MEM 17 6 100
W MEM 17 10 100
W MEM 17 14 100
W MEM 18 2 100
W MEM 18 6 100
W MEM 18 10 100
W MEM 18 14 100
W MEM 19 2 100
W MEM 19 6 100
W MEM 19 10 100
W MEM 19 14 100
W MEM 20 2 100
W MEM 20 6 100
W MEM 20 10 100
W MEM 20 14 100
W MEM 21 2 100
W MEM 21 6 100
W MEM 21 10 100
W MEM 21 14 100
W MEM 22 2 100
W MEM 22 6 100
W MEM 22 10 100
W MEM 22 14 100
W MEM 23 2 100
W MEM 23 6 100
W MEM 23 10 100
W MEM 23 14 100
W MEM 24 2 100
W MEM 24 6 100
W MEM 24 10 100
W MEM 24 14 100
W MEM 25 2 100
W MEM 25 6 100
W MEM 25 10 100
W MEM 25 14 100
W MEM 26 2 100
W MEM 26 6 100
W MEM 26 10 100
W MEM 26 14 100
W MEM 27 2 100
W MEM 27 6 100
W MEM 27 10 100
W MEM 27 14 100
W MEM 28 2 100
W MEM 28 6 100
W MEM 28 10 100
W MEM 28 14 100
W MEM 29 2 100
W MEM 29 6 100
W MEM 29 10 100
W MEM 29 14 100
W MEM 30 2 100
W MEM 30 6 100
W MEM 30 10 100
W MEM 30 14 100
W MEM 31 2 100
W MEM 31 6 100
W MEM 31 10 100
W MEM 31 14 100
W MEM 0 2 100
W MEM 0 6 100
W MEM 0 10 100
W MEM 0 14 100
W MEM 1 2 100
W MEM 1 6 100
W MEM 1 10 100
W MEM 1 14 100
W MEM 2 2 100
W MEM 2 6 100
W MEM 2 10 100
W MEM 2 14 100
W MEM 3 2 100
W MEM 3 6 100
W MEM 3 10 100
W MEM 3 14 100
W MEM 4 2 100
W MEM 4 6 100
W MEM 4 10 100
W MEM 4 14 100
W MEM 5 2 100
W MEM 5 6 100
W MEM 5 10 100
W MEM 5 14 100
W MEM 6 2 100
W MEM 6 6 100
W MEM 6 10 100
W MEM 6 14 100
W MEM 7 2 100
W MEM 7 6 100
W MEM 7 10 100
W MEM 7 14 100
W MEM 8 2 100
W MEM 8 6 100
W MEM 8 10 100
W MEM 8 14 100
W MEM 9 2 100
W MEM 9 6 100
W MEM 9 10 100
W MEM 9 14 100
W MEM 10 2 100
W MEM 10 6 100
W MEM 10 10 100
W MEM 10 14 100
W MEM 11 2 100
W MEM 11 6 100
W MEM 11 10 100
W MEM 11 14 100
W MEM 12 2 100
W MEM 12 6 100
W MEM 12 10 100
W MEM 12 14 100
W MEM 13 2 100
W MEM 13 6 100
W MEM 13 10 100
W MEM 13 14 100
W MEM 14 2 100
W MEM 14 6 100
W MEM 14 10 100
W MEM 14 14 100
W MEM 15 2 100
W MEM 15 6 100
W MEM 15 10 100
W MEM 15 14 100
W MEM 16 2 100
W MEM 16 6 100
W MEM 16 10 100
W MEM 16 14 100
W MEM 17 2 100
W MEM 17 6 100
W MEM 17 10 100
W MEM 17 14 100
W MEM 18 2 100
W MEM 18 6 100
W MEM 18 10 100
W MEM 18 14 100
W MEM 19 2 100
W MEM 19 6 100
W MEM 19 10 100
W MEM 19 14 100
W MEM 20 2 100
W MEM 20 6 100
W MEM 20 10 100
W MEM 20 14 100
W MEM 21 2 100
W MEM 21 6 100
W MEM 21 10 100
W MEM 21 14 100
W MEM 22 2 100
W MEM 22 6 100
W MEM 22 10 100
W MEM 22 14 100
W MEM 23 2 100
W MEM 23 6 100
W MEM 23 10 100
W MEM 23 14 100
W MEM 24 2 100
W MEM 24 6 100
W MEM 24 10 100
W MEM 24 14 100
W MEM 25 2 100
W MEM 25 6 100
W MEM 25 10 100
W MEM 25 14 100
W MEM 26 2 100
W MEM 26 6 100
W MEM 26 10 100
W MEM 26 14 100
W MEM 27 2 100
W MEM 27 6 100
W MEM 27 10 100
W MEM 27 14 100
W MEM 28 2 100
W MEM 28 6 100
W MEM 28 10 100
W MEM 28 14 100
W MEM 29 2 100
W MEM 29 6 100
W MEM 29 10 100
W MEM 29 14 100
W MEM 30 2 100
W MEM 30 6 100
W MEM 30 10 100
W MEM 30 14 100
W MEM 31 2 100
W MEM 31 6 100
W MEM 31 10 100
W MEM 31 14 100
W MEM 0 2 100
W MEM 0 6 100
W MEM 0 10 100
W MEM 0 14 100
W MEM 1 2 100
W MEM 1 6 100
W MEM 1 10 100
W MEM 1 14 100
W MEM 2 2 100
W MEM 2 6 100
W MEM 2 10 100
W MEM 2 14 100
W MEM 3 2 100
W MEM 3 6 100
W MEM 3 10 100
W MEM 3 14 100
W MEM 4 2 100
W MEM 4 6 100
W MEM 4 10 100
W MEM 4 14 100
W MEM 5 2 100
W MEM 5 6 100
W MEM 5 10 100
W MEM 5 14 100
W MEM 6 2 100
W MEM 6 6 100
W MEM 6 10 100
W MEM 6 14 100
W MEM 7 2 100
W MEM 7 6 100
W MEM 7 10 100
W MEM 7 14 100
W MEM 8 2 100
W MEM 8 6 100
W MEM 8 10 100
W MEM 8 14 100
W MEM 9 2 100
W MEM 9 6 100
W MEM 9 10 100
W MEM 9 14 100
W MEM 10 2 100
W MEM 10 6 100
W MEM 10 10 100
W MEM 10 14 100
W MEM 11 2 100
W MEM 11 6 100
W MEM 11 10 100
W MEM 11 14 100
W MEM 12 2 100
W MEM 12 6 100
W MEM 12 10 100
W MEM 12 14 100
W MEM 13 2 100
W MEM 13 6 100
W MEM 13 10 100
W MEM 13 14 100
W MEM 14 2 100
W MEM 14 6 100
W MEM 14 10 100
W MEM 14 14 100
W MEM 15 2 100
W MEM 15 6 100
W MEM 15 10 100
W MEM 15 14 100
W MEM 16 2 100
W MEM 16 6 100
W MEM 16 10 100
W MEM 16 14 100
W MEM 17 2 100
W MEM 17 6 100
W MEM 17 10 100
W MEM 17 14 100
W MEM 18 2 100
W MEM 18 6 100
W MEM 18 10 100
W MEM 18 14 100
W MEM 19 2 100
W MEM 19 6 100
W MEM 19 10 100
W MEM 19 14 100
W MEM 20 2 100
W MEM 20 6 100
W MEM 20 10 100
W MEM 20 14 100
W MEM 21 2 100
W MEM 21 6 100
W MEM 21 10 100
W MEM 21 14 100
W MEM 22 2 100
W MEM 22 6 100
W MEM 22 10 100
W MEM 22 14 100
W MEM 23 2 100
W MEM 23 6 100
W MEM 23 10 100
W MEM 23 14 100
W MEM 24 2 100
W MEM 24 6 100
W MEM 24 10 100
W MEM 24 14 100
W MEM 25 2 100
W MEM 25 6 100
W MEM 25 10 100
W MEM 25 14 100
W MEM 26 2 100
W MEM 26 6 100
W MEM 26 10 100
W MEM 26 14 100
W MEM 27 2 100
W MEM 27 6 100
W MEM 27 10 100
W MEM 27 14 100
W MEM 28 2 100
W MEM 28 6 100
W MEM 28 10 100
W MEM 28 14 100
W MEM 29 2 100
W MEM 29 6 100
W MEM 29 10 100
W MEM 29 14 100
W MEM 30 2 100
W MEM 30 6 100
W MEM 30 10 100
W MEM 30 14 100
W MEM 31 2 100
W MEM 31 6 100
W MEM 31 10 100
W MEM 31 14 100
W MEM 0 0 101
W MEM 0 0 101
W MEM 0 0 101
W MEM 0 0 101
W MEM 0 0 101
W MEM 0 0 101
W MEM 0 0 101
W MEM 0 0 101
W MEM 0 0 101
W MEM 0 0 101
W MEM 0 0 101
W MEM 0 0 101
W MEM 0 0 101
W MEM 0 0 101
W MEM 0 0 101
W MEM 0 0 101
W MEM 0 0 101
W MEM 0 0 101
W MEM 0 0 101
W MEM 0 0 101
W MEM 0 0 101
W MEM 0 0 101
W MEM 0 0 101
W MEM 0 0 101
W MEM 0 0 101
W MEM 0 0 101
W MEM 0 0 101
W MEM 0 0 101
W MEM 0 0 101
W MEM 0 0 101
W MEM 0 0 101
W MEM 0 0 101
W MEM 0 0 101
W MEM 0 0 101
W MEM 0 0 101
W MEM 0 0 101
W MEM 0 0 101
W MEM 0 0 101
W MEM 0 0 101
W MEM 0 0 101
W MEM 0 0 101
W MEM 0 0 101
W MEM 0 0 101
W MEM 0 0 101
W MEM 0 0 101
W MEM 0 0 101
W MEM 0 0 101
W MEM 0 0 101
W MEM 0 0 101
W MEM 0 0 101
W MEM 0 0 101
W MEM 0 0 101
W MEM 0 0 101
W MEM 0 0 101
W MEM 0 0 101
W MEM 0 0 101
W MEM 0 0 101
W MEM 0 0 101
W MEM 0 0 101
W MEM 0 0 101
W MEM 0 0 101
W MEM 0 0 101
W MEM 0 0 101
W MEM 0 0 101
W MEM 0 0 102
W MEM 0 0 102
W MEM 0 0 102
W MEM 0 0 102
W MEM 0 0 102
W MEM 0 0 102
W MEM 0 0 102
W MEM 0 0 102
W MEM 0 0 102
W MEM 0 0 102
W MEM 0 0 102
W MEM 0 0 102
W MEM 0 0 102
W MEM 0 0 102
W MEM 0 0 102
W MEM 0 0 102
W MEM 0 0 102
W MEM 0 0 102
W MEM 0 0 102
W MEM 0 0 102
W MEM 0 0 102
W MEM 0 0 102
W MEM 0 0 102
W MEM 0 0 102
W MEM 0 0 102
W MEM 0 0 102
W MEM 0 0 102
W MEM 0 0 102
W MEM 0 0 102
W MEM 0 0 102
W MEM 0 0 102
W MEM 0 0 102
W MEM 0 0 102
W MEM 0 0 102
W MEM 0 0 102
W MEM 0 0 102
W MEM 0 0 102
W MEM 0 0 102
W MEM 0 0 102
W MEM 0 0 102
W MEM 0 0 102
W MEM 0 0 102
W MEM 0 0 102
W MEM 0 0 102
W MEM 0 0 102
W MEM 0 0 102
W MEM 0 0 102
W MEM 0 0 102
W MEM 0 0 102
W MEM 0 0 102
W MEM 0 0 102
W MEM 0 0 102
W MEM 0 0 102
W MEM 0 0 102
W MEM 0 0 102
W MEM 0 0 102
W MEM 0 0 102
W MEM 0 0 102
W MEM 0 0 102
W MEM 0 0 102
W MEM 0 0 102
W MEM 0 0 102
W MEM 0 0 102
W MEM 0 0 102
W MEM 0 0 103
W MEM 0 0 103
W MEM 0 0 103
W MEM 0 0 103
W MEM 0 0 103
W MEM 0 0 103
W MEM 0 0 103
W MEM 0 0 103
W MEM 0 0 103
W MEM 0 0 103
W MEM 0 0 103
W MEM 0 0 103
W MEM 0 0 103
W MEM 0 0 103
W MEM 0 0 103
W MEM 0 0 103
W MEM 0 0 103
W MEM 0 0 103
W MEM 0 0 103
W MEM 0 0 103
W MEM 0 0 103
W MEM 0 0 103
W MEM 0 0 103
W MEM 0 0 103
W MEM 0 0 103
W MEM 0 0 103
W MEM 0 0 103
W MEM 0 0 103
W MEM 0 0 103
W MEM 0 0 103
W MEM 0 0 103
W MEM 0 0 103
W MEM 0 0 103
W MEM 0 0 103
W MEM 0 0 103
W MEM 0 0 103
W MEM 0 0 103
W MEM 0 0 103
W MEM 0 0 103
W MEM 0 0 103
W MEM 0 0 103
W MEM 0 0 103
W MEM 0 0 103
W MEM 0 0 103
W MEM 0 0 103
W MEM 0 0 103
W MEM 0 0 103
W MEM 0 0 103
W MEM 0 0 103
W MEM 0 0 103
W MEM 0 0 103
W MEM 0 0 103
W MEM 0 0 103
W MEM 0 0 103
W MEM 0 0 103
W MEM 0 0 103
W MEM 0 0 103
W MEM 0 0 103
W MEM 0 0 103
W MEM 0 0 103
W MEM 0 0 103
W MEM 0 0 103
W MEM 0 0 103
W MEM 0 0 103
W MEM 0 0 104
W MEM 0 0 104
W MEM 0 0 104
W MEM 0 0 104
W MEM 0 0 104
W MEM 0 0 104
W MEM 0 0 104
W MEM 0 0 104
W MEM 0 0 104
W MEM 0 0 104
W MEM 0 0 104
W MEM 0 0 104
W MEM 0 0 104
W MEM 0 0 104
W MEM 0 0 104
W MEM 0 0 104
W MEM 0 0 104
W MEM 0 0 104
W MEM 0 0 104
W MEM 0 0 104
W MEM 0 0 104
W MEM 0 0 104
W MEM 0 0 104
W MEM 0 0 104
W MEM 0 0 104
W MEM 0 0 104
W MEM 0 0 104
W MEM 0 0 104
W MEM 0 0 104
W MEM 0 0 104
W MEM 0 0 104
W MEM 0 0 104
W MEM 0 0 104
W MEM 0 0 104
W MEM 0 0 104
W MEM 0 0 104
W MEM 0 0 104
W MEM 0 0 104
W MEM 0 0 104
W MEM 0 0 104
W MEM 0 0 104
W MEM 0 0 104
W MEM 0 0 104
W MEM 0 0 104
W MEM 0 0 104
W MEM 0 0 104
W MEM 0 0 104
W MEM 0 0 104
W MEM 0 0 104
W MEM 0 0 104
W MEM 0 0 104
W MEM 0 0 104
W MEM 0 0 104
W MEM 0 0 104
W MEM 0 0 104
W MEM 0 0 104
W MEM 0 0 104
W MEM 0 0 104
W MEM 0 0 104
W MEM 0 0 104
W MEM 0 0 104
W MEM 0 0 104
W MEM 0 0 104
W MEM 0 0 104
AiM WR_ABK 0 0x80000000 136
# --> Emitted by: cent_simulation/aim_sim.py (line 260) :: WR_ABK_only_trace
# --> Likely caller: cent_simulation/Llama.py (line 224) :: self_attention_aim
AiM WR_ABK 0 0x40000000 136
# --> Emitted by: cent_simulation/aim_sim.py (line 260) :: WR_ABK_only_trace
# --> Likely caller: cent_simulation/Llama.py (line 224) :: self_attention_aim
AiM WR_ABK 0 0x20000000 136
# --> Emitted by: cent_simulation/aim_sim.py (line 260) :: WR_ABK_only_trace
# --> Likely caller: cent_simulation/Llama.py (line 224) :: self_attention_aim
AiM WR_ABK 0 0x10000000 136
# --> Emitted by: cent_simulation/aim_sim.py (line 260) :: WR_ABK_only_trace
# --> Likely caller: cent_simulation/Llama.py (line 224) :: self_attention_aim
AiM WR_ABK 0 0x8000000 136
# --> Emitted by: cent_simulation/aim_sim.py (line 260) :: WR_ABK_only_trace
# --> Likely caller: cent_simulation/Llama.py (line 224) :: self_attention_aim
AiM WR_ABK 0 0x4000000 136
# --> Emitted by: cent_simulation/aim_sim.py (line 260) :: WR_ABK_only_trace
# --> Likely caller: cent_simulation/Llama.py (line 224) :: self_attention_aim
AiM WR_ABK 0 0x2000000 136
# --> Emitted by: cent_simulation/aim_sim.py (line 260) :: WR_ABK_only_trace
# --> Likely caller: cent_simulation/Llama.py (line 224) :: self_attention_aim
AiM WR_ABK 0 0x1000000 136
# --> Emitted by: cent_simulation/aim_sim.py (line 260) :: WR_ABK_only_trace
# --> Likely caller: cent_simulation/Llama.py (line 224) :: self_attention_aim
AiM WR_ABK 0 0x800000 136
# --> Emitted by: cent_simulation/aim_sim.py (line 260) :: WR_ABK_only_trace
# --> Likely caller: cent_simulation/Llama.py (line 224) :: self_attention_aim
AiM WR_ABK 0 0x400000 136
# --> Emitted by: cent_simulation/aim_sim.py (line 260) :: WR_ABK_only_trace
# --> Likely caller: cent_simulation/Llama.py (line 224) :: self_attention_aim
AiM WR_ABK 0 0x200000 136
# --> Emitted by: cent_simulation/aim_sim.py (line 260) :: WR_ABK_only_trace
# --> Likely caller: cent_simulation/Llama.py (line 224) :: self_attention_aim
AiM WR_ABK 0 0x100000 136
# --> Emitted by: cent_simulation/aim_sim.py (line 260) :: WR_ABK_only_trace
# --> Likely caller: cent_simulation/Llama.py (line 224) :: self_attention_aim
AiM WR_ABK 0 0x80000 136
# --> Emitted by: cent_simulation/aim_sim.py (line 260) :: WR_ABK_only_trace
# --> Likely caller: cent_simulation/Llama.py (line 224) :: self_attention_aim
AiM WR_ABK 0 0x40000 136
# --> Emitted by: cent_simulation/aim_sim.py (line 260) :: WR_ABK_only_trace
# --> Likely caller: cent_simulation/Llama.py (line 224) :: self_attention_aim
AiM WR_ABK 0 0x20000 136
# --> Emitted by: cent_simulation/aim_sim.py (line 260) :: WR_ABK_only_trace
# --> Likely caller: cent_simulation/Llama.py (line 224) :: self_attention_aim
AiM WR_ABK 0 0x10000 136
# --> Emitted by: cent_simulation/aim_sim.py (line 260) :: WR_ABK_only_trace
# --> Likely caller: cent_simulation/Llama.py (line 224) :: self_attention_aim
AiM WR_ABK 0 0x8000 136
# --> Emitted by: cent_simulation/aim_sim.py (line 260) :: WR_ABK_only_trace
# --> Likely caller: cent_simulation/Llama.py (line 224) :: self_attention_aim
AiM WR_ABK 0 0x4000 136
# --> Emitted by: cent_simulation/aim_sim.py (line 260) :: WR_ABK_only_trace
# --> Likely caller: cent_simulation/Llama.py (line 224) :: self_attention_aim
AiM WR_ABK 0 0x2000 136
# --> Emitted by: cent_simulation/aim_sim.py (line 260) :: WR_ABK_only_trace
# --> Likely caller: cent_simulation/Llama.py (line 224) :: self_attention_aim
AiM WR_ABK 0 0x1000 136
# --> Emitted by: cent_simulation/aim_sim.py (line 260) :: WR_ABK_only_trace
# --> Likely caller: cent_simulation/Llama.py (line 224) :: self_attention_aim
AiM WR_ABK 0 0x800 136
# --> Emitted by: cent_simulation/aim_sim.py (line 260) :: WR_ABK_only_trace
# --> Likely caller: cent_simulation/Llama.py (line 224) :: self_attention_aim
AiM WR_ABK 0 0x400 136
# --> Emitted by: cent_simulation/aim_sim.py (line 260) :: WR_ABK_only_trace
# --> Likely caller: cent_simulation/Llama.py (line 224) :: self_attention_aim
AiM WR_ABK 0 0x200 136
# --> Emitted by: cent_simulation/aim_sim.py (line 260) :: WR_ABK_only_trace
# --> Likely caller: cent_simulation/Llama.py (line 224) :: self_attention_aim
AiM WR_ABK 0 0x100 136
# --> Emitted by: cent_simulation/aim_sim.py (line 260) :: WR_ABK_only_trace
# --> Likely caller: cent_simulation/Llama.py (line 224) :: self_attention_aim
AiM WR_ABK 0 0x80 136
# --> Emitted by: cent_simulation/aim_sim.py (line 260) :: WR_ABK_only_trace
# --> Likely caller: cent_simulation/Llama.py (line 224) :: self_attention_aim
AiM WR_ABK 0 0x40 136
# --> Emitted by: cent_simulation/aim_sim.py (line 260) :: WR_ABK_only_trace
# --> Likely caller: cent_simulation/Llama.py (line 224) :: self_attention_aim
AiM WR_ABK 0 0x20 136
# --> Emitted by: cent_simulation/aim_sim.py (line 260) :: WR_ABK_only_trace
# --> Likely caller: cent_simulation/Llama.py (line 224) :: self_attention_aim
AiM WR_ABK 0 0x10 136
# --> Emitted by: cent_simulation/aim_sim.py (line 260) :: WR_ABK_only_trace
# --> Likely caller: cent_simulation/Llama.py (line 224) :: self_attention_aim
AiM WR_ABK 0 0x8 136
# --> Emitted by: cent_simulation/aim_sim.py (line 260) :: WR_ABK_only_trace
# --> Likely caller: cent_simulation/Llama.py (line 224) :: self_attention_aim
AiM WR_ABK 0 0x4 136
# --> Emitted by: cent_simulation/aim_sim.py (line 260) :: WR_ABK_only_trace
# --> Likely caller: cent_simulation/Llama.py (line 224) :: self_attention_aim
AiM WR_ABK 0 0x2 136
# --> Emitted by: cent_simulation/aim_sim.py (line 260) :: WR_ABK_only_trace
# --> Likely caller: cent_simulation/Llama.py (line 224) :: self_attention_aim
AiM WR_ABK 0 0x1 136
# --> Emitted by: cent_simulation/aim_sim.py (line 260) :: WR_ABK_only_trace
# --> Likely caller: cent_simulation/Llama.py (line 224) :: self_attention_aim
AiM WR_ABK 0 0x80000000 140
# --> Emitted by: cent_simulation/aim_sim.py (line 260) :: WR_ABK_only_trace
# --> Likely caller: cent_simulation/Llama.py (line 224) :: self_attention_aim
AiM WR_ABK 0 0x40000000 140
# --> Emitted by: cent_simulation/aim_sim.py (line 260) :: WR_ABK_only_trace
# --> Likely caller: cent_simulation/Llama.py (line 224) :: self_attention_aim
AiM WR_ABK 0 0x20000000 140
# --> Emitted by: cent_simulation/aim_sim.py (line 260) :: WR_ABK_only_trace
# --> Likely caller: cent_simulation/Llama.py (line 224) :: self_attention_aim
AiM WR_ABK 0 0x10000000 140
# --> Emitted by: cent_simulation/aim_sim.py (line 260) :: WR_ABK_only_trace
# --> Likely caller: cent_simulation/Llama.py (line 224) :: self_attention_aim
AiM WR_ABK 0 0x8000000 140
# --> Emitted by: cent_simulation/aim_sim.py (line 260) :: WR_ABK_only_trace
# --> Likely caller: cent_simulation/Llama.py (line 224) :: self_attention_aim
AiM WR_ABK 0 0x4000000 140
# --> Emitted by: cent_simulation/aim_sim.py (line 260) :: WR_ABK_only_trace
# --> Likely caller: cent_simulation/Llama.py (line 224) :: self_attention_aim
AiM WR_ABK 0 0x2000000 140
# --> Emitted by: cent_simulation/aim_sim.py (line 260) :: WR_ABK_only_trace
# --> Likely caller: cent_simulation/Llama.py (line 224) :: self_attention_aim
AiM WR_ABK 0 0x1000000 140
# --> Emitted by: cent_simulation/aim_sim.py (line 260) :: WR_ABK_only_trace
# --> Likely caller: cent_simulation/Llama.py (line 224) :: self_attention_aim
AiM WR_ABK 0 0x800000 140
# --> Emitted by: cent_simulation/aim_sim.py (line 260) :: WR_ABK_only_trace
# --> Likely caller: cent_simulation/Llama.py (line 224) :: self_attention_aim
AiM WR_ABK 0 0x400000 140
# --> Emitted by: cent_simulation/aim_sim.py (line 260) :: WR_ABK_only_trace
# --> Likely caller: cent_simulation/Llama.py (line 224) :: self_attention_aim
AiM WR_ABK 0 0x200000 140
# --> Emitted by: cent_simulation/aim_sim.py (line 260) :: WR_ABK_only_trace
# --> Likely caller: cent_simulation/Llama.py (line 224) :: self_attention_aim
AiM WR_ABK 0 0x100000 140
# --> Emitted by: cent_simulation/aim_sim.py (line 260) :: WR_ABK_only_trace
# --> Likely caller: cent_simulation/Llama.py (line 224) :: self_attention_aim
AiM WR_ABK 0 0x80000 140
# --> Emitted by: cent_simulation/aim_sim.py (line 260) :: WR_ABK_only_trace
# --> Likely caller: cent_simulation/Llama.py (line 224) :: self_attention_aim
AiM WR_ABK 0 0x40000 140
# --> Emitted by: cent_simulation/aim_sim.py (line 260) :: WR_ABK_only_trace
# --> Likely caller: cent_simulation/Llama.py (line 224) :: self_attention_aim
AiM WR_ABK 0 0x20000 140
# --> Emitted by: cent_simulation/aim_sim.py (line 260) :: WR_ABK_only_trace
# --> Likely caller: cent_simulation/Llama.py (line 224) :: self_attention_aim
AiM WR_ABK 0 0x10000 140
# --> Emitted by: cent_simulation/aim_sim.py (line 260) :: WR_ABK_only_trace
# --> Likely caller: cent_simulation/Llama.py (line 224) :: self_attention_aim
AiM WR_ABK 0 0x8000 140
# --> Emitted by: cent_simulation/aim_sim.py (line 260) :: WR_ABK_only_trace
# --> Likely caller: cent_simulation/Llama.py (line 224) :: self_attention_aim
AiM WR_ABK 0 0x4000 140
# --> Emitted by: cent_simulation/aim_sim.py (line 260) :: WR_ABK_only_trace
# --> Likely caller: cent_simulation/Llama.py (line 224) :: self_attention_aim
AiM WR_ABK 0 0x2000 140
# --> Emitted by: cent_simulation/aim_sim.py (line 260) :: WR_ABK_only_trace
# --> Likely caller: cent_simulation/Llama.py (line 224) :: self_attention_aim
AiM WR_ABK 0 0x1000 140
# --> Emitted by: cent_simulation/aim_sim.py (line 260) :: WR_ABK_only_trace
# --> Likely caller: cent_simulation/Llama.py (line 224) :: self_attention_aim
AiM WR_ABK 0 0x800 140
# --> Emitted by: cent_simulation/aim_sim.py (line 260) :: WR_ABK_only_trace
# --> Likely caller: cent_simulation/Llama.py (line 224) :: self_attention_aim
AiM WR_ABK 0 0x400 140
# --> Emitted by: cent_simulation/aim_sim.py (line 260) :: WR_ABK_only_trace
# --> Likely caller: cent_simulation/Llama.py (line 224) :: self_attention_aim
AiM WR_ABK 0 0x200 140
# --> Emitted by: cent_simulation/aim_sim.py (line 260) :: WR_ABK_only_trace
# --> Likely caller: cent_simulation/Llama.py (line 224) :: self_attention_aim
AiM WR_ABK 0 0x100 140
# --> Emitted by: cent_simulation/aim_sim.py (line 260) :: WR_ABK_only_trace
# --> Likely caller: cent_simulation/Llama.py (line 224) :: self_attention_aim
AiM WR_ABK 0 0x80 140
# --> Emitted by: cent_simulation/aim_sim.py (line 260) :: WR_ABK_only_trace
# --> Likely caller: cent_simulation/Llama.py (line 224) :: self_attention_aim
AiM WR_ABK 0 0x40 140
# --> Emitted by: cent_simulation/aim_sim.py (line 260) :: WR_ABK_only_trace
# --> Likely caller: cent_simulation/Llama.py (line 224) :: self_attention_aim
AiM WR_ABK 0 0x20 140
# --> Emitted by: cent_simulation/aim_sim.py (line 260) :: WR_ABK_only_trace
# --> Likely caller: cent_simulation/Llama.py (line 224) :: self_attention_aim
AiM WR_ABK 0 0x10 140
# --> Emitted by: cent_simulation/aim_sim.py (line 260) :: WR_ABK_only_trace
# --> Likely caller: cent_simulation/Llama.py (line 224) :: self_attention_aim
AiM WR_ABK 0 0x8 140
# --> Emitted by: cent_simulation/aim_sim.py (line 260) :: WR_ABK_only_trace
# --> Likely caller: cent_simulation/Llama.py (line 224) :: self_attention_aim
AiM WR_ABK 0 0x4 140
# --> Emitted by: cent_simulation/aim_sim.py (line 260) :: WR_ABK_only_trace
# --> Likely caller: cent_simulation/Llama.py (line 224) :: self_attention_aim
AiM WR_ABK 0 0x2 140
# --> Emitted by: cent_simulation/aim_sim.py (line 260) :: WR_ABK_only_trace
# --> Likely caller: cent_simulation/Llama.py (line 224) :: self_attention_aim
AiM WR_ABK 0 0x1 140
# --> Emitted by: cent_simulation/aim_sim.py (line 260) :: WR_ABK_only_trace
# --> Likely caller: cent_simulation/Llama.py (line 224) :: self_attention_aim
AiM WR_ABK 0 0x80000000 144
# --> Emitted by: cent_simulation/aim_sim.py (line 260) :: WR_ABK_only_trace
# --> Likely caller: cent_simulation/Llama.py (line 224) :: self_attention_aim
AiM WR_ABK 0 0x40000000 144
# --> Emitted by: cent_simulation/aim_sim.py (line 260) :: WR_ABK_only_trace
# --> Likely caller: cent_simulation/Llama.py (line 224) :: self_attention_aim
AiM WR_ABK 0 0x20000000 144
# --> Emitted by: cent_simulation/aim_sim.py (line 260) :: WR_ABK_only_trace
# --> Likely caller: cent_simulation/Llama.py (line 224) :: self_attention_aim
AiM WR_ABK 0 0x10000000 144
# --> Emitted by: cent_simulation/aim_sim.py (line 260) :: WR_ABK_only_trace
# --> Likely caller: cent_simulation/Llama.py (line 224) :: self_attention_aim
AiM WR_ABK 0 0x8000000 144
# --> Emitted by: cent_simulation/aim_sim.py (line 260) :: WR_ABK_only_trace
# --> Likely caller: cent_simulation/Llama.py (line 224) :: self_attention_aim
AiM WR_ABK 0 0x4000000 144
# --> Emitted by: cent_simulation/aim_sim.py (line 260) :: WR_ABK_only_trace
# --> Likely caller: cent_simulation/Llama.py (line 224) :: self_attention_aim
AiM WR_ABK 0 0x2000000 144
# --> Emitted by: cent_simulation/aim_sim.py (line 260) :: WR_ABK_only_trace
# --> Likely caller: cent_simulation/Llama.py (line 224) :: self_attention_aim
AiM WR_ABK 0 0x1000000 144
# --> Emitted by: cent_simulation/aim_sim.py (line 260) :: WR_ABK_only_trace
# --> Likely caller: cent_simulation/Llama.py (line 224) :: self_attention_aim
AiM WR_ABK 0 0x800000 144
# --> Emitted by: cent_simulation/aim_sim.py (line 260) :: WR_ABK_only_trace
# --> Likely caller: cent_simulation/Llama.py (line 224) :: self_attention_aim
AiM WR_ABK 0 0x400000 144
# --> Emitted by: cent_simulation/aim_sim.py (line 260) :: WR_ABK_only_trace
# --> Likely caller: cent_simulation/Llama.py (line 224) :: self_attention_aim
AiM WR_ABK 0 0x200000 144
# --> Emitted by: cent_simulation/aim_sim.py (line 260) :: WR_ABK_only_trace
# --> Likely caller: cent_simulation/Llama.py (line 224) :: self_attention_aim
AiM WR_ABK 0 0x100000 144
# --> Emitted by: cent_simulation/aim_sim.py (line 260) :: WR_ABK_only_trace
# --> Likely caller: cent_simulation/Llama.py (line 224) :: self_attention_aim
AiM WR_ABK 0 0x80000 144
# --> Emitted by: cent_simulation/aim_sim.py (line 260) :: WR_ABK_only_trace
# --> Likely caller: cent_simulation/Llama.py (line 224) :: self_attention_aim
AiM WR_ABK 0 0x40000 144
# --> Emitted by: cent_simulation/aim_sim.py (line 260) :: WR_ABK_only_trace
# --> Likely caller: cent_simulation/Llama.py (line 224) :: self_attention_aim
AiM WR_ABK 0 0x20000 144
# --> Emitted by: cent_simulation/aim_sim.py (line 260) :: WR_ABK_only_trace
# --> Likely caller: cent_simulation/Llama.py (line 224) :: self_attention_aim
AiM WR_ABK 0 0x10000 144
# --> Emitted by: cent_simulation/aim_sim.py (line 260) :: WR_ABK_only_trace
# --> Likely caller: cent_simulation/Llama.py (line 224) :: self_attention_aim
AiM WR_ABK 0 0x8000 144
# --> Emitted by: cent_simulation/aim_sim.py (line 260) :: WR_ABK_only_trace
# --> Likely caller: cent_simulation/Llama.py (line 224) :: self_attention_aim
AiM WR_ABK 0 0x4000 144
# --> Emitted by: cent_simulation/aim_sim.py (line 260) :: WR_ABK_only_trace
# --> Likely caller: cent_simulation/Llama.py (line 224) :: self_attention_aim
AiM WR_ABK 0 0x2000 144
# --> Emitted by: cent_simulation/aim_sim.py (line 260) :: WR_ABK_only_trace
# --> Likely caller: cent_simulation/Llama.py (line 224) :: self_attention_aim
AiM WR_ABK 0 0x1000 144
# --> Emitted by: cent_simulation/aim_sim.py (line 260) :: WR_ABK_only_trace
# --> Likely caller: cent_simulation/Llama.py (line 224) :: self_attention_aim
AiM WR_ABK 0 0x800 144
# --> Emitted by: cent_simulation/aim_sim.py (line 260) :: WR_ABK_only_trace
# --> Likely caller: cent_simulation/Llama.py (line 224) :: self_attention_aim
AiM WR_ABK 0 0x400 144
# --> Emitted by: cent_simulation/aim_sim.py (line 260) :: WR_ABK_only_trace
# --> Likely caller: cent_simulation/Llama.py (line 224) :: self_attention_aim
AiM WR_ABK 0 0x200 144
# --> Emitted by: cent_simulation/aim_sim.py (line 260) :: WR_ABK_only_trace
# --> Likely caller: cent_simulation/Llama.py (line 224) :: self_attention_aim
AiM WR_ABK 0 0x100 144
# --> Emitted by: cent_simulation/aim_sim.py (line 260) :: WR_ABK_only_trace
# --> Likely caller: cent_simulation/Llama.py (line 224) :: self_attention_aim
AiM WR_ABK 0 0x80 144
# --> Emitted by: cent_simulation/aim_sim.py (line 260) :: WR_ABK_only_trace
# --> Likely caller: cent_simulation/Llama.py (line 224) :: self_attention_aim
AiM WR_ABK 0 0x40 144
# --> Emitted by: cent_simulation/aim_sim.py (line 260) :: WR_ABK_only_trace
# --> Likely caller: cent_simulation/Llama.py (line 224) :: self_attention_aim
AiM WR_ABK 0 0x20 144
# --> Emitted by: cent_simulation/aim_sim.py (line 260) :: WR_ABK_only_trace
# --> Likely caller: cent_simulation/Llama.py (line 224) :: self_attention_aim
AiM WR_ABK 0 0x10 144
# --> Emitted by: cent_simulation/aim_sim.py (line 260) :: WR_ABK_only_trace
# --> Likely caller: cent_simulation/Llama.py (line 224) :: self_attention_aim
AiM WR_ABK 0 0x8 144
# --> Emitted by: cent_simulation/aim_sim.py (line 260) :: WR_ABK_only_trace
# --> Likely caller: cent_simulation/Llama.py (line 224) :: self_attention_aim
AiM WR_ABK 0 0x4 144
# --> Emitted by: cent_simulation/aim_sim.py (line 260) :: WR_ABK_only_trace
# --> Likely caller: cent_simulation/Llama.py (line 224) :: self_attention_aim
AiM WR_ABK 0 0x2 144
# --> Emitted by: cent_simulation/aim_sim.py (line 260) :: WR_ABK_only_trace
# --> Likely caller: cent_simulation/Llama.py (line 224) :: self_attention_aim
AiM WR_ABK 0 0x1 144
# --> Emitted by: cent_simulation/aim_sim.py (line 260) :: WR_ABK_only_trace
# --> Likely caller: cent_simulation/Llama.py (line 224) :: self_attention_aim
AiM WR_ABK 0 0x80000000 148
# --> Emitted by: cent_simulation/aim_sim.py (line 260) :: WR_ABK_only_trace
# --> Likely caller: cent_simulation/Llama.py (line 224) :: self_attention_aim
AiM WR_ABK 0 0x40000000 148
# --> Emitted by: cent_simulation/aim_sim.py (line 260) :: WR_ABK_only_trace
# --> Likely caller: cent_simulation/Llama.py (line 224) :: self_attention_aim
AiM WR_ABK 0 0x20000000 148
# --> Emitted by: cent_simulation/aim_sim.py (line 260) :: WR_ABK_only_trace
# --> Likely caller: cent_simulation/Llama.py (line 224) :: self_attention_aim
AiM WR_ABK 0 0x10000000 148
# --> Emitted by: cent_simulation/aim_sim.py (line 260) :: WR_ABK_only_trace
# --> Likely caller: cent_simulation/Llama.py (line 224) :: self_attention_aim
AiM WR_ABK 0 0x8000000 148
# --> Emitted by: cent_simulation/aim_sim.py (line 260) :: WR_ABK_only_trace
# --> Likely caller: cent_simulation/Llama.py (line 224) :: self_attention_aim
AiM WR_ABK 0 0x4000000 148
# --> Emitted by: cent_simulation/aim_sim.py (line 260) :: WR_ABK_only_trace
# --> Likely caller: cent_simulation/Llama.py (line 224) :: self_attention_aim
AiM WR_ABK 0 0x2000000 148
# --> Emitted by: cent_simulation/aim_sim.py (line 260) :: WR_ABK_only_trace
# --> Likely caller: cent_simulation/Llama.py (line 224) :: self_attention_aim
AiM WR_ABK 0 0x1000000 148
# --> Emitted by: cent_simulation/aim_sim.py (line 260) :: WR_ABK_only_trace
# --> Likely caller: cent_simulation/Llama.py (line 224) :: self_attention_aim
AiM WR_ABK 0 0x800000 148
# --> Emitted by: cent_simulation/aim_sim.py (line 260) :: WR_ABK_only_trace
# --> Likely caller: cent_simulation/Llama.py (line 224) :: self_attention_aim
AiM WR_ABK 0 0x400000 148
# --> Emitted by: cent_simulation/aim_sim.py (line 260) :: WR_ABK_only_trace
# --> Likely caller: cent_simulation/Llama.py (line 224) :: self_attention_aim
AiM WR_ABK 0 0x200000 148
# --> Emitted by: cent_simulation/aim_sim.py (line 260) :: WR_ABK_only_trace
# --> Likely caller: cent_simulation/Llama.py (line 224) :: self_attention_aim
AiM WR_ABK 0 0x100000 148
# --> Emitted by: cent_simulation/aim_sim.py (line 260) :: WR_ABK_only_trace
# --> Likely caller: cent_simulation/Llama.py (line 224) :: self_attention_aim
AiM WR_ABK 0 0x80000 148
# --> Emitted by: cent_simulation/aim_sim.py (line 260) :: WR_ABK_only_trace
# --> Likely caller: cent_simulation/Llama.py (line 224) :: self_attention_aim
AiM WR_ABK 0 0x40000 148
# --> Emitted by: cent_simulation/aim_sim.py (line 260) :: WR_ABK_only_trace
# --> Likely caller: cent_simulation/Llama.py (line 224) :: self_attention_aim
AiM WR_ABK 0 0x20000 148
# --> Emitted by: cent_simulation/aim_sim.py (line 260) :: WR_ABK_only_trace
# --> Likely caller: cent_simulation/Llama.py (line 224) :: self_attention_aim
AiM WR_ABK 0 0x10000 148
# --> Emitted by: cent_simulation/aim_sim.py (line 260) :: WR_ABK_only_trace
# --> Likely caller: cent_simulation/Llama.py (line 224) :: self_attention_aim
AiM WR_ABK 0 0x8000 148
# --> Emitted by: cent_simulation/aim_sim.py (line 260) :: WR_ABK_only_trace
# --> Likely caller: cent_simulation/Llama.py (line 224) :: self_attention_aim
AiM WR_ABK 0 0x4000 148
# --> Emitted by: cent_simulation/aim_sim.py (line 260) :: WR_ABK_only_trace
# --> Likely caller: cent_simulation/Llama.py (line 224) :: self_attention_aim
AiM WR_ABK 0 0x2000 148
# --> Emitted by: cent_simulation/aim_sim.py (line 260) :: WR_ABK_only_trace
# --> Likely caller: cent_simulation/Llama.py (line 224) :: self_attention_aim
AiM WR_ABK 0 0x1000 148
# --> Emitted by: cent_simulation/aim_sim.py (line 260) :: WR_ABK_only_trace
# --> Likely caller: cent_simulation/Llama.py (line 224) :: self_attention_aim
AiM WR_ABK 0 0x800 148
# --> Emitted by: cent_simulation/aim_sim.py (line 260) :: WR_ABK_only_trace
# --> Likely caller: cent_simulation/Llama.py (line 224) :: self_attention_aim
AiM WR_ABK 0 0x400 148
# --> Emitted by: cent_simulation/aim_sim.py (line 260) :: WR_ABK_only_trace
# --> Likely caller: cent_simulation/Llama.py (line 224) :: self_attention_aim
AiM WR_ABK 0 0x200 148
# --> Emitted by: cent_simulation/aim_sim.py (line 260) :: WR_ABK_only_trace
# --> Likely caller: cent_simulation/Llama.py (line 224) :: self_attention_aim
AiM WR_ABK 0 0x100 148
# --> Emitted by: cent_simulation/aim_sim.py (line 260) :: WR_ABK_only_trace
# --> Likely caller: cent_simulation/Llama.py (line 224) :: self_attention_aim
AiM WR_ABK 0 0x80 148
# --> Emitted by: cent_simulation/aim_sim.py (line 260) :: WR_ABK_only_trace
# --> Likely caller: cent_simulation/Llama.py (line 224) :: self_attention_aim
AiM WR_ABK 0 0x40 148
# --> Emitted by: cent_simulation/aim_sim.py (line 260) :: WR_ABK_only_trace
# --> Likely caller: cent_simulation/Llama.py (line 224) :: self_attention_aim
AiM WR_ABK 0 0x20 148
# --> Emitted by: cent_simulation/aim_sim.py (line 260) :: WR_ABK_only_trace
# --> Likely caller: cent_simulation/Llama.py (line 224) :: self_attention_aim
AiM WR_ABK 0 0x10 148
# --> Emitted by: cent_simulation/aim_sim.py (line 260) :: WR_ABK_only_trace
# --> Likely caller: cent_simulation/Llama.py (line 224) :: self_attention_aim
AiM WR_ABK 0 0x8 148
# --> Emitted by: cent_simulation/aim_sim.py (line 260) :: WR_ABK_only_trace
# --> Likely caller: cent_simulation/Llama.py (line 224) :: self_attention_aim
AiM WR_ABK 0 0x4 148
# --> Emitted by: cent_simulation/aim_sim.py (line 260) :: WR_ABK_only_trace
# --> Likely caller: cent_simulation/Llama.py (line 224) :: self_attention_aim
AiM WR_ABK 0 0x2 148
# --> Emitted by: cent_simulation/aim_sim.py (line 260) :: WR_ABK_only_trace
# --> Likely caller: cent_simulation/Llama.py (line 224) :: self_attention_aim
AiM WR_ABK 0 0x1 148
# --> Emitted by: cent_simulation/aim_sim.py (line 260) :: WR_ABK_only_trace
# --> Likely caller: cent_simulation/Llama.py (line 224) :: self_attention_aim
AiM WR_ABK 0 0x80000000 152
# --> Emitted by: cent_simulation/aim_sim.py (line 260) :: WR_ABK_only_trace
# --> Likely caller: cent_simulation/Llama.py (line 224) :: self_attention_aim
AiM WR_ABK 0 0x40000000 152
# --> Emitted by: cent_simulation/aim_sim.py (line 260) :: WR_ABK_only_trace
# --> Likely caller: cent_simulation/Llama.py (line 224) :: self_attention_aim
AiM WR_ABK 0 0x20000000 152
# --> Emitted by: cent_simulation/aim_sim.py (line 260) :: WR_ABK_only_trace
# --> Likely caller: cent_simulation/Llama.py (line 224) :: self_attention_aim
AiM WR_ABK 0 0x10000000 152
# --> Emitted by: cent_simulation/aim_sim.py (line 260) :: WR_ABK_only_trace
# --> Likely caller: cent_simulation/Llama.py (line 224) :: self_attention_aim
AiM WR_ABK 0 0x8000000 152
# --> Emitted by: cent_simulation/aim_sim.py (line 260) :: WR_ABK_only_trace
# --> Likely caller: cent_simulation/Llama.py (line 224) :: self_attention_aim
AiM WR_ABK 0 0x4000000 152
# --> Emitted by: cent_simulation/aim_sim.py (line 260) :: WR_ABK_only_trace
# --> Likely caller: cent_simulation/Llama.py (line 224) :: self_attention_aim
AiM WR_ABK 0 0x2000000 152
# --> Emitted by: cent_simulation/aim_sim.py (line 260) :: WR_ABK_only_trace
# --> Likely caller: cent_simulation/Llama.py (line 224) :: self_attention_aim
AiM WR_ABK 0 0x1000000 152
# --> Emitted by: cent_simulation/aim_sim.py (line 260) :: WR_ABK_only_trace
# --> Likely caller: cent_simulation/Llama.py (line 224) :: self_attention_aim
AiM WR_ABK 0 0x800000 152
# --> Emitted by: cent_simulation/aim_sim.py (line 260) :: WR_ABK_only_trace
# --> Likely caller: cent_simulation/Llama.py (line 224) :: self_attention_aim
AiM WR_ABK 0 0x400000 152
# --> Emitted by: cent_simulation/aim_sim.py (line 260) :: WR_ABK_only_trace
# --> Likely caller: cent_simulation/Llama.py (line 224) :: self_attention_aim
AiM WR_ABK 0 0x200000 152
# --> Emitted by: cent_simulation/aim_sim.py (line 260) :: WR_ABK_only_trace
# --> Likely caller: cent_simulation/Llama.py (line 224) :: self_attention_aim
AiM WR_ABK 0 0x100000 152
# --> Emitted by: cent_simulation/aim_sim.py (line 260) :: WR_ABK_only_trace
# --> Likely caller: cent_simulation/Llama.py (line 224) :: self_attention_aim
AiM WR_ABK 0 0x80000 152
# --> Emitted by: cent_simulation/aim_sim.py (line 260) :: WR_ABK_only_trace
# --> Likely caller: cent_simulation/Llama.py (line 224) :: self_attention_aim
AiM WR_ABK 0 0x40000 152
# --> Emitted by: cent_simulation/aim_sim.py (line 260) :: WR_ABK_only_trace
# --> Likely caller: cent_simulation/Llama.py (line 224) :: self_attention_aim
AiM WR_ABK 0 0x20000 152
# --> Emitted by: cent_simulation/aim_sim.py (line 260) :: WR_ABK_only_trace
# --> Likely caller: cent_simulation/Llama.py (line 224) :: self_attention_aim
AiM WR_ABK 0 0x10000 152
# --> Emitted by: cent_simulation/aim_sim.py (line 260) :: WR_ABK_only_trace
# --> Likely caller: cent_simulation/Llama.py (line 224) :: self_attention_aim
AiM WR_ABK 0 0x8000 152
# --> Emitted by: cent_simulation/aim_sim.py (line 260) :: WR_ABK_only_trace
# --> Likely caller: cent_simulation/Llama.py (line 224) :: self_attention_aim
AiM WR_ABK 0 0x4000 152
# --> Emitted by: cent_simulation/aim_sim.py (line 260) :: WR_ABK_only_trace
# --> Likely caller: cent_simulation/Llama.py (line 224) :: self_attention_aim
AiM WR_ABK 0 0x2000 152
# --> Emitted by: cent_simulation/aim_sim.py (line 260) :: WR_ABK_only_trace
# --> Likely caller: cent_simulation/Llama.py (line 224) :: self_attention_aim
AiM WR_ABK 0 0x1000 152
# --> Emitted by: cent_simulation/aim_sim.py (line 260) :: WR_ABK_only_trace
# --> Likely caller: cent_simulation/Llama.py (line 224) :: self_attention_aim
AiM WR_ABK 0 0x800 152
# --> Emitted by: cent_simulation/aim_sim.py (line 260) :: WR_ABK_only_trace
# --> Likely caller: cent_simulation/Llama.py (line 224) :: self_attention_aim
AiM WR_ABK 0 0x400 152
# --> Emitted by: cent_simulation/aim_sim.py (line 260) :: WR_ABK_only_trace
# --> Likely caller: cent_simulation/Llama.py (line 224) :: self_attention_aim
AiM WR_ABK 0 0x200 152
# --> Emitted by: cent_simulation/aim_sim.py (line 260) :: WR_ABK_only_trace
# --> Likely caller: cent_simulation/Llama.py (line 224) :: self_attention_aim
AiM WR_ABK 0 0x100 152
# --> Emitted by: cent_simulation/aim_sim.py (line 260) :: WR_ABK_only_trace
# --> Likely caller: cent_simulation/Llama.py (line 224) :: self_attention_aim
AiM WR_ABK 0 0x80 152
# --> Emitted by: cent_simulation/aim_sim.py (line 260) :: WR_ABK_only_trace
# --> Likely caller: cent_simulation/Llama.py (line 224) :: self_attention_aim
AiM WR_ABK 0 0x40 152
# --> Emitted by: cent_simulation/aim_sim.py (line 260) :: WR_ABK_only_trace
# --> Likely caller: cent_simulation/Llama.py (line 224) :: self_attention_aim
AiM WR_ABK 0 0x20 152
# --> Emitted by: cent_simulation/aim_sim.py (line 260) :: WR_ABK_only_trace
# --> Likely caller: cent_simulation/Llama.py (line 224) :: self_attention_aim
AiM WR_ABK 0 0x10 152
# --> Emitted by: cent_simulation/aim_sim.py (line 260) :: WR_ABK_only_trace
# --> Likely caller: cent_simulation/Llama.py (line 224) :: self_attention_aim
AiM WR_ABK 0 0x8 152
# --> Emitted by: cent_simulation/aim_sim.py (line 260) :: WR_ABK_only_trace
# --> Likely caller: cent_simulation/Llama.py (line 224) :: self_attention_aim
AiM WR_ABK 0 0x4 152
# --> Emitted by: cent_simulation/aim_sim.py (line 260) :: WR_ABK_only_trace
# --> Likely caller: cent_simulation/Llama.py (line 224) :: self_attention_aim
AiM WR_ABK 0 0x2 152
# --> Emitted by: cent_simulation/aim_sim.py (line 260) :: WR_ABK_only_trace
# --> Likely caller: cent_simulation/Llama.py (line 224) :: self_attention_aim
AiM WR_ABK 0 0x1 152
# --> Emitted by: cent_simulation/aim_sim.py (line 260) :: WR_ABK_only_trace
# --> Likely caller: cent_simulation/Llama.py (line 224) :: self_attention_aim
AiM WR_ABK 0 0x80000000 156
# --> Emitted by: cent_simulation/aim_sim.py (line 260) :: WR_ABK_only_trace
# --> Likely caller: cent_simulation/Llama.py (line 224) :: self_attention_aim
AiM WR_ABK 0 0x40000000 156
# --> Emitted by: cent_simulation/aim_sim.py (line 260) :: WR_ABK_only_trace
# --> Likely caller: cent_simulation/Llama.py (line 224) :: self_attention_aim
AiM WR_ABK 0 0x20000000 156
# --> Emitted by: cent_simulation/aim_sim.py (line 260) :: WR_ABK_only_trace
# --> Likely caller: cent_simulation/Llama.py (line 224) :: self_attention_aim
AiM WR_ABK 0 0x10000000 156
# --> Emitted by: cent_simulation/aim_sim.py (line 260) :: WR_ABK_only_trace
# --> Likely caller: cent_simulation/Llama.py (line 224) :: self_attention_aim
AiM WR_ABK 0 0x8000000 156
# --> Emitted by: cent_simulation/aim_sim.py (line 260) :: WR_ABK_only_trace
# --> Likely caller: cent_simulation/Llama.py (line 224) :: self_attention_aim
AiM WR_ABK 0 0x4000000 156
# --> Emitted by: cent_simulation/aim_sim.py (line 260) :: WR_ABK_only_trace
# --> Likely caller: cent_simulation/Llama.py (line 224) :: self_attention_aim
AiM WR_ABK 0 0x2000000 156
# --> Emitted by: cent_simulation/aim_sim.py (line 260) :: WR_ABK_only_trace
# --> Likely caller: cent_simulation/Llama.py (line 224) :: self_attention_aim
AiM WR_ABK 0 0x1000000 156
# --> Emitted by: cent_simulation/aim_sim.py (line 260) :: WR_ABK_only_trace
# --> Likely caller: cent_simulation/Llama.py (line 224) :: self_attention_aim
AiM WR_ABK 0 0x800000 156
# --> Emitted by: cent_simulation/aim_sim.py (line 260) :: WR_ABK_only_trace
# --> Likely caller: cent_simulation/Llama.py (line 224) :: self_attention_aim
AiM WR_ABK 0 0x400000 156
# --> Emitted by: cent_simulation/aim_sim.py (line 260) :: WR_ABK_only_trace
# --> Likely caller: cent_simulation/Llama.py (line 224) :: self_attention_aim
AiM WR_ABK 0 0x200000 156
# --> Emitted by: cent_simulation/aim_sim.py (line 260) :: WR_ABK_only_trace
# --> Likely caller: cent_simulation/Llama.py (line 224) :: self_attention_aim
AiM WR_ABK 0 0x100000 156
# --> Emitted by: cent_simulation/aim_sim.py (line 260) :: WR_ABK_only_trace
# --> Likely caller: cent_simulation/Llama.py (line 224) :: self_attention_aim
AiM WR_ABK 0 0x80000 156
# --> Emitted by: cent_simulation/aim_sim.py (line 260) :: WR_ABK_only_trace
# --> Likely caller: cent_simulation/Llama.py (line 224) :: self_attention_aim
AiM WR_ABK 0 0x40000 156
# --> Emitted by: cent_simulation/aim_sim.py (line 260) :: WR_ABK_only_trace
# --> Likely caller: cent_simulation/Llama.py (line 224) :: self_attention_aim
AiM WR_ABK 0 0x20000 156
# --> Emitted by: cent_simulation/aim_sim.py (line 260) :: WR_ABK_only_trace
# --> Likely caller: cent_simulation/Llama.py (line 224) :: self_attention_aim
AiM WR_ABK 0 0x10000 156
# --> Emitted by: cent_simulation/aim_sim.py (line 260) :: WR_ABK_only_trace
# --> Likely caller: cent_simulation/Llama.py (line 224) :: self_attention_aim
AiM WR_ABK 0 0x8000 156
# --> Emitted by: cent_simulation/aim_sim.py (line 260) :: WR_ABK_only_trace
# --> Likely caller: cent_simulation/Llama.py (line 224) :: self_attention_aim
AiM WR_ABK 0 0x4000 156
# --> Emitted by: cent_simulation/aim_sim.py (line 260) :: WR_ABK_only_trace
# --> Likely caller: cent_simulation/Llama.py (line 224) :: self_attention_aim
AiM WR_ABK 0 0x2000 156
# --> Emitted by: cent_simulation/aim_sim.py (line 260) :: WR_ABK_only_trace
# --> Likely caller: cent_simulation/Llama.py (line 224) :: self_attention_aim
AiM WR_ABK 0 0x1000 156
# --> Emitted by: cent_simulation/aim_sim.py (line 260) :: WR_ABK_only_trace
# --> Likely caller: cent_simulation/Llama.py (line 224) :: self_attention_aim
AiM WR_ABK 0 0x800 156
# --> Emitted by: cent_simulation/aim_sim.py (line 260) :: WR_ABK_only_trace
# --> Likely caller: cent_simulation/Llama.py (line 224) :: self_attention_aim
AiM WR_ABK 0 0x400 156
# --> Emitted by: cent_simulation/aim_sim.py (line 260) :: WR_ABK_only_trace
# --> Likely caller: cent_simulation/Llama.py (line 224) :: self_attention_aim
AiM WR_ABK 0 0x200 156
# --> Emitted by: cent_simulation/aim_sim.py (line 260) :: WR_ABK_only_trace
# --> Likely caller: cent_simulation/Llama.py (line 224) :: self_attention_aim
AiM WR_ABK 0 0x100 156
# --> Emitted by: cent_simulation/aim_sim.py (line 260) :: WR_ABK_only_trace
# --> Likely caller: cent_simulation/Llama.py (line 224) :: self_attention_aim
AiM WR_ABK 0 0x80 156
# --> Emitted by: cent_simulation/aim_sim.py (line 260) :: WR_ABK_only_trace
# --> Likely caller: cent_simulation/Llama.py (line 224) :: self_attention_aim
AiM WR_ABK 0 0x40 156
# --> Emitted by: cent_simulation/aim_sim.py (line 260) :: WR_ABK_only_trace
# --> Likely caller: cent_simulation/Llama.py (line 224) :: self_attention_aim
AiM WR_ABK 0 0x20 156
# --> Emitted by: cent_simulation/aim_sim.py (line 260) :: WR_ABK_only_trace
# --> Likely caller: cent_simulation/Llama.py (line 224) :: self_attention_aim
AiM WR_ABK 0 0x10 156
# --> Emitted by: cent_simulation/aim_sim.py (line 260) :: WR_ABK_only_trace
# --> Likely caller: cent_simulation/Llama.py (line 224) :: self_attention_aim
AiM WR_ABK 0 0x8 156
# --> Emitted by: cent_simulation/aim_sim.py (line 260) :: WR_ABK_only_trace
# --> Likely caller: cent_simulation/Llama.py (line 224) :: self_attention_aim
AiM WR_ABK 0 0x4 156
# --> Emitted by: cent_simulation/aim_sim.py (line 260) :: WR_ABK_only_trace
# --> Likely caller: cent_simulation/Llama.py (line 224) :: self_attention_aim
AiM WR_ABK 0 0x2 156
# --> Emitted by: cent_simulation/aim_sim.py (line 260) :: WR_ABK_only_trace
# --> Likely caller: cent_simulation/Llama.py (line 224) :: self_attention_aim
AiM WR_ABK 0 0x1 156
# --> Emitted by: cent_simulation/aim_sim.py (line 260) :: WR_ABK_only_trace
# --> Likely caller: cent_simulation/Llama.py (line 224) :: self_attention_aim
AiM WR_ABK 0 0x80000000 160
# --> Emitted by: cent_simulation/aim_sim.py (line 260) :: WR_ABK_only_trace
# --> Likely caller: cent_simulation/Llama.py (line 224) :: self_attention_aim
AiM WR_ABK 0 0x40000000 160
# --> Emitted by: cent_simulation/aim_sim.py (line 260) :: WR_ABK_only_trace
# --> Likely caller: cent_simulation/Llama.py (line 224) :: self_attention_aim
AiM WR_ABK 0 0x20000000 160
# --> Emitted by: cent_simulation/aim_sim.py (line 260) :: WR_ABK_only_trace
# --> Likely caller: cent_simulation/Llama.py (line 224) :: self_attention_aim
AiM WR_ABK 0 0x10000000 160
# --> Emitted by: cent_simulation/aim_sim.py (line 260) :: WR_ABK_only_trace
# --> Likely caller: cent_simulation/Llama.py (line 224) :: self_attention_aim
AiM WR_ABK 0 0x8000000 160
# --> Emitted by: cent_simulation/aim_sim.py (line 260) :: WR_ABK_only_trace
# --> Likely caller: cent_simulation/Llama.py (line 224) :: self_attention_aim
AiM WR_ABK 0 0x4000000 160
# --> Emitted by: cent_simulation/aim_sim.py (line 260) :: WR_ABK_only_trace
# --> Likely caller: cent_simulation/Llama.py (line 224) :: self_attention_aim
AiM WR_ABK 0 0x2000000 160
# --> Emitted by: cent_simulation/aim_sim.py (line 260) :: WR_ABK_only_trace
# --> Likely caller: cent_simulation/Llama.py (line 224) :: self_attention_aim
AiM WR_ABK 0 0x1000000 160
# --> Emitted by: cent_simulation/aim_sim.py (line 260) :: WR_ABK_only_trace
# --> Likely caller: cent_simulation/Llama.py (line 224) :: self_attention_aim
AiM WR_ABK 0 0x800000 160
# --> Emitted by: cent_simulation/aim_sim.py (line 260) :: WR_ABK_only_trace
# --> Likely caller: cent_simulation/Llama.py (line 224) :: self_attention_aim
AiM WR_ABK 0 0x400000 160
# --> Emitted by: cent_simulation/aim_sim.py (line 260) :: WR_ABK_only_trace
# --> Likely caller: cent_simulation/Llama.py (line 224) :: self_attention_aim
AiM WR_ABK 0 0x200000 160
# --> Emitted by: cent_simulation/aim_sim.py (line 260) :: WR_ABK_only_trace
# --> Likely caller: cent_simulation/Llama.py (line 224) :: self_attention_aim
AiM WR_ABK 0 0x100000 160
# --> Emitted by: cent_simulation/aim_sim.py (line 260) :: WR_ABK_only_trace
# --> Likely caller: cent_simulation/Llama.py (line 224) :: self_attention_aim
AiM WR_ABK 0 0x80000 160
# --> Emitted by: cent_simulation/aim_sim.py (line 260) :: WR_ABK_only_trace
# --> Likely caller: cent_simulation/Llama.py (line 224) :: self_attention_aim
AiM WR_ABK 0 0x40000 160
# --> Emitted by: cent_simulation/aim_sim.py (line 260) :: WR_ABK_only_trace
# --> Likely caller: cent_simulation/Llama.py (line 224) :: self_attention_aim
AiM WR_ABK 0 0x20000 160
# --> Emitted by: cent_simulation/aim_sim.py (line 260) :: WR_ABK_only_trace
# --> Likely caller: cent_simulation/Llama.py (line 224) :: self_attention_aim
AiM WR_ABK 0 0x10000 160
# --> Emitted by: cent_simulation/aim_sim.py (line 260) :: WR_ABK_only_trace
# --> Likely caller: cent_simulation/Llama.py (line 224) :: self_attention_aim
AiM WR_ABK 0 0x8000 160
# --> Emitted by: cent_simulation/aim_sim.py (line 260) :: WR_ABK_only_trace
# --> Likely caller: cent_simulation/Llama.py (line 224) :: self_attention_aim
AiM WR_ABK 0 0x4000 160
# --> Emitted by: cent_simulation/aim_sim.py (line 260) :: WR_ABK_only_trace
# --> Likely caller: cent_simulation/Llama.py (line 224) :: self_attention_aim
AiM WR_ABK 0 0x2000 160
# --> Emitted by: cent_simulation/aim_sim.py (line 260) :: WR_ABK_only_trace
# --> Likely caller: cent_simulation/Llama.py (line 224) :: self_attention_aim
AiM WR_ABK 0 0x1000 160
# --> Emitted by: cent_simulation/aim_sim.py (line 260) :: WR_ABK_only_trace
# --> Likely caller: cent_simulation/Llama.py (line 224) :: self_attention_aim
AiM WR_ABK 0 0x800 160
# --> Emitted by: cent_simulation/aim_sim.py (line 260) :: WR_ABK_only_trace
# --> Likely caller: cent_simulation/Llama.py (line 224) :: self_attention_aim
AiM WR_ABK 0 0x400 160
# --> Emitted by: cent_simulation/aim_sim.py (line 260) :: WR_ABK_only_trace
# --> Likely caller: cent_simulation/Llama.py (line 224) :: self_attention_aim
AiM WR_ABK 0 0x200 160
# --> Emitted by: cent_simulation/aim_sim.py (line 260) :: WR_ABK_only_trace
# --> Likely caller: cent_simulation/Llama.py (line 224) :: self_attention_aim
AiM WR_ABK 0 0x100 160
# --> Emitted by: cent_simulation/aim_sim.py (line 260) :: WR_ABK_only_trace
# --> Likely caller: cent_simulation/Llama.py (line 224) :: self_attention_aim
AiM WR_ABK 0 0x80 160
# --> Emitted by: cent_simulation/aim_sim.py (line 260) :: WR_ABK_only_trace
# --> Likely caller: cent_simulation/Llama.py (line 224) :: self_attention_aim
AiM WR_ABK 0 0x40 160
# --> Emitted by: cent_simulation/aim_sim.py (line 260) :: WR_ABK_only_trace
# --> Likely caller: cent_simulation/Llama.py (line 224) :: self_attention_aim
AiM WR_ABK 0 0x20 160
# --> Emitted by: cent_simulation/aim_sim.py (line 260) :: WR_ABK_only_trace
# --> Likely caller: cent_simulation/Llama.py (line 224) :: self_attention_aim
AiM WR_ABK 0 0x10 160
# --> Emitted by: cent_simulation/aim_sim.py (line 260) :: WR_ABK_only_trace
# --> Likely caller: cent_simulation/Llama.py (line 224) :: self_attention_aim
AiM WR_ABK 0 0x8 160
# --> Emitted by: cent_simulation/aim_sim.py (line 260) :: WR_ABK_only_trace
# --> Likely caller: cent_simulation/Llama.py (line 224) :: self_attention_aim
AiM WR_ABK 0 0x4 160
# --> Emitted by: cent_simulation/aim_sim.py (line 260) :: WR_ABK_only_trace
# --> Likely caller: cent_simulation/Llama.py (line 224) :: self_attention_aim
AiM WR_ABK 0 0x2 160
# --> Emitted by: cent_simulation/aim_sim.py (line 260) :: WR_ABK_only_trace
# --> Likely caller: cent_simulation/Llama.py (line 224) :: self_attention_aim
AiM WR_ABK 0 0x1 160
# --> Emitted by: cent_simulation/aim_sim.py (line 260) :: WR_ABK_only_trace
# --> Likely caller: cent_simulation/Llama.py (line 224) :: self_attention_aim
AiM WR_ABK 0 0x80000000 164
# --> Emitted by: cent_simulation/aim_sim.py (line 260) :: WR_ABK_only_trace
# --> Likely caller: cent_simulation/Llama.py (line 224) :: self_attention_aim
AiM WR_ABK 0 0x40000000 164
# --> Emitted by: cent_simulation/aim_sim.py (line 260) :: WR_ABK_only_trace
# --> Likely caller: cent_simulation/Llama.py (line 224) :: self_attention_aim
AiM WR_ABK 0 0x20000000 164
# --> Emitted by: cent_simulation/aim_sim.py (line 260) :: WR_ABK_only_trace
# --> Likely caller: cent_simulation/Llama.py (line 224) :: self_attention_aim
AiM WR_ABK 0 0x10000000 164
# --> Emitted by: cent_simulation/aim_sim.py (line 260) :: WR_ABK_only_trace
# --> Likely caller: cent_simulation/Llama.py (line 224) :: self_attention_aim
AiM WR_ABK 0 0x8000000 164
# --> Emitted by: cent_simulation/aim_sim.py (line 260) :: WR_ABK_only_trace
# --> Likely caller: cent_simulation/Llama.py (line 224) :: self_attention_aim
AiM WR_ABK 0 0x4000000 164
# --> Emitted by: cent_simulation/aim_sim.py (line 260) :: WR_ABK_only_trace
# --> Likely caller: cent_simulation/Llama.py (line 224) :: self_attention_aim
AiM WR_ABK 0 0x2000000 164
# --> Emitted by: cent_simulation/aim_sim.py (line 260) :: WR_ABK_only_trace
# --> Likely caller: cent_simulation/Llama.py (line 224) :: self_attention_aim
AiM WR_ABK 0 0x1000000 164
# --> Emitted by: cent_simulation/aim_sim.py (line 260) :: WR_ABK_only_trace
# --> Likely caller: cent_simulation/Llama.py (line 224) :: self_attention_aim
AiM WR_ABK 0 0x800000 164
# --> Emitted by: cent_simulation/aim_sim.py (line 260) :: WR_ABK_only_trace
# --> Likely caller: cent_simulation/Llama.py (line 224) :: self_attention_aim
AiM WR_ABK 0 0x400000 164
# --> Emitted by: cent_simulation/aim_sim.py (line 260) :: WR_ABK_only_trace
# --> Likely caller: cent_simulation/Llama.py (line 224) :: self_attention_aim
AiM WR_ABK 0 0x200000 164
# --> Emitted by: cent_simulation/aim_sim.py (line 260) :: WR_ABK_only_trace
# --> Likely caller: cent_simulation/Llama.py (line 224) :: self_attention_aim
AiM WR_ABK 0 0x100000 164
# --> Emitted by: cent_simulation/aim_sim.py (line 260) :: WR_ABK_only_trace
# --> Likely caller: cent_simulation/Llama.py (line 224) :: self_attention_aim
AiM WR_ABK 0 0x80000 164
# --> Emitted by: cent_simulation/aim_sim.py (line 260) :: WR_ABK_only_trace
# --> Likely caller: cent_simulation/Llama.py (line 224) :: self_attention_aim
AiM WR_ABK 0 0x40000 164
# --> Emitted by: cent_simulation/aim_sim.py (line 260) :: WR_ABK_only_trace
# --> Likely caller: cent_simulation/Llama.py (line 224) :: self_attention_aim
AiM WR_ABK 0 0x20000 164
# --> Emitted by: cent_simulation/aim_sim.py (line 260) :: WR_ABK_only_trace
# --> Likely caller: cent_simulation/Llama.py (line 224) :: self_attention_aim
AiM WR_ABK 0 0x10000 164
# --> Emitted by: cent_simulation/aim_sim.py (line 260) :: WR_ABK_only_trace
# --> Likely caller: cent_simulation/Llama.py (line 224) :: self_attention_aim
AiM WR_ABK 0 0x8000 164
# --> Emitted by: cent_simulation/aim_sim.py (line 260) :: WR_ABK_only_trace
# --> Likely caller: cent_simulation/Llama.py (line 224) :: self_attention_aim
AiM WR_ABK 0 0x4000 164
# --> Emitted by: cent_simulation/aim_sim.py (line 260) :: WR_ABK_only_trace
# --> Likely caller: cent_simulation/Llama.py (line 224) :: self_attention_aim
AiM WR_ABK 0 0x2000 164
# --> Emitted by: cent_simulation/aim_sim.py (line 260) :: WR_ABK_only_trace
# --> Likely caller: cent_simulation/Llama.py (line 224) :: self_attention_aim
AiM WR_ABK 0 0x1000 164
# --> Emitted by: cent_simulation/aim_sim.py (line 260) :: WR_ABK_only_trace
# --> Likely caller: cent_simulation/Llama.py (line 224) :: self_attention_aim
AiM WR_ABK 0 0x800 164
# --> Emitted by: cent_simulation/aim_sim.py (line 260) :: WR_ABK_only_trace
# --> Likely caller: cent_simulation/Llama.py (line 224) :: self_attention_aim
AiM WR_ABK 0 0x400 164
# --> Emitted by: cent_simulation/aim_sim.py (line 260) :: WR_ABK_only_trace
# --> Likely caller: cent_simulation/Llama.py (line 224) :: self_attention_aim
AiM WR_ABK 0 0x200 164
# --> Emitted by: cent_simulation/aim_sim.py (line 260) :: WR_ABK_only_trace
# --> Likely caller: cent_simulation/Llama.py (line 224) :: self_attention_aim
AiM WR_ABK 0 0x100 164
# --> Emitted by: cent_simulation/aim_sim.py (line 260) :: WR_ABK_only_trace
# --> Likely caller: cent_simulation/Llama.py (line 224) :: self_attention_aim
AiM WR_ABK 0 0x80 164
# --> Emitted by: cent_simulation/aim_sim.py (line 260) :: WR_ABK_only_trace
# --> Likely caller: cent_simulation/Llama.py (line 224) :: self_attention_aim
AiM WR_ABK 0 0x40 164
# --> Emitted by: cent_simulation/aim_sim.py (line 260) :: WR_ABK_only_trace
# --> Likely caller: cent_simulation/Llama.py (line 224) :: self_attention_aim
AiM WR_ABK 0 0x20 164
# --> Emitted by: cent_simulation/aim_sim.py (line 260) :: WR_ABK_only_trace
# --> Likely caller: cent_simulation/Llama.py (line 224) :: self_attention_aim
AiM WR_ABK 0 0x10 164
# --> Emitted by: cent_simulation/aim_sim.py (line 260) :: WR_ABK_only_trace
# --> Likely caller: cent_simulation/Llama.py (line 224) :: self_attention_aim
AiM WR_ABK 0 0x8 164
# --> Emitted by: cent_simulation/aim_sim.py (line 260) :: WR_ABK_only_trace
# --> Likely caller: cent_simulation/Llama.py (line 224) :: self_attention_aim
AiM WR_ABK 0 0x4 164
# --> Emitted by: cent_simulation/aim_sim.py (line 260) :: WR_ABK_only_trace
# --> Likely caller: cent_simulation/Llama.py (line 224) :: self_attention_aim
AiM WR_ABK 0 0x2 164
# --> Emitted by: cent_simulation/aim_sim.py (line 260) :: WR_ABK_only_trace
# --> Likely caller: cent_simulation/Llama.py (line 224) :: self_attention_aim
AiM WR_ABK 0 0x1 164
# --> Emitted by: cent_simulation/aim_sim.py (line 260) :: WR_ABK_only_trace
# --> Likely caller: cent_simulation/Llama.py (line 224) :: self_attention_aim
AiM WR_GB 64 0 0xffffffff
# --> Emitted by: cent_simulation/aim_sim.py (line 285) :: WR_GB_only_trace
# --> Likely caller: cent_simulation/TransformerBlock.py (line 697) :: Vector_Matrix_Mul_weight_pim_only_trace
AiM WR_BIAS 0 0xffffffff
# --> Emitted by: cent_simulation/aim_sim.py (line 263) :: WR_BIAS_only_trace
# --> Likely caller: cent_simulation/TransformerBlock.py (line 806) :: Vector_Matrix_Mul_output_pim_only_trace
AiM MAC_ABK 8 0xffffffff 101
# --> Emitted by: cent_simulation/aim_sim.py (line 267) :: MAC_ABK_only_trace
# --> Likely caller: cent_simulation/TransformerBlock.py (line 783) :: Vector_Matrix_Mul_score_pim_only_trace
AiM RD_MAC 0 0xffffffff
# --> Emitted by: cent_simulation/aim_sim.py (line 272) :: RD_MAC_only_trace
# --> Likely caller: cent_simulation/TransformerBlock.py (line 806) :: Vector_Matrix_Mul_output_pim_only_trace
AiM WR_BIAS 0 0xffffffff
# --> Emitted by: cent_simulation/aim_sim.py (line 263) :: WR_BIAS_only_trace
# --> Likely caller: cent_simulation/TransformerBlock.py (line 806) :: Vector_Matrix_Mul_output_pim_only_trace
AiM MAC_ABK 8 0xffffffff 101
# --> Emitted by: cent_simulation/aim_sim.py (line 267) :: MAC_ABK_only_trace
# --> Likely caller: cent_simulation/TransformerBlock.py (line 783) :: Vector_Matrix_Mul_score_pim_only_trace
AiM RD_MAC 0 0xffffffff
# --> Emitted by: cent_simulation/aim_sim.py (line 272) :: RD_MAC_only_trace
# --> Likely caller: cent_simulation/TransformerBlock.py (line 806) :: Vector_Matrix_Mul_output_pim_only_trace
AiM WR_BIAS 0 0xffffffff
# --> Emitted by: cent_simulation/aim_sim.py (line 263) :: WR_BIAS_only_trace
# --> Likely caller: cent_simulation/TransformerBlock.py (line 806) :: Vector_Matrix_Mul_output_pim_only_trace
AiM MAC_ABK 8 0xffffffff 101
# --> Emitted by: cent_simulation/aim_sim.py (line 267) :: MAC_ABK_only_trace
# --> Likely caller: cent_simulation/TransformerBlock.py (line 783) :: Vector_Matrix_Mul_score_pim_only_trace
AiM RD_MAC 0 0xffffffff
# --> Emitted by: cent_simulation/aim_sim.py (line 272) :: RD_MAC_only_trace
# --> Likely caller: cent_simulation/TransformerBlock.py (line 806) :: Vector_Matrix_Mul_output_pim_only_trace
AiM WR_BIAS 0 0xffffffff
# --> Emitted by: cent_simulation/aim_sim.py (line 263) :: WR_BIAS_only_trace
# --> Likely caller: cent_simulation/TransformerBlock.py (line 806) :: Vector_Matrix_Mul_output_pim_only_trace
AiM MAC_ABK 8 0xffffffff 101
# --> Emitted by: cent_simulation/aim_sim.py (line 267) :: MAC_ABK_only_trace
# --> Likely caller: cent_simulation/TransformerBlock.py (line 783) :: Vector_Matrix_Mul_score_pim_only_trace
AiM RD_MAC 0 0xffffffff
# --> Emitted by: cent_simulation/aim_sim.py (line 272) :: RD_MAC_only_trace
# --> Likely caller: cent_simulation/TransformerBlock.py (line 806) :: Vector_Matrix_Mul_output_pim_only_trace
AiM WR_BIAS 0 0xffffffff
# --> Emitted by: cent_simulation/aim_sim.py (line 263) :: WR_BIAS_only_trace
# --> Likely caller: cent_simulation/TransformerBlock.py (line 806) :: Vector_Matrix_Mul_output_pim_only_trace
AiM MAC_ABK 8 0xffffffff 101
# --> Emitted by: cent_simulation/aim_sim.py (line 267) :: MAC_ABK_only_trace
# --> Likely caller: cent_simulation/TransformerBlock.py (line 783) :: Vector_Matrix_Mul_score_pim_only_trace
AiM RD_MAC 0 0xffffffff
# --> Emitted by: cent_simulation/aim_sim.py (line 272) :: RD_MAC_only_trace
# --> Likely caller: cent_simulation/TransformerBlock.py (line 806) :: Vector_Matrix_Mul_output_pim_only_trace
AiM WR_BIAS 0 0xffffffff
# --> Emitted by: cent_simulation/aim_sim.py (line 263) :: WR_BIAS_only_trace
# --> Likely caller: cent_simulation/TransformerBlock.py (line 806) :: Vector_Matrix_Mul_output_pim_only_trace
AiM MAC_ABK 8 0xffffffff 101
# --> Emitted by: cent_simulation/aim_sim.py (line 267) :: MAC_ABK_only_trace
# --> Likely caller: cent_simulation/TransformerBlock.py (line 783) :: Vector_Matrix_Mul_score_pim_only_trace
AiM RD_MAC 0 0xffffffff
# --> Emitted by: cent_simulation/aim_sim.py (line 272) :: RD_MAC_only_trace
# --> Likely caller: cent_simulation/TransformerBlock.py (line 806) :: Vector_Matrix_Mul_output_pim_only_trace
AiM WR_BIAS 0 0xffffffff
# --> Emitted by: cent_simulation/aim_sim.py (line 263) :: WR_BIAS_only_trace
# --> Likely caller: cent_simulation/TransformerBlock.py (line 806) :: Vector_Matrix_Mul_output_pim_only_trace
AiM MAC_ABK 8 0xffffffff 101
# --> Emitted by: cent_simulation/aim_sim.py (line 267) :: MAC_ABK_only_trace
# --> Likely caller: cent_simulation/TransformerBlock.py (line 783) :: Vector_Matrix_Mul_score_pim_only_trace
AiM RD_MAC 0 0xffffffff
# --> Emitted by: cent_simulation/aim_sim.py (line 272) :: RD_MAC_only_trace
# --> Likely caller: cent_simulation/TransformerBlock.py (line 806) :: Vector_Matrix_Mul_output_pim_only_trace
AiM WR_BIAS 0 0xffffffff
# --> Emitted by: cent_simulation/aim_sim.py (line 263) :: WR_BIAS_only_trace
# --> Likely caller: cent_simulation/TransformerBlock.py (line 806) :: Vector_Matrix_Mul_output_pim_only_trace
AiM MAC_ABK 8 0xffffffff 101
# --> Emitted by: cent_simulation/aim_sim.py (line 267) :: MAC_ABK_only_trace
# --> Likely caller: cent_simulation/TransformerBlock.py (line 783) :: Vector_Matrix_Mul_score_pim_only_trace
AiM RD_MAC 0 0xffffffff
# --> Emitted by: cent_simulation/aim_sim.py (line 272) :: RD_MAC_only_trace
# --> Likely caller: cent_simulation/TransformerBlock.py (line 806) :: Vector_Matrix_Mul_output_pim_only_trace
AiM WR_GB 64 0 0xffffffff
# --> Emitted by: cent_simulation/aim_sim.py (line 285) :: WR_GB_only_trace
# --> Likely caller: cent_simulation/TransformerBlock.py (line 697) :: Vector_Matrix_Mul_weight_pim_only_trace
AiM WR_BIAS 0 0xffffffff
# --> Emitted by: cent_simulation/aim_sim.py (line 263) :: WR_BIAS_only_trace
# --> Likely caller: cent_simulation/TransformerBlock.py (line 806) :: Vector_Matrix_Mul_output_pim_only_trace
AiM MAC_ABK 8 0xffffffff 102
# --> Emitted by: cent_simulation/aim_sim.py (line 267) :: MAC_ABK_only_trace
# --> Likely caller: cent_simulation/TransformerBlock.py (line 783) :: Vector_Matrix_Mul_score_pim_only_trace
AiM RD_MAC 0 0xffffffff
# --> Emitted by: cent_simulation/aim_sim.py (line 272) :: RD_MAC_only_trace
# --> Likely caller: cent_simulation/TransformerBlock.py (line 806) :: Vector_Matrix_Mul_output_pim_only_trace
AiM WR_BIAS 0 0xffffffff
# --> Emitted by: cent_simulation/aim_sim.py (line 263) :: WR_BIAS_only_trace
# --> Likely caller: cent_simulation/TransformerBlock.py (line 806) :: Vector_Matrix_Mul_output_pim_only_trace
AiM MAC_ABK 8 0xffffffff 102
# --> Emitted by: cent_simulation/aim_sim.py (line 267) :: MAC_ABK_only_trace
# --> Likely caller: cent_simulation/TransformerBlock.py (line 783) :: Vector_Matrix_Mul_score_pim_only_trace
AiM RD_MAC 0 0xffffffff
# --> Emitted by: cent_simulation/aim_sim.py (line 272) :: RD_MAC_only_trace
# --> Likely caller: cent_simulation/TransformerBlock.py (line 806) :: Vector_Matrix_Mul_output_pim_only_trace
AiM WR_BIAS 0 0xffffffff
# --> Emitted by: cent_simulation/aim_sim.py (line 263) :: WR_BIAS_only_trace
# --> Likely caller: cent_simulation/TransformerBlock.py (line 806) :: Vector_Matrix_Mul_output_pim_only_trace
AiM MAC_ABK 8 0xffffffff 102
# --> Emitted by: cent_simulation/aim_sim.py (line 267) :: MAC_ABK_only_trace
# --> Likely caller: cent_simulation/TransformerBlock.py (line 783) :: Vector_Matrix_Mul_score_pim_only_trace
AiM RD_MAC 0 0xffffffff
# --> Emitted by: cent_simulation/aim_sim.py (line 272) :: RD_MAC_only_trace
# --> Likely caller: cent_simulation/TransformerBlock.py (line 806) :: Vector_Matrix_Mul_output_pim_only_trace
AiM WR_BIAS 0 0xffffffff
# --> Emitted by: cent_simulation/aim_sim.py (line 263) :: WR_BIAS_only_trace
# --> Likely caller: cent_simulation/TransformerBlock.py (line 806) :: Vector_Matrix_Mul_output_pim_only_trace
AiM MAC_ABK 8 0xffffffff 102
# --> Emitted by: cent_simulation/aim_sim.py (line 267) :: MAC_ABK_only_trace
# --> Likely caller: cent_simulation/TransformerBlock.py (line 783) :: Vector_Matrix_Mul_score_pim_only_trace
AiM RD_MAC 0 0xffffffff
# --> Emitted by: cent_simulation/aim_sim.py (line 272) :: RD_MAC_only_trace
# --> Likely caller: cent_simulation/TransformerBlock.py (line 806) :: Vector_Matrix_Mul_output_pim_only_trace
AiM WR_BIAS 0 0xffffffff
# --> Emitted by: cent_simulation/aim_sim.py (line 263) :: WR_BIAS_only_trace
# --> Likely caller: cent_simulation/TransformerBlock.py (line 806) :: Vector_Matrix_Mul_output_pim_only_trace
AiM MAC_ABK 8 0xffffffff 102
# --> Emitted by: cent_simulation/aim_sim.py (line 267) :: MAC_ABK_only_trace
# --> Likely caller: cent_simulation/TransformerBlock.py (line 783) :: Vector_Matrix_Mul_score_pim_only_trace
AiM RD_MAC 0 0xffffffff
# --> Emitted by: cent_simulation/aim_sim.py (line 272) :: RD_MAC_only_trace
# --> Likely caller: cent_simulation/TransformerBlock.py (line 806) :: Vector_Matrix_Mul_output_pim_only_trace
AiM WR_BIAS 0 0xffffffff
# --> Emitted by: cent_simulation/aim_sim.py (line 263) :: WR_BIAS_only_trace
# --> Likely caller: cent_simulation/TransformerBlock.py (line 806) :: Vector_Matrix_Mul_output_pim_only_trace
AiM MAC_ABK 8 0xffffffff 102
# --> Emitted by: cent_simulation/aim_sim.py (line 267) :: MAC_ABK_only_trace
# --> Likely caller: cent_simulation/TransformerBlock.py (line 783) :: Vector_Matrix_Mul_score_pim_only_trace
AiM RD_MAC 0 0xffffffff
# --> Emitted by: cent_simulation/aim_sim.py (line 272) :: RD_MAC_only_trace
# --> Likely caller: cent_simulation/TransformerBlock.py (line 806) :: Vector_Matrix_Mul_output_pim_only_trace
AiM WR_BIAS 0 0xffffffff
# --> Emitted by: cent_simulation/aim_sim.py (line 263) :: WR_BIAS_only_trace
# --> Likely caller: cent_simulation/TransformerBlock.py (line 806) :: Vector_Matrix_Mul_output_pim_only_trace
AiM MAC_ABK 8 0xffffffff 102
# --> Emitted by: cent_simulation/aim_sim.py (line 267) :: MAC_ABK_only_trace
# --> Likely caller: cent_simulation/TransformerBlock.py (line 783) :: Vector_Matrix_Mul_score_pim_only_trace
AiM RD_MAC 0 0xffffffff
# --> Emitted by: cent_simulation/aim_sim.py (line 272) :: RD_MAC_only_trace
# --> Likely caller: cent_simulation/TransformerBlock.py (line 806) :: Vector_Matrix_Mul_output_pim_only_trace
AiM WR_BIAS 0 0xffffffff
# --> Emitted by: cent_simulation/aim_sim.py (line 263) :: WR_BIAS_only_trace
# --> Likely caller: cent_simulation/TransformerBlock.py (line 806) :: Vector_Matrix_Mul_output_pim_only_trace
AiM MAC_ABK 8 0xffffffff 102
# --> Emitted by: cent_simulation/aim_sim.py (line 267) :: MAC_ABK_only_trace
# --> Likely caller: cent_simulation/TransformerBlock.py (line 783) :: Vector_Matrix_Mul_score_pim_only_trace
AiM RD_MAC 0 0xffffffff
# --> Emitted by: cent_simulation/aim_sim.py (line 272) :: RD_MAC_only_trace
# --> Likely caller: cent_simulation/TransformerBlock.py (line 806) :: Vector_Matrix_Mul_output_pim_only_trace
AiM WR_GB 64 0 0xffffffff
# --> Emitted by: cent_simulation/aim_sim.py (line 285) :: WR_GB_only_trace
# --> Likely caller: cent_simulation/TransformerBlock.py (line 697) :: Vector_Matrix_Mul_weight_pim_only_trace
AiM WR_BIAS 0 0xffffffff
# --> Emitted by: cent_simulation/aim_sim.py (line 263) :: WR_BIAS_only_trace
# --> Likely caller: cent_simulation/TransformerBlock.py (line 806) :: Vector_Matrix_Mul_output_pim_only_trace
AiM MAC_ABK 8 0xffffffff 103
# --> Emitted by: cent_simulation/aim_sim.py (line 267) :: MAC_ABK_only_trace
# --> Likely caller: cent_simulation/TransformerBlock.py (line 783) :: Vector_Matrix_Mul_score_pim_only_trace
AiM RD_MAC 0 0xffffffff
# --> Emitted by: cent_simulation/aim_sim.py (line 272) :: RD_MAC_only_trace
# --> Likely caller: cent_simulation/TransformerBlock.py (line 806) :: Vector_Matrix_Mul_output_pim_only_trace
AiM WR_BIAS 0 0xffffffff
# --> Emitted by: cent_simulation/aim_sim.py (line 263) :: WR_BIAS_only_trace
# --> Likely caller: cent_simulation/TransformerBlock.py (line 806) :: Vector_Matrix_Mul_output_pim_only_trace
AiM MAC_ABK 8 0xffffffff 103
# --> Emitted by: cent_simulation/aim_sim.py (line 267) :: MAC_ABK_only_trace
# --> Likely caller: cent_simulation/TransformerBlock.py (line 783) :: Vector_Matrix_Mul_score_pim_only_trace
AiM RD_MAC 0 0xffffffff
# --> Emitted by: cent_simulation/aim_sim.py (line 272) :: RD_MAC_only_trace
# --> Likely caller: cent_simulation/TransformerBlock.py (line 806) :: Vector_Matrix_Mul_output_pim_only_trace
AiM WR_BIAS 0 0xffffffff
# --> Emitted by: cent_simulation/aim_sim.py (line 263) :: WR_BIAS_only_trace
# --> Likely caller: cent_simulation/TransformerBlock.py (line 806) :: Vector_Matrix_Mul_output_pim_only_trace
AiM MAC_ABK 8 0xffffffff 103
# --> Emitted by: cent_simulation/aim_sim.py (line 267) :: MAC_ABK_only_trace
# --> Likely caller: cent_simulation/TransformerBlock.py (line 783) :: Vector_Matrix_Mul_score_pim_only_trace
AiM RD_MAC 0 0xffffffff
# --> Emitted by: cent_simulation/aim_sim.py (line 272) :: RD_MAC_only_trace
# --> Likely caller: cent_simulation/TransformerBlock.py (line 806) :: Vector_Matrix_Mul_output_pim_only_trace
AiM WR_BIAS 0 0xffffffff
# --> Emitted by: cent_simulation/aim_sim.py (line 263) :: WR_BIAS_only_trace
# --> Likely caller: cent_simulation/TransformerBlock.py (line 806) :: Vector_Matrix_Mul_output_pim_only_trace
AiM MAC_ABK 8 0xffffffff 103
# --> Emitted by: cent_simulation/aim_sim.py (line 267) :: MAC_ABK_only_trace
# --> Likely caller: cent_simulation/TransformerBlock.py (line 783) :: Vector_Matrix_Mul_score_pim_only_trace
AiM RD_MAC 0 0xffffffff
# --> Emitted by: cent_simulation/aim_sim.py (line 272) :: RD_MAC_only_trace
# --> Likely caller: cent_simulation/TransformerBlock.py (line 806) :: Vector_Matrix_Mul_output_pim_only_trace
AiM WR_BIAS 0 0xffffffff
# --> Emitted by: cent_simulation/aim_sim.py (line 263) :: WR_BIAS_only_trace
# --> Likely caller: cent_simulation/TransformerBlock.py (line 806) :: Vector_Matrix_Mul_output_pim_only_trace
AiM MAC_ABK 8 0xffffffff 103
# --> Emitted by: cent_simulation/aim_sim.py (line 267) :: MAC_ABK_only_trace
# --> Likely caller: cent_simulation/TransformerBlock.py (line 783) :: Vector_Matrix_Mul_score_pim_only_trace
AiM RD_MAC 0 0xffffffff
# --> Emitted by: cent_simulation/aim_sim.py (line 272) :: RD_MAC_only_trace
# --> Likely caller: cent_simulation/TransformerBlock.py (line 806) :: Vector_Matrix_Mul_output_pim_only_trace
AiM WR_BIAS 0 0xffffffff
# --> Emitted by: cent_simulation/aim_sim.py (line 263) :: WR_BIAS_only_trace
# --> Likely caller: cent_simulation/TransformerBlock.py (line 806) :: Vector_Matrix_Mul_output_pim_only_trace
AiM MAC_ABK 8 0xffffffff 103
# --> Emitted by: cent_simulation/aim_sim.py (line 267) :: MAC_ABK_only_trace
# --> Likely caller: cent_simulation/TransformerBlock.py (line 783) :: Vector_Matrix_Mul_score_pim_only_trace
AiM RD_MAC 0 0xffffffff
# --> Emitted by: cent_simulation/aim_sim.py (line 272) :: RD_MAC_only_trace
# --> Likely caller: cent_simulation/TransformerBlock.py (line 806) :: Vector_Matrix_Mul_output_pim_only_trace
AiM WR_BIAS 0 0xffffffff
# --> Emitted by: cent_simulation/aim_sim.py (line 263) :: WR_BIAS_only_trace
# --> Likely caller: cent_simulation/TransformerBlock.py (line 806) :: Vector_Matrix_Mul_output_pim_only_trace
AiM MAC_ABK 8 0xffffffff 103
# --> Emitted by: cent_simulation/aim_sim.py (line 267) :: MAC_ABK_only_trace
# --> Likely caller: cent_simulation/TransformerBlock.py (line 783) :: Vector_Matrix_Mul_score_pim_only_trace
AiM RD_MAC 0 0xffffffff
# --> Emitted by: cent_simulation/aim_sim.py (line 272) :: RD_MAC_only_trace
# --> Likely caller: cent_simulation/TransformerBlock.py (line 806) :: Vector_Matrix_Mul_output_pim_only_trace
AiM WR_BIAS 0 0xffffffff
# --> Emitted by: cent_simulation/aim_sim.py (line 263) :: WR_BIAS_only_trace
# --> Likely caller: cent_simulation/TransformerBlock.py (line 806) :: Vector_Matrix_Mul_output_pim_only_trace
AiM MAC_ABK 8 0xffffffff 103
# --> Emitted by: cent_simulation/aim_sim.py (line 267) :: MAC_ABK_only_trace
# --> Likely caller: cent_simulation/TransformerBlock.py (line 783) :: Vector_Matrix_Mul_score_pim_only_trace
AiM RD_MAC 0 0xffffffff
# --> Emitted by: cent_simulation/aim_sim.py (line 272) :: RD_MAC_only_trace
# --> Likely caller: cent_simulation/TransformerBlock.py (line 806) :: Vector_Matrix_Mul_output_pim_only_trace
AiM WR_GB 64 0 0xffffffff
# --> Emitted by: cent_simulation/aim_sim.py (line 285) :: WR_GB_only_trace
# --> Likely caller: cent_simulation/TransformerBlock.py (line 697) :: Vector_Matrix_Mul_weight_pim_only_trace
AiM WR_BIAS 0 0xffffffff
# --> Emitted by: cent_simulation/aim_sim.py (line 263) :: WR_BIAS_only_trace
# --> Likely caller: cent_simulation/TransformerBlock.py (line 806) :: Vector_Matrix_Mul_output_pim_only_trace
AiM MAC_ABK 8 0xffffffff 104
# --> Emitted by: cent_simulation/aim_sim.py (line 267) :: MAC_ABK_only_trace
# --> Likely caller: cent_simulation/TransformerBlock.py (line 783) :: Vector_Matrix_Mul_score_pim_only_trace
AiM RD_MAC 0 0xffffffff
# --> Emitted by: cent_simulation/aim_sim.py (line 272) :: RD_MAC_only_trace
# --> Likely caller: cent_simulation/TransformerBlock.py (line 806) :: Vector_Matrix_Mul_output_pim_only_trace
AiM WR_BIAS 0 0xffffffff
# --> Emitted by: cent_simulation/aim_sim.py (line 263) :: WR_BIAS_only_trace
# --> Likely caller: cent_simulation/TransformerBlock.py (line 806) :: Vector_Matrix_Mul_output_pim_only_trace
AiM MAC_ABK 8 0xffffffff 104
# --> Emitted by: cent_simulation/aim_sim.py (line 267) :: MAC_ABK_only_trace
# --> Likely caller: cent_simulation/TransformerBlock.py (line 783) :: Vector_Matrix_Mul_score_pim_only_trace
AiM RD_MAC 0 0xffffffff
# --> Emitted by: cent_simulation/aim_sim.py (line 272) :: RD_MAC_only_trace
# --> Likely caller: cent_simulation/TransformerBlock.py (line 806) :: Vector_Matrix_Mul_output_pim_only_trace
AiM WR_BIAS 0 0xffffffff
# --> Emitted by: cent_simulation/aim_sim.py (line 263) :: WR_BIAS_only_trace
# --> Likely caller: cent_simulation/TransformerBlock.py (line 806) :: Vector_Matrix_Mul_output_pim_only_trace
AiM MAC_ABK 8 0xffffffff 104
# --> Emitted by: cent_simulation/aim_sim.py (line 267) :: MAC_ABK_only_trace
# --> Likely caller: cent_simulation/TransformerBlock.py (line 783) :: Vector_Matrix_Mul_score_pim_only_trace
AiM RD_MAC 0 0xffffffff
# --> Emitted by: cent_simulation/aim_sim.py (line 272) :: RD_MAC_only_trace
# --> Likely caller: cent_simulation/TransformerBlock.py (line 806) :: Vector_Matrix_Mul_output_pim_only_trace
AiM WR_BIAS 0 0xffffffff
# --> Emitted by: cent_simulation/aim_sim.py (line 263) :: WR_BIAS_only_trace
# --> Likely caller: cent_simulation/TransformerBlock.py (line 806) :: Vector_Matrix_Mul_output_pim_only_trace
AiM MAC_ABK 8 0xffffffff 104
# --> Emitted by: cent_simulation/aim_sim.py (line 267) :: MAC_ABK_only_trace
# --> Likely caller: cent_simulation/TransformerBlock.py (line 783) :: Vector_Matrix_Mul_score_pim_only_trace
AiM RD_MAC 0 0xffffffff
# --> Emitted by: cent_simulation/aim_sim.py (line 272) :: RD_MAC_only_trace
# --> Likely caller: cent_simulation/TransformerBlock.py (line 806) :: Vector_Matrix_Mul_output_pim_only_trace
AiM WR_BIAS 0 0xffffffff
# --> Emitted by: cent_simulation/aim_sim.py (line 263) :: WR_BIAS_only_trace
# --> Likely caller: cent_simulation/TransformerBlock.py (line 806) :: Vector_Matrix_Mul_output_pim_only_trace
AiM MAC_ABK 8 0xffffffff 104
# --> Emitted by: cent_simulation/aim_sim.py (line 267) :: MAC_ABK_only_trace
# --> Likely caller: cent_simulation/TransformerBlock.py (line 783) :: Vector_Matrix_Mul_score_pim_only_trace
AiM RD_MAC 0 0xffffffff
# --> Emitted by: cent_simulation/aim_sim.py (line 272) :: RD_MAC_only_trace
# --> Likely caller: cent_simulation/TransformerBlock.py (line 806) :: Vector_Matrix_Mul_output_pim_only_trace
AiM WR_BIAS 0 0xffffffff
# --> Emitted by: cent_simulation/aim_sim.py (line 263) :: WR_BIAS_only_trace
# --> Likely caller: cent_simulation/TransformerBlock.py (line 806) :: Vector_Matrix_Mul_output_pim_only_trace
AiM MAC_ABK 8 0xffffffff 104
# --> Emitted by: cent_simulation/aim_sim.py (line 267) :: MAC_ABK_only_trace
# --> Likely caller: cent_simulation/TransformerBlock.py (line 783) :: Vector_Matrix_Mul_score_pim_only_trace
AiM RD_MAC 0 0xffffffff
# --> Emitted by: cent_simulation/aim_sim.py (line 272) :: RD_MAC_only_trace
# --> Likely caller: cent_simulation/TransformerBlock.py (line 806) :: Vector_Matrix_Mul_output_pim_only_trace
AiM WR_BIAS 0 0xffffffff
# --> Emitted by: cent_simulation/aim_sim.py (line 263) :: WR_BIAS_only_trace
# --> Likely caller: cent_simulation/TransformerBlock.py (line 806) :: Vector_Matrix_Mul_output_pim_only_trace
AiM MAC_ABK 8 0xffffffff 104
# --> Emitted by: cent_simulation/aim_sim.py (line 267) :: MAC_ABK_only_trace
# --> Likely caller: cent_simulation/TransformerBlock.py (line 783) :: Vector_Matrix_Mul_score_pim_only_trace
AiM RD_MAC 0 0xffffffff
# --> Emitted by: cent_simulation/aim_sim.py (line 272) :: RD_MAC_only_trace
# --> Likely caller: cent_simulation/TransformerBlock.py (line 806) :: Vector_Matrix_Mul_output_pim_only_trace
AiM WR_BIAS 0 0xffffffff
# --> Emitted by: cent_simulation/aim_sim.py (line 263) :: WR_BIAS_only_trace
# --> Likely caller: cent_simulation/TransformerBlock.py (line 806) :: Vector_Matrix_Mul_output_pim_only_trace
AiM MAC_ABK 8 0xffffffff 104
# --> Emitted by: cent_simulation/aim_sim.py (line 267) :: MAC_ABK_only_trace
# --> Likely caller: cent_simulation/TransformerBlock.py (line 783) :: Vector_Matrix_Mul_score_pim_only_trace
AiM RD_MAC 0 0xffffffff
# --> Emitted by: cent_simulation/aim_sim.py (line 272) :: RD_MAC_only_trace
# --> Likely caller: cent_simulation/TransformerBlock.py (line 806) :: Vector_Matrix_Mul_output_pim_only_trace
W MEM 0 0 133
W MEM 0 4 133
W MEM 0 8 133
W MEM 0 12 133
W MEM 1 0 133
W MEM 1 4 133
W MEM 1 8 133
W MEM 1 12 133
W MEM 2 0 133
W MEM 2 4 133
W MEM 2 8 133
W MEM 2 12 133
W MEM 3 0 133
W MEM 3 4 133
W MEM 3 8 133
W MEM 3 12 133
W MEM 4 0 133
W MEM 4 4 133
W MEM 4 8 133
W MEM 4 12 133
W MEM 5 0 133
W MEM 5 4 133
W MEM 5 8 133
W MEM 5 12 133
W MEM 6 0 133
W MEM 6 4 133
W MEM 6 8 133
W MEM 6 12 133
W MEM 7 0 133
W MEM 7 4 133
W MEM 7 8 133
W MEM 7 12 133
W MEM 0 1 133
W MEM 0 5 133
W MEM 0 9 133
W MEM 0 13 133
W MEM 1 1 133
W MEM 1 5 133
W MEM 1 9 133
W MEM 1 13 133
W MEM 2 1 133
W MEM 2 5 133
W MEM 2 9 133
W MEM 2 13 133
W MEM 3 1 133
W MEM 3 5 133
W MEM 3 9 133
W MEM 3 13 133
W MEM 4 1 133
W MEM 4 5 133
W MEM 4 9 133
W MEM 4 13 133
W MEM 5 1 133
W MEM 5 5 133
W MEM 5 9 133
W MEM 5 13 133
W MEM 6 1 133
W MEM 6 5 133
W MEM 6 9 133
W MEM 6 13 133
W MEM 7 1 133
W MEM 7 5 133
W MEM 7 9 133
W MEM 7 13 133
AiM EWMUL 1 0xffffffff 133
# --> Emitted by: cent_simulation/aim_sim.py (line 276) :: EWMUL_only_trace
# --> Likely caller: cent_simulation/Llama.py (line 175) :: self_attention_aim
R MEM 0 2 133
R MEM 0 6 133
R MEM 0 10 133
R MEM 0 14 133
R MEM 1 2 133
R MEM 1 6 133
R MEM 1 10 133
R MEM 1 14 133
R MEM 2 2 133
R MEM 2 6 133
R MEM 2 10 133
R MEM 2 14 133
R MEM 3 2 133
R MEM 3 6 133
R MEM 3 10 133
R MEM 3 14 133
R MEM 4 2 133
R MEM 4 6 133
R MEM 4 10 133
R MEM 4 14 133
R MEM 5 2 133
R MEM 5 6 133
R MEM 5 10 133
R MEM 5 14 133
R MEM 6 2 133
R MEM 6 6 133
R MEM 6 10 133
R MEM 6 14 133
R MEM 7 2 133
R MEM 7 6 133
R MEM 7 10 133
R MEM 7 14 133
AiM SYNC
# --> Emitted by: cent_simulation/aim_sim.py (line 307) :: SYNC_only_trace
# --> Likely caller: cent_simulation/Llama.py (line 647) :: self_attention_aim
W MEM 0 0 133
W MEM 0 4 133
W MEM 0 8 133
W MEM 0 12 133
W MEM 1 0 133
W MEM 1 4 133
W MEM 1 8 133
W MEM 1 12 133
W MEM 2 0 133
W MEM 2 4 133
W MEM 2 8 133
W MEM 2 12 133
W MEM 3 0 133
W MEM 3 4 133
W MEM 3 8 133
W MEM 3 12 133
W MEM 4 0 133
W MEM 4 4 133
W MEM 4 8 133
W MEM 4 12 133
W MEM 5 0 133
W MEM 5 4 133
W MEM 5 8 133
W MEM 5 12 133
W MEM 6 0 133
W MEM 6 4 133
W MEM 6 8 133
W MEM 6 12 133
W MEM 7 0 133
W MEM 7 4 133
W MEM 7 8 133
W MEM 7 12 133
W MEM 0 1 133
W MEM 0 5 133
W MEM 0 9 133
W MEM 0 13 133
W MEM 1 1 133
W MEM 1 5 133
W MEM 1 9 133
W MEM 1 13 133
W MEM 2 1 133
W MEM 2 5 133
W MEM 2 9 133
W MEM 2 13 133
W MEM 3 1 133
W MEM 3 5 133
W MEM 3 9 133
W MEM 3 13 133
W MEM 4 1 133
W MEM 4 5 133
W MEM 4 9 133
W MEM 4 13 133
W MEM 5 1 133
W MEM 5 5 133
W MEM 5 9 133
W MEM 5 13 133
W MEM 6 1 133
W MEM 6 5 133
W MEM 6 9 133
W MEM 6 13 133
W MEM 7 1 133
W MEM 7 5 133
W MEM 7 9 133
W MEM 7 13 133
AiM EWMUL 1 0xffffffff 133
# --> Emitted by: cent_simulation/aim_sim.py (line 276) :: EWMUL_only_trace
# --> Likely caller: cent_simulation/Llama.py (line 175) :: self_attention_aim
R MEM 0 2 133
R MEM 0 6 133
R MEM 0 10 133
R MEM 0 14 133
R MEM 1 2 133
R MEM 1 6 133
R MEM 1 10 133
R MEM 1 14 133
R MEM 2 2 133
R MEM 2 6 133
R MEM 2 10 133
R MEM 2 14 133
R MEM 3 2 133
R MEM 3 6 133
R MEM 3 10 133
R MEM 3 14 133
R MEM 4 2 133
R MEM 4 6 133
R MEM 4 10 133
R MEM 4 14 133
R MEM 5 2 133
R MEM 5 6 133
R MEM 5 10 133
R MEM 5 14 133
R MEM 6 2 133
R MEM 6 6 133
R MEM 6 10 133
R MEM 6 14 133
R MEM 7 2 133
R MEM 7 6 133
R MEM 7 10 133
R MEM 7 14 133
AiM SYNC
# --> Emitted by: cent_simulation/aim_sim.py (line 307) :: SYNC_only_trace
# --> Likely caller: cent_simulation/Llama.py (line 647) :: self_attention_aim
AiM WR_GB 1 0 0xffffffff
# --> Emitted by: cent_simulation/aim_sim.py (line 285) :: WR_GB_only_trace
# --> Likely caller: cent_simulation/TransformerBlock.py (line 806) :: Vector_Matrix_Mul_output_pim_only_trace
AiM WR_BIAS 0 0xffffffff
# --> Emitted by: cent_simulation/aim_sim.py (line 263) :: WR_BIAS_only_trace
# --> Likely caller: cent_simulation/TransformerBlock.py (line 806) :: Vector_Matrix_Mul_output_pim_only_trace
AiM MAC_ABK 1 0xffffffff 137
# --> Emitted by: cent_simulation/aim_sim.py (line 267) :: MAC_ABK_only_trace
# --> Likely caller: cent_simulation/TransformerBlock.py (line 806) :: Vector_Matrix_Mul_output_pim_only_trace
AiM RD_MAC 0 0xffffffff
# --> Emitted by: cent_simulation/aim_sim.py (line 272) :: RD_MAC_only_trace
# --> Likely caller: cent_simulation/TransformerBlock.py (line 806) :: Vector_Matrix_Mul_output_pim_only_trace
AiM WR_BIAS 0 0xffffffff
# --> Emitted by: cent_simulation/aim_sim.py (line 263) :: WR_BIAS_only_trace
# --> Likely caller: cent_simulation/TransformerBlock.py (line 806) :: Vector_Matrix_Mul_output_pim_only_trace
AiM MAC_ABK 1 0xffffffff 141
# --> Emitted by: cent_simulation/aim_sim.py (line 267) :: MAC_ABK_only_trace
# --> Likely caller: cent_simulation/TransformerBlock.py (line 806) :: Vector_Matrix_Mul_output_pim_only_trace
AiM RD_MAC 0 0xffffffff
# --> Emitted by: cent_simulation/aim_sim.py (line 272) :: RD_MAC_only_trace
# --> Likely caller: cent_simulation/TransformerBlock.py (line 806) :: Vector_Matrix_Mul_output_pim_only_trace
AiM WR_BIAS 0 0xffffffff
# --> Emitted by: cent_simulation/aim_sim.py (line 263) :: WR_BIAS_only_trace
# --> Likely caller: cent_simulation/TransformerBlock.py (line 806) :: Vector_Matrix_Mul_output_pim_only_trace
AiM MAC_ABK 1 0xffffffff 145
# --> Emitted by: cent_simulation/aim_sim.py (line 267) :: MAC_ABK_only_trace
# --> Likely caller: cent_simulation/TransformerBlock.py (line 806) :: Vector_Matrix_Mul_output_pim_only_trace
AiM RD_MAC 0 0xffffffff
# --> Emitted by: cent_simulation/aim_sim.py (line 272) :: RD_MAC_only_trace
# --> Likely caller: cent_simulation/TransformerBlock.py (line 806) :: Vector_Matrix_Mul_output_pim_only_trace
AiM WR_BIAS 0 0xffffffff
# --> Emitted by: cent_simulation/aim_sim.py (line 263) :: WR_BIAS_only_trace
# --> Likely caller: cent_simulation/TransformerBlock.py (line 806) :: Vector_Matrix_Mul_output_pim_only_trace
AiM MAC_ABK 1 0xffffffff 149
# --> Emitted by: cent_simulation/aim_sim.py (line 267) :: MAC_ABK_only_trace
# --> Likely caller: cent_simulation/TransformerBlock.py (line 806) :: Vector_Matrix_Mul_output_pim_only_trace
AiM RD_MAC 0 0xffffffff
# --> Emitted by: cent_simulation/aim_sim.py (line 272) :: RD_MAC_only_trace
# --> Likely caller: cent_simulation/TransformerBlock.py (line 806) :: Vector_Matrix_Mul_output_pim_only_trace
AiM WR_BIAS 0 0xffffffff
# --> Emitted by: cent_simulation/aim_sim.py (line 263) :: WR_BIAS_only_trace
# --> Likely caller: cent_simulation/TransformerBlock.py (line 806) :: Vector_Matrix_Mul_output_pim_only_trace
AiM MAC_ABK 1 0xffffffff 153
# --> Emitted by: cent_simulation/aim_sim.py (line 267) :: MAC_ABK_only_trace
# --> Likely caller: cent_simulation/TransformerBlock.py (line 806) :: Vector_Matrix_Mul_output_pim_only_trace
AiM RD_MAC 0 0xffffffff
# --> Emitted by: cent_simulation/aim_sim.py (line 272) :: RD_MAC_only_trace
# --> Likely caller: cent_simulation/TransformerBlock.py (line 806) :: Vector_Matrix_Mul_output_pim_only_trace
AiM WR_BIAS 0 0xffffffff
# --> Emitted by: cent_simulation/aim_sim.py (line 263) :: WR_BIAS_only_trace
# --> Likely caller: cent_simulation/TransformerBlock.py (line 806) :: Vector_Matrix_Mul_output_pim_only_trace
AiM MAC_ABK 1 0xffffffff 157
# --> Emitted by: cent_simulation/aim_sim.py (line 267) :: MAC_ABK_only_trace
# --> Likely caller: cent_simulation/TransformerBlock.py (line 806) :: Vector_Matrix_Mul_output_pim_only_trace
AiM RD_MAC 0 0xffffffff
# --> Emitted by: cent_simulation/aim_sim.py (line 272) :: RD_MAC_only_trace
# --> Likely caller: cent_simulation/TransformerBlock.py (line 806) :: Vector_Matrix_Mul_output_pim_only_trace
AiM WR_BIAS 0 0xffffffff
# --> Emitted by: cent_simulation/aim_sim.py (line 263) :: WR_BIAS_only_trace
# --> Likely caller: cent_simulation/TransformerBlock.py (line 806) :: Vector_Matrix_Mul_output_pim_only_trace
AiM MAC_ABK 1 0xffffffff 161
# --> Emitted by: cent_simulation/aim_sim.py (line 267) :: MAC_ABK_only_trace
# --> Likely caller: cent_simulation/TransformerBlock.py (line 806) :: Vector_Matrix_Mul_output_pim_only_trace
AiM RD_MAC 0 0xffffffff
# --> Emitted by: cent_simulation/aim_sim.py (line 272) :: RD_MAC_only_trace
# --> Likely caller: cent_simulation/TransformerBlock.py (line 806) :: Vector_Matrix_Mul_output_pim_only_trace
AiM WR_BIAS 0 0xffffffff
# --> Emitted by: cent_simulation/aim_sim.py (line 263) :: WR_BIAS_only_trace
# --> Likely caller: cent_simulation/TransformerBlock.py (line 806) :: Vector_Matrix_Mul_output_pim_only_trace
AiM MAC_ABK 1 0xffffffff 165
# --> Emitted by: cent_simulation/aim_sim.py (line 267) :: MAC_ABK_only_trace
# --> Likely caller: cent_simulation/TransformerBlock.py (line 806) :: Vector_Matrix_Mul_output_pim_only_trace
AiM RD_MAC 0 0xffffffff
# --> Emitted by: cent_simulation/aim_sim.py (line 272) :: RD_MAC_only_trace
# --> Likely caller: cent_simulation/TransformerBlock.py (line 806) :: Vector_Matrix_Mul_output_pim_only_trace
AiM WR_GB 64 0 0xffffffff
# --> Emitted by: cent_simulation/aim_sim.py (line 285) :: WR_GB_only_trace
# --> Likely caller: cent_simulation/TransformerBlock.py (line 697) :: Vector_Matrix_Mul_weight_pim_only_trace
AiM WR_BIAS 0 0xffffffff
# --> Emitted by: cent_simulation/aim_sim.py (line 263) :: WR_BIAS_only_trace
# --> Likely caller: cent_simulation/TransformerBlock.py (line 806) :: Vector_Matrix_Mul_output_pim_only_trace
AiM MAC_ABK 64 0xffffffff 170
# --> Emitted by: cent_simulation/aim_sim.py (line 267) :: MAC_ABK_only_trace
# --> Likely caller: cent_simulation/TransformerBlock.py (line 697) :: Vector_Matrix_Mul_weight_pim_only_trace
AiM RD_MAC 0 0xffffffff
# --> Emitted by: cent_simulation/aim_sim.py (line 272) :: RD_MAC_only_trace
# --> Likely caller: cent_simulation/TransformerBlock.py (line 806) :: Vector_Matrix_Mul_output_pim_only_trace
AiM WR_BIAS 0 0xffffffff
# --> Emitted by: cent_simulation/aim_sim.py (line 263) :: WR_BIAS_only_trace
# --> Likely caller: cent_simulation/TransformerBlock.py (line 806) :: Vector_Matrix_Mul_output_pim_only_trace
AiM MAC_ABK 64 0xffffffff 174
# --> Emitted by: cent_simulation/aim_sim.py (line 267) :: MAC_ABK_only_trace
# --> Likely caller: cent_simulation/TransformerBlock.py (line 697) :: Vector_Matrix_Mul_weight_pim_only_trace
AiM RD_MAC 0 0xffffffff
# --> Emitted by: cent_simulation/aim_sim.py (line 272) :: RD_MAC_only_trace
# --> Likely caller: cent_simulation/TransformerBlock.py (line 806) :: Vector_Matrix_Mul_output_pim_only_trace
AiM WR_BIAS 0 0xffffffff
# --> Emitted by: cent_simulation/aim_sim.py (line 263) :: WR_BIAS_only_trace
# --> Likely caller: cent_simulation/TransformerBlock.py (line 806) :: Vector_Matrix_Mul_output_pim_only_trace
AiM MAC_ABK 64 0xffffffff 178
# --> Emitted by: cent_simulation/aim_sim.py (line 267) :: MAC_ABK_only_trace
# --> Likely caller: cent_simulation/TransformerBlock.py (line 697) :: Vector_Matrix_Mul_weight_pim_only_trace
AiM RD_MAC 0 0xffffffff
# --> Emitted by: cent_simulation/aim_sim.py (line 272) :: RD_MAC_only_trace
# --> Likely caller: cent_simulation/TransformerBlock.py (line 806) :: Vector_Matrix_Mul_output_pim_only_trace
AiM WR_BIAS 0 0xffffffff
# --> Emitted by: cent_simulation/aim_sim.py (line 263) :: WR_BIAS_only_trace
# --> Likely caller: cent_simulation/TransformerBlock.py (line 806) :: Vector_Matrix_Mul_output_pim_only_trace
AiM MAC_ABK 64 0xffffffff 182
# --> Emitted by: cent_simulation/aim_sim.py (line 267) :: MAC_ABK_only_trace
# --> Likely caller: cent_simulation/TransformerBlock.py (line 697) :: Vector_Matrix_Mul_weight_pim_only_trace
AiM RD_MAC 0 0xffffffff
# --> Emitted by: cent_simulation/aim_sim.py (line 272) :: RD_MAC_only_trace
# --> Likely caller: cent_simulation/TransformerBlock.py (line 806) :: Vector_Matrix_Mul_output_pim_only_trace
AiM WR_BIAS 0 0xffffffff
# --> Emitted by: cent_simulation/aim_sim.py (line 263) :: WR_BIAS_only_trace
# --> Likely caller: cent_simulation/TransformerBlock.py (line 806) :: Vector_Matrix_Mul_output_pim_only_trace
AiM MAC_ABK 64 0xffffffff 186
# --> Emitted by: cent_simulation/aim_sim.py (line 267) :: MAC_ABK_only_trace
# --> Likely caller: cent_simulation/TransformerBlock.py (line 697) :: Vector_Matrix_Mul_weight_pim_only_trace
AiM RD_MAC 0 0xffffffff
# --> Emitted by: cent_simulation/aim_sim.py (line 272) :: RD_MAC_only_trace
# --> Likely caller: cent_simulation/TransformerBlock.py (line 806) :: Vector_Matrix_Mul_output_pim_only_trace
AiM WR_BIAS 0 0xffffffff
# --> Emitted by: cent_simulation/aim_sim.py (line 263) :: WR_BIAS_only_trace
# --> Likely caller: cent_simulation/TransformerBlock.py (line 806) :: Vector_Matrix_Mul_output_pim_only_trace
AiM MAC_ABK 64 0xffffffff 190
# --> Emitted by: cent_simulation/aim_sim.py (line 267) :: MAC_ABK_only_trace
# --> Likely caller: cent_simulation/TransformerBlock.py (line 697) :: Vector_Matrix_Mul_weight_pim_only_trace
AiM RD_MAC 0 0xffffffff
# --> Emitted by: cent_simulation/aim_sim.py (line 272) :: RD_MAC_only_trace
# --> Likely caller: cent_simulation/TransformerBlock.py (line 806) :: Vector_Matrix_Mul_output_pim_only_trace
AiM WR_BIAS 0 0xffffffff
# --> Emitted by: cent_simulation/aim_sim.py (line 263) :: WR_BIAS_only_trace
# --> Likely caller: cent_simulation/TransformerBlock.py (line 806) :: Vector_Matrix_Mul_output_pim_only_trace
AiM MAC_ABK 64 0xffffffff 194
# --> Emitted by: cent_simulation/aim_sim.py (line 267) :: MAC_ABK_only_trace
# --> Likely caller: cent_simulation/TransformerBlock.py (line 697) :: Vector_Matrix_Mul_weight_pim_only_trace
AiM RD_MAC 0 0xffffffff
# --> Emitted by: cent_simulation/aim_sim.py (line 272) :: RD_MAC_only_trace
# --> Likely caller: cent_simulation/TransformerBlock.py (line 806) :: Vector_Matrix_Mul_output_pim_only_trace
AiM WR_BIAS 0 0xffffffff
# --> Emitted by: cent_simulation/aim_sim.py (line 263) :: WR_BIAS_only_trace
# --> Likely caller: cent_simulation/TransformerBlock.py (line 806) :: Vector_Matrix_Mul_output_pim_only_trace
AiM MAC_ABK 64 0xffffffff 198
# --> Emitted by: cent_simulation/aim_sim.py (line 267) :: MAC_ABK_only_trace
# --> Likely caller: cent_simulation/TransformerBlock.py (line 697) :: Vector_Matrix_Mul_weight_pim_only_trace
AiM RD_MAC 0 0xffffffff
# --> Emitted by: cent_simulation/aim_sim.py (line 272) :: RD_MAC_only_trace
# --> Likely caller: cent_simulation/TransformerBlock.py (line 806) :: Vector_Matrix_Mul_output_pim_only_trace
AiM WR_GB 64 0 0xffffffff
# --> Emitted by: cent_simulation/aim_sim.py (line 285) :: WR_GB_only_trace
# --> Likely caller: cent_simulation/TransformerBlock.py (line 697) :: Vector_Matrix_Mul_weight_pim_only_trace
AiM WR_BIAS 0 0xffffffff
# --> Emitted by: cent_simulation/aim_sim.py (line 263) :: WR_BIAS_only_trace
# --> Likely caller: cent_simulation/TransformerBlock.py (line 806) :: Vector_Matrix_Mul_output_pim_only_trace
AiM MAC_ABK 64 0xffffffff 171
# --> Emitted by: cent_simulation/aim_sim.py (line 267) :: MAC_ABK_only_trace
# --> Likely caller: cent_simulation/TransformerBlock.py (line 697) :: Vector_Matrix_Mul_weight_pim_only_trace
AiM RD_MAC 0 0xffffffff
# --> Emitted by: cent_simulation/aim_sim.py (line 272) :: RD_MAC_only_trace
# --> Likely caller: cent_simulation/TransformerBlock.py (line 806) :: Vector_Matrix_Mul_output_pim_only_trace
AiM WR_BIAS 0 0xffffffff
# --> Emitted by: cent_simulation/aim_sim.py (line 263) :: WR_BIAS_only_trace
# --> Likely caller: cent_simulation/TransformerBlock.py (line 806) :: Vector_Matrix_Mul_output_pim_only_trace
AiM MAC_ABK 64 0xffffffff 175
# --> Emitted by: cent_simulation/aim_sim.py (line 267) :: MAC_ABK_only_trace
# --> Likely caller: cent_simulation/TransformerBlock.py (line 697) :: Vector_Matrix_Mul_weight_pim_only_trace
AiM RD_MAC 0 0xffffffff
# --> Emitted by: cent_simulation/aim_sim.py (line 272) :: RD_MAC_only_trace
# --> Likely caller: cent_simulation/TransformerBlock.py (line 806) :: Vector_Matrix_Mul_output_pim_only_trace
AiM WR_BIAS 0 0xffffffff
# --> Emitted by: cent_simulation/aim_sim.py (line 263) :: WR_BIAS_only_trace
# --> Likely caller: cent_simulation/TransformerBlock.py (line 806) :: Vector_Matrix_Mul_output_pim_only_trace
AiM MAC_ABK 64 0xffffffff 179
# --> Emitted by: cent_simulation/aim_sim.py (line 267) :: MAC_ABK_only_trace
# --> Likely caller: cent_simulation/TransformerBlock.py (line 697) :: Vector_Matrix_Mul_weight_pim_only_trace
AiM RD_MAC 0 0xffffffff
# --> Emitted by: cent_simulation/aim_sim.py (line 272) :: RD_MAC_only_trace
# --> Likely caller: cent_simulation/TransformerBlock.py (line 806) :: Vector_Matrix_Mul_output_pim_only_trace
AiM WR_BIAS 0 0xffffffff
# --> Emitted by: cent_simulation/aim_sim.py (line 263) :: WR_BIAS_only_trace
# --> Likely caller: cent_simulation/TransformerBlock.py (line 806) :: Vector_Matrix_Mul_output_pim_only_trace
AiM MAC_ABK 64 0xffffffff 183
# --> Emitted by: cent_simulation/aim_sim.py (line 267) :: MAC_ABK_only_trace
# --> Likely caller: cent_simulation/TransformerBlock.py (line 697) :: Vector_Matrix_Mul_weight_pim_only_trace
AiM RD_MAC 0 0xffffffff
# --> Emitted by: cent_simulation/aim_sim.py (line 272) :: RD_MAC_only_trace
# --> Likely caller: cent_simulation/TransformerBlock.py (line 806) :: Vector_Matrix_Mul_output_pim_only_trace
AiM WR_BIAS 0 0xffffffff
# --> Emitted by: cent_simulation/aim_sim.py (line 263) :: WR_BIAS_only_trace
# --> Likely caller: cent_simulation/TransformerBlock.py (line 806) :: Vector_Matrix_Mul_output_pim_only_trace
AiM MAC_ABK 64 0xffffffff 187
# --> Emitted by: cent_simulation/aim_sim.py (line 267) :: MAC_ABK_only_trace
# --> Likely caller: cent_simulation/TransformerBlock.py (line 697) :: Vector_Matrix_Mul_weight_pim_only_trace
AiM RD_MAC 0 0xffffffff
# --> Emitted by: cent_simulation/aim_sim.py (line 272) :: RD_MAC_only_trace
# --> Likely caller: cent_simulation/TransformerBlock.py (line 806) :: Vector_Matrix_Mul_output_pim_only_trace
AiM WR_BIAS 0 0xffffffff
# --> Emitted by: cent_simulation/aim_sim.py (line 263) :: WR_BIAS_only_trace
# --> Likely caller: cent_simulation/TransformerBlock.py (line 806) :: Vector_Matrix_Mul_output_pim_only_trace
AiM MAC_ABK 64 0xffffffff 191
# --> Emitted by: cent_simulation/aim_sim.py (line 267) :: MAC_ABK_only_trace
# --> Likely caller: cent_simulation/TransformerBlock.py (line 697) :: Vector_Matrix_Mul_weight_pim_only_trace
AiM RD_MAC 0 0xffffffff
# --> Emitted by: cent_simulation/aim_sim.py (line 272) :: RD_MAC_only_trace
# --> Likely caller: cent_simulation/TransformerBlock.py (line 806) :: Vector_Matrix_Mul_output_pim_only_trace
AiM WR_BIAS 0 0xffffffff
# --> Emitted by: cent_simulation/aim_sim.py (line 263) :: WR_BIAS_only_trace
# --> Likely caller: cent_simulation/TransformerBlock.py (line 806) :: Vector_Matrix_Mul_output_pim_only_trace
AiM MAC_ABK 64 0xffffffff 195
# --> Emitted by: cent_simulation/aim_sim.py (line 267) :: MAC_ABK_only_trace
# --> Likely caller: cent_simulation/TransformerBlock.py (line 697) :: Vector_Matrix_Mul_weight_pim_only_trace
AiM RD_MAC 0 0xffffffff
# --> Emitted by: cent_simulation/aim_sim.py (line 272) :: RD_MAC_only_trace
# --> Likely caller: cent_simulation/TransformerBlock.py (line 806) :: Vector_Matrix_Mul_output_pim_only_trace
AiM WR_BIAS 0 0xffffffff
# --> Emitted by: cent_simulation/aim_sim.py (line 263) :: WR_BIAS_only_trace
# --> Likely caller: cent_simulation/TransformerBlock.py (line 806) :: Vector_Matrix_Mul_output_pim_only_trace
AiM MAC_ABK 64 0xffffffff 199
# --> Emitted by: cent_simulation/aim_sim.py (line 267) :: MAC_ABK_only_trace
# --> Likely caller: cent_simulation/TransformerBlock.py (line 697) :: Vector_Matrix_Mul_weight_pim_only_trace
AiM RD_MAC 0 0xffffffff
# --> Emitted by: cent_simulation/aim_sim.py (line 272) :: RD_MAC_only_trace
# --> Likely caller: cent_simulation/TransformerBlock.py (line 806) :: Vector_Matrix_Mul_output_pim_only_trace
AiM WR_GB 64 0 0xffffffff
# --> Emitted by: cent_simulation/aim_sim.py (line 285) :: WR_GB_only_trace
# --> Likely caller: cent_simulation/TransformerBlock.py (line 697) :: Vector_Matrix_Mul_weight_pim_only_trace
AiM WR_BIAS 0 0xffffffff
# --> Emitted by: cent_simulation/aim_sim.py (line 263) :: WR_BIAS_only_trace
# --> Likely caller: cent_simulation/TransformerBlock.py (line 806) :: Vector_Matrix_Mul_output_pim_only_trace
AiM MAC_ABK 64 0xffffffff 172
# --> Emitted by: cent_simulation/aim_sim.py (line 267) :: MAC_ABK_only_trace
# --> Likely caller: cent_simulation/TransformerBlock.py (line 697) :: Vector_Matrix_Mul_weight_pim_only_trace
AiM RD_MAC 0 0xffffffff
# --> Emitted by: cent_simulation/aim_sim.py (line 272) :: RD_MAC_only_trace
# --> Likely caller: cent_simulation/TransformerBlock.py (line 806) :: Vector_Matrix_Mul_output_pim_only_trace
AiM WR_BIAS 0 0xffffffff
# --> Emitted by: cent_simulation/aim_sim.py (line 263) :: WR_BIAS_only_trace
# --> Likely caller: cent_simulation/TransformerBlock.py (line 806) :: Vector_Matrix_Mul_output_pim_only_trace
AiM MAC_ABK 64 0xffffffff 176
# --> Emitted by: cent_simulation/aim_sim.py (line 267) :: MAC_ABK_only_trace
# --> Likely caller: cent_simulation/TransformerBlock.py (line 697) :: Vector_Matrix_Mul_weight_pim_only_trace
AiM RD_MAC 0 0xffffffff
# --> Emitted by: cent_simulation/aim_sim.py (line 272) :: RD_MAC_only_trace
# --> Likely caller: cent_simulation/TransformerBlock.py (line 806) :: Vector_Matrix_Mul_output_pim_only_trace
AiM WR_BIAS 0 0xffffffff
# --> Emitted by: cent_simulation/aim_sim.py (line 263) :: WR_BIAS_only_trace
# --> Likely caller: cent_simulation/TransformerBlock.py (line 806) :: Vector_Matrix_Mul_output_pim_only_trace
AiM MAC_ABK 64 0xffffffff 180
# --> Emitted by: cent_simulation/aim_sim.py (line 267) :: MAC_ABK_only_trace
# --> Likely caller: cent_simulation/TransformerBlock.py (line 697) :: Vector_Matrix_Mul_weight_pim_only_trace
AiM RD_MAC 0 0xffffffff
# --> Emitted by: cent_simulation/aim_sim.py (line 272) :: RD_MAC_only_trace
# --> Likely caller: cent_simulation/TransformerBlock.py (line 806) :: Vector_Matrix_Mul_output_pim_only_trace
AiM WR_BIAS 0 0xffffffff
# --> Emitted by: cent_simulation/aim_sim.py (line 263) :: WR_BIAS_only_trace
# --> Likely caller: cent_simulation/TransformerBlock.py (line 806) :: Vector_Matrix_Mul_output_pim_only_trace
AiM MAC_ABK 64 0xffffffff 184
# --> Emitted by: cent_simulation/aim_sim.py (line 267) :: MAC_ABK_only_trace
# --> Likely caller: cent_simulation/TransformerBlock.py (line 697) :: Vector_Matrix_Mul_weight_pim_only_trace
AiM RD_MAC 0 0xffffffff
# --> Emitted by: cent_simulation/aim_sim.py (line 272) :: RD_MAC_only_trace
# --> Likely caller: cent_simulation/TransformerBlock.py (line 806) :: Vector_Matrix_Mul_output_pim_only_trace
AiM WR_BIAS 0 0xffffffff
# --> Emitted by: cent_simulation/aim_sim.py (line 263) :: WR_BIAS_only_trace
# --> Likely caller: cent_simulation/TransformerBlock.py (line 806) :: Vector_Matrix_Mul_output_pim_only_trace
AiM MAC_ABK 64 0xffffffff 188
# --> Emitted by: cent_simulation/aim_sim.py (line 267) :: MAC_ABK_only_trace
# --> Likely caller: cent_simulation/TransformerBlock.py (line 697) :: Vector_Matrix_Mul_weight_pim_only_trace
AiM RD_MAC 0 0xffffffff
# --> Emitted by: cent_simulation/aim_sim.py (line 272) :: RD_MAC_only_trace
# --> Likely caller: cent_simulation/TransformerBlock.py (line 806) :: Vector_Matrix_Mul_output_pim_only_trace
AiM WR_BIAS 0 0xffffffff
# --> Emitted by: cent_simulation/aim_sim.py (line 263) :: WR_BIAS_only_trace
# --> Likely caller: cent_simulation/TransformerBlock.py (line 806) :: Vector_Matrix_Mul_output_pim_only_trace
AiM MAC_ABK 64 0xffffffff 192
# --> Emitted by: cent_simulation/aim_sim.py (line 267) :: MAC_ABK_only_trace
# --> Likely caller: cent_simulation/TransformerBlock.py (line 697) :: Vector_Matrix_Mul_weight_pim_only_trace
AiM RD_MAC 0 0xffffffff
# --> Emitted by: cent_simulation/aim_sim.py (line 272) :: RD_MAC_only_trace
# --> Likely caller: cent_simulation/TransformerBlock.py (line 806) :: Vector_Matrix_Mul_output_pim_only_trace
AiM WR_BIAS 0 0xffffffff
# --> Emitted by: cent_simulation/aim_sim.py (line 263) :: WR_BIAS_only_trace
# --> Likely caller: cent_simulation/TransformerBlock.py (line 806) :: Vector_Matrix_Mul_output_pim_only_trace
AiM MAC_ABK 64 0xffffffff 196
# --> Emitted by: cent_simulation/aim_sim.py (line 267) :: MAC_ABK_only_trace
# --> Likely caller: cent_simulation/TransformerBlock.py (line 697) :: Vector_Matrix_Mul_weight_pim_only_trace
AiM RD_MAC 0 0xffffffff
# --> Emitted by: cent_simulation/aim_sim.py (line 272) :: RD_MAC_only_trace
# --> Likely caller: cent_simulation/TransformerBlock.py (line 806) :: Vector_Matrix_Mul_output_pim_only_trace
AiM WR_BIAS 0 0xffffffff
# --> Emitted by: cent_simulation/aim_sim.py (line 263) :: WR_BIAS_only_trace
# --> Likely caller: cent_simulation/TransformerBlock.py (line 806) :: Vector_Matrix_Mul_output_pim_only_trace
AiM MAC_ABK 64 0xffffffff 200
# --> Emitted by: cent_simulation/aim_sim.py (line 267) :: MAC_ABK_only_trace
# --> Likely caller: cent_simulation/TransformerBlock.py (line 697) :: Vector_Matrix_Mul_weight_pim_only_trace
AiM RD_MAC 0 0xffffffff
# --> Emitted by: cent_simulation/aim_sim.py (line 272) :: RD_MAC_only_trace
# --> Likely caller: cent_simulation/TransformerBlock.py (line 806) :: Vector_Matrix_Mul_output_pim_only_trace
AiM WR_GB 64 0 0xffffffff
# --> Emitted by: cent_simulation/aim_sim.py (line 285) :: WR_GB_only_trace
# --> Likely caller: cent_simulation/TransformerBlock.py (line 697) :: Vector_Matrix_Mul_weight_pim_only_trace
AiM WR_BIAS 0 0xffffffff
# --> Emitted by: cent_simulation/aim_sim.py (line 263) :: WR_BIAS_only_trace
# --> Likely caller: cent_simulation/TransformerBlock.py (line 806) :: Vector_Matrix_Mul_output_pim_only_trace
AiM MAC_ABK 64 0xffffffff 173
# --> Emitted by: cent_simulation/aim_sim.py (line 267) :: MAC_ABK_only_trace
# --> Likely caller: cent_simulation/TransformerBlock.py (line 697) :: Vector_Matrix_Mul_weight_pim_only_trace
AiM RD_MAC 0 0xffffffff
# --> Emitted by: cent_simulation/aim_sim.py (line 272) :: RD_MAC_only_trace
# --> Likely caller: cent_simulation/TransformerBlock.py (line 806) :: Vector_Matrix_Mul_output_pim_only_trace
AiM WR_BIAS 0 0xffffffff
# --> Emitted by: cent_simulation/aim_sim.py (line 263) :: WR_BIAS_only_trace
# --> Likely caller: cent_simulation/TransformerBlock.py (line 806) :: Vector_Matrix_Mul_output_pim_only_trace
AiM MAC_ABK 64 0xffffffff 177
# --> Emitted by: cent_simulation/aim_sim.py (line 267) :: MAC_ABK_only_trace
# --> Likely caller: cent_simulation/TransformerBlock.py (line 697) :: Vector_Matrix_Mul_weight_pim_only_trace
AiM RD_MAC 0 0xffffffff
# --> Emitted by: cent_simulation/aim_sim.py (line 272) :: RD_MAC_only_trace
# --> Likely caller: cent_simulation/TransformerBlock.py (line 806) :: Vector_Matrix_Mul_output_pim_only_trace
AiM WR_BIAS 0 0xffffffff
# --> Emitted by: cent_simulation/aim_sim.py (line 263) :: WR_BIAS_only_trace
# --> Likely caller: cent_simulation/TransformerBlock.py (line 806) :: Vector_Matrix_Mul_output_pim_only_trace
AiM MAC_ABK 64 0xffffffff 181
# --> Emitted by: cent_simulation/aim_sim.py (line 267) :: MAC_ABK_only_trace
# --> Likely caller: cent_simulation/TransformerBlock.py (line 697) :: Vector_Matrix_Mul_weight_pim_only_trace
AiM RD_MAC 0 0xffffffff
# --> Emitted by: cent_simulation/aim_sim.py (line 272) :: RD_MAC_only_trace
# --> Likely caller: cent_simulation/TransformerBlock.py (line 806) :: Vector_Matrix_Mul_output_pim_only_trace
AiM WR_BIAS 0 0xffffffff
# --> Emitted by: cent_simulation/aim_sim.py (line 263) :: WR_BIAS_only_trace
# --> Likely caller: cent_simulation/TransformerBlock.py (line 806) :: Vector_Matrix_Mul_output_pim_only_trace
AiM MAC_ABK 64 0xffffffff 185
# --> Emitted by: cent_simulation/aim_sim.py (line 267) :: MAC_ABK_only_trace
# --> Likely caller: cent_simulation/TransformerBlock.py (line 697) :: Vector_Matrix_Mul_weight_pim_only_trace
AiM RD_MAC 0 0xffffffff
# --> Emitted by: cent_simulation/aim_sim.py (line 272) :: RD_MAC_only_trace
# --> Likely caller: cent_simulation/TransformerBlock.py (line 806) :: Vector_Matrix_Mul_output_pim_only_trace
AiM WR_BIAS 0 0xffffffff
# --> Emitted by: cent_simulation/aim_sim.py (line 263) :: WR_BIAS_only_trace
# --> Likely caller: cent_simulation/TransformerBlock.py (line 806) :: Vector_Matrix_Mul_output_pim_only_trace
AiM MAC_ABK 64 0xffffffff 189
# --> Emitted by: cent_simulation/aim_sim.py (line 267) :: MAC_ABK_only_trace
# --> Likely caller: cent_simulation/TransformerBlock.py (line 697) :: Vector_Matrix_Mul_weight_pim_only_trace
AiM RD_MAC 0 0xffffffff
# --> Emitted by: cent_simulation/aim_sim.py (line 272) :: RD_MAC_only_trace
# --> Likely caller: cent_simulation/TransformerBlock.py (line 806) :: Vector_Matrix_Mul_output_pim_only_trace
AiM WR_BIAS 0 0xffffffff
# --> Emitted by: cent_simulation/aim_sim.py (line 263) :: WR_BIAS_only_trace
# --> Likely caller: cent_simulation/TransformerBlock.py (line 806) :: Vector_Matrix_Mul_output_pim_only_trace
AiM MAC_ABK 64 0xffffffff 193
# --> Emitted by: cent_simulation/aim_sim.py (line 267) :: MAC_ABK_only_trace
# --> Likely caller: cent_simulation/TransformerBlock.py (line 697) :: Vector_Matrix_Mul_weight_pim_only_trace
AiM RD_MAC 0 0xffffffff
# --> Emitted by: cent_simulation/aim_sim.py (line 272) :: RD_MAC_only_trace
# --> Likely caller: cent_simulation/TransformerBlock.py (line 806) :: Vector_Matrix_Mul_output_pim_only_trace
AiM WR_BIAS 0 0xffffffff
# --> Emitted by: cent_simulation/aim_sim.py (line 263) :: WR_BIAS_only_trace
# --> Likely caller: cent_simulation/TransformerBlock.py (line 806) :: Vector_Matrix_Mul_output_pim_only_trace
AiM MAC_ABK 64 0xffffffff 197
# --> Emitted by: cent_simulation/aim_sim.py (line 267) :: MAC_ABK_only_trace
# --> Likely caller: cent_simulation/TransformerBlock.py (line 697) :: Vector_Matrix_Mul_weight_pim_only_trace
AiM RD_MAC 0 0xffffffff
# --> Emitted by: cent_simulation/aim_sim.py (line 272) :: RD_MAC_only_trace
# --> Likely caller: cent_simulation/TransformerBlock.py (line 806) :: Vector_Matrix_Mul_output_pim_only_trace
AiM WR_BIAS 0 0xffffffff
# --> Emitted by: cent_simulation/aim_sim.py (line 263) :: WR_BIAS_only_trace
# --> Likely caller: cent_simulation/TransformerBlock.py (line 806) :: Vector_Matrix_Mul_output_pim_only_trace
AiM MAC_ABK 64 0xffffffff 201
# --> Emitted by: cent_simulation/aim_sim.py (line 267) :: MAC_ABK_only_trace
# --> Likely caller: cent_simulation/TransformerBlock.py (line 697) :: Vector_Matrix_Mul_weight_pim_only_trace
AiM RD_MAC 0 0xffffffff
# --> Emitted by: cent_simulation/aim_sim.py (line 272) :: RD_MAC_only_trace
# --> Likely caller: cent_simulation/TransformerBlock.py (line 806) :: Vector_Matrix_Mul_output_pim_only_trace
AiM EWADD 256 0 0
# --> Emitted by: cent_simulation/aim_sim.py (line 281) :: EWADD_only_trace
# --> Likely caller: cent_simulation/Llama.py (line 791) :: self_attention_aim
W MEM 0 0 203
W MEM 0 2 203
W MEM 0 4 203
W MEM 0 6 203
W MEM 0 8 203
W MEM 0 10 203
W MEM 0 12 203
W MEM 0 14 203
W MEM 1 0 203
W MEM 1 2 203
W MEM 1 4 203
W MEM 1 6 203
W MEM 1 8 203
W MEM 1 10 203
W MEM 1 12 203
W MEM 1 14 203
W MEM 2 0 203
W MEM 2 2 203
W MEM 2 4 203
W MEM 2 6 203
W MEM 2 8 203
W MEM 2 10 203
W MEM 2 12 203
W MEM 2 14 203
W MEM 3 0 203
W MEM 3 2 203
W MEM 3 4 203
W MEM 3 6 203
W MEM 3 8 203
W MEM 3 10 203
W MEM 3 12 203
W MEM 3 14 203
W MEM 4 0 203
W MEM 4 2 203
W MEM 4 4 203
W MEM 4 6 203
W MEM 4 8 203
W MEM 4 10 203
W MEM 4 12 203
W MEM 4 14 203
W MEM 5 0 203
W MEM 5 2 203
W MEM 5 4 203
W MEM 5 6 203
W MEM 5 8 203
W MEM 5 10 203
W MEM 5 12 203
W MEM 5 14 203
W MEM 6 0 203
W MEM 6 2 203
W MEM 6 4 203
W MEM 6 6 203
W MEM 6 8 203
W MEM 6 10 203
W MEM 6 12 203
W MEM 6 14 203
W MEM 7 0 203
W MEM 7 2 203
W MEM 7 4 203
W MEM 7 6 203
W MEM 7 8 203
W MEM 7 10 203
W MEM 7 12 203
W MEM 7 14 203
W MEM 8 0 203
W MEM 8 2 203
W MEM 8 4 203
W MEM 8 6 203
W MEM 8 8 203
W MEM 8 10 203
W MEM 8 12 203
W MEM 8 14 203
W MEM 9 0 203
W MEM 9 2 203
W MEM 9 4 203
W MEM 9 6 203
W MEM 9 8 203
W MEM 9 10 203
W MEM 9 12 203
W MEM 9 14 203
W MEM 10 0 203
W MEM 10 2 203
W MEM 10 4 203
W MEM 10 6 203
W MEM 10 8 203
W MEM 10 10 203
W MEM 10 12 203
W MEM 10 14 203
W MEM 11 0 203
W MEM 11 2 203
W MEM 11 4 203
W MEM 11 6 203
W MEM 11 8 203
W MEM 11 10 203
W MEM 11 12 203
W MEM 11 14 203
W MEM 12 0 203
W MEM 12 2 203
W MEM 12 4 203
W MEM 12 6 203
W MEM 12 8 203
W MEM 12 10 203
W MEM 12 12 203
W MEM 12 14 203
W MEM 13 0 203
W MEM 13 2 203
W MEM 13 4 203
W MEM 13 6 203
W MEM 13 8 203
W MEM 13 10 203
W MEM 13 12 203
W MEM 13 14 203
W MEM 14 0 203
W MEM 14 2 203
W MEM 14 4 203
W MEM 14 6 203
W MEM 14 8 203
W MEM 14 10 203
W MEM 14 12 203
W MEM 14 14 203
W MEM 15 0 203
W MEM 15 2 203
W MEM 15 4 203
W MEM 15 6 203
W MEM 15 8 203
W MEM 15 10 203
W MEM 15 12 203
W MEM 15 14 203
W MEM 16 0 203
W MEM 16 2 203
W MEM 16 4 203
W MEM 16 6 203
W MEM 16 8 203
W MEM 16 10 203
W MEM 16 12 203
W MEM 16 14 203
W MEM 17 0 203
W MEM 17 2 203
W MEM 17 4 203
W MEM 17 6 203
W MEM 17 8 203
W MEM 17 10 203
W MEM 17 12 203
W MEM 17 14 203
W MEM 18 0 203
W MEM 18 2 203
W MEM 18 4 203
W MEM 18 6 203
W MEM 18 8 203
W MEM 18 10 203
W MEM 18 12 203
W MEM 18 14 203
W MEM 19 0 203
W MEM 19 2 203
W MEM 19 4 203
W MEM 19 6 203
W MEM 19 8 203
W MEM 19 10 203
W MEM 19 12 203
W MEM 19 14 203
W MEM 20 0 203
W MEM 20 2 203
W MEM 20 4 203
W MEM 20 6 203
W MEM 20 8 203
W MEM 20 10 203
W MEM 20 12 203
W MEM 20 14 203
W MEM 21 0 203
W MEM 21 2 203
W MEM 21 4 203
W MEM 21 6 203
W MEM 21 8 203
W MEM 21 10 203
W MEM 21 12 203
W MEM 21 14 203
W MEM 22 0 203
W MEM 22 2 203
W MEM 22 4 203
W MEM 22 6 203
W MEM 22 8 203
W MEM 22 10 203
W MEM 22 12 203
W MEM 22 14 203
W MEM 23 0 203
W MEM 23 2 203
W MEM 23 4 203
W MEM 23 6 203
W MEM 23 8 203
W MEM 23 10 203
W MEM 23 12 203
W MEM 23 14 203
W MEM 24 0 203
W MEM 24 2 203
W MEM 24 4 203
W MEM 24 6 203
W MEM 24 8 203
W MEM 24 10 203
W MEM 24 12 203
W MEM 24 14 203
W MEM 25 0 203
W MEM 25 2 203
W MEM 25 4 203
W MEM 25 6 203
W MEM 25 8 203
W MEM 25 10 203
W MEM 25 12 203
W MEM 25 14 203
W MEM 26 0 203
W MEM 26 2 203
W MEM 26 4 203
W MEM 26 6 203
W MEM 26 8 203
W MEM 26 10 203
W MEM 26 12 203
W MEM 26 14 203
W MEM 27 0 203
W MEM 27 2 203
W MEM 27 4 203
W MEM 27 6 203
W MEM 27 8 203
W MEM 27 10 203
W MEM 27 12 203
W MEM 27 14 203
W MEM 28 0 203
W MEM 28 2 203
W MEM 28 4 203
W MEM 28 6 203
W MEM 28 8 203
W MEM 28 10 203
W MEM 28 12 203
W MEM 28 14 203
W MEM 29 0 203
W MEM 29 2 203
W MEM 29 4 203
W MEM 29 6 203
W MEM 29 8 203
W MEM 29 10 203
W MEM 29 12 203
W MEM 29 14 203
W MEM 30 0 203
W MEM 30 2 203
W MEM 30 4 203
W MEM 30 6 203
W MEM 30 8 203
W MEM 30 10 203
W MEM 30 12 203
W MEM 30 14 203
W MEM 31 0 203
W MEM 31 2 203
W MEM 31 4 203
W MEM 31 6 203
W MEM 31 8 203
W MEM 31 10 203
W MEM 31 12 203
W MEM 31 14 203
W MEM 0 1 203
W MEM 0 3 203
W MEM 0 5 203
W MEM 0 7 203
W MEM 0 9 203
W MEM 0 11 203
W MEM 0 13 203
W MEM 0 15 203
W MEM 1 1 203
W MEM 1 3 203
W MEM 1 5 203
W MEM 1 7 203
W MEM 1 9 203
W MEM 1 11 203
W MEM 1 13 203
W MEM 1 15 203
W MEM 2 1 203
W MEM 2 3 203
W MEM 2 5 203
W MEM 2 7 203
W MEM 2 9 203
W MEM 2 11 203
W MEM 2 13 203
W MEM 2 15 203
W MEM 3 1 203
W MEM 3 3 203
W MEM 3 5 203
W MEM 3 7 203
W MEM 3 9 203
W MEM 3 11 203
W MEM 3 13 203
W MEM 3 15 203
W MEM 4 1 203
W MEM 4 3 203
W MEM 4 5 203
W MEM 4 7 203
W MEM 4 9 203
W MEM 4 11 203
W MEM 4 13 203
W MEM 4 15 203
W MEM 5 1 203
W MEM 5 3 203
W MEM 5 5 203
W MEM 5 7 203
W MEM 5 9 203
W MEM 5 11 203
W MEM 5 13 203
W MEM 5 15 203
W MEM 6 1 203
W MEM 6 3 203
W MEM 6 5 203
W MEM 6 7 203
W MEM 6 9 203
W MEM 6 11 203
W MEM 6 13 203
W MEM 6 15 203
W MEM 7 1 203
W MEM 7 3 203
W MEM 7 5 203
W MEM 7 7 203
W MEM 7 9 203
W MEM 7 11 203
W MEM 7 13 203
W MEM 7 15 203
W MEM 8 1 203
W MEM 8 3 203
W MEM 8 5 203
W MEM 8 7 203
W MEM 8 9 203
W MEM 8 11 203
W MEM 8 13 203
W MEM 8 15 203
W MEM 9 1 203
W MEM 9 3 203
W MEM 9 5 203
W MEM 9 7 203
W MEM 9 9 203
W MEM 9 11 203
W MEM 9 13 203
W MEM 9 15 203
W MEM 10 1 203
W MEM 10 3 203
W MEM 10 5 203
W MEM 10 7 203
W MEM 10 9 203
W MEM 10 11 203
W MEM 10 13 203
W MEM 10 15 203
W MEM 11 1 203
W MEM 11 3 203
W MEM 11 5 203
W MEM 11 7 203
W MEM 11 9 203
W MEM 11 11 203
W MEM 11 13 203
W MEM 11 15 203
W MEM 12 1 203
W MEM 12 3 203
W MEM 12 5 203
W MEM 12 7 203
W MEM 12 9 203
W MEM 12 11 203
W MEM 12 13 203
W MEM 12 15 203
W MEM 13 1 203
W MEM 13 3 203
W MEM 13 5 203
W MEM 13 7 203
W MEM 13 9 203
W MEM 13 11 203
W MEM 13 13 203
W MEM 13 15 203
W MEM 14 1 203
W MEM 14 3 203
W MEM 14 5 203
W MEM 14 7 203
W MEM 14 9 203
W MEM 14 11 203
W MEM 14 13 203
W MEM 14 15 203
W MEM 15 1 203
W MEM 15 3 203
W MEM 15 5 203
W MEM 15 7 203
W MEM 15 9 203
W MEM 15 11 203
W MEM 15 13 203
W MEM 15 15 203
W MEM 16 1 203
W MEM 16 3 203
W MEM 16 5 203
W MEM 16 7 203
W MEM 16 9 203
W MEM 16 11 203
W MEM 16 13 203
W MEM 16 15 203
W MEM 17 1 203
W MEM 17 3 203
W MEM 17 5 203
W MEM 17 7 203
W MEM 17 9 203
W MEM 17 11 203
W MEM 17 13 203
W MEM 17 15 203
W MEM 18 1 203
W MEM 18 3 203
W MEM 18 5 203
W MEM 18 7 203
W MEM 18 9 203
W MEM 18 11 203
W MEM 18 13 203
W MEM 18 15 203
W MEM 19 1 203
W MEM 19 3 203
W MEM 19 5 203
W MEM 19 7 203
W MEM 19 9 203
W MEM 19 11 203
W MEM 19 13 203
W MEM 19 15 203
W MEM 20 1 203
W MEM 20 3 203
W MEM 20 5 203
W MEM 20 7 203
W MEM 20 9 203
W MEM 20 11 203
W MEM 20 13 203
W MEM 20 15 203
W MEM 21 1 203
W MEM 21 3 203
W MEM 21 5 203
W MEM 21 7 203
W MEM 21 9 203
W MEM 21 11 203
W MEM 21 13 203
W MEM 21 15 203
W MEM 22 1 203
W MEM 22 3 203
W MEM 22 5 203
W MEM 22 7 203
W MEM 22 9 203
W MEM 22 11 203
W MEM 22 13 203
W MEM 22 15 203
W MEM 23 1 203
W MEM 23 3 203
W MEM 23 5 203
W MEM 23 7 203
W MEM 23 9 203
W MEM 23 11 203
W MEM 23 13 203
W MEM 23 15 203
W MEM 24 1 203
W MEM 24 3 203
W MEM 24 5 203
W MEM 24 7 203
W MEM 24 9 203
W MEM 24 11 203
W MEM 24 13 203
W MEM 24 15 203
W MEM 25 1 203
W MEM 25 3 203
W MEM 25 5 203
W MEM 25 7 203
W MEM 25 9 203
W MEM 25 11 203
W MEM 25 13 203
W MEM 25 15 203
W MEM 26 1 203
W MEM 26 3 203
W MEM 26 5 203
W MEM 26 7 203
W MEM 26 9 203
W MEM 26 11 203
W MEM 26 13 203
W MEM 26 15 203
W MEM 27 1 203
W MEM 27 3 203
W MEM 27 5 203
W MEM 27 7 203
W MEM 27 9 203
W MEM 27 11 203
W MEM 27 13 203
W MEM 27 15 203
W MEM 28 1 203
W MEM 28 3 203
W MEM 28 5 203
W MEM 28 7 203
W MEM 28 9 203
W MEM 28 11 203
W MEM 28 13 203
W MEM 28 15 203
W MEM 29 1 203
W MEM 29 3 203
W MEM 29 5 203
W MEM 29 7 203
W MEM 29 9 203
W MEM 29 11 203
W MEM 29 13 203
W MEM 29 15 203
W MEM 30 1 203
W MEM 30 3 203
W MEM 30 5 203
W MEM 30 7 203
W MEM 30 9 203
W MEM 30 11 203
W MEM 30 13 203
W MEM 30 15 203
W MEM 31 1 203
W MEM 31 3 203
W MEM 31 5 203
W MEM 31 7 203
W MEM 31 9 203
W MEM 31 11 203
W MEM 31 13 203
W MEM 31 15 203
AiM WR_BIAS 0 0xffffffff
# --> Emitted by: cent_simulation/aim_sim.py (line 263) :: WR_BIAS_only_trace
# --> Likely caller: cent_simulation/TransformerBlock.py (line 806) :: Vector_Matrix_Mul_output_pim_only_trace
AiM MAC_ABK 1 0xffffffff 203
# --> Emitted by: cent_simulation/aim_sim.py (line 267) :: MAC_ABK_only_trace
# --> Likely caller: cent_simulation/TransformerBlock.py (line 806) :: Vector_Matrix_Mul_output_pim_only_trace
AiM RD_MAC 0 0xffffffff
# --> Emitted by: cent_simulation/aim_sim.py (line 272) :: RD_MAC_only_trace
# --> Likely caller: cent_simulation/TransformerBlock.py (line 806) :: Vector_Matrix_Mul_output_pim_only_trace
W MEM 0 1 203
W MEM 0 5 203
W MEM 0 9 203
W MEM 0 13 203
W MEM 1 1 203
W MEM 1 5 203
W MEM 1 9 203
W MEM 1 13 203
W MEM 2 1 203
W MEM 2 5 203
W MEM 2 9 203
W MEM 2 13 203
W MEM 3 1 203
W MEM 3 5 203
W MEM 3 9 203
W MEM 3 13 203
W MEM 4 1 203
W MEM 4 5 203
W MEM 4 9 203
W MEM 4 13 203
W MEM 5 1 203
W MEM 5 5 203
W MEM 5 9 203
W MEM 5 13 203
W MEM 6 1 203
W MEM 6 5 203
W MEM 6 9 203
W MEM 6 13 203
W MEM 7 1 203
W MEM 7 5 203
W MEM 7 9 203
W MEM 7 13 203
W MEM 8 1 203
W MEM 8 5 203
W MEM 8 9 203
W MEM 8 13 203
W MEM 9 1 203
W MEM 9 5 203
W MEM 9 9 203
W MEM 9 13 203
W MEM 10 1 203
W MEM 10 5 203
W MEM 10 9 203
W MEM 10 13 203
W MEM 11 1 203
W MEM 11 5 203
W MEM 11 9 203
W MEM 11 13 203
W MEM 12 1 203
W MEM 12 5 203
W MEM 12 9 203
W MEM 12 13 203
W MEM 13 1 203
W MEM 13 5 203
W MEM 13 9 203
W MEM 13 13 203
W MEM 14 1 203
W MEM 14 5 203
W MEM 14 9 203
W MEM 14 13 203
W MEM 15 1 203
W MEM 15 5 203
W MEM 15 9 203
W MEM 15 13 203
W MEM 16 1 203
W MEM 16 5 203
W MEM 16 9 203
W MEM 16 13 203
W MEM 17 1 203
W MEM 17 5 203
W MEM 17 9 203
W MEM 17 13 203
W MEM 18 1 203
W MEM 18 5 203
W MEM 18 9 203
W MEM 18 13 203
W MEM 19 1 203
W MEM 19 5 203
W MEM 19 9 203
W MEM 19 13 203
W MEM 20 1 203
W MEM 20 5 203
W MEM 20 9 203
W MEM 20 13 203
W MEM 21 1 203
W MEM 21 5 203
W MEM 21 9 203
W MEM 21 13 203
W MEM 22 1 203
W MEM 22 5 203
W MEM 22 9 203
W MEM 22 13 203
W MEM 23 1 203
W MEM 23 5 203
W MEM 23 9 203
W MEM 23 13 203
W MEM 24 1 203
W MEM 24 5 203
W MEM 24 9 203
W MEM 24 13 203
W MEM 25 1 203
W MEM 25 5 203
W MEM 25 9 203
W MEM 25 13 203
W MEM 26 1 203
W MEM 26 5 203
W MEM 26 9 203
W MEM 26 13 203
W MEM 27 1 203
W MEM 27 5 203
W MEM 27 9 203
W MEM 27 13 203
W MEM 28 1 203
W MEM 28 5 203
W MEM 28 9 203
W MEM 28 13 203
W MEM 29 1 203
W MEM 29 5 203
W MEM 29 9 203
W MEM 29 13 203
W MEM 30 1 203
W MEM 30 5 203
W MEM 30 9 203
W MEM 30 13 203
W MEM 31 1 203
W MEM 31 5 203
W MEM 31 9 203
W MEM 31 13 203
W MEM 0 1 203
W MEM 0 5 203
W MEM 0 9 203
W MEM 0 13 203
W MEM 1 1 203
W MEM 1 5 203
W MEM 1 9 203
W MEM 1 13 203
W MEM 2 1 203
W MEM 2 5 203
W MEM 2 9 203
W MEM 2 13 203
W MEM 3 1 203
W MEM 3 5 203
W MEM 3 9 203
W MEM 3 13 203
W MEM 4 1 203
W MEM 4 5 203
W MEM 4 9 203
W MEM 4 13 203
W MEM 5 1 203
W MEM 5 5 203
W MEM 5 9 203
W MEM 5 13 203
W MEM 6 1 203
W MEM 6 5 203
W MEM 6 9 203
W MEM 6 13 203
W MEM 7 1 203
W MEM 7 5 203
W MEM 7 9 203
W MEM 7 13 203
W MEM 8 1 203
W MEM 8 5 203
W MEM 8 9 203
W MEM 8 13 203
W MEM 9 1 203
W MEM 9 5 203
W MEM 9 9 203
W MEM 9 13 203
W MEM 10 1 203
W MEM 10 5 203
W MEM 10 9 203
W MEM 10 13 203
W MEM 11 1 203
W MEM 11 5 203
W MEM 11 9 203
W MEM 11 13 203
W MEM 12 1 203
W MEM 12 5 203
W MEM 12 9 203
W MEM 12 13 203
W MEM 13 1 203
W MEM 13 5 203
W MEM 13 9 203
W MEM 13 13 203
W MEM 14 1 203
W MEM 14 5 203
W MEM 14 9 203
W MEM 14 13 203
W MEM 15 1 203
W MEM 15 5 203
W MEM 15 9 203
W MEM 15 13 203
W MEM 16 1 203
W MEM 16 5 203
W MEM 16 9 203
W MEM 16 13 203
W MEM 17 1 203
W MEM 17 5 203
W MEM 17 9 203
W MEM 17 13 203
W MEM 18 1 203
W MEM 18 5 203
W MEM 18 9 203
W MEM 18 13 203
W MEM 19 1 203
W MEM 19 5 203
W MEM 19 9 203
W MEM 19 13 203
W MEM 20 1 203
W MEM 20 5 203
W MEM 20 9 203
W MEM 20 13 203
W MEM 21 1 203
W MEM 21 5 203
W MEM 21 9 203
W MEM 21 13 203
W MEM 22 1 203
W MEM 22 5 203
W MEM 22 9 203
W MEM 22 13 203
W MEM 23 1 203
W MEM 23 5 203
W MEM 23 9 203
W MEM 23 13 203
W MEM 24 1 203
W MEM 24 5 203
W MEM 24 9 203
W MEM 24 13 203
W MEM 25 1 203
W MEM 25 5 203
W MEM 25 9 203
W MEM 25 13 203
W MEM 26 1 203
W MEM 26 5 203
W MEM 26 9 203
W MEM 26 13 203
W MEM 27 1 203
W MEM 27 5 203
W MEM 27 9 203
W MEM 27 13 203
W MEM 28 1 203
W MEM 28 5 203
W MEM 28 9 203
W MEM 28 13 203
W MEM 29 1 203
W MEM 29 5 203
W MEM 29 9 203
W MEM 29 13 203
W MEM 30 1 203
W MEM 30 5 203
W MEM 30 9 203
W MEM 30 13 203
W MEM 31 1 203
W MEM 31 5 203
W MEM 31 9 203
W MEM 31 13 203
W MEM 0 0 203
W MEM 0 4 203
W MEM 0 8 203
W MEM 0 12 203
W MEM 1 0 203
W MEM 1 4 203
W MEM 1 8 203
W MEM 1 12 203
W MEM 2 0 203
W MEM 2 4 203
W MEM 2 8 203
W MEM 2 12 203
W MEM 3 0 203
W MEM 3 4 203
W MEM 3 8 203
W MEM 3 12 203
W MEM 4 0 203
W MEM 4 4 203
W MEM 4 8 203
W MEM 4 12 203
W MEM 5 0 203
W MEM 5 4 203
W MEM 5 8 203
W MEM 5 12 203
W MEM 6 0 203
W MEM 6 4 203
W MEM 6 8 203
W MEM 6 12 203
W MEM 7 0 203
W MEM 7 4 203
W MEM 7 8 203
W MEM 7 12 203
W MEM 8 0 203
W MEM 8 4 203
W MEM 8 8 203
W MEM 8 12 203
W MEM 9 0 203
W MEM 9 4 203
W MEM 9 8 203
W MEM 9 12 203
W MEM 10 0 203
W MEM 10 4 203
W MEM 10 8 203
W MEM 10 12 203
W MEM 11 0 203
W MEM 11 4 203
W MEM 11 8 203
W MEM 11 12 203
W MEM 12 0 203
W MEM 12 4 203
W MEM 12 8 203
W MEM 12 12 203
W MEM 13 0 203
W MEM 13 4 203
W MEM 13 8 203
W MEM 13 12 203
W MEM 14 0 203
W MEM 14 4 203
W MEM 14 8 203
W MEM 14 12 203
W MEM 15 0 203
W MEM 15 4 203
W MEM 15 8 203
W MEM 15 12 203
W MEM 16 0 203
W MEM 16 4 203
W MEM 16 8 203
W MEM 16 12 203
W MEM 17 0 203
W MEM 17 4 203
W MEM 17 8 203
W MEM 17 12 203
W MEM 18 0 203
W MEM 18 4 203
W MEM 18 8 203
W MEM 18 12 203
W MEM 19 0 203
W MEM 19 4 203
W MEM 19 8 203
W MEM 19 12 203
W MEM 20 0 203
W MEM 20 4 203
W MEM 20 8 203
W MEM 20 12 203
W MEM 21 0 203
W MEM 21 4 203
W MEM 21 8 203
W MEM 21 12 203
W MEM 22 0 203
W MEM 22 4 203
W MEM 22 8 203
W MEM 22 12 203
W MEM 23 0 203
W MEM 23 4 203
W MEM 23 8 203
W MEM 23 12 203
W MEM 24 0 203
W MEM 24 4 203
W MEM 24 8 203
W MEM 24 12 203
W MEM 25 0 203
W MEM 25 4 203
W MEM 25 8 203
W MEM 25 12 203
W MEM 26 0 203
W MEM 26 4 203
W MEM 26 8 203
W MEM 26 12 203
W MEM 27 0 203
W MEM 27 4 203
W MEM 27 8 203
W MEM 27 12 203
W MEM 28 0 203
W MEM 28 4 203
W MEM 28 8 203
W MEM 28 12 203
W MEM 29 0 203
W MEM 29 4 203
W MEM 29 8 203
W MEM 29 12 203
W MEM 30 0 203
W MEM 30 4 203
W MEM 30 8 203
W MEM 30 12 203
W MEM 31 0 203
W MEM 31 4 203
W MEM 31 8 203
W MEM 31 12 203
W MEM 0 0 203
W MEM 0 4 203
W MEM 0 8 203
W MEM 0 12 203
W MEM 1 0 203
W MEM 1 4 203
W MEM 1 8 203
W MEM 1 12 203
W MEM 2 0 203
W MEM 2 4 203
W MEM 2 8 203
W MEM 2 12 203
W MEM 3 0 203
W MEM 3 4 203
W MEM 3 8 203
W MEM 3 12 203
W MEM 4 0 203
W MEM 4 4 203
W MEM 4 8 203
W MEM 4 12 203
W MEM 5 0 203
W MEM 5 4 203
W MEM 5 8 203
W MEM 5 12 203
W MEM 6 0 203
W MEM 6 4 203
W MEM 6 8 203
W MEM 6 12 203
W MEM 7 0 203
W MEM 7 4 203
W MEM 7 8 203
W MEM 7 12 203
W MEM 8 0 203
W MEM 8 4 203
W MEM 8 8 203
W MEM 8 12 203
W MEM 9 0 203
W MEM 9 4 203
W MEM 9 8 203
W MEM 9 12 203
W MEM 10 0 203
W MEM 10 4 203
W MEM 10 8 203
W MEM 10 12 203
W MEM 11 0 203
W MEM 11 4 203
W MEM 11 8 203
W MEM 11 12 203
W MEM 12 0 203
W MEM 12 4 203
W MEM 12 8 203
W MEM 12 12 203
W MEM 13 0 203
W MEM 13 4 203
W MEM 13 8 203
W MEM 13 12 203
W MEM 14 0 203
W MEM 14 4 203
W MEM 14 8 203
W MEM 14 12 203
W MEM 15 0 203
W MEM 15 4 203
W MEM 15 8 203
W MEM 15 12 203
W MEM 16 0 203
W MEM 16 4 203
W MEM 16 8 203
W MEM 16 12 203
W MEM 17 0 203
W MEM 17 4 203
W MEM 17 8 203
W MEM 17 12 203
W MEM 18 0 203
W MEM 18 4 203
W MEM 18 8 203
W MEM 18 12 203
W MEM 19 0 203
W MEM 19 4 203
W MEM 19 8 203
W MEM 19 12 203
W MEM 20 0 203
W MEM 20 4 203
W MEM 20 8 203
W MEM 20 12 203
W MEM 21 0 203
W MEM 21 4 203
W MEM 21 8 203
W MEM 21 12 203
W MEM 22 0 203
W MEM 22 4 203
W MEM 22 8 203
W MEM 22 12 203
W MEM 23 0 203
W MEM 23 4 203
W MEM 23 8 203
W MEM 23 12 203
W MEM 24 0 203
W MEM 24 4 203
W MEM 24 8 203
W MEM 24 12 203
W MEM 25 0 203
W MEM 25 4 203
W MEM 25 8 203
W MEM 25 12 203
W MEM 26 0 203
W MEM 26 4 203
W MEM 26 8 203
W MEM 26 12 203
W MEM 27 0 203
W MEM 27 4 203
W MEM 27 8 203
W MEM 27 12 203
W MEM 28 0 203
W MEM 28 4 203
W MEM 28 8 203
W MEM 28 12 203
W MEM 29 0 203
W MEM 29 4 203
W MEM 29 8 203
W MEM 29 12 203
W MEM 30 0 203
W MEM 30 4 203
W MEM 30 8 203
W MEM 30 12 203
W MEM 31 0 203
W MEM 31 4 203
W MEM 31 8 203
W MEM 31 12 203
AiM EWMUL 2 0xffffffff 203
# --> Emitted by: cent_simulation/aim_sim.py (line 276) :: EWMUL_only_trace
# --> Likely caller: cent_simulation/Llama.py (line 175) :: self_attention_aim
AiM COPY_BKGB 2 0xffffffff 2 203
# --> Emitted by: cent_simulation/aim_sim.py (line 289) :: COPY_BK_GB_only_trace
# --> Likely caller: cent_simulation/Llama.py (line 175) :: self_attention_aim
AiM COPY_GBBK 2 0xffffffff 1 204
# --> Emitted by: cent_simulation/aim_sim.py (line 294) :: COPY_GB_BK_only_trace
# --> Likely caller: cent_simulation/Llama.py (line 175) :: self_attention_aim
AiM COPY_BKGB 2 0xffffffff 6 203
# --> Emitted by: cent_simulation/aim_sim.py (line 289) :: COPY_BK_GB_only_trace
# --> Likely caller: cent_simulation/Llama.py (line 175) :: self_attention_aim
AiM COPY_GBBK 2 0xffffffff 5 204
# --> Emitted by: cent_simulation/aim_sim.py (line 294) :: COPY_GB_BK_only_trace
# --> Likely caller: cent_simulation/Llama.py (line 175) :: self_attention_aim
AiM COPY_BKGB 2 0xffffffff 10 203
# --> Emitted by: cent_simulation/aim_sim.py (line 289) :: COPY_BK_GB_only_trace
# --> Likely caller: cent_simulation/Llama.py (line 175) :: self_attention_aim
AiM COPY_GBBK 2 0xffffffff 9 204
# --> Emitted by: cent_simulation/aim_sim.py (line 294) :: COPY_GB_BK_only_trace
# --> Likely caller: cent_simulation/Llama.py (line 175) :: self_attention_aim
AiM COPY_BKGB 2 0xffffffff 14 203
# --> Emitted by: cent_simulation/aim_sim.py (line 289) :: COPY_BK_GB_only_trace
# --> Likely caller: cent_simulation/Llama.py (line 175) :: self_attention_aim
AiM COPY_GBBK 2 0xffffffff 13 204
# --> Emitted by: cent_simulation/aim_sim.py (line 294) :: COPY_GB_BK_only_trace
# --> Likely caller: cent_simulation/Llama.py (line 175) :: self_attention_aim
AiM EWMUL 2 0xffffffff 204
# --> Emitted by: cent_simulation/aim_sim.py (line 276) :: EWMUL_only_trace
# --> Likely caller: cent_simulation/Llama.py (line 175) :: self_attention_aim
R MEM 0 2 204
R MEM 0 6 204
R MEM 0 10 204
R MEM 0 14 204
R MEM 1 2 204
R MEM 1 6 204
R MEM 1 10 204
R MEM 1 14 204
R MEM 2 2 204
R MEM 2 6 204
R MEM 2 10 204
R MEM 2 14 204
R MEM 3 2 204
R MEM 3 6 204
R MEM 3 10 204
R MEM 3 14 204
R MEM 4 2 204
R MEM 4 6 204
R MEM 4 10 204
R MEM 4 14 204
R MEM 5 2 204
R MEM 5 6 204
R MEM 5 10 204
R MEM 5 14 204
R MEM 6 2 204
R MEM 6 6 204
R MEM 6 10 204
R MEM 6 14 204
R MEM 7 2 204
R MEM 7 6 204
R MEM 7 10 204
R MEM 7 14 204
R MEM 8 2 204
R MEM 8 6 204
R MEM 8 10 204
R MEM 8 14 204
R MEM 9 2 204
R MEM 9 6 204
R MEM 9 10 204
R MEM 9 14 204
R MEM 10 2 204
R MEM 10 6 204
R MEM 10 10 204
R MEM 10 14 204
R MEM 11 2 204
R MEM 11 6 204
R MEM 11 10 204
R MEM 11 14 204
R MEM 12 2 204
R MEM 12 6 204
R MEM 12 10 204
R MEM 12 14 204
R MEM 13 2 204
R MEM 13 6 204
R MEM 13 10 204
R MEM 13 14 204
R MEM 14 2 204
R MEM 14 6 204
R MEM 14 10 204
R MEM 14 14 204
R MEM 15 2 204
R MEM 15 6 204
R MEM 15 10 204
R MEM 15 14 204
R MEM 16 2 204
R MEM 16 6 204
R MEM 16 10 204
R MEM 16 14 204
R MEM 17 2 204
R MEM 17 6 204
R MEM 17 10 204
R MEM 17 14 204
R MEM 18 2 204
R MEM 18 6 204
R MEM 18 10 204
R MEM 18 14 204
R MEM 19 2 204
R MEM 19 6 204
R MEM 19 10 204
R MEM 19 14 204
R MEM 20 2 204
R MEM 20 6 204
R MEM 20 10 204
R MEM 20 14 204
R MEM 21 2 204
R MEM 21 6 204
R MEM 21 10 204
R MEM 21 14 204
R MEM 22 2 204
R MEM 22 6 204
R MEM 22 10 204
R MEM 22 14 204
R MEM 23 2 204
R MEM 23 6 204
R MEM 23 10 204
R MEM 23 14 204
R MEM 24 2 204
R MEM 24 6 204
R MEM 24 10 204
R MEM 24 14 204
R MEM 25 2 204
R MEM 25 6 204
R MEM 25 10 204
R MEM 25 14 204
R MEM 26 2 204
R MEM 26 6 204
R MEM 26 10 204
R MEM 26 14 204
R MEM 27 2 204
R MEM 27 6 204
R MEM 27 10 204
R MEM 27 14 204
R MEM 28 2 204
R MEM 28 6 204
R MEM 28 10 204
R MEM 28 14 204
R MEM 29 2 204
R MEM 29 6 204
R MEM 29 10 204
R MEM 29 14 204
R MEM 30 2 204
R MEM 30 6 204
R MEM 30 10 204
R MEM 30 14 204
R MEM 31 2 204
R MEM 31 6 204
R MEM 31 10 204
R MEM 31 14 204
R MEM 0 2 204
R MEM 0 6 204
R MEM 0 10 204
R MEM 0 14 204
R MEM 1 2 204
R MEM 1 6 204
R MEM 1 10 204
R MEM 1 14 204
R MEM 2 2 204
R MEM 2 6 204
R MEM 2 10 204
R MEM 2 14 204
R MEM 3 2 204
R MEM 3 6 204
R MEM 3 10 204
R MEM 3 14 204
R MEM 4 2 204
R MEM 4 6 204
R MEM 4 10 204
R MEM 4 14 204
R MEM 5 2 204
R MEM 5 6 204
R MEM 5 10 204
R MEM 5 14 204
R MEM 6 2 204
R MEM 6 6 204
R MEM 6 10 204
R MEM 6 14 204
R MEM 7 2 204
R MEM 7 6 204
R MEM 7 10 204
R MEM 7 14 204
R MEM 8 2 204
R MEM 8 6 204
R MEM 8 10 204
R MEM 8 14 204
R MEM 9 2 204
R MEM 9 6 204
R MEM 9 10 204
R MEM 9 14 204
R MEM 10 2 204
R MEM 10 6 204
R MEM 10 10 204
R MEM 10 14 204
R MEM 11 2 204
R MEM 11 6 204
R MEM 11 10 204
R MEM 11 14 204
R MEM 12 2 204
R MEM 12 6 204
R MEM 12 10 204
R MEM 12 14 204
R MEM 13 2 204
R MEM 13 6 204
R MEM 13 10 204
R MEM 13 14 204
R MEM 14 2 204
R MEM 14 6 204
R MEM 14 10 204
R MEM 14 14 204
R MEM 15 2 204
R MEM 15 6 204
R MEM 15 10 204
R MEM 15 14 204
R MEM 16 2 204
R MEM 16 6 204
R MEM 16 10 204
R MEM 16 14 204
R MEM 17 2 204
R MEM 17 6 204
R MEM 17 10 204
R MEM 17 14 204
R MEM 18 2 204
R MEM 18 6 204
R MEM 18 10 204
R MEM 18 14 204
R MEM 19 2 204
R MEM 19 6 204
R MEM 19 10 204
R MEM 19 14 204
R MEM 20 2 204
R MEM 20 6 204
R MEM 20 10 204
R MEM 20 14 204
R MEM 21 2 204
R MEM 21 6 204
R MEM 21 10 204
R MEM 21 14 204
R MEM 22 2 204
R MEM 22 6 204
R MEM 22 10 204
R MEM 22 14 204
R MEM 23 2 204
R MEM 23 6 204
R MEM 23 10 204
R MEM 23 14 204
R MEM 24 2 204
R MEM 24 6 204
R MEM 24 10 204
R MEM 24 14 204
R MEM 25 2 204
R MEM 25 6 204
R MEM 25 10 204
R MEM 25 14 204
R MEM 26 2 204
R MEM 26 6 204
R MEM 26 10 204
R MEM 26 14 204
R MEM 27 2 204
R MEM 27 6 204
R MEM 27 10 204
R MEM 27 14 204
R MEM 28 2 204
R MEM 28 6 204
R MEM 28 10 204
R MEM 28 14 204
R MEM 29 2 204
R MEM 29 6 204
R MEM 29 10 204
R MEM 29 14 204
R MEM 30 2 204
R MEM 30 6 204
R MEM 30 10 204
R MEM 30 14 204
R MEM 31 2 204
R MEM 31 6 204
R MEM 31 10 204
R MEM 31 14 204
AiM SYNC
# --> Emitted by: cent_simulation/aim_sim.py (line 307) :: SYNC_only_trace
# --> Likely caller: cent_simulation/Llama.py (line 647) :: self_attention_aim
AiM WR_GB 64 0 0xffffffff
# --> Emitted by: cent_simulation/aim_sim.py (line 285) :: WR_GB_only_trace
# --> Likely caller: cent_simulation/TransformerBlock.py (line 697) :: Vector_Matrix_Mul_weight_pim_only_trace
AiM WR_BIAS 0 0xffffffff
# --> Emitted by: cent_simulation/aim_sim.py (line 263) :: WR_BIAS_only_trace
# --> Likely caller: cent_simulation/TransformerBlock.py (line 806) :: Vector_Matrix_Mul_output_pim_only_trace
AiM MAC_ABK 64 0xffffffff 205
# --> Emitted by: cent_simulation/aim_sim.py (line 267) :: MAC_ABK_only_trace
# --> Likely caller: cent_simulation/TransformerBlock.py (line 697) :: Vector_Matrix_Mul_weight_pim_only_trace
AiM RD_MAC 0 0xffffffff
# --> Emitted by: cent_simulation/aim_sim.py (line 272) :: RD_MAC_only_trace
# --> Likely caller: cent_simulation/TransformerBlock.py (line 806) :: Vector_Matrix_Mul_output_pim_only_trace
AiM WR_BIAS 0 0xffffffff
# --> Emitted by: cent_simulation/aim_sim.py (line 263) :: WR_BIAS_only_trace
# --> Likely caller: cent_simulation/TransformerBlock.py (line 806) :: Vector_Matrix_Mul_output_pim_only_trace
AiM MAC_ABK 64 0xffffffff 209
# --> Emitted by: cent_simulation/aim_sim.py (line 267) :: MAC_ABK_only_trace
# --> Likely caller: cent_simulation/TransformerBlock.py (line 697) :: Vector_Matrix_Mul_weight_pim_only_trace
AiM RD_MAC 0 0xffffffff
# --> Emitted by: cent_simulation/aim_sim.py (line 272) :: RD_MAC_only_trace
# --> Likely caller: cent_simulation/TransformerBlock.py (line 806) :: Vector_Matrix_Mul_output_pim_only_trace
AiM WR_BIAS 0 0xffffffff
# --> Emitted by: cent_simulation/aim_sim.py (line 263) :: WR_BIAS_only_trace
# --> Likely caller: cent_simulation/TransformerBlock.py (line 806) :: Vector_Matrix_Mul_output_pim_only_trace
AiM MAC_ABK 64 0xffffffff 213
# --> Emitted by: cent_simulation/aim_sim.py (line 267) :: MAC_ABK_only_trace
# --> Likely caller: cent_simulation/TransformerBlock.py (line 697) :: Vector_Matrix_Mul_weight_pim_only_trace
AiM RD_MAC 0 0xffffffff
# --> Emitted by: cent_simulation/aim_sim.py (line 272) :: RD_MAC_only_trace
# --> Likely caller: cent_simulation/TransformerBlock.py (line 806) :: Vector_Matrix_Mul_output_pim_only_trace
AiM WR_BIAS 0 0xffffffff
# --> Emitted by: cent_simulation/aim_sim.py (line 263) :: WR_BIAS_only_trace
# --> Likely caller: cent_simulation/TransformerBlock.py (line 806) :: Vector_Matrix_Mul_output_pim_only_trace
AiM MAC_ABK 64 0xffffffff 217
# --> Emitted by: cent_simulation/aim_sim.py (line 267) :: MAC_ABK_only_trace
# --> Likely caller: cent_simulation/TransformerBlock.py (line 697) :: Vector_Matrix_Mul_weight_pim_only_trace
AiM RD_MAC 0 0xffffffff
# --> Emitted by: cent_simulation/aim_sim.py (line 272) :: RD_MAC_only_trace
# --> Likely caller: cent_simulation/TransformerBlock.py (line 806) :: Vector_Matrix_Mul_output_pim_only_trace
AiM WR_BIAS 0 0xffffffff
# --> Emitted by: cent_simulation/aim_sim.py (line 263) :: WR_BIAS_only_trace
# --> Likely caller: cent_simulation/TransformerBlock.py (line 806) :: Vector_Matrix_Mul_output_pim_only_trace
AiM MAC_ABK 64 0xffffffff 221
# --> Emitted by: cent_simulation/aim_sim.py (line 267) :: MAC_ABK_only_trace
# --> Likely caller: cent_simulation/TransformerBlock.py (line 697) :: Vector_Matrix_Mul_weight_pim_only_trace
AiM RD_MAC 0 0xffffffff
# --> Emitted by: cent_simulation/aim_sim.py (line 272) :: RD_MAC_only_trace
# --> Likely caller: cent_simulation/TransformerBlock.py (line 806) :: Vector_Matrix_Mul_output_pim_only_trace
AiM WR_BIAS 0 0xffffffff
# --> Emitted by: cent_simulation/aim_sim.py (line 263) :: WR_BIAS_only_trace
# --> Likely caller: cent_simulation/TransformerBlock.py (line 806) :: Vector_Matrix_Mul_output_pim_only_trace
AiM MAC_ABK 64 0xffffffff 225
# --> Emitted by: cent_simulation/aim_sim.py (line 267) :: MAC_ABK_only_trace
# --> Likely caller: cent_simulation/TransformerBlock.py (line 697) :: Vector_Matrix_Mul_weight_pim_only_trace
AiM RD_MAC 0 0xffffffff
# --> Emitted by: cent_simulation/aim_sim.py (line 272) :: RD_MAC_only_trace
# --> Likely caller: cent_simulation/TransformerBlock.py (line 806) :: Vector_Matrix_Mul_output_pim_only_trace
AiM WR_BIAS 0 0xffffffff
# --> Emitted by: cent_simulation/aim_sim.py (line 263) :: WR_BIAS_only_trace
# --> Likely caller: cent_simulation/TransformerBlock.py (line 806) :: Vector_Matrix_Mul_output_pim_only_trace
AiM MAC_ABK 64 0xffffffff 229
# --> Emitted by: cent_simulation/aim_sim.py (line 267) :: MAC_ABK_only_trace
# --> Likely caller: cent_simulation/TransformerBlock.py (line 697) :: Vector_Matrix_Mul_weight_pim_only_trace
AiM RD_MAC 0 0xffffffff
# --> Emitted by: cent_simulation/aim_sim.py (line 272) :: RD_MAC_only_trace
# --> Likely caller: cent_simulation/TransformerBlock.py (line 806) :: Vector_Matrix_Mul_output_pim_only_trace
AiM WR_BIAS 0 0xffffffff
# --> Emitted by: cent_simulation/aim_sim.py (line 263) :: WR_BIAS_only_trace
# --> Likely caller: cent_simulation/TransformerBlock.py (line 806) :: Vector_Matrix_Mul_output_pim_only_trace
AiM MAC_ABK 64 0xffffffff 233
# --> Emitted by: cent_simulation/aim_sim.py (line 267) :: MAC_ABK_only_trace
# --> Likely caller: cent_simulation/TransformerBlock.py (line 697) :: Vector_Matrix_Mul_weight_pim_only_trace
AiM RD_MAC 0 0xffffffff
# --> Emitted by: cent_simulation/aim_sim.py (line 272) :: RD_MAC_only_trace
# --> Likely caller: cent_simulation/TransformerBlock.py (line 806) :: Vector_Matrix_Mul_output_pim_only_trace
AiM WR_BIAS 0 0xffffffff
# --> Emitted by: cent_simulation/aim_sim.py (line 263) :: WR_BIAS_only_trace
# --> Likely caller: cent_simulation/TransformerBlock.py (line 806) :: Vector_Matrix_Mul_output_pim_only_trace
AiM MAC_ABK 64 0xffffffff 237
# --> Emitted by: cent_simulation/aim_sim.py (line 267) :: MAC_ABK_only_trace
# --> Likely caller: cent_simulation/TransformerBlock.py (line 697) :: Vector_Matrix_Mul_weight_pim_only_trace
AiM RD_MAC 0 0xffffffff
# --> Emitted by: cent_simulation/aim_sim.py (line 272) :: RD_MAC_only_trace
# --> Likely caller: cent_simulation/TransformerBlock.py (line 806) :: Vector_Matrix_Mul_output_pim_only_trace
AiM WR_BIAS 0 0xffffffff
# --> Emitted by: cent_simulation/aim_sim.py (line 263) :: WR_BIAS_only_trace
# --> Likely caller: cent_simulation/TransformerBlock.py (line 806) :: Vector_Matrix_Mul_output_pim_only_trace
AiM MAC_ABK 64 0xffffffff 241
# --> Emitted by: cent_simulation/aim_sim.py (line 267) :: MAC_ABK_only_trace
# --> Likely caller: cent_simulation/TransformerBlock.py (line 697) :: Vector_Matrix_Mul_weight_pim_only_trace
AiM RD_MAC 0 0xffffffff
# --> Emitted by: cent_simulation/aim_sim.py (line 272) :: RD_MAC_only_trace
# --> Likely caller: cent_simulation/TransformerBlock.py (line 806) :: Vector_Matrix_Mul_output_pim_only_trace
AiM WR_BIAS 0 0xffffffff
# --> Emitted by: cent_simulation/aim_sim.py (line 263) :: WR_BIAS_only_trace
# --> Likely caller: cent_simulation/TransformerBlock.py (line 806) :: Vector_Matrix_Mul_output_pim_only_trace
AiM MAC_ABK 64 0xffffffff 245
# --> Emitted by: cent_simulation/aim_sim.py (line 267) :: MAC_ABK_only_trace
# --> Likely caller: cent_simulation/TransformerBlock.py (line 697) :: Vector_Matrix_Mul_weight_pim_only_trace
AiM RD_MAC 0 0xffffffff
# --> Emitted by: cent_simulation/aim_sim.py (line 272) :: RD_MAC_only_trace
# --> Likely caller: cent_simulation/TransformerBlock.py (line 806) :: Vector_Matrix_Mul_output_pim_only_trace
AiM WR_BIAS 0 0xffffffff
# --> Emitted by: cent_simulation/aim_sim.py (line 263) :: WR_BIAS_only_trace
# --> Likely caller: cent_simulation/TransformerBlock.py (line 806) :: Vector_Matrix_Mul_output_pim_only_trace
AiM MAC_ABK 64 0xffffffff 249
# --> Emitted by: cent_simulation/aim_sim.py (line 267) :: MAC_ABK_only_trace
# --> Likely caller: cent_simulation/TransformerBlock.py (line 697) :: Vector_Matrix_Mul_weight_pim_only_trace
AiM RD_MAC 0 0xffffffff
# --> Emitted by: cent_simulation/aim_sim.py (line 272) :: RD_MAC_only_trace
# --> Likely caller: cent_simulation/TransformerBlock.py (line 806) :: Vector_Matrix_Mul_output_pim_only_trace
AiM WR_BIAS 0 0xffffffff
# --> Emitted by: cent_simulation/aim_sim.py (line 263) :: WR_BIAS_only_trace
# --> Likely caller: cent_simulation/TransformerBlock.py (line 806) :: Vector_Matrix_Mul_output_pim_only_trace
AiM MAC_ABK 64 0xffffffff 253
# --> Emitted by: cent_simulation/aim_sim.py (line 267) :: MAC_ABK_only_trace
# --> Likely caller: cent_simulation/TransformerBlock.py (line 697) :: Vector_Matrix_Mul_weight_pim_only_trace
AiM RD_MAC 0 0xffffffff
# --> Emitted by: cent_simulation/aim_sim.py (line 272) :: RD_MAC_only_trace
# --> Likely caller: cent_simulation/TransformerBlock.py (line 806) :: Vector_Matrix_Mul_output_pim_only_trace
AiM WR_BIAS 0 0xffffffff
# --> Emitted by: cent_simulation/aim_sim.py (line 263) :: WR_BIAS_only_trace
# --> Likely caller: cent_simulation/TransformerBlock.py (line 806) :: Vector_Matrix_Mul_output_pim_only_trace
AiM MAC_ABK 64 0xffffffff 257
# --> Emitted by: cent_simulation/aim_sim.py (line 267) :: MAC_ABK_only_trace
# --> Likely caller: cent_simulation/TransformerBlock.py (line 697) :: Vector_Matrix_Mul_weight_pim_only_trace
AiM RD_MAC 0 0xffffffff
# --> Emitted by: cent_simulation/aim_sim.py (line 272) :: RD_MAC_only_trace
# --> Likely caller: cent_simulation/TransformerBlock.py (line 806) :: Vector_Matrix_Mul_output_pim_only_trace
AiM WR_BIAS 0 0xffffffff
# --> Emitted by: cent_simulation/aim_sim.py (line 263) :: WR_BIAS_only_trace
# --> Likely caller: cent_simulation/TransformerBlock.py (line 806) :: Vector_Matrix_Mul_output_pim_only_trace
AiM MAC_ABK 64 0xffffffff 261
# --> Emitted by: cent_simulation/aim_sim.py (line 267) :: MAC_ABK_only_trace
# --> Likely caller: cent_simulation/TransformerBlock.py (line 697) :: Vector_Matrix_Mul_weight_pim_only_trace
AiM RD_MAC 0 0xffffffff
# --> Emitted by: cent_simulation/aim_sim.py (line 272) :: RD_MAC_only_trace
# --> Likely caller: cent_simulation/TransformerBlock.py (line 806) :: Vector_Matrix_Mul_output_pim_only_trace
AiM WR_BIAS 0 0xffffffff
# --> Emitted by: cent_simulation/aim_sim.py (line 263) :: WR_BIAS_only_trace
# --> Likely caller: cent_simulation/TransformerBlock.py (line 806) :: Vector_Matrix_Mul_output_pim_only_trace
AiM MAC_ABK 64 0xffffffff 265
# --> Emitted by: cent_simulation/aim_sim.py (line 267) :: MAC_ABK_only_trace
# --> Likely caller: cent_simulation/TransformerBlock.py (line 697) :: Vector_Matrix_Mul_weight_pim_only_trace
AiM RD_MAC 0 0xffffffff
# --> Emitted by: cent_simulation/aim_sim.py (line 272) :: RD_MAC_only_trace
# --> Likely caller: cent_simulation/TransformerBlock.py (line 806) :: Vector_Matrix_Mul_output_pim_only_trace
AiM WR_BIAS 0 0xffffffff
# --> Emitted by: cent_simulation/aim_sim.py (line 263) :: WR_BIAS_only_trace
# --> Likely caller: cent_simulation/TransformerBlock.py (line 806) :: Vector_Matrix_Mul_output_pim_only_trace
AiM MAC_ABK 64 0xffffffff 269
# --> Emitted by: cent_simulation/aim_sim.py (line 267) :: MAC_ABK_only_trace
# --> Likely caller: cent_simulation/TransformerBlock.py (line 697) :: Vector_Matrix_Mul_weight_pim_only_trace
AiM RD_MAC 0 0xffffffff
# --> Emitted by: cent_simulation/aim_sim.py (line 272) :: RD_MAC_only_trace
# --> Likely caller: cent_simulation/TransformerBlock.py (line 806) :: Vector_Matrix_Mul_output_pim_only_trace
AiM WR_BIAS 0 0xffffffff
# --> Emitted by: cent_simulation/aim_sim.py (line 263) :: WR_BIAS_only_trace
# --> Likely caller: cent_simulation/TransformerBlock.py (line 806) :: Vector_Matrix_Mul_output_pim_only_trace
AiM MAC_ABK 64 0xffffffff 273
# --> Emitted by: cent_simulation/aim_sim.py (line 267) :: MAC_ABK_only_trace
# --> Likely caller: cent_simulation/TransformerBlock.py (line 697) :: Vector_Matrix_Mul_weight_pim_only_trace
AiM RD_MAC 0 0xffffffff
# --> Emitted by: cent_simulation/aim_sim.py (line 272) :: RD_MAC_only_trace
# --> Likely caller: cent_simulation/TransformerBlock.py (line 806) :: Vector_Matrix_Mul_output_pim_only_trace
AiM WR_BIAS 0 0xffffffff
# --> Emitted by: cent_simulation/aim_sim.py (line 263) :: WR_BIAS_only_trace
# --> Likely caller: cent_simulation/TransformerBlock.py (line 806) :: Vector_Matrix_Mul_output_pim_only_trace
AiM MAC_ABK 64 0xffffffff 277
# --> Emitted by: cent_simulation/aim_sim.py (line 267) :: MAC_ABK_only_trace
# --> Likely caller: cent_simulation/TransformerBlock.py (line 697) :: Vector_Matrix_Mul_weight_pim_only_trace
AiM RD_MAC 0 0xffffffff
# --> Emitted by: cent_simulation/aim_sim.py (line 272) :: RD_MAC_only_trace
# --> Likely caller: cent_simulation/TransformerBlock.py (line 806) :: Vector_Matrix_Mul_output_pim_only_trace
AiM WR_BIAS 0 0xffffffff
# --> Emitted by: cent_simulation/aim_sim.py (line 263) :: WR_BIAS_only_trace
# --> Likely caller: cent_simulation/TransformerBlock.py (line 806) :: Vector_Matrix_Mul_output_pim_only_trace
AiM MAC_ABK 64 0xffffffff 281
# --> Emitted by: cent_simulation/aim_sim.py (line 267) :: MAC_ABK_only_trace
# --> Likely caller: cent_simulation/TransformerBlock.py (line 697) :: Vector_Matrix_Mul_weight_pim_only_trace
AiM RD_MAC 0 0xffffffff
# --> Emitted by: cent_simulation/aim_sim.py (line 272) :: RD_MAC_only_trace
# --> Likely caller: cent_simulation/TransformerBlock.py (line 806) :: Vector_Matrix_Mul_output_pim_only_trace
AiM WR_BIAS 0 0xffffffff
# --> Emitted by: cent_simulation/aim_sim.py (line 263) :: WR_BIAS_only_trace
# --> Likely caller: cent_simulation/TransformerBlock.py (line 806) :: Vector_Matrix_Mul_output_pim_only_trace
AiM MAC_ABK 64 0xffffffff 285
# --> Emitted by: cent_simulation/aim_sim.py (line 267) :: MAC_ABK_only_trace
# --> Likely caller: cent_simulation/TransformerBlock.py (line 697) :: Vector_Matrix_Mul_weight_pim_only_trace
AiM RD_MAC 0 0xffffffff
# --> Emitted by: cent_simulation/aim_sim.py (line 272) :: RD_MAC_only_trace
# --> Likely caller: cent_simulation/TransformerBlock.py (line 806) :: Vector_Matrix_Mul_output_pim_only_trace
AiM WR_BIAS 0 0xffffffff
# --> Emitted by: cent_simulation/aim_sim.py (line 263) :: WR_BIAS_only_trace
# --> Likely caller: cent_simulation/TransformerBlock.py (line 806) :: Vector_Matrix_Mul_output_pim_only_trace
AiM MAC_ABK 64 0xffffffff 289
# --> Emitted by: cent_simulation/aim_sim.py (line 267) :: MAC_ABK_only_trace
# --> Likely caller: cent_simulation/TransformerBlock.py (line 697) :: Vector_Matrix_Mul_weight_pim_only_trace
AiM RD_MAC 0 0xffffffff
# --> Emitted by: cent_simulation/aim_sim.py (line 272) :: RD_MAC_only_trace
# --> Likely caller: cent_simulation/TransformerBlock.py (line 806) :: Vector_Matrix_Mul_output_pim_only_trace
AiM WR_GB 64 0 0xffffffff
# --> Emitted by: cent_simulation/aim_sim.py (line 285) :: WR_GB_only_trace
# --> Likely caller: cent_simulation/TransformerBlock.py (line 697) :: Vector_Matrix_Mul_weight_pim_only_trace
AiM WR_BIAS 0 0xffffffff
# --> Emitted by: cent_simulation/aim_sim.py (line 263) :: WR_BIAS_only_trace
# --> Likely caller: cent_simulation/TransformerBlock.py (line 806) :: Vector_Matrix_Mul_output_pim_only_trace
AiM MAC_ABK 64 0xffffffff 206
# --> Emitted by: cent_simulation/aim_sim.py (line 267) :: MAC_ABK_only_trace
# --> Likely caller: cent_simulation/TransformerBlock.py (line 697) :: Vector_Matrix_Mul_weight_pim_only_trace
AiM RD_MAC 0 0xffffffff
# --> Emitted by: cent_simulation/aim_sim.py (line 272) :: RD_MAC_only_trace
# --> Likely caller: cent_simulation/TransformerBlock.py (line 806) :: Vector_Matrix_Mul_output_pim_only_trace
AiM WR_BIAS 0 0xffffffff
# --> Emitted by: cent_simulation/aim_sim.py (line 263) :: WR_BIAS_only_trace
# --> Likely caller: cent_simulation/TransformerBlock.py (line 806) :: Vector_Matrix_Mul_output_pim_only_trace
AiM MAC_ABK 64 0xffffffff 210
# --> Emitted by: cent_simulation/aim_sim.py (line 267) :: MAC_ABK_only_trace
# --> Likely caller: cent_simulation/TransformerBlock.py (line 697) :: Vector_Matrix_Mul_weight_pim_only_trace
AiM RD_MAC 0 0xffffffff
# --> Emitted by: cent_simulation/aim_sim.py (line 272) :: RD_MAC_only_trace
# --> Likely caller: cent_simulation/TransformerBlock.py (line 806) :: Vector_Matrix_Mul_output_pim_only_trace
AiM WR_BIAS 0 0xffffffff
# --> Emitted by: cent_simulation/aim_sim.py (line 263) :: WR_BIAS_only_trace
# --> Likely caller: cent_simulation/TransformerBlock.py (line 806) :: Vector_Matrix_Mul_output_pim_only_trace
AiM MAC_ABK 64 0xffffffff 214
# --> Emitted by: cent_simulation/aim_sim.py (line 267) :: MAC_ABK_only_trace
# --> Likely caller: cent_simulation/TransformerBlock.py (line 697) :: Vector_Matrix_Mul_weight_pim_only_trace
AiM RD_MAC 0 0xffffffff
# --> Emitted by: cent_simulation/aim_sim.py (line 272) :: RD_MAC_only_trace
# --> Likely caller: cent_simulation/TransformerBlock.py (line 806) :: Vector_Matrix_Mul_output_pim_only_trace
AiM WR_BIAS 0 0xffffffff
# --> Emitted by: cent_simulation/aim_sim.py (line 263) :: WR_BIAS_only_trace
# --> Likely caller: cent_simulation/TransformerBlock.py (line 806) :: Vector_Matrix_Mul_output_pim_only_trace
AiM MAC_ABK 64 0xffffffff 218
# --> Emitted by: cent_simulation/aim_sim.py (line 267) :: MAC_ABK_only_trace
# --> Likely caller: cent_simulation/TransformerBlock.py (line 697) :: Vector_Matrix_Mul_weight_pim_only_trace
AiM RD_MAC 0 0xffffffff
# --> Emitted by: cent_simulation/aim_sim.py (line 272) :: RD_MAC_only_trace
# --> Likely caller: cent_simulation/TransformerBlock.py (line 806) :: Vector_Matrix_Mul_output_pim_only_trace
AiM WR_BIAS 0 0xffffffff
# --> Emitted by: cent_simulation/aim_sim.py (line 263) :: WR_BIAS_only_trace
# --> Likely caller: cent_simulation/TransformerBlock.py (line 806) :: Vector_Matrix_Mul_output_pim_only_trace
AiM MAC_ABK 64 0xffffffff 222
# --> Emitted by: cent_simulation/aim_sim.py (line 267) :: MAC_ABK_only_trace
# --> Likely caller: cent_simulation/TransformerBlock.py (line 697) :: Vector_Matrix_Mul_weight_pim_only_trace
AiM RD_MAC 0 0xffffffff
# --> Emitted by: cent_simulation/aim_sim.py (line 272) :: RD_MAC_only_trace
# --> Likely caller: cent_simulation/TransformerBlock.py (line 806) :: Vector_Matrix_Mul_output_pim_only_trace
AiM WR_BIAS 0 0xffffffff
# --> Emitted by: cent_simulation/aim_sim.py (line 263) :: WR_BIAS_only_trace
# --> Likely caller: cent_simulation/TransformerBlock.py (line 806) :: Vector_Matrix_Mul_output_pim_only_trace
AiM MAC_ABK 64 0xffffffff 226
# --> Emitted by: cent_simulation/aim_sim.py (line 267) :: MAC_ABK_only_trace
# --> Likely caller: cent_simulation/TransformerBlock.py (line 697) :: Vector_Matrix_Mul_weight_pim_only_trace
AiM RD_MAC 0 0xffffffff
# --> Emitted by: cent_simulation/aim_sim.py (line 272) :: RD_MAC_only_trace
# --> Likely caller: cent_simulation/TransformerBlock.py (line 806) :: Vector_Matrix_Mul_output_pim_only_trace
AiM WR_BIAS 0 0xffffffff
# --> Emitted by: cent_simulation/aim_sim.py (line 263) :: WR_BIAS_only_trace
# --> Likely caller: cent_simulation/TransformerBlock.py (line 806) :: Vector_Matrix_Mul_output_pim_only_trace
AiM MAC_ABK 64 0xffffffff 230
# --> Emitted by: cent_simulation/aim_sim.py (line 267) :: MAC_ABK_only_trace
# --> Likely caller: cent_simulation/TransformerBlock.py (line 697) :: Vector_Matrix_Mul_weight_pim_only_trace
AiM RD_MAC 0 0xffffffff
# --> Emitted by: cent_simulation/aim_sim.py (line 272) :: RD_MAC_only_trace
# --> Likely caller: cent_simulation/TransformerBlock.py (line 806) :: Vector_Matrix_Mul_output_pim_only_trace
AiM WR_BIAS 0 0xffffffff
# --> Emitted by: cent_simulation/aim_sim.py (line 263) :: WR_BIAS_only_trace
# --> Likely caller: cent_simulation/TransformerBlock.py (line 806) :: Vector_Matrix_Mul_output_pim_only_trace
AiM MAC_ABK 64 0xffffffff 234
# --> Emitted by: cent_simulation/aim_sim.py (line 267) :: MAC_ABK_only_trace
# --> Likely caller: cent_simulation/TransformerBlock.py (line 697) :: Vector_Matrix_Mul_weight_pim_only_trace
AiM RD_MAC 0 0xffffffff
# --> Emitted by: cent_simulation/aim_sim.py (line 272) :: RD_MAC_only_trace
# --> Likely caller: cent_simulation/TransformerBlock.py (line 806) :: Vector_Matrix_Mul_output_pim_only_trace
AiM WR_BIAS 0 0xffffffff
# --> Emitted by: cent_simulation/aim_sim.py (line 263) :: WR_BIAS_only_trace
# --> Likely caller: cent_simulation/TransformerBlock.py (line 806) :: Vector_Matrix_Mul_output_pim_only_trace
AiM MAC_ABK 64 0xffffffff 238
# --> Emitted by: cent_simulation/aim_sim.py (line 267) :: MAC_ABK_only_trace
# --> Likely caller: cent_simulation/TransformerBlock.py (line 697) :: Vector_Matrix_Mul_weight_pim_only_trace
AiM RD_MAC 0 0xffffffff
# --> Emitted by: cent_simulation/aim_sim.py (line 272) :: RD_MAC_only_trace
# --> Likely caller: cent_simulation/TransformerBlock.py (line 806) :: Vector_Matrix_Mul_output_pim_only_trace
AiM WR_BIAS 0 0xffffffff
# --> Emitted by: cent_simulation/aim_sim.py (line 263) :: WR_BIAS_only_trace
# --> Likely caller: cent_simulation/TransformerBlock.py (line 806) :: Vector_Matrix_Mul_output_pim_only_trace
AiM MAC_ABK 64 0xffffffff 242
# --> Emitted by: cent_simulation/aim_sim.py (line 267) :: MAC_ABK_only_trace
# --> Likely caller: cent_simulation/TransformerBlock.py (line 697) :: Vector_Matrix_Mul_weight_pim_only_trace
AiM RD_MAC 0 0xffffffff
# --> Emitted by: cent_simulation/aim_sim.py (line 272) :: RD_MAC_only_trace
# --> Likely caller: cent_simulation/TransformerBlock.py (line 806) :: Vector_Matrix_Mul_output_pim_only_trace
AiM WR_BIAS 0 0xffffffff
# --> Emitted by: cent_simulation/aim_sim.py (line 263) :: WR_BIAS_only_trace
# --> Likely caller: cent_simulation/TransformerBlock.py (line 806) :: Vector_Matrix_Mul_output_pim_only_trace
AiM MAC_ABK 64 0xffffffff 246
# --> Emitted by: cent_simulation/aim_sim.py (line 267) :: MAC_ABK_only_trace
# --> Likely caller: cent_simulation/TransformerBlock.py (line 697) :: Vector_Matrix_Mul_weight_pim_only_trace
AiM RD_MAC 0 0xffffffff
# --> Emitted by: cent_simulation/aim_sim.py (line 272) :: RD_MAC_only_trace
# --> Likely caller: cent_simulation/TransformerBlock.py (line 806) :: Vector_Matrix_Mul_output_pim_only_trace
AiM WR_BIAS 0 0xffffffff
# --> Emitted by: cent_simulation/aim_sim.py (line 263) :: WR_BIAS_only_trace
# --> Likely caller: cent_simulation/TransformerBlock.py (line 806) :: Vector_Matrix_Mul_output_pim_only_trace
AiM MAC_ABK 64 0xffffffff 250
# --> Emitted by: cent_simulation/aim_sim.py (line 267) :: MAC_ABK_only_trace
# --> Likely caller: cent_simulation/TransformerBlock.py (line 697) :: Vector_Matrix_Mul_weight_pim_only_trace
AiM RD_MAC 0 0xffffffff
# --> Emitted by: cent_simulation/aim_sim.py (line 272) :: RD_MAC_only_trace
# --> Likely caller: cent_simulation/TransformerBlock.py (line 806) :: Vector_Matrix_Mul_output_pim_only_trace
AiM WR_BIAS 0 0xffffffff
# --> Emitted by: cent_simulation/aim_sim.py (line 263) :: WR_BIAS_only_trace
# --> Likely caller: cent_simulation/TransformerBlock.py (line 806) :: Vector_Matrix_Mul_output_pim_only_trace
AiM MAC_ABK 64 0xffffffff 254
# --> Emitted by: cent_simulation/aim_sim.py (line 267) :: MAC_ABK_only_trace
# --> Likely caller: cent_simulation/TransformerBlock.py (line 697) :: Vector_Matrix_Mul_weight_pim_only_trace
AiM RD_MAC 0 0xffffffff
# --> Emitted by: cent_simulation/aim_sim.py (line 272) :: RD_MAC_only_trace
# --> Likely caller: cent_simulation/TransformerBlock.py (line 806) :: Vector_Matrix_Mul_output_pim_only_trace
AiM WR_BIAS 0 0xffffffff
# --> Emitted by: cent_simulation/aim_sim.py (line 263) :: WR_BIAS_only_trace
# --> Likely caller: cent_simulation/TransformerBlock.py (line 806) :: Vector_Matrix_Mul_output_pim_only_trace
AiM MAC_ABK 64 0xffffffff 258
# --> Emitted by: cent_simulation/aim_sim.py (line 267) :: MAC_ABK_only_trace
# --> Likely caller: cent_simulation/TransformerBlock.py (line 697) :: Vector_Matrix_Mul_weight_pim_only_trace
AiM RD_MAC 0 0xffffffff
# --> Emitted by: cent_simulation/aim_sim.py (line 272) :: RD_MAC_only_trace
# --> Likely caller: cent_simulation/TransformerBlock.py (line 806) :: Vector_Matrix_Mul_output_pim_only_trace
AiM WR_BIAS 0 0xffffffff
# --> Emitted by: cent_simulation/aim_sim.py (line 263) :: WR_BIAS_only_trace
# --> Likely caller: cent_simulation/TransformerBlock.py (line 806) :: Vector_Matrix_Mul_output_pim_only_trace
AiM MAC_ABK 64 0xffffffff 262
# --> Emitted by: cent_simulation/aim_sim.py (line 267) :: MAC_ABK_only_trace
# --> Likely caller: cent_simulation/TransformerBlock.py (line 697) :: Vector_Matrix_Mul_weight_pim_only_trace
AiM RD_MAC 0 0xffffffff
# --> Emitted by: cent_simulation/aim_sim.py (line 272) :: RD_MAC_only_trace
# --> Likely caller: cent_simulation/TransformerBlock.py (line 806) :: Vector_Matrix_Mul_output_pim_only_trace
AiM WR_BIAS 0 0xffffffff
# --> Emitted by: cent_simulation/aim_sim.py (line 263) :: WR_BIAS_only_trace
# --> Likely caller: cent_simulation/TransformerBlock.py (line 806) :: Vector_Matrix_Mul_output_pim_only_trace
AiM MAC_ABK 64 0xffffffff 266
# --> Emitted by: cent_simulation/aim_sim.py (line 267) :: MAC_ABK_only_trace
# --> Likely caller: cent_simulation/TransformerBlock.py (line 697) :: Vector_Matrix_Mul_weight_pim_only_trace
AiM RD_MAC 0 0xffffffff
# --> Emitted by: cent_simulation/aim_sim.py (line 272) :: RD_MAC_only_trace
# --> Likely caller: cent_simulation/TransformerBlock.py (line 806) :: Vector_Matrix_Mul_output_pim_only_trace
AiM WR_BIAS 0 0xffffffff
# --> Emitted by: cent_simulation/aim_sim.py (line 263) :: WR_BIAS_only_trace
# --> Likely caller: cent_simulation/TransformerBlock.py (line 806) :: Vector_Matrix_Mul_output_pim_only_trace
AiM MAC_ABK 64 0xffffffff 270
# --> Emitted by: cent_simulation/aim_sim.py (line 267) :: MAC_ABK_only_trace
# --> Likely caller: cent_simulation/TransformerBlock.py (line 697) :: Vector_Matrix_Mul_weight_pim_only_trace
AiM RD_MAC 0 0xffffffff
# --> Emitted by: cent_simulation/aim_sim.py (line 272) :: RD_MAC_only_trace
# --> Likely caller: cent_simulation/TransformerBlock.py (line 806) :: Vector_Matrix_Mul_output_pim_only_trace
AiM WR_BIAS 0 0xffffffff
# --> Emitted by: cent_simulation/aim_sim.py (line 263) :: WR_BIAS_only_trace
# --> Likely caller: cent_simulation/TransformerBlock.py (line 806) :: Vector_Matrix_Mul_output_pim_only_trace
AiM MAC_ABK 64 0xffffffff 274
# --> Emitted by: cent_simulation/aim_sim.py (line 267) :: MAC_ABK_only_trace
# --> Likely caller: cent_simulation/TransformerBlock.py (line 697) :: Vector_Matrix_Mul_weight_pim_only_trace
AiM RD_MAC 0 0xffffffff
# --> Emitted by: cent_simulation/aim_sim.py (line 272) :: RD_MAC_only_trace
# --> Likely caller: cent_simulation/TransformerBlock.py (line 806) :: Vector_Matrix_Mul_output_pim_only_trace
AiM WR_BIAS 0 0xffffffff
# --> Emitted by: cent_simulation/aim_sim.py (line 263) :: WR_BIAS_only_trace
# --> Likely caller: cent_simulation/TransformerBlock.py (line 806) :: Vector_Matrix_Mul_output_pim_only_trace
AiM MAC_ABK 64 0xffffffff 278
# --> Emitted by: cent_simulation/aim_sim.py (line 267) :: MAC_ABK_only_trace
# --> Likely caller: cent_simulation/TransformerBlock.py (line 697) :: Vector_Matrix_Mul_weight_pim_only_trace
AiM RD_MAC 0 0xffffffff
# --> Emitted by: cent_simulation/aim_sim.py (line 272) :: RD_MAC_only_trace
# --> Likely caller: cent_simulation/TransformerBlock.py (line 806) :: Vector_Matrix_Mul_output_pim_only_trace
AiM WR_BIAS 0 0xffffffff
# --> Emitted by: cent_simulation/aim_sim.py (line 263) :: WR_BIAS_only_trace
# --> Likely caller: cent_simulation/TransformerBlock.py (line 806) :: Vector_Matrix_Mul_output_pim_only_trace
AiM MAC_ABK 64 0xffffffff 282
# --> Emitted by: cent_simulation/aim_sim.py (line 267) :: MAC_ABK_only_trace
# --> Likely caller: cent_simulation/TransformerBlock.py (line 697) :: Vector_Matrix_Mul_weight_pim_only_trace
AiM RD_MAC 0 0xffffffff
# --> Emitted by: cent_simulation/aim_sim.py (line 272) :: RD_MAC_only_trace
# --> Likely caller: cent_simulation/TransformerBlock.py (line 806) :: Vector_Matrix_Mul_output_pim_only_trace
AiM WR_BIAS 0 0xffffffff
# --> Emitted by: cent_simulation/aim_sim.py (line 263) :: WR_BIAS_only_trace
# --> Likely caller: cent_simulation/TransformerBlock.py (line 806) :: Vector_Matrix_Mul_output_pim_only_trace
AiM MAC_ABK 64 0xffffffff 286
# --> Emitted by: cent_simulation/aim_sim.py (line 267) :: MAC_ABK_only_trace
# --> Likely caller: cent_simulation/TransformerBlock.py (line 697) :: Vector_Matrix_Mul_weight_pim_only_trace
AiM RD_MAC 0 0xffffffff
# --> Emitted by: cent_simulation/aim_sim.py (line 272) :: RD_MAC_only_trace
# --> Likely caller: cent_simulation/TransformerBlock.py (line 806) :: Vector_Matrix_Mul_output_pim_only_trace
AiM WR_BIAS 0 0xffffffff
# --> Emitted by: cent_simulation/aim_sim.py (line 263) :: WR_BIAS_only_trace
# --> Likely caller: cent_simulation/TransformerBlock.py (line 806) :: Vector_Matrix_Mul_output_pim_only_trace
AiM MAC_ABK 64 0xffffffff 290
# --> Emitted by: cent_simulation/aim_sim.py (line 267) :: MAC_ABK_only_trace
# --> Likely caller: cent_simulation/TransformerBlock.py (line 697) :: Vector_Matrix_Mul_weight_pim_only_trace
AiM RD_MAC 0 0xffffffff
# --> Emitted by: cent_simulation/aim_sim.py (line 272) :: RD_MAC_only_trace
# --> Likely caller: cent_simulation/TransformerBlock.py (line 806) :: Vector_Matrix_Mul_output_pim_only_trace
AiM WR_GB 64 0 0xffffffff
# --> Emitted by: cent_simulation/aim_sim.py (line 285) :: WR_GB_only_trace
# --> Likely caller: cent_simulation/TransformerBlock.py (line 697) :: Vector_Matrix_Mul_weight_pim_only_trace
AiM WR_BIAS 0 0xffffffff
# --> Emitted by: cent_simulation/aim_sim.py (line 263) :: WR_BIAS_only_trace
# --> Likely caller: cent_simulation/TransformerBlock.py (line 806) :: Vector_Matrix_Mul_output_pim_only_trace
AiM MAC_ABK 64 0xffffffff 207
# --> Emitted by: cent_simulation/aim_sim.py (line 267) :: MAC_ABK_only_trace
# --> Likely caller: cent_simulation/TransformerBlock.py (line 697) :: Vector_Matrix_Mul_weight_pim_only_trace
AiM RD_MAC 0 0xffffffff
# --> Emitted by: cent_simulation/aim_sim.py (line 272) :: RD_MAC_only_trace
# --> Likely caller: cent_simulation/TransformerBlock.py (line 806) :: Vector_Matrix_Mul_output_pim_only_trace
AiM WR_BIAS 0 0xffffffff
# --> Emitted by: cent_simulation/aim_sim.py (line 263) :: WR_BIAS_only_trace
# --> Likely caller: cent_simulation/TransformerBlock.py (line 806) :: Vector_Matrix_Mul_output_pim_only_trace
AiM MAC_ABK 64 0xffffffff 211
# --> Emitted by: cent_simulation/aim_sim.py (line 267) :: MAC_ABK_only_trace
# --> Likely caller: cent_simulation/TransformerBlock.py (line 697) :: Vector_Matrix_Mul_weight_pim_only_trace
AiM RD_MAC 0 0xffffffff
# --> Emitted by: cent_simulation/aim_sim.py (line 272) :: RD_MAC_only_trace
# --> Likely caller: cent_simulation/TransformerBlock.py (line 806) :: Vector_Matrix_Mul_output_pim_only_trace
AiM WR_BIAS 0 0xffffffff
# --> Emitted by: cent_simulation/aim_sim.py (line 263) :: WR_BIAS_only_trace
# --> Likely caller: cent_simulation/TransformerBlock.py (line 806) :: Vector_Matrix_Mul_output_pim_only_trace
AiM MAC_ABK 64 0xffffffff 215
# --> Emitted by: cent_simulation/aim_sim.py (line 267) :: MAC_ABK_only_trace
# --> Likely caller: cent_simulation/TransformerBlock.py (line 697) :: Vector_Matrix_Mul_weight_pim_only_trace
AiM RD_MAC 0 0xffffffff
# --> Emitted by: cent_simulation/aim_sim.py (line 272) :: RD_MAC_only_trace
# --> Likely caller: cent_simulation/TransformerBlock.py (line 806) :: Vector_Matrix_Mul_output_pim_only_trace
AiM WR_BIAS 0 0xffffffff
# --> Emitted by: cent_simulation/aim_sim.py (line 263) :: WR_BIAS_only_trace
# --> Likely caller: cent_simulation/TransformerBlock.py (line 806) :: Vector_Matrix_Mul_output_pim_only_trace
AiM MAC_ABK 64 0xffffffff 219
# --> Emitted by: cent_simulation/aim_sim.py (line 267) :: MAC_ABK_only_trace
# --> Likely caller: cent_simulation/TransformerBlock.py (line 697) :: Vector_Matrix_Mul_weight_pim_only_trace
AiM RD_MAC 0 0xffffffff
# --> Emitted by: cent_simulation/aim_sim.py (line 272) :: RD_MAC_only_trace
# --> Likely caller: cent_simulation/TransformerBlock.py (line 806) :: Vector_Matrix_Mul_output_pim_only_trace
AiM WR_BIAS 0 0xffffffff
# --> Emitted by: cent_simulation/aim_sim.py (line 263) :: WR_BIAS_only_trace
# --> Likely caller: cent_simulation/TransformerBlock.py (line 806) :: Vector_Matrix_Mul_output_pim_only_trace
AiM MAC_ABK 64 0xffffffff 223
# --> Emitted by: cent_simulation/aim_sim.py (line 267) :: MAC_ABK_only_trace
# --> Likely caller: cent_simulation/TransformerBlock.py (line 697) :: Vector_Matrix_Mul_weight_pim_only_trace
AiM RD_MAC 0 0xffffffff
# --> Emitted by: cent_simulation/aim_sim.py (line 272) :: RD_MAC_only_trace
# --> Likely caller: cent_simulation/TransformerBlock.py (line 806) :: Vector_Matrix_Mul_output_pim_only_trace
AiM WR_BIAS 0 0xffffffff
# --> Emitted by: cent_simulation/aim_sim.py (line 263) :: WR_BIAS_only_trace
# --> Likely caller: cent_simulation/TransformerBlock.py (line 806) :: Vector_Matrix_Mul_output_pim_only_trace
AiM MAC_ABK 64 0xffffffff 227
# --> Emitted by: cent_simulation/aim_sim.py (line 267) :: MAC_ABK_only_trace
# --> Likely caller: cent_simulation/TransformerBlock.py (line 697) :: Vector_Matrix_Mul_weight_pim_only_trace
AiM RD_MAC 0 0xffffffff
# --> Emitted by: cent_simulation/aim_sim.py (line 272) :: RD_MAC_only_trace
# --> Likely caller: cent_simulation/TransformerBlock.py (line 806) :: Vector_Matrix_Mul_output_pim_only_trace
AiM WR_BIAS 0 0xffffffff
# --> Emitted by: cent_simulation/aim_sim.py (line 263) :: WR_BIAS_only_trace
# --> Likely caller: cent_simulation/TransformerBlock.py (line 806) :: Vector_Matrix_Mul_output_pim_only_trace
AiM MAC_ABK 64 0xffffffff 231
# --> Emitted by: cent_simulation/aim_sim.py (line 267) :: MAC_ABK_only_trace
# --> Likely caller: cent_simulation/TransformerBlock.py (line 697) :: Vector_Matrix_Mul_weight_pim_only_trace
AiM RD_MAC 0 0xffffffff
# --> Emitted by: cent_simulation/aim_sim.py (line 272) :: RD_MAC_only_trace
# --> Likely caller: cent_simulation/TransformerBlock.py (line 806) :: Vector_Matrix_Mul_output_pim_only_trace
AiM WR_BIAS 0 0xffffffff
# --> Emitted by: cent_simulation/aim_sim.py (line 263) :: WR_BIAS_only_trace
# --> Likely caller: cent_simulation/TransformerBlock.py (line 806) :: Vector_Matrix_Mul_output_pim_only_trace
AiM MAC_ABK 64 0xffffffff 235
# --> Emitted by: cent_simulation/aim_sim.py (line 267) :: MAC_ABK_only_trace
# --> Likely caller: cent_simulation/TransformerBlock.py (line 697) :: Vector_Matrix_Mul_weight_pim_only_trace
AiM RD_MAC 0 0xffffffff
# --> Emitted by: cent_simulation/aim_sim.py (line 272) :: RD_MAC_only_trace
# --> Likely caller: cent_simulation/TransformerBlock.py (line 806) :: Vector_Matrix_Mul_output_pim_only_trace
AiM WR_BIAS 0 0xffffffff
# --> Emitted by: cent_simulation/aim_sim.py (line 263) :: WR_BIAS_only_trace
# --> Likely caller: cent_simulation/TransformerBlock.py (line 806) :: Vector_Matrix_Mul_output_pim_only_trace
AiM MAC_ABK 64 0xffffffff 239
# --> Emitted by: cent_simulation/aim_sim.py (line 267) :: MAC_ABK_only_trace
# --> Likely caller: cent_simulation/TransformerBlock.py (line 697) :: Vector_Matrix_Mul_weight_pim_only_trace
AiM RD_MAC 0 0xffffffff
# --> Emitted by: cent_simulation/aim_sim.py (line 272) :: RD_MAC_only_trace
# --> Likely caller: cent_simulation/TransformerBlock.py (line 806) :: Vector_Matrix_Mul_output_pim_only_trace
AiM WR_BIAS 0 0xffffffff
# --> Emitted by: cent_simulation/aim_sim.py (line 263) :: WR_BIAS_only_trace
# --> Likely caller: cent_simulation/TransformerBlock.py (line 806) :: Vector_Matrix_Mul_output_pim_only_trace
AiM MAC_ABK 64 0xffffffff 243
# --> Emitted by: cent_simulation/aim_sim.py (line 267) :: MAC_ABK_only_trace
# --> Likely caller: cent_simulation/TransformerBlock.py (line 697) :: Vector_Matrix_Mul_weight_pim_only_trace
AiM RD_MAC 0 0xffffffff
# --> Emitted by: cent_simulation/aim_sim.py (line 272) :: RD_MAC_only_trace
# --> Likely caller: cent_simulation/TransformerBlock.py (line 806) :: Vector_Matrix_Mul_output_pim_only_trace
AiM WR_BIAS 0 0xffffffff
# --> Emitted by: cent_simulation/aim_sim.py (line 263) :: WR_BIAS_only_trace
# --> Likely caller: cent_simulation/TransformerBlock.py (line 806) :: Vector_Matrix_Mul_output_pim_only_trace
AiM MAC_ABK 64 0xffffffff 247
# --> Emitted by: cent_simulation/aim_sim.py (line 267) :: MAC_ABK_only_trace
# --> Likely caller: cent_simulation/TransformerBlock.py (line 697) :: Vector_Matrix_Mul_weight_pim_only_trace
AiM RD_MAC 0 0xffffffff
# --> Emitted by: cent_simulation/aim_sim.py (line 272) :: RD_MAC_only_trace
# --> Likely caller: cent_simulation/TransformerBlock.py (line 806) :: Vector_Matrix_Mul_output_pim_only_trace
AiM WR_BIAS 0 0xffffffff
# --> Emitted by: cent_simulation/aim_sim.py (line 263) :: WR_BIAS_only_trace
# --> Likely caller: cent_simulation/TransformerBlock.py (line 806) :: Vector_Matrix_Mul_output_pim_only_trace
AiM MAC_ABK 64 0xffffffff 251
# --> Emitted by: cent_simulation/aim_sim.py (line 267) :: MAC_ABK_only_trace
# --> Likely caller: cent_simulation/TransformerBlock.py (line 697) :: Vector_Matrix_Mul_weight_pim_only_trace
AiM RD_MAC 0 0xffffffff
# --> Emitted by: cent_simulation/aim_sim.py (line 272) :: RD_MAC_only_trace
# --> Likely caller: cent_simulation/TransformerBlock.py (line 806) :: Vector_Matrix_Mul_output_pim_only_trace
AiM WR_BIAS 0 0xffffffff
# --> Emitted by: cent_simulation/aim_sim.py (line 263) :: WR_BIAS_only_trace
# --> Likely caller: cent_simulation/TransformerBlock.py (line 806) :: Vector_Matrix_Mul_output_pim_only_trace
AiM MAC_ABK 64 0xffffffff 255
# --> Emitted by: cent_simulation/aim_sim.py (line 267) :: MAC_ABK_only_trace
# --> Likely caller: cent_simulation/TransformerBlock.py (line 697) :: Vector_Matrix_Mul_weight_pim_only_trace
AiM RD_MAC 0 0xffffffff
# --> Emitted by: cent_simulation/aim_sim.py (line 272) :: RD_MAC_only_trace
# --> Likely caller: cent_simulation/TransformerBlock.py (line 806) :: Vector_Matrix_Mul_output_pim_only_trace
AiM WR_BIAS 0 0xffffffff
# --> Emitted by: cent_simulation/aim_sim.py (line 263) :: WR_BIAS_only_trace
# --> Likely caller: cent_simulation/TransformerBlock.py (line 806) :: Vector_Matrix_Mul_output_pim_only_trace
AiM MAC_ABK 64 0xffffffff 259
# --> Emitted by: cent_simulation/aim_sim.py (line 267) :: MAC_ABK_only_trace
# --> Likely caller: cent_simulation/TransformerBlock.py (line 697) :: Vector_Matrix_Mul_weight_pim_only_trace
AiM RD_MAC 0 0xffffffff
# --> Emitted by: cent_simulation/aim_sim.py (line 272) :: RD_MAC_only_trace
# --> Likely caller: cent_simulation/TransformerBlock.py (line 806) :: Vector_Matrix_Mul_output_pim_only_trace
AiM WR_BIAS 0 0xffffffff
# --> Emitted by: cent_simulation/aim_sim.py (line 263) :: WR_BIAS_only_trace
# --> Likely caller: cent_simulation/TransformerBlock.py (line 806) :: Vector_Matrix_Mul_output_pim_only_trace
AiM MAC_ABK 64 0xffffffff 263
# --> Emitted by: cent_simulation/aim_sim.py (line 267) :: MAC_ABK_only_trace
# --> Likely caller: cent_simulation/TransformerBlock.py (line 697) :: Vector_Matrix_Mul_weight_pim_only_trace
AiM RD_MAC 0 0xffffffff
# --> Emitted by: cent_simulation/aim_sim.py (line 272) :: RD_MAC_only_trace
# --> Likely caller: cent_simulation/TransformerBlock.py (line 806) :: Vector_Matrix_Mul_output_pim_only_trace
AiM WR_BIAS 0 0xffffffff
# --> Emitted by: cent_simulation/aim_sim.py (line 263) :: WR_BIAS_only_trace
# --> Likely caller: cent_simulation/TransformerBlock.py (line 806) :: Vector_Matrix_Mul_output_pim_only_trace
AiM MAC_ABK 64 0xffffffff 267
# --> Emitted by: cent_simulation/aim_sim.py (line 267) :: MAC_ABK_only_trace
# --> Likely caller: cent_simulation/TransformerBlock.py (line 697) :: Vector_Matrix_Mul_weight_pim_only_trace
AiM RD_MAC 0 0xffffffff
# --> Emitted by: cent_simulation/aim_sim.py (line 272) :: RD_MAC_only_trace
# --> Likely caller: cent_simulation/TransformerBlock.py (line 806) :: Vector_Matrix_Mul_output_pim_only_trace
AiM WR_BIAS 0 0xffffffff
# --> Emitted by: cent_simulation/aim_sim.py (line 263) :: WR_BIAS_only_trace
# --> Likely caller: cent_simulation/TransformerBlock.py (line 806) :: Vector_Matrix_Mul_output_pim_only_trace
AiM MAC_ABK 64 0xffffffff 271
# --> Emitted by: cent_simulation/aim_sim.py (line 267) :: MAC_ABK_only_trace
# --> Likely caller: cent_simulation/TransformerBlock.py (line 697) :: Vector_Matrix_Mul_weight_pim_only_trace
AiM RD_MAC 0 0xffffffff
# --> Emitted by: cent_simulation/aim_sim.py (line 272) :: RD_MAC_only_trace
# --> Likely caller: cent_simulation/TransformerBlock.py (line 806) :: Vector_Matrix_Mul_output_pim_only_trace
AiM WR_BIAS 0 0xffffffff
# --> Emitted by: cent_simulation/aim_sim.py (line 263) :: WR_BIAS_only_trace
# --> Likely caller: cent_simulation/TransformerBlock.py (line 806) :: Vector_Matrix_Mul_output_pim_only_trace
AiM MAC_ABK 64 0xffffffff 275
# --> Emitted by: cent_simulation/aim_sim.py (line 267) :: MAC_ABK_only_trace
# --> Likely caller: cent_simulation/TransformerBlock.py (line 697) :: Vector_Matrix_Mul_weight_pim_only_trace
AiM RD_MAC 0 0xffffffff
# --> Emitted by: cent_simulation/aim_sim.py (line 272) :: RD_MAC_only_trace
# --> Likely caller: cent_simulation/TransformerBlock.py (line 806) :: Vector_Matrix_Mul_output_pim_only_trace
AiM WR_BIAS 0 0xffffffff
# --> Emitted by: cent_simulation/aim_sim.py (line 263) :: WR_BIAS_only_trace
# --> Likely caller: cent_simulation/TransformerBlock.py (line 806) :: Vector_Matrix_Mul_output_pim_only_trace
AiM MAC_ABK 64 0xffffffff 279
# --> Emitted by: cent_simulation/aim_sim.py (line 267) :: MAC_ABK_only_trace
# --> Likely caller: cent_simulation/TransformerBlock.py (line 697) :: Vector_Matrix_Mul_weight_pim_only_trace
AiM RD_MAC 0 0xffffffff
# --> Emitted by: cent_simulation/aim_sim.py (line 272) :: RD_MAC_only_trace
# --> Likely caller: cent_simulation/TransformerBlock.py (line 806) :: Vector_Matrix_Mul_output_pim_only_trace
AiM WR_BIAS 0 0xffffffff
# --> Emitted by: cent_simulation/aim_sim.py (line 263) :: WR_BIAS_only_trace
# --> Likely caller: cent_simulation/TransformerBlock.py (line 806) :: Vector_Matrix_Mul_output_pim_only_trace
AiM MAC_ABK 64 0xffffffff 283
# --> Emitted by: cent_simulation/aim_sim.py (line 267) :: MAC_ABK_only_trace
# --> Likely caller: cent_simulation/TransformerBlock.py (line 697) :: Vector_Matrix_Mul_weight_pim_only_trace
AiM RD_MAC 0 0xffffffff
# --> Emitted by: cent_simulation/aim_sim.py (line 272) :: RD_MAC_only_trace
# --> Likely caller: cent_simulation/TransformerBlock.py (line 806) :: Vector_Matrix_Mul_output_pim_only_trace
AiM WR_BIAS 0 0xffffffff
# --> Emitted by: cent_simulation/aim_sim.py (line 263) :: WR_BIAS_only_trace
# --> Likely caller: cent_simulation/TransformerBlock.py (line 806) :: Vector_Matrix_Mul_output_pim_only_trace
AiM MAC_ABK 64 0xffffffff 287
# --> Emitted by: cent_simulation/aim_sim.py (line 267) :: MAC_ABK_only_trace
# --> Likely caller: cent_simulation/TransformerBlock.py (line 697) :: Vector_Matrix_Mul_weight_pim_only_trace
AiM RD_MAC 0 0xffffffff
# --> Emitted by: cent_simulation/aim_sim.py (line 272) :: RD_MAC_only_trace
# --> Likely caller: cent_simulation/TransformerBlock.py (line 806) :: Vector_Matrix_Mul_output_pim_only_trace
AiM WR_BIAS 0 0xffffffff
# --> Emitted by: cent_simulation/aim_sim.py (line 263) :: WR_BIAS_only_trace
# --> Likely caller: cent_simulation/TransformerBlock.py (line 806) :: Vector_Matrix_Mul_output_pim_only_trace
AiM MAC_ABK 64 0xffffffff 291
# --> Emitted by: cent_simulation/aim_sim.py (line 267) :: MAC_ABK_only_trace
# --> Likely caller: cent_simulation/TransformerBlock.py (line 697) :: Vector_Matrix_Mul_weight_pim_only_trace
AiM RD_MAC 0 0xffffffff
# --> Emitted by: cent_simulation/aim_sim.py (line 272) :: RD_MAC_only_trace
# --> Likely caller: cent_simulation/TransformerBlock.py (line 806) :: Vector_Matrix_Mul_output_pim_only_trace
AiM WR_GB 64 0 0xffffffff
# --> Emitted by: cent_simulation/aim_sim.py (line 285) :: WR_GB_only_trace
# --> Likely caller: cent_simulation/TransformerBlock.py (line 697) :: Vector_Matrix_Mul_weight_pim_only_trace
AiM WR_BIAS 0 0xffffffff
# --> Emitted by: cent_simulation/aim_sim.py (line 263) :: WR_BIAS_only_trace
# --> Likely caller: cent_simulation/TransformerBlock.py (line 806) :: Vector_Matrix_Mul_output_pim_only_trace
AiM MAC_ABK 64 0xffffffff 208
# --> Emitted by: cent_simulation/aim_sim.py (line 267) :: MAC_ABK_only_trace
# --> Likely caller: cent_simulation/TransformerBlock.py (line 697) :: Vector_Matrix_Mul_weight_pim_only_trace
AiM AF 0xffffffff
# --> Emitted by: cent_simulation/aim_sim.py (line 299) :: AF_only_trace
# --> Likely caller: cent_simulation/TransformerBlock.py (line 737) :: Vector_Matrix_Mul_weight_af_pim_only_trace
AiM RD_MAC 0 0xffffffff
# --> Emitted by: cent_simulation/aim_sim.py (line 272) :: RD_MAC_only_trace
# --> Likely caller: cent_simulation/TransformerBlock.py (line 806) :: Vector_Matrix_Mul_output_pim_only_trace
AiM WR_BIAS 0 0xffffffff
# --> Emitted by: cent_simulation/aim_sim.py (line 263) :: WR_BIAS_only_trace
# --> Likely caller: cent_simulation/TransformerBlock.py (line 806) :: Vector_Matrix_Mul_output_pim_only_trace
AiM MAC_ABK 64 0xffffffff 212
# --> Emitted by: cent_simulation/aim_sim.py (line 267) :: MAC_ABK_only_trace
# --> Likely caller: cent_simulation/TransformerBlock.py (line 697) :: Vector_Matrix_Mul_weight_pim_only_trace
AiM AF 0xffffffff
# --> Emitted by: cent_simulation/aim_sim.py (line 299) :: AF_only_trace
# --> Likely caller: cent_simulation/TransformerBlock.py (line 737) :: Vector_Matrix_Mul_weight_af_pim_only_trace
AiM RD_MAC 0 0xffffffff
# --> Emitted by: cent_simulation/aim_sim.py (line 272) :: RD_MAC_only_trace
# --> Likely caller: cent_simulation/TransformerBlock.py (line 806) :: Vector_Matrix_Mul_output_pim_only_trace
AiM WR_BIAS 0 0xffffffff
# --> Emitted by: cent_simulation/aim_sim.py (line 263) :: WR_BIAS_only_trace
# --> Likely caller: cent_simulation/TransformerBlock.py (line 806) :: Vector_Matrix_Mul_output_pim_only_trace
AiM MAC_ABK 64 0xffffffff 216
# --> Emitted by: cent_simulation/aim_sim.py (line 267) :: MAC_ABK_only_trace
# --> Likely caller: cent_simulation/TransformerBlock.py (line 697) :: Vector_Matrix_Mul_weight_pim_only_trace
AiM AF 0xffffffff
# --> Emitted by: cent_simulation/aim_sim.py (line 299) :: AF_only_trace
# --> Likely caller: cent_simulation/TransformerBlock.py (line 737) :: Vector_Matrix_Mul_weight_af_pim_only_trace
AiM RD_MAC 0 0xffffffff
# --> Emitted by: cent_simulation/aim_sim.py (line 272) :: RD_MAC_only_trace
# --> Likely caller: cent_simulation/TransformerBlock.py (line 806) :: Vector_Matrix_Mul_output_pim_only_trace
AiM WR_BIAS 0 0xffffffff
# --> Emitted by: cent_simulation/aim_sim.py (line 263) :: WR_BIAS_only_trace
# --> Likely caller: cent_simulation/TransformerBlock.py (line 806) :: Vector_Matrix_Mul_output_pim_only_trace
AiM MAC_ABK 64 0xffffffff 220
# --> Emitted by: cent_simulation/aim_sim.py (line 267) :: MAC_ABK_only_trace
# --> Likely caller: cent_simulation/TransformerBlock.py (line 697) :: Vector_Matrix_Mul_weight_pim_only_trace
AiM AF 0xffffffff
# --> Emitted by: cent_simulation/aim_sim.py (line 299) :: AF_only_trace
# --> Likely caller: cent_simulation/TransformerBlock.py (line 737) :: Vector_Matrix_Mul_weight_af_pim_only_trace
AiM RD_MAC 0 0xffffffff
# --> Emitted by: cent_simulation/aim_sim.py (line 272) :: RD_MAC_only_trace
# --> Likely caller: cent_simulation/TransformerBlock.py (line 806) :: Vector_Matrix_Mul_output_pim_only_trace
AiM WR_BIAS 0 0xffffffff
# --> Emitted by: cent_simulation/aim_sim.py (line 263) :: WR_BIAS_only_trace
# --> Likely caller: cent_simulation/TransformerBlock.py (line 806) :: Vector_Matrix_Mul_output_pim_only_trace
AiM MAC_ABK 64 0xffffffff 224
# --> Emitted by: cent_simulation/aim_sim.py (line 267) :: MAC_ABK_only_trace
# --> Likely caller: cent_simulation/TransformerBlock.py (line 697) :: Vector_Matrix_Mul_weight_pim_only_trace
AiM AF 0xffffffff
# --> Emitted by: cent_simulation/aim_sim.py (line 299) :: AF_only_trace
# --> Likely caller: cent_simulation/TransformerBlock.py (line 737) :: Vector_Matrix_Mul_weight_af_pim_only_trace
AiM RD_MAC 0 0xffffffff
# --> Emitted by: cent_simulation/aim_sim.py (line 272) :: RD_MAC_only_trace
# --> Likely caller: cent_simulation/TransformerBlock.py (line 806) :: Vector_Matrix_Mul_output_pim_only_trace
AiM WR_BIAS 0 0xffffffff
# --> Emitted by: cent_simulation/aim_sim.py (line 263) :: WR_BIAS_only_trace
# --> Likely caller: cent_simulation/TransformerBlock.py (line 806) :: Vector_Matrix_Mul_output_pim_only_trace
AiM MAC_ABK 64 0xffffffff 228
# --> Emitted by: cent_simulation/aim_sim.py (line 267) :: MAC_ABK_only_trace
# --> Likely caller: cent_simulation/TransformerBlock.py (line 697) :: Vector_Matrix_Mul_weight_pim_only_trace
AiM AF 0xffffffff
# --> Emitted by: cent_simulation/aim_sim.py (line 299) :: AF_only_trace
# --> Likely caller: cent_simulation/TransformerBlock.py (line 737) :: Vector_Matrix_Mul_weight_af_pim_only_trace
AiM RD_MAC 0 0xffffffff
# --> Emitted by: cent_simulation/aim_sim.py (line 272) :: RD_MAC_only_trace
# --> Likely caller: cent_simulation/TransformerBlock.py (line 806) :: Vector_Matrix_Mul_output_pim_only_trace
AiM WR_BIAS 0 0xffffffff
# --> Emitted by: cent_simulation/aim_sim.py (line 263) :: WR_BIAS_only_trace
# --> Likely caller: cent_simulation/TransformerBlock.py (line 806) :: Vector_Matrix_Mul_output_pim_only_trace
AiM MAC_ABK 64 0xffffffff 232
# --> Emitted by: cent_simulation/aim_sim.py (line 267) :: MAC_ABK_only_trace
# --> Likely caller: cent_simulation/TransformerBlock.py (line 697) :: Vector_Matrix_Mul_weight_pim_only_trace
AiM AF 0xffffffff
# --> Emitted by: cent_simulation/aim_sim.py (line 299) :: AF_only_trace
# --> Likely caller: cent_simulation/TransformerBlock.py (line 737) :: Vector_Matrix_Mul_weight_af_pim_only_trace
AiM RD_MAC 0 0xffffffff
# --> Emitted by: cent_simulation/aim_sim.py (line 272) :: RD_MAC_only_trace
# --> Likely caller: cent_simulation/TransformerBlock.py (line 806) :: Vector_Matrix_Mul_output_pim_only_trace
AiM WR_BIAS 0 0xffffffff
# --> Emitted by: cent_simulation/aim_sim.py (line 263) :: WR_BIAS_only_trace
# --> Likely caller: cent_simulation/TransformerBlock.py (line 806) :: Vector_Matrix_Mul_output_pim_only_trace
AiM MAC_ABK 64 0xffffffff 236
# --> Emitted by: cent_simulation/aim_sim.py (line 267) :: MAC_ABK_only_trace
# --> Likely caller: cent_simulation/TransformerBlock.py (line 697) :: Vector_Matrix_Mul_weight_pim_only_trace
AiM AF 0xffffffff
# --> Emitted by: cent_simulation/aim_sim.py (line 299) :: AF_only_trace
# --> Likely caller: cent_simulation/TransformerBlock.py (line 737) :: Vector_Matrix_Mul_weight_af_pim_only_trace
AiM RD_MAC 0 0xffffffff
# --> Emitted by: cent_simulation/aim_sim.py (line 272) :: RD_MAC_only_trace
# --> Likely caller: cent_simulation/TransformerBlock.py (line 806) :: Vector_Matrix_Mul_output_pim_only_trace
AiM WR_BIAS 0 0xffffffff
# --> Emitted by: cent_simulation/aim_sim.py (line 263) :: WR_BIAS_only_trace
# --> Likely caller: cent_simulation/TransformerBlock.py (line 806) :: Vector_Matrix_Mul_output_pim_only_trace
AiM MAC_ABK 64 0xffffffff 240
# --> Emitted by: cent_simulation/aim_sim.py (line 267) :: MAC_ABK_only_trace
# --> Likely caller: cent_simulation/TransformerBlock.py (line 697) :: Vector_Matrix_Mul_weight_pim_only_trace
AiM AF 0xffffffff
# --> Emitted by: cent_simulation/aim_sim.py (line 299) :: AF_only_trace
# --> Likely caller: cent_simulation/TransformerBlock.py (line 737) :: Vector_Matrix_Mul_weight_af_pim_only_trace
AiM RD_MAC 0 0xffffffff
# --> Emitted by: cent_simulation/aim_sim.py (line 272) :: RD_MAC_only_trace
# --> Likely caller: cent_simulation/TransformerBlock.py (line 806) :: Vector_Matrix_Mul_output_pim_only_trace
AiM WR_BIAS 0 0xffffffff
# --> Emitted by: cent_simulation/aim_sim.py (line 263) :: WR_BIAS_only_trace
# --> Likely caller: cent_simulation/TransformerBlock.py (line 806) :: Vector_Matrix_Mul_output_pim_only_trace
AiM MAC_ABK 64 0xffffffff 244
# --> Emitted by: cent_simulation/aim_sim.py (line 267) :: MAC_ABK_only_trace
# --> Likely caller: cent_simulation/TransformerBlock.py (line 697) :: Vector_Matrix_Mul_weight_pim_only_trace
AiM AF 0xffffffff
# --> Emitted by: cent_simulation/aim_sim.py (line 299) :: AF_only_trace
# --> Likely caller: cent_simulation/TransformerBlock.py (line 737) :: Vector_Matrix_Mul_weight_af_pim_only_trace
AiM RD_MAC 0 0xffffffff
# --> Emitted by: cent_simulation/aim_sim.py (line 272) :: RD_MAC_only_trace
# --> Likely caller: cent_simulation/TransformerBlock.py (line 806) :: Vector_Matrix_Mul_output_pim_only_trace
AiM WR_BIAS 0 0xffffffff
# --> Emitted by: cent_simulation/aim_sim.py (line 263) :: WR_BIAS_only_trace
# --> Likely caller: cent_simulation/TransformerBlock.py (line 806) :: Vector_Matrix_Mul_output_pim_only_trace
AiM MAC_ABK 64 0xffffffff 248
# --> Emitted by: cent_simulation/aim_sim.py (line 267) :: MAC_ABK_only_trace
# --> Likely caller: cent_simulation/TransformerBlock.py (line 697) :: Vector_Matrix_Mul_weight_pim_only_trace
AiM AF 0xffffffff
# --> Emitted by: cent_simulation/aim_sim.py (line 299) :: AF_only_trace
# --> Likely caller: cent_simulation/TransformerBlock.py (line 737) :: Vector_Matrix_Mul_weight_af_pim_only_trace
AiM RD_MAC 0 0xffffffff
# --> Emitted by: cent_simulation/aim_sim.py (line 272) :: RD_MAC_only_trace
# --> Likely caller: cent_simulation/TransformerBlock.py (line 806) :: Vector_Matrix_Mul_output_pim_only_trace
AiM WR_BIAS 0 0xffffffff
# --> Emitted by: cent_simulation/aim_sim.py (line 263) :: WR_BIAS_only_trace
# --> Likely caller: cent_simulation/TransformerBlock.py (line 806) :: Vector_Matrix_Mul_output_pim_only_trace
AiM MAC_ABK 64 0xffffffff 252
# --> Emitted by: cent_simulation/aim_sim.py (line 267) :: MAC_ABK_only_trace
# --> Likely caller: cent_simulation/TransformerBlock.py (line 697) :: Vector_Matrix_Mul_weight_pim_only_trace
AiM AF 0xffffffff
# --> Emitted by: cent_simulation/aim_sim.py (line 299) :: AF_only_trace
# --> Likely caller: cent_simulation/TransformerBlock.py (line 737) :: Vector_Matrix_Mul_weight_af_pim_only_trace
AiM RD_MAC 0 0xffffffff
# --> Emitted by: cent_simulation/aim_sim.py (line 272) :: RD_MAC_only_trace
# --> Likely caller: cent_simulation/TransformerBlock.py (line 806) :: Vector_Matrix_Mul_output_pim_only_trace
AiM WR_BIAS 0 0xffffffff
# --> Emitted by: cent_simulation/aim_sim.py (line 263) :: WR_BIAS_only_trace
# --> Likely caller: cent_simulation/TransformerBlock.py (line 806) :: Vector_Matrix_Mul_output_pim_only_trace
AiM MAC_ABK 64 0xffffffff 256
# --> Emitted by: cent_simulation/aim_sim.py (line 267) :: MAC_ABK_only_trace
# --> Likely caller: cent_simulation/TransformerBlock.py (line 697) :: Vector_Matrix_Mul_weight_pim_only_trace
AiM AF 0xffffffff
# --> Emitted by: cent_simulation/aim_sim.py (line 299) :: AF_only_trace
# --> Likely caller: cent_simulation/TransformerBlock.py (line 737) :: Vector_Matrix_Mul_weight_af_pim_only_trace
AiM RD_MAC 0 0xffffffff
# --> Emitted by: cent_simulation/aim_sim.py (line 272) :: RD_MAC_only_trace
# --> Likely caller: cent_simulation/TransformerBlock.py (line 806) :: Vector_Matrix_Mul_output_pim_only_trace
AiM WR_BIAS 0 0xffffffff
# --> Emitted by: cent_simulation/aim_sim.py (line 263) :: WR_BIAS_only_trace
# --> Likely caller: cent_simulation/TransformerBlock.py (line 806) :: Vector_Matrix_Mul_output_pim_only_trace
AiM MAC_ABK 64 0xffffffff 260
# --> Emitted by: cent_simulation/aim_sim.py (line 267) :: MAC_ABK_only_trace
# --> Likely caller: cent_simulation/TransformerBlock.py (line 697) :: Vector_Matrix_Mul_weight_pim_only_trace
AiM AF 0xffffffff
# --> Emitted by: cent_simulation/aim_sim.py (line 299) :: AF_only_trace
# --> Likely caller: cent_simulation/TransformerBlock.py (line 737) :: Vector_Matrix_Mul_weight_af_pim_only_trace
AiM RD_MAC 0 0xffffffff
# --> Emitted by: cent_simulation/aim_sim.py (line 272) :: RD_MAC_only_trace
# --> Likely caller: cent_simulation/TransformerBlock.py (line 806) :: Vector_Matrix_Mul_output_pim_only_trace
AiM WR_BIAS 0 0xffffffff
# --> Emitted by: cent_simulation/aim_sim.py (line 263) :: WR_BIAS_only_trace
# --> Likely caller: cent_simulation/TransformerBlock.py (line 806) :: Vector_Matrix_Mul_output_pim_only_trace
AiM MAC_ABK 64 0xffffffff 264
# --> Emitted by: cent_simulation/aim_sim.py (line 267) :: MAC_ABK_only_trace
# --> Likely caller: cent_simulation/TransformerBlock.py (line 697) :: Vector_Matrix_Mul_weight_pim_only_trace
AiM AF 0xffffffff
# --> Emitted by: cent_simulation/aim_sim.py (line 299) :: AF_only_trace
# --> Likely caller: cent_simulation/TransformerBlock.py (line 737) :: Vector_Matrix_Mul_weight_af_pim_only_trace
AiM RD_MAC 0 0xffffffff
# --> Emitted by: cent_simulation/aim_sim.py (line 272) :: RD_MAC_only_trace
# --> Likely caller: cent_simulation/TransformerBlock.py (line 806) :: Vector_Matrix_Mul_output_pim_only_trace
AiM WR_BIAS 0 0xffffffff
# --> Emitted by: cent_simulation/aim_sim.py (line 263) :: WR_BIAS_only_trace
# --> Likely caller: cent_simulation/TransformerBlock.py (line 806) :: Vector_Matrix_Mul_output_pim_only_trace
AiM MAC_ABK 64 0xffffffff 268
# --> Emitted by: cent_simulation/aim_sim.py (line 267) :: MAC_ABK_only_trace
# --> Likely caller: cent_simulation/TransformerBlock.py (line 697) :: Vector_Matrix_Mul_weight_pim_only_trace
AiM AF 0xffffffff
# --> Emitted by: cent_simulation/aim_sim.py (line 299) :: AF_only_trace
# --> Likely caller: cent_simulation/TransformerBlock.py (line 737) :: Vector_Matrix_Mul_weight_af_pim_only_trace
AiM RD_MAC 0 0xffffffff
# --> Emitted by: cent_simulation/aim_sim.py (line 272) :: RD_MAC_only_trace
# --> Likely caller: cent_simulation/TransformerBlock.py (line 806) :: Vector_Matrix_Mul_output_pim_only_trace
AiM WR_BIAS 0 0xffffffff
# --> Emitted by: cent_simulation/aim_sim.py (line 263) :: WR_BIAS_only_trace
# --> Likely caller: cent_simulation/TransformerBlock.py (line 806) :: Vector_Matrix_Mul_output_pim_only_trace
AiM MAC_ABK 64 0xffffffff 272
# --> Emitted by: cent_simulation/aim_sim.py (line 267) :: MAC_ABK_only_trace
# --> Likely caller: cent_simulation/TransformerBlock.py (line 697) :: Vector_Matrix_Mul_weight_pim_only_trace
AiM AF 0xffffffff
# --> Emitted by: cent_simulation/aim_sim.py (line 299) :: AF_only_trace
# --> Likely caller: cent_simulation/TransformerBlock.py (line 737) :: Vector_Matrix_Mul_weight_af_pim_only_trace
AiM RD_MAC 0 0xffffffff
# --> Emitted by: cent_simulation/aim_sim.py (line 272) :: RD_MAC_only_trace
# --> Likely caller: cent_simulation/TransformerBlock.py (line 806) :: Vector_Matrix_Mul_output_pim_only_trace
AiM WR_BIAS 0 0xffffffff
# --> Emitted by: cent_simulation/aim_sim.py (line 263) :: WR_BIAS_only_trace
# --> Likely caller: cent_simulation/TransformerBlock.py (line 806) :: Vector_Matrix_Mul_output_pim_only_trace
AiM MAC_ABK 64 0xffffffff 276
# --> Emitted by: cent_simulation/aim_sim.py (line 267) :: MAC_ABK_only_trace
# --> Likely caller: cent_simulation/TransformerBlock.py (line 697) :: Vector_Matrix_Mul_weight_pim_only_trace
AiM AF 0xffffffff
# --> Emitted by: cent_simulation/aim_sim.py (line 299) :: AF_only_trace
# --> Likely caller: cent_simulation/TransformerBlock.py (line 737) :: Vector_Matrix_Mul_weight_af_pim_only_trace
AiM RD_MAC 0 0xffffffff
# --> Emitted by: cent_simulation/aim_sim.py (line 272) :: RD_MAC_only_trace
# --> Likely caller: cent_simulation/TransformerBlock.py (line 806) :: Vector_Matrix_Mul_output_pim_only_trace
AiM WR_BIAS 0 0xffffffff
# --> Emitted by: cent_simulation/aim_sim.py (line 263) :: WR_BIAS_only_trace
# --> Likely caller: cent_simulation/TransformerBlock.py (line 806) :: Vector_Matrix_Mul_output_pim_only_trace
AiM MAC_ABK 64 0xffffffff 280
# --> Emitted by: cent_simulation/aim_sim.py (line 267) :: MAC_ABK_only_trace
# --> Likely caller: cent_simulation/TransformerBlock.py (line 697) :: Vector_Matrix_Mul_weight_pim_only_trace
AiM AF 0xffffffff
# --> Emitted by: cent_simulation/aim_sim.py (line 299) :: AF_only_trace
# --> Likely caller: cent_simulation/TransformerBlock.py (line 737) :: Vector_Matrix_Mul_weight_af_pim_only_trace
AiM RD_MAC 0 0xffffffff
# --> Emitted by: cent_simulation/aim_sim.py (line 272) :: RD_MAC_only_trace
# --> Likely caller: cent_simulation/TransformerBlock.py (line 806) :: Vector_Matrix_Mul_output_pim_only_trace
AiM WR_BIAS 0 0xffffffff
# --> Emitted by: cent_simulation/aim_sim.py (line 263) :: WR_BIAS_only_trace
# --> Likely caller: cent_simulation/TransformerBlock.py (line 806) :: Vector_Matrix_Mul_output_pim_only_trace
AiM MAC_ABK 64 0xffffffff 284
# --> Emitted by: cent_simulation/aim_sim.py (line 267) :: MAC_ABK_only_trace
# --> Likely caller: cent_simulation/TransformerBlock.py (line 697) :: Vector_Matrix_Mul_weight_pim_only_trace
AiM AF 0xffffffff
# --> Emitted by: cent_simulation/aim_sim.py (line 299) :: AF_only_trace
# --> Likely caller: cent_simulation/TransformerBlock.py (line 737) :: Vector_Matrix_Mul_weight_af_pim_only_trace
AiM RD_MAC 0 0xffffffff
# --> Emitted by: cent_simulation/aim_sim.py (line 272) :: RD_MAC_only_trace
# --> Likely caller: cent_simulation/TransformerBlock.py (line 806) :: Vector_Matrix_Mul_output_pim_only_trace
AiM WR_BIAS 0 0xffffffff
# --> Emitted by: cent_simulation/aim_sim.py (line 263) :: WR_BIAS_only_trace
# --> Likely caller: cent_simulation/TransformerBlock.py (line 806) :: Vector_Matrix_Mul_output_pim_only_trace
AiM MAC_ABK 64 0xffffffff 288
# --> Emitted by: cent_simulation/aim_sim.py (line 267) :: MAC_ABK_only_trace
# --> Likely caller: cent_simulation/TransformerBlock.py (line 697) :: Vector_Matrix_Mul_weight_pim_only_trace
AiM AF 0xffffffff
# --> Emitted by: cent_simulation/aim_sim.py (line 299) :: AF_only_trace
# --> Likely caller: cent_simulation/TransformerBlock.py (line 737) :: Vector_Matrix_Mul_weight_af_pim_only_trace
AiM RD_MAC 0 0xffffffff
# --> Emitted by: cent_simulation/aim_sim.py (line 272) :: RD_MAC_only_trace
# --> Likely caller: cent_simulation/TransformerBlock.py (line 806) :: Vector_Matrix_Mul_output_pim_only_trace
AiM WR_BIAS 0 0xffffffff
# --> Emitted by: cent_simulation/aim_sim.py (line 263) :: WR_BIAS_only_trace
# --> Likely caller: cent_simulation/TransformerBlock.py (line 806) :: Vector_Matrix_Mul_output_pim_only_trace
AiM MAC_ABK 64 0xffffffff 292
# --> Emitted by: cent_simulation/aim_sim.py (line 267) :: MAC_ABK_only_trace
# --> Likely caller: cent_simulation/TransformerBlock.py (line 697) :: Vector_Matrix_Mul_weight_pim_only_trace
AiM AF 0xffffffff
# --> Emitted by: cent_simulation/aim_sim.py (line 299) :: AF_only_trace
# --> Likely caller: cent_simulation/TransformerBlock.py (line 737) :: Vector_Matrix_Mul_weight_af_pim_only_trace
AiM RD_MAC 0 0xffffffff
# --> Emitted by: cent_simulation/aim_sim.py (line 272) :: RD_MAC_only_trace
# --> Likely caller: cent_simulation/TransformerBlock.py (line 806) :: Vector_Matrix_Mul_output_pim_only_trace
AiM WR_GB 64 0 0xffffffff
# --> Emitted by: cent_simulation/aim_sim.py (line 285) :: WR_GB_only_trace
# --> Likely caller: cent_simulation/TransformerBlock.py (line 697) :: Vector_Matrix_Mul_weight_pim_only_trace
AiM WR_BIAS 0 0xffffffff
# --> Emitted by: cent_simulation/aim_sim.py (line 263) :: WR_BIAS_only_trace
# --> Likely caller: cent_simulation/TransformerBlock.py (line 806) :: Vector_Matrix_Mul_output_pim_only_trace
AiM MAC_ABK 64 0xffffffff 293
# --> Emitted by: cent_simulation/aim_sim.py (line 267) :: MAC_ABK_only_trace
# --> Likely caller: cent_simulation/TransformerBlock.py (line 697) :: Vector_Matrix_Mul_weight_pim_only_trace
AiM RD_MAC 0 0xffffffff
# --> Emitted by: cent_simulation/aim_sim.py (line 272) :: RD_MAC_only_trace
# --> Likely caller: cent_simulation/TransformerBlock.py (line 806) :: Vector_Matrix_Mul_output_pim_only_trace
AiM WR_BIAS 0 0xffffffff
# --> Emitted by: cent_simulation/aim_sim.py (line 263) :: WR_BIAS_only_trace
# --> Likely caller: cent_simulation/TransformerBlock.py (line 806) :: Vector_Matrix_Mul_output_pim_only_trace
AiM MAC_ABK 64 0xffffffff 297
# --> Emitted by: cent_simulation/aim_sim.py (line 267) :: MAC_ABK_only_trace
# --> Likely caller: cent_simulation/TransformerBlock.py (line 697) :: Vector_Matrix_Mul_weight_pim_only_trace
AiM RD_MAC 0 0xffffffff
# --> Emitted by: cent_simulation/aim_sim.py (line 272) :: RD_MAC_only_trace
# --> Likely caller: cent_simulation/TransformerBlock.py (line 806) :: Vector_Matrix_Mul_output_pim_only_trace
AiM WR_BIAS 0 0xffffffff
# --> Emitted by: cent_simulation/aim_sim.py (line 263) :: WR_BIAS_only_trace
# --> Likely caller: cent_simulation/TransformerBlock.py (line 806) :: Vector_Matrix_Mul_output_pim_only_trace
AiM MAC_ABK 64 0xffffffff 301
# --> Emitted by: cent_simulation/aim_sim.py (line 267) :: MAC_ABK_only_trace
# --> Likely caller: cent_simulation/TransformerBlock.py (line 697) :: Vector_Matrix_Mul_weight_pim_only_trace
AiM RD_MAC 0 0xffffffff
# --> Emitted by: cent_simulation/aim_sim.py (line 272) :: RD_MAC_only_trace
# --> Likely caller: cent_simulation/TransformerBlock.py (line 806) :: Vector_Matrix_Mul_output_pim_only_trace
AiM WR_BIAS 0 0xffffffff
# --> Emitted by: cent_simulation/aim_sim.py (line 263) :: WR_BIAS_only_trace
# --> Likely caller: cent_simulation/TransformerBlock.py (line 806) :: Vector_Matrix_Mul_output_pim_only_trace
AiM MAC_ABK 64 0xffffffff 305
# --> Emitted by: cent_simulation/aim_sim.py (line 267) :: MAC_ABK_only_trace
# --> Likely caller: cent_simulation/TransformerBlock.py (line 697) :: Vector_Matrix_Mul_weight_pim_only_trace
AiM RD_MAC 0 0xffffffff
# --> Emitted by: cent_simulation/aim_sim.py (line 272) :: RD_MAC_only_trace
# --> Likely caller: cent_simulation/TransformerBlock.py (line 806) :: Vector_Matrix_Mul_output_pim_only_trace
AiM WR_BIAS 0 0xffffffff
# --> Emitted by: cent_simulation/aim_sim.py (line 263) :: WR_BIAS_only_trace
# --> Likely caller: cent_simulation/TransformerBlock.py (line 806) :: Vector_Matrix_Mul_output_pim_only_trace
AiM MAC_ABK 64 0xffffffff 309
# --> Emitted by: cent_simulation/aim_sim.py (line 267) :: MAC_ABK_only_trace
# --> Likely caller: cent_simulation/TransformerBlock.py (line 697) :: Vector_Matrix_Mul_weight_pim_only_trace
AiM RD_MAC 0 0xffffffff
# --> Emitted by: cent_simulation/aim_sim.py (line 272) :: RD_MAC_only_trace
# --> Likely caller: cent_simulation/TransformerBlock.py (line 806) :: Vector_Matrix_Mul_output_pim_only_trace
AiM WR_BIAS 0 0xffffffff
# --> Emitted by: cent_simulation/aim_sim.py (line 263) :: WR_BIAS_only_trace
# --> Likely caller: cent_simulation/TransformerBlock.py (line 806) :: Vector_Matrix_Mul_output_pim_only_trace
AiM MAC_ABK 64 0xffffffff 313
# --> Emitted by: cent_simulation/aim_sim.py (line 267) :: MAC_ABK_only_trace
# --> Likely caller: cent_simulation/TransformerBlock.py (line 697) :: Vector_Matrix_Mul_weight_pim_only_trace
AiM RD_MAC 0 0xffffffff
# --> Emitted by: cent_simulation/aim_sim.py (line 272) :: RD_MAC_only_trace
# --> Likely caller: cent_simulation/TransformerBlock.py (line 806) :: Vector_Matrix_Mul_output_pim_only_trace
AiM WR_BIAS 0 0xffffffff
# --> Emitted by: cent_simulation/aim_sim.py (line 263) :: WR_BIAS_only_trace
# --> Likely caller: cent_simulation/TransformerBlock.py (line 806) :: Vector_Matrix_Mul_output_pim_only_trace
AiM MAC_ABK 64 0xffffffff 317
# --> Emitted by: cent_simulation/aim_sim.py (line 267) :: MAC_ABK_only_trace
# --> Likely caller: cent_simulation/TransformerBlock.py (line 697) :: Vector_Matrix_Mul_weight_pim_only_trace
AiM RD_MAC 0 0xffffffff
# --> Emitted by: cent_simulation/aim_sim.py (line 272) :: RD_MAC_only_trace
# --> Likely caller: cent_simulation/TransformerBlock.py (line 806) :: Vector_Matrix_Mul_output_pim_only_trace
AiM WR_BIAS 0 0xffffffff
# --> Emitted by: cent_simulation/aim_sim.py (line 263) :: WR_BIAS_only_trace
# --> Likely caller: cent_simulation/TransformerBlock.py (line 806) :: Vector_Matrix_Mul_output_pim_only_trace
AiM MAC_ABK 64 0xffffffff 321
# --> Emitted by: cent_simulation/aim_sim.py (line 267) :: MAC_ABK_only_trace
# --> Likely caller: cent_simulation/TransformerBlock.py (line 697) :: Vector_Matrix_Mul_weight_pim_only_trace
AiM RD_MAC 0 0xffffffff
# --> Emitted by: cent_simulation/aim_sim.py (line 272) :: RD_MAC_only_trace
# --> Likely caller: cent_simulation/TransformerBlock.py (line 806) :: Vector_Matrix_Mul_output_pim_only_trace
AiM WR_BIAS 0 0xffffffff
# --> Emitted by: cent_simulation/aim_sim.py (line 263) :: WR_BIAS_only_trace
# --> Likely caller: cent_simulation/TransformerBlock.py (line 806) :: Vector_Matrix_Mul_output_pim_only_trace
AiM MAC_ABK 64 0xffffffff 325
# --> Emitted by: cent_simulation/aim_sim.py (line 267) :: MAC_ABK_only_trace
# --> Likely caller: cent_simulation/TransformerBlock.py (line 697) :: Vector_Matrix_Mul_weight_pim_only_trace
AiM RD_MAC 0 0xffffffff
# --> Emitted by: cent_simulation/aim_sim.py (line 272) :: RD_MAC_only_trace
# --> Likely caller: cent_simulation/TransformerBlock.py (line 806) :: Vector_Matrix_Mul_output_pim_only_trace
AiM WR_BIAS 0 0xffffffff
# --> Emitted by: cent_simulation/aim_sim.py (line 263) :: WR_BIAS_only_trace
# --> Likely caller: cent_simulation/TransformerBlock.py (line 806) :: Vector_Matrix_Mul_output_pim_only_trace
AiM MAC_ABK 64 0xffffffff 329
# --> Emitted by: cent_simulation/aim_sim.py (line 267) :: MAC_ABK_only_trace
# --> Likely caller: cent_simulation/TransformerBlock.py (line 697) :: Vector_Matrix_Mul_weight_pim_only_trace
AiM RD_MAC 0 0xffffffff
# --> Emitted by: cent_simulation/aim_sim.py (line 272) :: RD_MAC_only_trace
# --> Likely caller: cent_simulation/TransformerBlock.py (line 806) :: Vector_Matrix_Mul_output_pim_only_trace
AiM WR_BIAS 0 0xffffffff
# --> Emitted by: cent_simulation/aim_sim.py (line 263) :: WR_BIAS_only_trace
# --> Likely caller: cent_simulation/TransformerBlock.py (line 806) :: Vector_Matrix_Mul_output_pim_only_trace
AiM MAC_ABK 64 0xffffffff 333
# --> Emitted by: cent_simulation/aim_sim.py (line 267) :: MAC_ABK_only_trace
# --> Likely caller: cent_simulation/TransformerBlock.py (line 697) :: Vector_Matrix_Mul_weight_pim_only_trace
AiM RD_MAC 0 0xffffffff
# --> Emitted by: cent_simulation/aim_sim.py (line 272) :: RD_MAC_only_trace
# --> Likely caller: cent_simulation/TransformerBlock.py (line 806) :: Vector_Matrix_Mul_output_pim_only_trace
AiM WR_BIAS 0 0xffffffff
# --> Emitted by: cent_simulation/aim_sim.py (line 263) :: WR_BIAS_only_trace
# --> Likely caller: cent_simulation/TransformerBlock.py (line 806) :: Vector_Matrix_Mul_output_pim_only_trace
AiM MAC_ABK 64 0xffffffff 337
# --> Emitted by: cent_simulation/aim_sim.py (line 267) :: MAC_ABK_only_trace
# --> Likely caller: cent_simulation/TransformerBlock.py (line 697) :: Vector_Matrix_Mul_weight_pim_only_trace
AiM RD_MAC 0 0xffffffff
# --> Emitted by: cent_simulation/aim_sim.py (line 272) :: RD_MAC_only_trace
# --> Likely caller: cent_simulation/TransformerBlock.py (line 806) :: Vector_Matrix_Mul_output_pim_only_trace
AiM WR_BIAS 0 0xffffffff
# --> Emitted by: cent_simulation/aim_sim.py (line 263) :: WR_BIAS_only_trace
# --> Likely caller: cent_simulation/TransformerBlock.py (line 806) :: Vector_Matrix_Mul_output_pim_only_trace
AiM MAC_ABK 64 0xffffffff 341
# --> Emitted by: cent_simulation/aim_sim.py (line 267) :: MAC_ABK_only_trace
# --> Likely caller: cent_simulation/TransformerBlock.py (line 697) :: Vector_Matrix_Mul_weight_pim_only_trace
AiM RD_MAC 0 0xffffffff
# --> Emitted by: cent_simulation/aim_sim.py (line 272) :: RD_MAC_only_trace
# --> Likely caller: cent_simulation/TransformerBlock.py (line 806) :: Vector_Matrix_Mul_output_pim_only_trace
AiM WR_BIAS 0 0xffffffff
# --> Emitted by: cent_simulation/aim_sim.py (line 263) :: WR_BIAS_only_trace
# --> Likely caller: cent_simulation/TransformerBlock.py (line 806) :: Vector_Matrix_Mul_output_pim_only_trace
AiM MAC_ABK 64 0xffffffff 345
# --> Emitted by: cent_simulation/aim_sim.py (line 267) :: MAC_ABK_only_trace
# --> Likely caller: cent_simulation/TransformerBlock.py (line 697) :: Vector_Matrix_Mul_weight_pim_only_trace
AiM RD_MAC 0 0xffffffff
# --> Emitted by: cent_simulation/aim_sim.py (line 272) :: RD_MAC_only_trace
# --> Likely caller: cent_simulation/TransformerBlock.py (line 806) :: Vector_Matrix_Mul_output_pim_only_trace
AiM WR_BIAS 0 0xffffffff
# --> Emitted by: cent_simulation/aim_sim.py (line 263) :: WR_BIAS_only_trace
# --> Likely caller: cent_simulation/TransformerBlock.py (line 806) :: Vector_Matrix_Mul_output_pim_only_trace
AiM MAC_ABK 64 0xffffffff 349
# --> Emitted by: cent_simulation/aim_sim.py (line 267) :: MAC_ABK_only_trace
# --> Likely caller: cent_simulation/TransformerBlock.py (line 697) :: Vector_Matrix_Mul_weight_pim_only_trace
AiM RD_MAC 0 0xffffffff
# --> Emitted by: cent_simulation/aim_sim.py (line 272) :: RD_MAC_only_trace
# --> Likely caller: cent_simulation/TransformerBlock.py (line 806) :: Vector_Matrix_Mul_output_pim_only_trace
AiM WR_BIAS 0 0xffffffff
# --> Emitted by: cent_simulation/aim_sim.py (line 263) :: WR_BIAS_only_trace
# --> Likely caller: cent_simulation/TransformerBlock.py (line 806) :: Vector_Matrix_Mul_output_pim_only_trace
AiM MAC_ABK 64 0xffffffff 353
# --> Emitted by: cent_simulation/aim_sim.py (line 267) :: MAC_ABK_only_trace
# --> Likely caller: cent_simulation/TransformerBlock.py (line 697) :: Vector_Matrix_Mul_weight_pim_only_trace
AiM RD_MAC 0 0xffffffff
# --> Emitted by: cent_simulation/aim_sim.py (line 272) :: RD_MAC_only_trace
# --> Likely caller: cent_simulation/TransformerBlock.py (line 806) :: Vector_Matrix_Mul_output_pim_only_trace
AiM WR_BIAS 0 0xffffffff
# --> Emitted by: cent_simulation/aim_sim.py (line 263) :: WR_BIAS_only_trace
# --> Likely caller: cent_simulation/TransformerBlock.py (line 806) :: Vector_Matrix_Mul_output_pim_only_trace
AiM MAC_ABK 64 0xffffffff 357
# --> Emitted by: cent_simulation/aim_sim.py (line 267) :: MAC_ABK_only_trace
# --> Likely caller: cent_simulation/TransformerBlock.py (line 697) :: Vector_Matrix_Mul_weight_pim_only_trace
AiM RD_MAC 0 0xffffffff
# --> Emitted by: cent_simulation/aim_sim.py (line 272) :: RD_MAC_only_trace
# --> Likely caller: cent_simulation/TransformerBlock.py (line 806) :: Vector_Matrix_Mul_output_pim_only_trace
AiM WR_BIAS 0 0xffffffff
# --> Emitted by: cent_simulation/aim_sim.py (line 263) :: WR_BIAS_only_trace
# --> Likely caller: cent_simulation/TransformerBlock.py (line 806) :: Vector_Matrix_Mul_output_pim_only_trace
AiM MAC_ABK 64 0xffffffff 361
# --> Emitted by: cent_simulation/aim_sim.py (line 267) :: MAC_ABK_only_trace
# --> Likely caller: cent_simulation/TransformerBlock.py (line 697) :: Vector_Matrix_Mul_weight_pim_only_trace
AiM RD_MAC 0 0xffffffff
# --> Emitted by: cent_simulation/aim_sim.py (line 272) :: RD_MAC_only_trace
# --> Likely caller: cent_simulation/TransformerBlock.py (line 806) :: Vector_Matrix_Mul_output_pim_only_trace
AiM WR_BIAS 0 0xffffffff
# --> Emitted by: cent_simulation/aim_sim.py (line 263) :: WR_BIAS_only_trace
# --> Likely caller: cent_simulation/TransformerBlock.py (line 806) :: Vector_Matrix_Mul_output_pim_only_trace
AiM MAC_ABK 64 0xffffffff 365
# --> Emitted by: cent_simulation/aim_sim.py (line 267) :: MAC_ABK_only_trace
# --> Likely caller: cent_simulation/TransformerBlock.py (line 697) :: Vector_Matrix_Mul_weight_pim_only_trace
AiM RD_MAC 0 0xffffffff
# --> Emitted by: cent_simulation/aim_sim.py (line 272) :: RD_MAC_only_trace
# --> Likely caller: cent_simulation/TransformerBlock.py (line 806) :: Vector_Matrix_Mul_output_pim_only_trace
AiM WR_BIAS 0 0xffffffff
# --> Emitted by: cent_simulation/aim_sim.py (line 263) :: WR_BIAS_only_trace
# --> Likely caller: cent_simulation/TransformerBlock.py (line 806) :: Vector_Matrix_Mul_output_pim_only_trace
AiM MAC_ABK 64 0xffffffff 369
# --> Emitted by: cent_simulation/aim_sim.py (line 267) :: MAC_ABK_only_trace
# --> Likely caller: cent_simulation/TransformerBlock.py (line 697) :: Vector_Matrix_Mul_weight_pim_only_trace
AiM RD_MAC 0 0xffffffff
# --> Emitted by: cent_simulation/aim_sim.py (line 272) :: RD_MAC_only_trace
# --> Likely caller: cent_simulation/TransformerBlock.py (line 806) :: Vector_Matrix_Mul_output_pim_only_trace
AiM WR_BIAS 0 0xffffffff
# --> Emitted by: cent_simulation/aim_sim.py (line 263) :: WR_BIAS_only_trace
# --> Likely caller: cent_simulation/TransformerBlock.py (line 806) :: Vector_Matrix_Mul_output_pim_only_trace
AiM MAC_ABK 64 0xffffffff 373
# --> Emitted by: cent_simulation/aim_sim.py (line 267) :: MAC_ABK_only_trace
# --> Likely caller: cent_simulation/TransformerBlock.py (line 697) :: Vector_Matrix_Mul_weight_pim_only_trace
AiM RD_MAC 0 0xffffffff
# --> Emitted by: cent_simulation/aim_sim.py (line 272) :: RD_MAC_only_trace
# --> Likely caller: cent_simulation/TransformerBlock.py (line 806) :: Vector_Matrix_Mul_output_pim_only_trace
AiM WR_BIAS 0 0xffffffff
# --> Emitted by: cent_simulation/aim_sim.py (line 263) :: WR_BIAS_only_trace
# --> Likely caller: cent_simulation/TransformerBlock.py (line 806) :: Vector_Matrix_Mul_output_pim_only_trace
AiM MAC_ABK 64 0xffffffff 377
# --> Emitted by: cent_simulation/aim_sim.py (line 267) :: MAC_ABK_only_trace
# --> Likely caller: cent_simulation/TransformerBlock.py (line 697) :: Vector_Matrix_Mul_weight_pim_only_trace
AiM RD_MAC 0 0xffffffff
# --> Emitted by: cent_simulation/aim_sim.py (line 272) :: RD_MAC_only_trace
# --> Likely caller: cent_simulation/TransformerBlock.py (line 806) :: Vector_Matrix_Mul_output_pim_only_trace
AiM WR_GB 64 0 0xffffffff
# --> Emitted by: cent_simulation/aim_sim.py (line 285) :: WR_GB_only_trace
# --> Likely caller: cent_simulation/TransformerBlock.py (line 697) :: Vector_Matrix_Mul_weight_pim_only_trace
AiM WR_BIAS 0 0xffffffff
# --> Emitted by: cent_simulation/aim_sim.py (line 263) :: WR_BIAS_only_trace
# --> Likely caller: cent_simulation/TransformerBlock.py (line 806) :: Vector_Matrix_Mul_output_pim_only_trace
AiM MAC_ABK 64 0xffffffff 294
# --> Emitted by: cent_simulation/aim_sim.py (line 267) :: MAC_ABK_only_trace
# --> Likely caller: cent_simulation/TransformerBlock.py (line 697) :: Vector_Matrix_Mul_weight_pim_only_trace
AiM RD_MAC 0 0xffffffff
# --> Emitted by: cent_simulation/aim_sim.py (line 272) :: RD_MAC_only_trace
# --> Likely caller: cent_simulation/TransformerBlock.py (line 806) :: Vector_Matrix_Mul_output_pim_only_trace
AiM WR_BIAS 0 0xffffffff
# --> Emitted by: cent_simulation/aim_sim.py (line 263) :: WR_BIAS_only_trace
# --> Likely caller: cent_simulation/TransformerBlock.py (line 806) :: Vector_Matrix_Mul_output_pim_only_trace
AiM MAC_ABK 64 0xffffffff 298
# --> Emitted by: cent_simulation/aim_sim.py (line 267) :: MAC_ABK_only_trace
# --> Likely caller: cent_simulation/TransformerBlock.py (line 697) :: Vector_Matrix_Mul_weight_pim_only_trace
AiM RD_MAC 0 0xffffffff
# --> Emitted by: cent_simulation/aim_sim.py (line 272) :: RD_MAC_only_trace
# --> Likely caller: cent_simulation/TransformerBlock.py (line 806) :: Vector_Matrix_Mul_output_pim_only_trace
AiM WR_BIAS 0 0xffffffff
# --> Emitted by: cent_simulation/aim_sim.py (line 263) :: WR_BIAS_only_trace
# --> Likely caller: cent_simulation/TransformerBlock.py (line 806) :: Vector_Matrix_Mul_output_pim_only_trace
AiM MAC_ABK 64 0xffffffff 302
# --> Emitted by: cent_simulation/aim_sim.py (line 267) :: MAC_ABK_only_trace
# --> Likely caller: cent_simulation/TransformerBlock.py (line 697) :: Vector_Matrix_Mul_weight_pim_only_trace
AiM RD_MAC 0 0xffffffff
# --> Emitted by: cent_simulation/aim_sim.py (line 272) :: RD_MAC_only_trace
# --> Likely caller: cent_simulation/TransformerBlock.py (line 806) :: Vector_Matrix_Mul_output_pim_only_trace
AiM WR_BIAS 0 0xffffffff
# --> Emitted by: cent_simulation/aim_sim.py (line 263) :: WR_BIAS_only_trace
# --> Likely caller: cent_simulation/TransformerBlock.py (line 806) :: Vector_Matrix_Mul_output_pim_only_trace
AiM MAC_ABK 64 0xffffffff 306
# --> Emitted by: cent_simulation/aim_sim.py (line 267) :: MAC_ABK_only_trace
# --> Likely caller: cent_simulation/TransformerBlock.py (line 697) :: Vector_Matrix_Mul_weight_pim_only_trace
AiM RD_MAC 0 0xffffffff
# --> Emitted by: cent_simulation/aim_sim.py (line 272) :: RD_MAC_only_trace
# --> Likely caller: cent_simulation/TransformerBlock.py (line 806) :: Vector_Matrix_Mul_output_pim_only_trace
AiM WR_BIAS 0 0xffffffff
# --> Emitted by: cent_simulation/aim_sim.py (line 263) :: WR_BIAS_only_trace
# --> Likely caller: cent_simulation/TransformerBlock.py (line 806) :: Vector_Matrix_Mul_output_pim_only_trace
AiM MAC_ABK 64 0xffffffff 310
# --> Emitted by: cent_simulation/aim_sim.py (line 267) :: MAC_ABK_only_trace
# --> Likely caller: cent_simulation/TransformerBlock.py (line 697) :: Vector_Matrix_Mul_weight_pim_only_trace
AiM RD_MAC 0 0xffffffff
# --> Emitted by: cent_simulation/aim_sim.py (line 272) :: RD_MAC_only_trace
# --> Likely caller: cent_simulation/TransformerBlock.py (line 806) :: Vector_Matrix_Mul_output_pim_only_trace
AiM WR_BIAS 0 0xffffffff
# --> Emitted by: cent_simulation/aim_sim.py (line 263) :: WR_BIAS_only_trace
# --> Likely caller: cent_simulation/TransformerBlock.py (line 806) :: Vector_Matrix_Mul_output_pim_only_trace
AiM MAC_ABK 64 0xffffffff 314
# --> Emitted by: cent_simulation/aim_sim.py (line 267) :: MAC_ABK_only_trace
# --> Likely caller: cent_simulation/TransformerBlock.py (line 697) :: Vector_Matrix_Mul_weight_pim_only_trace
AiM RD_MAC 0 0xffffffff
# --> Emitted by: cent_simulation/aim_sim.py (line 272) :: RD_MAC_only_trace
# --> Likely caller: cent_simulation/TransformerBlock.py (line 806) :: Vector_Matrix_Mul_output_pim_only_trace
AiM WR_BIAS 0 0xffffffff
# --> Emitted by: cent_simulation/aim_sim.py (line 263) :: WR_BIAS_only_trace
# --> Likely caller: cent_simulation/TransformerBlock.py (line 806) :: Vector_Matrix_Mul_output_pim_only_trace
AiM MAC_ABK 64 0xffffffff 318
# --> Emitted by: cent_simulation/aim_sim.py (line 267) :: MAC_ABK_only_trace
# --> Likely caller: cent_simulation/TransformerBlock.py (line 697) :: Vector_Matrix_Mul_weight_pim_only_trace
AiM RD_MAC 0 0xffffffff
# --> Emitted by: cent_simulation/aim_sim.py (line 272) :: RD_MAC_only_trace
# --> Likely caller: cent_simulation/TransformerBlock.py (line 806) :: Vector_Matrix_Mul_output_pim_only_trace
AiM WR_BIAS 0 0xffffffff
# --> Emitted by: cent_simulation/aim_sim.py (line 263) :: WR_BIAS_only_trace
# --> Likely caller: cent_simulation/TransformerBlock.py (line 806) :: Vector_Matrix_Mul_output_pim_only_trace
AiM MAC_ABK 64 0xffffffff 322
# --> Emitted by: cent_simulation/aim_sim.py (line 267) :: MAC_ABK_only_trace
# --> Likely caller: cent_simulation/TransformerBlock.py (line 697) :: Vector_Matrix_Mul_weight_pim_only_trace
AiM RD_MAC 0 0xffffffff
# --> Emitted by: cent_simulation/aim_sim.py (line 272) :: RD_MAC_only_trace
# --> Likely caller: cent_simulation/TransformerBlock.py (line 806) :: Vector_Matrix_Mul_output_pim_only_trace
AiM WR_BIAS 0 0xffffffff
# --> Emitted by: cent_simulation/aim_sim.py (line 263) :: WR_BIAS_only_trace
# --> Likely caller: cent_simulation/TransformerBlock.py (line 806) :: Vector_Matrix_Mul_output_pim_only_trace
AiM MAC_ABK 64 0xffffffff 326
# --> Emitted by: cent_simulation/aim_sim.py (line 267) :: MAC_ABK_only_trace
# --> Likely caller: cent_simulation/TransformerBlock.py (line 697) :: Vector_Matrix_Mul_weight_pim_only_trace
AiM RD_MAC 0 0xffffffff
# --> Emitted by: cent_simulation/aim_sim.py (line 272) :: RD_MAC_only_trace
# --> Likely caller: cent_simulation/TransformerBlock.py (line 806) :: Vector_Matrix_Mul_output_pim_only_trace
AiM WR_BIAS 0 0xffffffff
# --> Emitted by: cent_simulation/aim_sim.py (line 263) :: WR_BIAS_only_trace
# --> Likely caller: cent_simulation/TransformerBlock.py (line 806) :: Vector_Matrix_Mul_output_pim_only_trace
AiM MAC_ABK 64 0xffffffff 330
# --> Emitted by: cent_simulation/aim_sim.py (line 267) :: MAC_ABK_only_trace
# --> Likely caller: cent_simulation/TransformerBlock.py (line 697) :: Vector_Matrix_Mul_weight_pim_only_trace
AiM RD_MAC 0 0xffffffff
# --> Emitted by: cent_simulation/aim_sim.py (line 272) :: RD_MAC_only_trace
# --> Likely caller: cent_simulation/TransformerBlock.py (line 806) :: Vector_Matrix_Mul_output_pim_only_trace
AiM WR_BIAS 0 0xffffffff
# --> Emitted by: cent_simulation/aim_sim.py (line 263) :: WR_BIAS_only_trace
# --> Likely caller: cent_simulation/TransformerBlock.py (line 806) :: Vector_Matrix_Mul_output_pim_only_trace
AiM MAC_ABK 64 0xffffffff 334
# --> Emitted by: cent_simulation/aim_sim.py (line 267) :: MAC_ABK_only_trace
# --> Likely caller: cent_simulation/TransformerBlock.py (line 697) :: Vector_Matrix_Mul_weight_pim_only_trace
AiM RD_MAC 0 0xffffffff
# --> Emitted by: cent_simulation/aim_sim.py (line 272) :: RD_MAC_only_trace
# --> Likely caller: cent_simulation/TransformerBlock.py (line 806) :: Vector_Matrix_Mul_output_pim_only_trace
AiM WR_BIAS 0 0xffffffff
# --> Emitted by: cent_simulation/aim_sim.py (line 263) :: WR_BIAS_only_trace
# --> Likely caller: cent_simulation/TransformerBlock.py (line 806) :: Vector_Matrix_Mul_output_pim_only_trace
AiM MAC_ABK 64 0xffffffff 338
# --> Emitted by: cent_simulation/aim_sim.py (line 267) :: MAC_ABK_only_trace
# --> Likely caller: cent_simulation/TransformerBlock.py (line 697) :: Vector_Matrix_Mul_weight_pim_only_trace
AiM RD_MAC 0 0xffffffff
# --> Emitted by: cent_simulation/aim_sim.py (line 272) :: RD_MAC_only_trace
# --> Likely caller: cent_simulation/TransformerBlock.py (line 806) :: Vector_Matrix_Mul_output_pim_only_trace
AiM WR_BIAS 0 0xffffffff
# --> Emitted by: cent_simulation/aim_sim.py (line 263) :: WR_BIAS_only_trace
# --> Likely caller: cent_simulation/TransformerBlock.py (line 806) :: Vector_Matrix_Mul_output_pim_only_trace
AiM MAC_ABK 64 0xffffffff 342
# --> Emitted by: cent_simulation/aim_sim.py (line 267) :: MAC_ABK_only_trace
# --> Likely caller: cent_simulation/TransformerBlock.py (line 697) :: Vector_Matrix_Mul_weight_pim_only_trace
AiM RD_MAC 0 0xffffffff
# --> Emitted by: cent_simulation/aim_sim.py (line 272) :: RD_MAC_only_trace
# --> Likely caller: cent_simulation/TransformerBlock.py (line 806) :: Vector_Matrix_Mul_output_pim_only_trace
AiM WR_BIAS 0 0xffffffff
# --> Emitted by: cent_simulation/aim_sim.py (line 263) :: WR_BIAS_only_trace
# --> Likely caller: cent_simulation/TransformerBlock.py (line 806) :: Vector_Matrix_Mul_output_pim_only_trace
AiM MAC_ABK 64 0xffffffff 346
# --> Emitted by: cent_simulation/aim_sim.py (line 267) :: MAC_ABK_only_trace
# --> Likely caller: cent_simulation/TransformerBlock.py (line 697) :: Vector_Matrix_Mul_weight_pim_only_trace
AiM RD_MAC 0 0xffffffff
# --> Emitted by: cent_simulation/aim_sim.py (line 272) :: RD_MAC_only_trace
# --> Likely caller: cent_simulation/TransformerBlock.py (line 806) :: Vector_Matrix_Mul_output_pim_only_trace
AiM WR_BIAS 0 0xffffffff
# --> Emitted by: cent_simulation/aim_sim.py (line 263) :: WR_BIAS_only_trace
# --> Likely caller: cent_simulation/TransformerBlock.py (line 806) :: Vector_Matrix_Mul_output_pim_only_trace
AiM MAC_ABK 64 0xffffffff 350
# --> Emitted by: cent_simulation/aim_sim.py (line 267) :: MAC_ABK_only_trace
# --> Likely caller: cent_simulation/TransformerBlock.py (line 697) :: Vector_Matrix_Mul_weight_pim_only_trace
AiM RD_MAC 0 0xffffffff
# --> Emitted by: cent_simulation/aim_sim.py (line 272) :: RD_MAC_only_trace
# --> Likely caller: cent_simulation/TransformerBlock.py (line 806) :: Vector_Matrix_Mul_output_pim_only_trace
AiM WR_BIAS 0 0xffffffff
# --> Emitted by: cent_simulation/aim_sim.py (line 263) :: WR_BIAS_only_trace
# --> Likely caller: cent_simulation/TransformerBlock.py (line 806) :: Vector_Matrix_Mul_output_pim_only_trace
AiM MAC_ABK 64 0xffffffff 354
# --> Emitted by: cent_simulation/aim_sim.py (line 267) :: MAC_ABK_only_trace
# --> Likely caller: cent_simulation/TransformerBlock.py (line 697) :: Vector_Matrix_Mul_weight_pim_only_trace
AiM RD_MAC 0 0xffffffff
# --> Emitted by: cent_simulation/aim_sim.py (line 272) :: RD_MAC_only_trace
# --> Likely caller: cent_simulation/TransformerBlock.py (line 806) :: Vector_Matrix_Mul_output_pim_only_trace
AiM WR_BIAS 0 0xffffffff
# --> Emitted by: cent_simulation/aim_sim.py (line 263) :: WR_BIAS_only_trace
# --> Likely caller: cent_simulation/TransformerBlock.py (line 806) :: Vector_Matrix_Mul_output_pim_only_trace
AiM MAC_ABK 64 0xffffffff 358
# --> Emitted by: cent_simulation/aim_sim.py (line 267) :: MAC_ABK_only_trace
# --> Likely caller: cent_simulation/TransformerBlock.py (line 697) :: Vector_Matrix_Mul_weight_pim_only_trace
AiM RD_MAC 0 0xffffffff
# --> Emitted by: cent_simulation/aim_sim.py (line 272) :: RD_MAC_only_trace
# --> Likely caller: cent_simulation/TransformerBlock.py (line 806) :: Vector_Matrix_Mul_output_pim_only_trace
AiM WR_BIAS 0 0xffffffff
# --> Emitted by: cent_simulation/aim_sim.py (line 263) :: WR_BIAS_only_trace
# --> Likely caller: cent_simulation/TransformerBlock.py (line 806) :: Vector_Matrix_Mul_output_pim_only_trace
AiM MAC_ABK 64 0xffffffff 362
# --> Emitted by: cent_simulation/aim_sim.py (line 267) :: MAC_ABK_only_trace
# --> Likely caller: cent_simulation/TransformerBlock.py (line 697) :: Vector_Matrix_Mul_weight_pim_only_trace
AiM RD_MAC 0 0xffffffff
# --> Emitted by: cent_simulation/aim_sim.py (line 272) :: RD_MAC_only_trace
# --> Likely caller: cent_simulation/TransformerBlock.py (line 806) :: Vector_Matrix_Mul_output_pim_only_trace
AiM WR_BIAS 0 0xffffffff
# --> Emitted by: cent_simulation/aim_sim.py (line 263) :: WR_BIAS_only_trace
# --> Likely caller: cent_simulation/TransformerBlock.py (line 806) :: Vector_Matrix_Mul_output_pim_only_trace
AiM MAC_ABK 64 0xffffffff 366
# --> Emitted by: cent_simulation/aim_sim.py (line 267) :: MAC_ABK_only_trace
# --> Likely caller: cent_simulation/TransformerBlock.py (line 697) :: Vector_Matrix_Mul_weight_pim_only_trace
AiM RD_MAC 0 0xffffffff
# --> Emitted by: cent_simulation/aim_sim.py (line 272) :: RD_MAC_only_trace
# --> Likely caller: cent_simulation/TransformerBlock.py (line 806) :: Vector_Matrix_Mul_output_pim_only_trace
AiM WR_BIAS 0 0xffffffff
# --> Emitted by: cent_simulation/aim_sim.py (line 263) :: WR_BIAS_only_trace
# --> Likely caller: cent_simulation/TransformerBlock.py (line 806) :: Vector_Matrix_Mul_output_pim_only_trace
AiM MAC_ABK 64 0xffffffff 370
# --> Emitted by: cent_simulation/aim_sim.py (line 267) :: MAC_ABK_only_trace
# --> Likely caller: cent_simulation/TransformerBlock.py (line 697) :: Vector_Matrix_Mul_weight_pim_only_trace
AiM RD_MAC 0 0xffffffff
# --> Emitted by: cent_simulation/aim_sim.py (line 272) :: RD_MAC_only_trace
# --> Likely caller: cent_simulation/TransformerBlock.py (line 806) :: Vector_Matrix_Mul_output_pim_only_trace
AiM WR_BIAS 0 0xffffffff
# --> Emitted by: cent_simulation/aim_sim.py (line 263) :: WR_BIAS_only_trace
# --> Likely caller: cent_simulation/TransformerBlock.py (line 806) :: Vector_Matrix_Mul_output_pim_only_trace
AiM MAC_ABK 64 0xffffffff 374
# --> Emitted by: cent_simulation/aim_sim.py (line 267) :: MAC_ABK_only_trace
# --> Likely caller: cent_simulation/TransformerBlock.py (line 697) :: Vector_Matrix_Mul_weight_pim_only_trace
AiM RD_MAC 0 0xffffffff
# --> Emitted by: cent_simulation/aim_sim.py (line 272) :: RD_MAC_only_trace
# --> Likely caller: cent_simulation/TransformerBlock.py (line 806) :: Vector_Matrix_Mul_output_pim_only_trace
AiM WR_BIAS 0 0xffffffff
# --> Emitted by: cent_simulation/aim_sim.py (line 263) :: WR_BIAS_only_trace
# --> Likely caller: cent_simulation/TransformerBlock.py (line 806) :: Vector_Matrix_Mul_output_pim_only_trace
AiM MAC_ABK 64 0xffffffff 378
# --> Emitted by: cent_simulation/aim_sim.py (line 267) :: MAC_ABK_only_trace
# --> Likely caller: cent_simulation/TransformerBlock.py (line 697) :: Vector_Matrix_Mul_weight_pim_only_trace
AiM RD_MAC 0 0xffffffff
# --> Emitted by: cent_simulation/aim_sim.py (line 272) :: RD_MAC_only_trace
# --> Likely caller: cent_simulation/TransformerBlock.py (line 806) :: Vector_Matrix_Mul_output_pim_only_trace
AiM WR_GB 64 0 0xffffffff
# --> Emitted by: cent_simulation/aim_sim.py (line 285) :: WR_GB_only_trace
# --> Likely caller: cent_simulation/TransformerBlock.py (line 697) :: Vector_Matrix_Mul_weight_pim_only_trace
AiM WR_BIAS 0 0xffffffff
# --> Emitted by: cent_simulation/aim_sim.py (line 263) :: WR_BIAS_only_trace
# --> Likely caller: cent_simulation/TransformerBlock.py (line 806) :: Vector_Matrix_Mul_output_pim_only_trace
AiM MAC_ABK 64 0xffffffff 295
# --> Emitted by: cent_simulation/aim_sim.py (line 267) :: MAC_ABK_only_trace
# --> Likely caller: cent_simulation/TransformerBlock.py (line 697) :: Vector_Matrix_Mul_weight_pim_only_trace
AiM RD_MAC 0 0xffffffff
# --> Emitted by: cent_simulation/aim_sim.py (line 272) :: RD_MAC_only_trace
# --> Likely caller: cent_simulation/TransformerBlock.py (line 806) :: Vector_Matrix_Mul_output_pim_only_trace
AiM WR_BIAS 0 0xffffffff
# --> Emitted by: cent_simulation/aim_sim.py (line 263) :: WR_BIAS_only_trace
# --> Likely caller: cent_simulation/TransformerBlock.py (line 806) :: Vector_Matrix_Mul_output_pim_only_trace
AiM MAC_ABK 64 0xffffffff 299
# --> Emitted by: cent_simulation/aim_sim.py (line 267) :: MAC_ABK_only_trace
# --> Likely caller: cent_simulation/TransformerBlock.py (line 697) :: Vector_Matrix_Mul_weight_pim_only_trace
AiM RD_MAC 0 0xffffffff
# --> Emitted by: cent_simulation/aim_sim.py (line 272) :: RD_MAC_only_trace
# --> Likely caller: cent_simulation/TransformerBlock.py (line 806) :: Vector_Matrix_Mul_output_pim_only_trace
AiM WR_BIAS 0 0xffffffff
# --> Emitted by: cent_simulation/aim_sim.py (line 263) :: WR_BIAS_only_trace
# --> Likely caller: cent_simulation/TransformerBlock.py (line 806) :: Vector_Matrix_Mul_output_pim_only_trace
AiM MAC_ABK 64 0xffffffff 303
# --> Emitted by: cent_simulation/aim_sim.py (line 267) :: MAC_ABK_only_trace
# --> Likely caller: cent_simulation/TransformerBlock.py (line 697) :: Vector_Matrix_Mul_weight_pim_only_trace
AiM RD_MAC 0 0xffffffff
# --> Emitted by: cent_simulation/aim_sim.py (line 272) :: RD_MAC_only_trace
# --> Likely caller: cent_simulation/TransformerBlock.py (line 806) :: Vector_Matrix_Mul_output_pim_only_trace
AiM WR_BIAS 0 0xffffffff
# --> Emitted by: cent_simulation/aim_sim.py (line 263) :: WR_BIAS_only_trace
# --> Likely caller: cent_simulation/TransformerBlock.py (line 806) :: Vector_Matrix_Mul_output_pim_only_trace
AiM MAC_ABK 64 0xffffffff 307
# --> Emitted by: cent_simulation/aim_sim.py (line 267) :: MAC_ABK_only_trace
# --> Likely caller: cent_simulation/TransformerBlock.py (line 697) :: Vector_Matrix_Mul_weight_pim_only_trace
AiM RD_MAC 0 0xffffffff
# --> Emitted by: cent_simulation/aim_sim.py (line 272) :: RD_MAC_only_trace
# --> Likely caller: cent_simulation/TransformerBlock.py (line 806) :: Vector_Matrix_Mul_output_pim_only_trace
AiM WR_BIAS 0 0xffffffff
# --> Emitted by: cent_simulation/aim_sim.py (line 263) :: WR_BIAS_only_trace
# --> Likely caller: cent_simulation/TransformerBlock.py (line 806) :: Vector_Matrix_Mul_output_pim_only_trace
AiM MAC_ABK 64 0xffffffff 311
# --> Emitted by: cent_simulation/aim_sim.py (line 267) :: MAC_ABK_only_trace
# --> Likely caller: cent_simulation/TransformerBlock.py (line 697) :: Vector_Matrix_Mul_weight_pim_only_trace
AiM RD_MAC 0 0xffffffff
# --> Emitted by: cent_simulation/aim_sim.py (line 272) :: RD_MAC_only_trace
# --> Likely caller: cent_simulation/TransformerBlock.py (line 806) :: Vector_Matrix_Mul_output_pim_only_trace
AiM WR_BIAS 0 0xffffffff
# --> Emitted by: cent_simulation/aim_sim.py (line 263) :: WR_BIAS_only_trace
# --> Likely caller: cent_simulation/TransformerBlock.py (line 806) :: Vector_Matrix_Mul_output_pim_only_trace
AiM MAC_ABK 64 0xffffffff 315
# --> Emitted by: cent_simulation/aim_sim.py (line 267) :: MAC_ABK_only_trace
# --> Likely caller: cent_simulation/TransformerBlock.py (line 697) :: Vector_Matrix_Mul_weight_pim_only_trace
AiM RD_MAC 0 0xffffffff
# --> Emitted by: cent_simulation/aim_sim.py (line 272) :: RD_MAC_only_trace
# --> Likely caller: cent_simulation/TransformerBlock.py (line 806) :: Vector_Matrix_Mul_output_pim_only_trace
AiM WR_BIAS 0 0xffffffff
# --> Emitted by: cent_simulation/aim_sim.py (line 263) :: WR_BIAS_only_trace
# --> Likely caller: cent_simulation/TransformerBlock.py (line 806) :: Vector_Matrix_Mul_output_pim_only_trace
AiM MAC_ABK 64 0xffffffff 319
# --> Emitted by: cent_simulation/aim_sim.py (line 267) :: MAC_ABK_only_trace
# --> Likely caller: cent_simulation/TransformerBlock.py (line 697) :: Vector_Matrix_Mul_weight_pim_only_trace
AiM RD_MAC 0 0xffffffff
# --> Emitted by: cent_simulation/aim_sim.py (line 272) :: RD_MAC_only_trace
# --> Likely caller: cent_simulation/TransformerBlock.py (line 806) :: Vector_Matrix_Mul_output_pim_only_trace
AiM WR_BIAS 0 0xffffffff
# --> Emitted by: cent_simulation/aim_sim.py (line 263) :: WR_BIAS_only_trace
# --> Likely caller: cent_simulation/TransformerBlock.py (line 806) :: Vector_Matrix_Mul_output_pim_only_trace
AiM MAC_ABK 64 0xffffffff 323
# --> Emitted by: cent_simulation/aim_sim.py (line 267) :: MAC_ABK_only_trace
# --> Likely caller: cent_simulation/TransformerBlock.py (line 697) :: Vector_Matrix_Mul_weight_pim_only_trace
AiM RD_MAC 0 0xffffffff
# --> Emitted by: cent_simulation/aim_sim.py (line 272) :: RD_MAC_only_trace
# --> Likely caller: cent_simulation/TransformerBlock.py (line 806) :: Vector_Matrix_Mul_output_pim_only_trace
AiM WR_BIAS 0 0xffffffff
# --> Emitted by: cent_simulation/aim_sim.py (line 263) :: WR_BIAS_only_trace
# --> Likely caller: cent_simulation/TransformerBlock.py (line 806) :: Vector_Matrix_Mul_output_pim_only_trace
AiM MAC_ABK 64 0xffffffff 327
# --> Emitted by: cent_simulation/aim_sim.py (line 267) :: MAC_ABK_only_trace
# --> Likely caller: cent_simulation/TransformerBlock.py (line 697) :: Vector_Matrix_Mul_weight_pim_only_trace
AiM RD_MAC 0 0xffffffff
# --> Emitted by: cent_simulation/aim_sim.py (line 272) :: RD_MAC_only_trace
# --> Likely caller: cent_simulation/TransformerBlock.py (line 806) :: Vector_Matrix_Mul_output_pim_only_trace
AiM WR_BIAS 0 0xffffffff
# --> Emitted by: cent_simulation/aim_sim.py (line 263) :: WR_BIAS_only_trace
# --> Likely caller: cent_simulation/TransformerBlock.py (line 806) :: Vector_Matrix_Mul_output_pim_only_trace
AiM MAC_ABK 64 0xffffffff 331
# --> Emitted by: cent_simulation/aim_sim.py (line 267) :: MAC_ABK_only_trace
# --> Likely caller: cent_simulation/TransformerBlock.py (line 697) :: Vector_Matrix_Mul_weight_pim_only_trace
AiM RD_MAC 0 0xffffffff
# --> Emitted by: cent_simulation/aim_sim.py (line 272) :: RD_MAC_only_trace
# --> Likely caller: cent_simulation/TransformerBlock.py (line 806) :: Vector_Matrix_Mul_output_pim_only_trace
AiM WR_BIAS 0 0xffffffff
# --> Emitted by: cent_simulation/aim_sim.py (line 263) :: WR_BIAS_only_trace
# --> Likely caller: cent_simulation/TransformerBlock.py (line 806) :: Vector_Matrix_Mul_output_pim_only_trace
AiM MAC_ABK 64 0xffffffff 335
# --> Emitted by: cent_simulation/aim_sim.py (line 267) :: MAC_ABK_only_trace
# --> Likely caller: cent_simulation/TransformerBlock.py (line 697) :: Vector_Matrix_Mul_weight_pim_only_trace
AiM RD_MAC 0 0xffffffff
# --> Emitted by: cent_simulation/aim_sim.py (line 272) :: RD_MAC_only_trace
# --> Likely caller: cent_simulation/TransformerBlock.py (line 806) :: Vector_Matrix_Mul_output_pim_only_trace
AiM WR_BIAS 0 0xffffffff
# --> Emitted by: cent_simulation/aim_sim.py (line 263) :: WR_BIAS_only_trace
# --> Likely caller: cent_simulation/TransformerBlock.py (line 806) :: Vector_Matrix_Mul_output_pim_only_trace
AiM MAC_ABK 64 0xffffffff 339
# --> Emitted by: cent_simulation/aim_sim.py (line 267) :: MAC_ABK_only_trace
# --> Likely caller: cent_simulation/TransformerBlock.py (line 697) :: Vector_Matrix_Mul_weight_pim_only_trace
AiM RD_MAC 0 0xffffffff
# --> Emitted by: cent_simulation/aim_sim.py (line 272) :: RD_MAC_only_trace
# --> Likely caller: cent_simulation/TransformerBlock.py (line 806) :: Vector_Matrix_Mul_output_pim_only_trace
AiM WR_BIAS 0 0xffffffff
# --> Emitted by: cent_simulation/aim_sim.py (line 263) :: WR_BIAS_only_trace
# --> Likely caller: cent_simulation/TransformerBlock.py (line 806) :: Vector_Matrix_Mul_output_pim_only_trace
AiM MAC_ABK 64 0xffffffff 343
# --> Emitted by: cent_simulation/aim_sim.py (line 267) :: MAC_ABK_only_trace
# --> Likely caller: cent_simulation/TransformerBlock.py (line 697) :: Vector_Matrix_Mul_weight_pim_only_trace
AiM RD_MAC 0 0xffffffff
# --> Emitted by: cent_simulation/aim_sim.py (line 272) :: RD_MAC_only_trace
# --> Likely caller: cent_simulation/TransformerBlock.py (line 806) :: Vector_Matrix_Mul_output_pim_only_trace
AiM WR_BIAS 0 0xffffffff
# --> Emitted by: cent_simulation/aim_sim.py (line 263) :: WR_BIAS_only_trace
# --> Likely caller: cent_simulation/TransformerBlock.py (line 806) :: Vector_Matrix_Mul_output_pim_only_trace
AiM MAC_ABK 64 0xffffffff 347
# --> Emitted by: cent_simulation/aim_sim.py (line 267) :: MAC_ABK_only_trace
# --> Likely caller: cent_simulation/TransformerBlock.py (line 697) :: Vector_Matrix_Mul_weight_pim_only_trace
AiM RD_MAC 0 0xffffffff
# --> Emitted by: cent_simulation/aim_sim.py (line 272) :: RD_MAC_only_trace
# --> Likely caller: cent_simulation/TransformerBlock.py (line 806) :: Vector_Matrix_Mul_output_pim_only_trace
AiM WR_BIAS 0 0xffffffff
# --> Emitted by: cent_simulation/aim_sim.py (line 263) :: WR_BIAS_only_trace
# --> Likely caller: cent_simulation/TransformerBlock.py (line 806) :: Vector_Matrix_Mul_output_pim_only_trace
AiM MAC_ABK 64 0xffffffff 351
# --> Emitted by: cent_simulation/aim_sim.py (line 267) :: MAC_ABK_only_trace
# --> Likely caller: cent_simulation/TransformerBlock.py (line 697) :: Vector_Matrix_Mul_weight_pim_only_trace
AiM RD_MAC 0 0xffffffff
# --> Emitted by: cent_simulation/aim_sim.py (line 272) :: RD_MAC_only_trace
# --> Likely caller: cent_simulation/TransformerBlock.py (line 806) :: Vector_Matrix_Mul_output_pim_only_trace
AiM WR_BIAS 0 0xffffffff
# --> Emitted by: cent_simulation/aim_sim.py (line 263) :: WR_BIAS_only_trace
# --> Likely caller: cent_simulation/TransformerBlock.py (line 806) :: Vector_Matrix_Mul_output_pim_only_trace
AiM MAC_ABK 64 0xffffffff 355
# --> Emitted by: cent_simulation/aim_sim.py (line 267) :: MAC_ABK_only_trace
# --> Likely caller: cent_simulation/TransformerBlock.py (line 697) :: Vector_Matrix_Mul_weight_pim_only_trace
AiM RD_MAC 0 0xffffffff
# --> Emitted by: cent_simulation/aim_sim.py (line 272) :: RD_MAC_only_trace
# --> Likely caller: cent_simulation/TransformerBlock.py (line 806) :: Vector_Matrix_Mul_output_pim_only_trace
AiM WR_BIAS 0 0xffffffff
# --> Emitted by: cent_simulation/aim_sim.py (line 263) :: WR_BIAS_only_trace
# --> Likely caller: cent_simulation/TransformerBlock.py (line 806) :: Vector_Matrix_Mul_output_pim_only_trace
AiM MAC_ABK 64 0xffffffff 359
# --> Emitted by: cent_simulation/aim_sim.py (line 267) :: MAC_ABK_only_trace
# --> Likely caller: cent_simulation/TransformerBlock.py (line 697) :: Vector_Matrix_Mul_weight_pim_only_trace
AiM RD_MAC 0 0xffffffff
# --> Emitted by: cent_simulation/aim_sim.py (line 272) :: RD_MAC_only_trace
# --> Likely caller: cent_simulation/TransformerBlock.py (line 806) :: Vector_Matrix_Mul_output_pim_only_trace
AiM WR_BIAS 0 0xffffffff
# --> Emitted by: cent_simulation/aim_sim.py (line 263) :: WR_BIAS_only_trace
# --> Likely caller: cent_simulation/TransformerBlock.py (line 806) :: Vector_Matrix_Mul_output_pim_only_trace
AiM MAC_ABK 64 0xffffffff 363
# --> Emitted by: cent_simulation/aim_sim.py (line 267) :: MAC_ABK_only_trace
# --> Likely caller: cent_simulation/TransformerBlock.py (line 697) :: Vector_Matrix_Mul_weight_pim_only_trace
AiM RD_MAC 0 0xffffffff
# --> Emitted by: cent_simulation/aim_sim.py (line 272) :: RD_MAC_only_trace
# --> Likely caller: cent_simulation/TransformerBlock.py (line 806) :: Vector_Matrix_Mul_output_pim_only_trace
AiM WR_BIAS 0 0xffffffff
# --> Emitted by: cent_simulation/aim_sim.py (line 263) :: WR_BIAS_only_trace
# --> Likely caller: cent_simulation/TransformerBlock.py (line 806) :: Vector_Matrix_Mul_output_pim_only_trace
AiM MAC_ABK 64 0xffffffff 367
# --> Emitted by: cent_simulation/aim_sim.py (line 267) :: MAC_ABK_only_trace
# --> Likely caller: cent_simulation/TransformerBlock.py (line 697) :: Vector_Matrix_Mul_weight_pim_only_trace
AiM RD_MAC 0 0xffffffff
# --> Emitted by: cent_simulation/aim_sim.py (line 272) :: RD_MAC_only_trace
# --> Likely caller: cent_simulation/TransformerBlock.py (line 806) :: Vector_Matrix_Mul_output_pim_only_trace
AiM WR_BIAS 0 0xffffffff
# --> Emitted by: cent_simulation/aim_sim.py (line 263) :: WR_BIAS_only_trace
# --> Likely caller: cent_simulation/TransformerBlock.py (line 806) :: Vector_Matrix_Mul_output_pim_only_trace
AiM MAC_ABK 64 0xffffffff 371
# --> Emitted by: cent_simulation/aim_sim.py (line 267) :: MAC_ABK_only_trace
# --> Likely caller: cent_simulation/TransformerBlock.py (line 697) :: Vector_Matrix_Mul_weight_pim_only_trace
AiM RD_MAC 0 0xffffffff
# --> Emitted by: cent_simulation/aim_sim.py (line 272) :: RD_MAC_only_trace
# --> Likely caller: cent_simulation/TransformerBlock.py (line 806) :: Vector_Matrix_Mul_output_pim_only_trace
AiM WR_BIAS 0 0xffffffff
# --> Emitted by: cent_simulation/aim_sim.py (line 263) :: WR_BIAS_only_trace
# --> Likely caller: cent_simulation/TransformerBlock.py (line 806) :: Vector_Matrix_Mul_output_pim_only_trace
AiM MAC_ABK 64 0xffffffff 375
# --> Emitted by: cent_simulation/aim_sim.py (line 267) :: MAC_ABK_only_trace
# --> Likely caller: cent_simulation/TransformerBlock.py (line 697) :: Vector_Matrix_Mul_weight_pim_only_trace
AiM RD_MAC 0 0xffffffff
# --> Emitted by: cent_simulation/aim_sim.py (line 272) :: RD_MAC_only_trace
# --> Likely caller: cent_simulation/TransformerBlock.py (line 806) :: Vector_Matrix_Mul_output_pim_only_trace
AiM WR_BIAS 0 0xffffffff
# --> Emitted by: cent_simulation/aim_sim.py (line 263) :: WR_BIAS_only_trace
# --> Likely caller: cent_simulation/TransformerBlock.py (line 806) :: Vector_Matrix_Mul_output_pim_only_trace
AiM MAC_ABK 64 0xffffffff 379
# --> Emitted by: cent_simulation/aim_sim.py (line 267) :: MAC_ABK_only_trace
# --> Likely caller: cent_simulation/TransformerBlock.py (line 697) :: Vector_Matrix_Mul_weight_pim_only_trace
AiM RD_MAC 0 0xffffffff
# --> Emitted by: cent_simulation/aim_sim.py (line 272) :: RD_MAC_only_trace
# --> Likely caller: cent_simulation/TransformerBlock.py (line 806) :: Vector_Matrix_Mul_output_pim_only_trace
AiM WR_GB 64 0 0xffffffff
# --> Emitted by: cent_simulation/aim_sim.py (line 285) :: WR_GB_only_trace
# --> Likely caller: cent_simulation/TransformerBlock.py (line 697) :: Vector_Matrix_Mul_weight_pim_only_trace
AiM WR_BIAS 0 0xffffffff
# --> Emitted by: cent_simulation/aim_sim.py (line 263) :: WR_BIAS_only_trace
# --> Likely caller: cent_simulation/TransformerBlock.py (line 806) :: Vector_Matrix_Mul_output_pim_only_trace
AiM MAC_ABK 64 0xffffffff 296
# --> Emitted by: cent_simulation/aim_sim.py (line 267) :: MAC_ABK_only_trace
# --> Likely caller: cent_simulation/TransformerBlock.py (line 697) :: Vector_Matrix_Mul_weight_pim_only_trace
AiM RD_MAC 0 0xffffffff
# --> Emitted by: cent_simulation/aim_sim.py (line 272) :: RD_MAC_only_trace
# --> Likely caller: cent_simulation/TransformerBlock.py (line 806) :: Vector_Matrix_Mul_output_pim_only_trace
AiM WR_BIAS 0 0xffffffff
# --> Emitted by: cent_simulation/aim_sim.py (line 263) :: WR_BIAS_only_trace
# --> Likely caller: cent_simulation/TransformerBlock.py (line 806) :: Vector_Matrix_Mul_output_pim_only_trace
AiM MAC_ABK 64 0xffffffff 300
# --> Emitted by: cent_simulation/aim_sim.py (line 267) :: MAC_ABK_only_trace
# --> Likely caller: cent_simulation/TransformerBlock.py (line 697) :: Vector_Matrix_Mul_weight_pim_only_trace
AiM RD_MAC 0 0xffffffff
# --> Emitted by: cent_simulation/aim_sim.py (line 272) :: RD_MAC_only_trace
# --> Likely caller: cent_simulation/TransformerBlock.py (line 806) :: Vector_Matrix_Mul_output_pim_only_trace
AiM WR_BIAS 0 0xffffffff
# --> Emitted by: cent_simulation/aim_sim.py (line 263) :: WR_BIAS_only_trace
# --> Likely caller: cent_simulation/TransformerBlock.py (line 806) :: Vector_Matrix_Mul_output_pim_only_trace
AiM MAC_ABK 64 0xffffffff 304
# --> Emitted by: cent_simulation/aim_sim.py (line 267) :: MAC_ABK_only_trace
# --> Likely caller: cent_simulation/TransformerBlock.py (line 697) :: Vector_Matrix_Mul_weight_pim_only_trace
AiM RD_MAC 0 0xffffffff
# --> Emitted by: cent_simulation/aim_sim.py (line 272) :: RD_MAC_only_trace
# --> Likely caller: cent_simulation/TransformerBlock.py (line 806) :: Vector_Matrix_Mul_output_pim_only_trace
AiM WR_BIAS 0 0xffffffff
# --> Emitted by: cent_simulation/aim_sim.py (line 263) :: WR_BIAS_only_trace
# --> Likely caller: cent_simulation/TransformerBlock.py (line 806) :: Vector_Matrix_Mul_output_pim_only_trace
AiM MAC_ABK 64 0xffffffff 308
# --> Emitted by: cent_simulation/aim_sim.py (line 267) :: MAC_ABK_only_trace
# --> Likely caller: cent_simulation/TransformerBlock.py (line 697) :: Vector_Matrix_Mul_weight_pim_only_trace
AiM RD_MAC 0 0xffffffff
# --> Emitted by: cent_simulation/aim_sim.py (line 272) :: RD_MAC_only_trace
# --> Likely caller: cent_simulation/TransformerBlock.py (line 806) :: Vector_Matrix_Mul_output_pim_only_trace
AiM WR_BIAS 0 0xffffffff
# --> Emitted by: cent_simulation/aim_sim.py (line 263) :: WR_BIAS_only_trace
# --> Likely caller: cent_simulation/TransformerBlock.py (line 806) :: Vector_Matrix_Mul_output_pim_only_trace
AiM MAC_ABK 64 0xffffffff 312
# --> Emitted by: cent_simulation/aim_sim.py (line 267) :: MAC_ABK_only_trace
# --> Likely caller: cent_simulation/TransformerBlock.py (line 697) :: Vector_Matrix_Mul_weight_pim_only_trace
AiM RD_MAC 0 0xffffffff
# --> Emitted by: cent_simulation/aim_sim.py (line 272) :: RD_MAC_only_trace
# --> Likely caller: cent_simulation/TransformerBlock.py (line 806) :: Vector_Matrix_Mul_output_pim_only_trace
AiM WR_BIAS 0 0xffffffff
# --> Emitted by: cent_simulation/aim_sim.py (line 263) :: WR_BIAS_only_trace
# --> Likely caller: cent_simulation/TransformerBlock.py (line 806) :: Vector_Matrix_Mul_output_pim_only_trace
AiM MAC_ABK 64 0xffffffff 316
# --> Emitted by: cent_simulation/aim_sim.py (line 267) :: MAC_ABK_only_trace
# --> Likely caller: cent_simulation/TransformerBlock.py (line 697) :: Vector_Matrix_Mul_weight_pim_only_trace
AiM RD_MAC 0 0xffffffff
# --> Emitted by: cent_simulation/aim_sim.py (line 272) :: RD_MAC_only_trace
# --> Likely caller: cent_simulation/TransformerBlock.py (line 806) :: Vector_Matrix_Mul_output_pim_only_trace
AiM WR_BIAS 0 0xffffffff
# --> Emitted by: cent_simulation/aim_sim.py (line 263) :: WR_BIAS_only_trace
# --> Likely caller: cent_simulation/TransformerBlock.py (line 806) :: Vector_Matrix_Mul_output_pim_only_trace
AiM MAC_ABK 64 0xffffffff 320
# --> Emitted by: cent_simulation/aim_sim.py (line 267) :: MAC_ABK_only_trace
# --> Likely caller: cent_simulation/TransformerBlock.py (line 697) :: Vector_Matrix_Mul_weight_pim_only_trace
AiM RD_MAC 0 0xffffffff
# --> Emitted by: cent_simulation/aim_sim.py (line 272) :: RD_MAC_only_trace
# --> Likely caller: cent_simulation/TransformerBlock.py (line 806) :: Vector_Matrix_Mul_output_pim_only_trace
AiM WR_BIAS 0 0xffffffff
# --> Emitted by: cent_simulation/aim_sim.py (line 263) :: WR_BIAS_only_trace
# --> Likely caller: cent_simulation/TransformerBlock.py (line 806) :: Vector_Matrix_Mul_output_pim_only_trace
AiM MAC_ABK 64 0xffffffff 324
# --> Emitted by: cent_simulation/aim_sim.py (line 267) :: MAC_ABK_only_trace
# --> Likely caller: cent_simulation/TransformerBlock.py (line 697) :: Vector_Matrix_Mul_weight_pim_only_trace
AiM RD_MAC 0 0xffffffff
# --> Emitted by: cent_simulation/aim_sim.py (line 272) :: RD_MAC_only_trace
# --> Likely caller: cent_simulation/TransformerBlock.py (line 806) :: Vector_Matrix_Mul_output_pim_only_trace
AiM WR_BIAS 0 0xffffffff
# --> Emitted by: cent_simulation/aim_sim.py (line 263) :: WR_BIAS_only_trace
# --> Likely caller: cent_simulation/TransformerBlock.py (line 806) :: Vector_Matrix_Mul_output_pim_only_trace
AiM MAC_ABK 64 0xffffffff 328
# --> Emitted by: cent_simulation/aim_sim.py (line 267) :: MAC_ABK_only_trace
# --> Likely caller: cent_simulation/TransformerBlock.py (line 697) :: Vector_Matrix_Mul_weight_pim_only_trace
AiM RD_MAC 0 0xffffffff
# --> Emitted by: cent_simulation/aim_sim.py (line 272) :: RD_MAC_only_trace
# --> Likely caller: cent_simulation/TransformerBlock.py (line 806) :: Vector_Matrix_Mul_output_pim_only_trace
AiM WR_BIAS 0 0xffffffff
# --> Emitted by: cent_simulation/aim_sim.py (line 263) :: WR_BIAS_only_trace
# --> Likely caller: cent_simulation/TransformerBlock.py (line 806) :: Vector_Matrix_Mul_output_pim_only_trace
AiM MAC_ABK 64 0xffffffff 332
# --> Emitted by: cent_simulation/aim_sim.py (line 267) :: MAC_ABK_only_trace
# --> Likely caller: cent_simulation/TransformerBlock.py (line 697) :: Vector_Matrix_Mul_weight_pim_only_trace
AiM RD_MAC 0 0xffffffff
# --> Emitted by: cent_simulation/aim_sim.py (line 272) :: RD_MAC_only_trace
# --> Likely caller: cent_simulation/TransformerBlock.py (line 806) :: Vector_Matrix_Mul_output_pim_only_trace
AiM WR_BIAS 0 0xffffffff
# --> Emitted by: cent_simulation/aim_sim.py (line 263) :: WR_BIAS_only_trace
# --> Likely caller: cent_simulation/TransformerBlock.py (line 806) :: Vector_Matrix_Mul_output_pim_only_trace
AiM MAC_ABK 64 0xffffffff 336
# --> Emitted by: cent_simulation/aim_sim.py (line 267) :: MAC_ABK_only_trace
# --> Likely caller: cent_simulation/TransformerBlock.py (line 697) :: Vector_Matrix_Mul_weight_pim_only_trace
AiM RD_MAC 0 0xffffffff
# --> Emitted by: cent_simulation/aim_sim.py (line 272) :: RD_MAC_only_trace
# --> Likely caller: cent_simulation/TransformerBlock.py (line 806) :: Vector_Matrix_Mul_output_pim_only_trace
AiM WR_BIAS 0 0xffffffff
# --> Emitted by: cent_simulation/aim_sim.py (line 263) :: WR_BIAS_only_trace
# --> Likely caller: cent_simulation/TransformerBlock.py (line 806) :: Vector_Matrix_Mul_output_pim_only_trace
AiM MAC_ABK 64 0xffffffff 340
# --> Emitted by: cent_simulation/aim_sim.py (line 267) :: MAC_ABK_only_trace
# --> Likely caller: cent_simulation/TransformerBlock.py (line 697) :: Vector_Matrix_Mul_weight_pim_only_trace
AiM RD_MAC 0 0xffffffff
# --> Emitted by: cent_simulation/aim_sim.py (line 272) :: RD_MAC_only_trace
# --> Likely caller: cent_simulation/TransformerBlock.py (line 806) :: Vector_Matrix_Mul_output_pim_only_trace
AiM WR_BIAS 0 0xffffffff
# --> Emitted by: cent_simulation/aim_sim.py (line 263) :: WR_BIAS_only_trace
# --> Likely caller: cent_simulation/TransformerBlock.py (line 806) :: Vector_Matrix_Mul_output_pim_only_trace
AiM MAC_ABK 64 0xffffffff 344
# --> Emitted by: cent_simulation/aim_sim.py (line 267) :: MAC_ABK_only_trace
# --> Likely caller: cent_simulation/TransformerBlock.py (line 697) :: Vector_Matrix_Mul_weight_pim_only_trace
AiM RD_MAC 0 0xffffffff
# --> Emitted by: cent_simulation/aim_sim.py (line 272) :: RD_MAC_only_trace
# --> Likely caller: cent_simulation/TransformerBlock.py (line 806) :: Vector_Matrix_Mul_output_pim_only_trace
AiM WR_BIAS 0 0xffffffff
# --> Emitted by: cent_simulation/aim_sim.py (line 263) :: WR_BIAS_only_trace
# --> Likely caller: cent_simulation/TransformerBlock.py (line 806) :: Vector_Matrix_Mul_output_pim_only_trace
AiM MAC_ABK 64 0xffffffff 348
# --> Emitted by: cent_simulation/aim_sim.py (line 267) :: MAC_ABK_only_trace
# --> Likely caller: cent_simulation/TransformerBlock.py (line 697) :: Vector_Matrix_Mul_weight_pim_only_trace
AiM RD_MAC 0 0xffffffff
# --> Emitted by: cent_simulation/aim_sim.py (line 272) :: RD_MAC_only_trace
# --> Likely caller: cent_simulation/TransformerBlock.py (line 806) :: Vector_Matrix_Mul_output_pim_only_trace
AiM WR_BIAS 0 0xffffffff
# --> Emitted by: cent_simulation/aim_sim.py (line 263) :: WR_BIAS_only_trace
# --> Likely caller: cent_simulation/TransformerBlock.py (line 806) :: Vector_Matrix_Mul_output_pim_only_trace
AiM MAC_ABK 64 0xffffffff 352
# --> Emitted by: cent_simulation/aim_sim.py (line 267) :: MAC_ABK_only_trace
# --> Likely caller: cent_simulation/TransformerBlock.py (line 697) :: Vector_Matrix_Mul_weight_pim_only_trace
AiM RD_MAC 0 0xffffffff
# --> Emitted by: cent_simulation/aim_sim.py (line 272) :: RD_MAC_only_trace
# --> Likely caller: cent_simulation/TransformerBlock.py (line 806) :: Vector_Matrix_Mul_output_pim_only_trace
AiM WR_BIAS 0 0xffffffff
# --> Emitted by: cent_simulation/aim_sim.py (line 263) :: WR_BIAS_only_trace
# --> Likely caller: cent_simulation/TransformerBlock.py (line 806) :: Vector_Matrix_Mul_output_pim_only_trace
AiM MAC_ABK 64 0xffffffff 356
# --> Emitted by: cent_simulation/aim_sim.py (line 267) :: MAC_ABK_only_trace
# --> Likely caller: cent_simulation/TransformerBlock.py (line 697) :: Vector_Matrix_Mul_weight_pim_only_trace
AiM RD_MAC 0 0xffffffff
# --> Emitted by: cent_simulation/aim_sim.py (line 272) :: RD_MAC_only_trace
# --> Likely caller: cent_simulation/TransformerBlock.py (line 806) :: Vector_Matrix_Mul_output_pim_only_trace
AiM WR_BIAS 0 0xffffffff
# --> Emitted by: cent_simulation/aim_sim.py (line 263) :: WR_BIAS_only_trace
# --> Likely caller: cent_simulation/TransformerBlock.py (line 806) :: Vector_Matrix_Mul_output_pim_only_trace
AiM MAC_ABK 64 0xffffffff 360
# --> Emitted by: cent_simulation/aim_sim.py (line 267) :: MAC_ABK_only_trace
# --> Likely caller: cent_simulation/TransformerBlock.py (line 697) :: Vector_Matrix_Mul_weight_pim_only_trace
AiM RD_MAC 0 0xffffffff
# --> Emitted by: cent_simulation/aim_sim.py (line 272) :: RD_MAC_only_trace
# --> Likely caller: cent_simulation/TransformerBlock.py (line 806) :: Vector_Matrix_Mul_output_pim_only_trace
AiM WR_BIAS 0 0xffffffff
# --> Emitted by: cent_simulation/aim_sim.py (line 263) :: WR_BIAS_only_trace
# --> Likely caller: cent_simulation/TransformerBlock.py (line 806) :: Vector_Matrix_Mul_output_pim_only_trace
AiM MAC_ABK 64 0xffffffff 364
# --> Emitted by: cent_simulation/aim_sim.py (line 267) :: MAC_ABK_only_trace
# --> Likely caller: cent_simulation/TransformerBlock.py (line 697) :: Vector_Matrix_Mul_weight_pim_only_trace
AiM RD_MAC 0 0xffffffff
# --> Emitted by: cent_simulation/aim_sim.py (line 272) :: RD_MAC_only_trace
# --> Likely caller: cent_simulation/TransformerBlock.py (line 806) :: Vector_Matrix_Mul_output_pim_only_trace
AiM WR_BIAS 0 0xffffffff
# --> Emitted by: cent_simulation/aim_sim.py (line 263) :: WR_BIAS_only_trace
# --> Likely caller: cent_simulation/TransformerBlock.py (line 806) :: Vector_Matrix_Mul_output_pim_only_trace
AiM MAC_ABK 64 0xffffffff 368
# --> Emitted by: cent_simulation/aim_sim.py (line 267) :: MAC_ABK_only_trace
# --> Likely caller: cent_simulation/TransformerBlock.py (line 697) :: Vector_Matrix_Mul_weight_pim_only_trace
AiM RD_MAC 0 0xffffffff
# --> Emitted by: cent_simulation/aim_sim.py (line 272) :: RD_MAC_only_trace
# --> Likely caller: cent_simulation/TransformerBlock.py (line 806) :: Vector_Matrix_Mul_output_pim_only_trace
AiM WR_BIAS 0 0xffffffff
# --> Emitted by: cent_simulation/aim_sim.py (line 263) :: WR_BIAS_only_trace
# --> Likely caller: cent_simulation/TransformerBlock.py (line 806) :: Vector_Matrix_Mul_output_pim_only_trace
AiM MAC_ABK 64 0xffffffff 372
# --> Emitted by: cent_simulation/aim_sim.py (line 267) :: MAC_ABK_only_trace
# --> Likely caller: cent_simulation/TransformerBlock.py (line 697) :: Vector_Matrix_Mul_weight_pim_only_trace
AiM RD_MAC 0 0xffffffff
# --> Emitted by: cent_simulation/aim_sim.py (line 272) :: RD_MAC_only_trace
# --> Likely caller: cent_simulation/TransformerBlock.py (line 806) :: Vector_Matrix_Mul_output_pim_only_trace
AiM WR_BIAS 0 0xffffffff
# --> Emitted by: cent_simulation/aim_sim.py (line 263) :: WR_BIAS_only_trace
# --> Likely caller: cent_simulation/TransformerBlock.py (line 806) :: Vector_Matrix_Mul_output_pim_only_trace
AiM MAC_ABK 64 0xffffffff 376
# --> Emitted by: cent_simulation/aim_sim.py (line 267) :: MAC_ABK_only_trace
# --> Likely caller: cent_simulation/TransformerBlock.py (line 697) :: Vector_Matrix_Mul_weight_pim_only_trace
AiM RD_MAC 0 0xffffffff
# --> Emitted by: cent_simulation/aim_sim.py (line 272) :: RD_MAC_only_trace
# --> Likely caller: cent_simulation/TransformerBlock.py (line 806) :: Vector_Matrix_Mul_output_pim_only_trace
AiM WR_BIAS 0 0xffffffff
# --> Emitted by: cent_simulation/aim_sim.py (line 263) :: WR_BIAS_only_trace
# --> Likely caller: cent_simulation/TransformerBlock.py (line 806) :: Vector_Matrix_Mul_output_pim_only_trace
AiM MAC_ABK 64 0xffffffff 380
# --> Emitted by: cent_simulation/aim_sim.py (line 267) :: MAC_ABK_only_trace
# --> Likely caller: cent_simulation/TransformerBlock.py (line 697) :: Vector_Matrix_Mul_weight_pim_only_trace
AiM RD_MAC 0 0xffffffff
# --> Emitted by: cent_simulation/aim_sim.py (line 272) :: RD_MAC_only_trace
# --> Likely caller: cent_simulation/TransformerBlock.py (line 806) :: Vector_Matrix_Mul_output_pim_only_trace
W MEM 0 0 383
W MEM 0 4 383
W MEM 0 8 383
W MEM 0 12 383
W MEM 1 0 383
W MEM 1 4 383
W MEM 1 8 383
W MEM 1 12 383
W MEM 2 0 383
W MEM 2 4 383
W MEM 2 8 383
W MEM 2 12 383
W MEM 3 0 383
W MEM 3 4 383
W MEM 3 8 383
W MEM 3 12 383
W MEM 4 0 383
W MEM 4 4 383
W MEM 4 8 383
W MEM 4 12 383
W MEM 5 0 383
W MEM 5 4 383
W MEM 5 8 383
W MEM 5 12 383
W MEM 6 0 383
W MEM 6 4 383
W MEM 6 8 383
W MEM 6 12 383
W MEM 7 0 383
W MEM 7 4 383
W MEM 7 8 383
W MEM 7 12 383
W MEM 8 0 383
W MEM 8 4 383
W MEM 8 8 383
W MEM 8 12 383
W MEM 9 0 383
W MEM 9 4 383
W MEM 9 8 383
W MEM 9 12 383
W MEM 10 0 383
W MEM 10 4 383
W MEM 10 8 383
W MEM 10 12 383
W MEM 11 0 383
W MEM 11 4 383
W MEM 11 8 383
W MEM 11 12 383
W MEM 12 0 383
W MEM 12 4 383
W MEM 12 8 383
W MEM 12 12 383
W MEM 13 0 383
W MEM 13 4 383
W MEM 13 8 383
W MEM 13 12 383
W MEM 14 0 383
W MEM 14 4 383
W MEM 14 8 383
W MEM 14 12 383
W MEM 15 0 383
W MEM 15 4 383
W MEM 15 8 383
W MEM 15 12 383
W MEM 16 0 383
W MEM 16 4 383
W MEM 16 8 383
W MEM 16 12 383
W MEM 17 0 383
W MEM 17 4 383
W MEM 17 8 383
W MEM 17 12 383
W MEM 18 0 383
W MEM 18 4 383
W MEM 18 8 383
W MEM 18 12 383
W MEM 19 0 383
W MEM 19 4 383
W MEM 19 8 383
W MEM 19 12 383
W MEM 20 0 383
W MEM 20 4 383
W MEM 20 8 383
W MEM 20 12 383
W MEM 21 0 383
W MEM 21 4 383
W MEM 21 8 383
W MEM 21 12 383
W MEM 22 0 383
W MEM 22 4 383
W MEM 22 8 383
W MEM 22 12 383
W MEM 23 0 383
W MEM 23 4 383
W MEM 23 8 383
W MEM 23 12 383
W MEM 24 0 383
W MEM 24 4 383
W MEM 24 8 383
W MEM 24 12 383
W MEM 25 0 383
W MEM 25 4 383
W MEM 25 8 383
W MEM 25 12 383
W MEM 26 0 383
W MEM 26 4 383
W MEM 26 8 383
W MEM 26 12 383
W MEM 27 0 383
W MEM 27 4 383
W MEM 27 8 383
W MEM 27 12 383
W MEM 28 0 383
W MEM 28 4 383
W MEM 28 8 383
W MEM 28 12 383
W MEM 29 0 383
W MEM 29 4 383
W MEM 29 8 383
W MEM 29 12 383
W MEM 30 0 383
W MEM 30 4 383
W MEM 30 8 383
W MEM 30 12 383
W MEM 31 0 383
W MEM 31 4 383
W MEM 31 8 383
W MEM 31 12 383
W MEM 0 0 383
W MEM 0 4 383
W MEM 0 8 383
W MEM 0 12 383
W MEM 1 0 383
W MEM 1 4 383
W MEM 1 8 383
W MEM 1 12 383
W MEM 2 0 383
W MEM 2 4 383
W MEM 2 8 383
W MEM 2 12 383
W MEM 3 0 383
W MEM 3 4 383
W MEM 3 8 383
W MEM 3 12 383
W MEM 4 0 383
W MEM 4 4 383
W MEM 4 8 383
W MEM 4 12 383
W MEM 5 0 383
W MEM 5 4 383
W MEM 5 8 383
W MEM 5 12 383
W MEM 6 0 383
W MEM 6 4 383
W MEM 6 8 383
W MEM 6 12 383
W MEM 7 0 383
W MEM 7 4 383
W MEM 7 8 383
W MEM 7 12 383
W MEM 8 0 383
W MEM 8 4 383
W MEM 8 8 383
W MEM 8 12 383
W MEM 9 0 383
W MEM 9 4 383
W MEM 9 8 383
W MEM 9 12 383
W MEM 10 0 383
W MEM 10 4 383
W MEM 10 8 383
W MEM 10 12 383
W MEM 11 0 383
W MEM 11 4 383
W MEM 11 8 383
W MEM 11 12 383
W MEM 12 0 383
W MEM 12 4 383
W MEM 12 8 383
W MEM 12 12 383
W MEM 13 0 383
W MEM 13 4 383
W MEM 13 8 383
W MEM 13 12 383
W MEM 14 0 383
W MEM 14 4 383
W MEM 14 8 383
W MEM 14 12 383
W MEM 15 0 383
W MEM 15 4 383
W MEM 15 8 383
W MEM 15 12 383
W MEM 16 0 383
W MEM 16 4 383
W MEM 16 8 383
W MEM 16 12 383
W MEM 17 0 383
W MEM 17 4 383
W MEM 17 8 383
W MEM 17 12 383
W MEM 18 0 383
W MEM 18 4 383
W MEM 18 8 383
W MEM 18 12 383
W MEM 19 0 383
W MEM 19 4 383
W MEM 19 8 383
W MEM 19 12 383
W MEM 20 0 383
W MEM 20 4 383
W MEM 20 8 383
W MEM 20 12 383
W MEM 21 0 383
W MEM 21 4 383
W MEM 21 8 383
W MEM 21 12 383
W MEM 22 0 383
W MEM 22 4 383
W MEM 22 8 383
W MEM 22 12 383
W MEM 23 0 383
W MEM 23 4 383
W MEM 23 8 383
W MEM 23 12 383
W MEM 24 0 383
W MEM 24 4 383
W MEM 24 8 383
W MEM 24 12 383
W MEM 25 0 383
W MEM 25 4 383
W MEM 25 8 383
W MEM 25 12 383
W MEM 26 0 383
W MEM 26 4 383
W MEM 26 8 383
W MEM 26 12 383
W MEM 27 0 383
W MEM 27 4 383
W MEM 27 8 383
W MEM 27 12 383
W MEM 28 0 383
W MEM 28 4 383
W MEM 28 8 383
W MEM 28 12 383
W MEM 29 0 383
W MEM 29 4 383
W MEM 29 8 383
W MEM 29 12 383
W MEM 30 0 383
W MEM 30 4 383
W MEM 30 8 383
W MEM 30 12 383
W MEM 31 0 383
W MEM 31 4 383
W MEM 31 8 383
W MEM 31 12 383
W MEM 0 0 383
W MEM 0 4 383
W MEM 0 8 383
W MEM 0 12 383
W MEM 1 0 383
W MEM 1 4 383
W MEM 1 8 383
W MEM 1 12 383
W MEM 2 0 383
W MEM 2 4 383
W MEM 2 8 383
W MEM 2 12 383
W MEM 3 0 383
W MEM 3 4 383
W MEM 3 8 383
W MEM 3 12 383
W MEM 4 0 383
W MEM 4 4 383
W MEM 4 8 383
W MEM 4 12 383
W MEM 5 0 383
W MEM 5 4 383
W MEM 5 8 383
W MEM 5 12 383
W MEM 6 0 383
W MEM 6 4 383
W MEM 6 8 383
W MEM 6 12 383
W MEM 7 0 383
W MEM 7 4 383
W MEM 7 8 383
W MEM 7 12 383
W MEM 8 0 383
W MEM 8 4 383
W MEM 8 8 383
W MEM 8 12 383
W MEM 9 0 383
W MEM 9 4 383
W MEM 9 8 383
W MEM 9 12 383
W MEM 10 0 383
W MEM 10 4 383
W MEM 10 8 383
W MEM 10 12 383
W MEM 11 0 383
W MEM 11 4 383
W MEM 11 8 383
W MEM 11 12 383
W MEM 12 0 383
W MEM 12 4 383
W MEM 12 8 383
W MEM 12 12 383
W MEM 13 0 383
W MEM 13 4 383
W MEM 13 8 383
W MEM 13 12 383
W MEM 14 0 383
W MEM 14 4 383
W MEM 14 8 383
W MEM 14 12 383
W MEM 15 0 383
W MEM 15 4 383
W MEM 15 8 383
W MEM 15 12 383
W MEM 16 0 383
W MEM 16 4 383
W MEM 16 8 383
W MEM 16 12 383
W MEM 17 0 383
W MEM 17 4 383
W MEM 17 8 383
W MEM 17 12 383
W MEM 18 0 383
W MEM 18 4 383
W MEM 18 8 383
W MEM 18 12 383
W MEM 19 0 383
W MEM 19 4 383
W MEM 19 8 383
W MEM 19 12 383
W MEM 20 0 383
W MEM 20 4 383
W MEM 20 8 383
W MEM 20 12 383
W MEM 21 0 383
W MEM 21 4 383
W MEM 21 8 383
W MEM 21 12 383
W MEM 22 0 383
W MEM 22 4 383
W MEM 22 8 383
W MEM 22 12 383
W MEM 23 0 383
W MEM 23 4 383
W MEM 23 8 383
W MEM 23 12 383
W MEM 24 0 383
W MEM 24 4 383
W MEM 24 8 383
W MEM 24 12 383
W MEM 25 0 383
W MEM 25 4 383
W MEM 25 8 383
W MEM 25 12 383
W MEM 26 0 383
W MEM 26 4 383
W MEM 26 8 383
W MEM 26 12 383
W MEM 27 0 383
W MEM 27 4 383
W MEM 27 8 383
W MEM 27 12 383
W MEM 28 0 383
W MEM 28 4 383
W MEM 28 8 383
W MEM 28 12 383
W MEM 29 0 383
W MEM 29 4 383
W MEM 29 8 383
W MEM 29 12 383
W MEM 30 0 383
W MEM 30 4 383
W MEM 30 8 383
W MEM 30 12 383
W MEM 31 0 383
W MEM 31 4 383
W MEM 31 8 383
W MEM 31 12 383
W MEM 0 0 383
W MEM 0 4 383
W MEM 0 8 383
W MEM 0 12 383
W MEM 1 0 383
W MEM 1 4 383
W MEM 1 8 383
W MEM 1 12 383
W MEM 2 0 383
W MEM 2 4 383
W MEM 2 8 383
W MEM 2 12 383
W MEM 3 0 383
W MEM 3 4 383
W MEM 3 8 383
W MEM 3 12 383
W MEM 4 0 383
W MEM 4 4 383
W MEM 4 8 383
W MEM 4 12 383
W MEM 5 0 383
W MEM 5 4 383
W MEM 5 8 383
W MEM 5 12 383
W MEM 6 0 383
W MEM 6 4 383
W MEM 6 8 383
W MEM 6 12 383
W MEM 7 0 383
W MEM 7 4 383
W MEM 7 8 383
W MEM 7 12 383
W MEM 8 0 383
W MEM 8 4 383
W MEM 8 8 383
W MEM 8 12 383
W MEM 9 0 383
W MEM 9 4 383
W MEM 9 8 383
W MEM 9 12 383
W MEM 10 0 383
W MEM 10 4 383
W MEM 10 8 383
W MEM 10 12 383
W MEM 11 0 383
W MEM 11 4 383
W MEM 11 8 383
W MEM 11 12 383
W MEM 12 0 383
W MEM 12 4 383
W MEM 12 8 383
W MEM 12 12 383
W MEM 13 0 383
W MEM 13 4 383
W MEM 13 8 383
W MEM 13 12 383
W MEM 14 0 383
W MEM 14 4 383
W MEM 14 8 383
W MEM 14 12 383
W MEM 15 0 383
W MEM 15 4 383
W MEM 15 8 383
W MEM 15 12 383
W MEM 16 0 383
W MEM 16 4 383
W MEM 16 8 383
W MEM 16 12 383
W MEM 17 0 383
W MEM 17 4 383
W MEM 17 8 383
W MEM 17 12 383
W MEM 18 0 383
W MEM 18 4 383
W MEM 18 8 383
W MEM 18 12 383
W MEM 19 0 383
W MEM 19 4 383
W MEM 19 8 383
W MEM 19 12 383
W MEM 20 0 383
W MEM 20 4 383
W MEM 20 8 383
W MEM 20 12 383
W MEM 21 0 383
W MEM 21 4 383
W MEM 21 8 383
W MEM 21 12 383
W MEM 22 0 383
W MEM 22 4 383
W MEM 22 8 383
W MEM 22 12 383
W MEM 23 0 383
W MEM 23 4 383
W MEM 23 8 383
W MEM 23 12 383
W MEM 24 0 383
W MEM 24 4 383
W MEM 24 8 383
W MEM 24 12 383
W MEM 25 0 383
W MEM 25 4 383
W MEM 25 8 383
W MEM 25 12 383
W MEM 26 0 383
W MEM 26 4 383
W MEM 26 8 383
W MEM 26 12 383
W MEM 27 0 383
W MEM 27 4 383
W MEM 27 8 383
W MEM 27 12 383
W MEM 28 0 383
W MEM 28 4 383
W MEM 28 8 383
W MEM 28 12 383
W MEM 29 0 383
W MEM 29 4 383
W MEM 29 8 383
W MEM 29 12 383
W MEM 30 0 383
W MEM 30 4 383
W MEM 30 8 383
W MEM 30 12 383
W MEM 31 0 383
W MEM 31 4 383
W MEM 31 8 383
W MEM 31 12 383
W MEM 0 0 383
W MEM 0 4 383
W MEM 0 8 383
W MEM 0 12 383
W MEM 1 0 383
W MEM 1 4 383
W MEM 1 8 383
W MEM 1 12 383
W MEM 2 0 383
W MEM 2 4 383
W MEM 2 8 383
W MEM 2 12 383
W MEM 3 0 383
W MEM 3 4 383
W MEM 3 8 383
W MEM 3 12 383
W MEM 4 0 383
W MEM 4 4 383
W MEM 4 8 383
W MEM 4 12 383
W MEM 5 0 383
W MEM 5 4 383
W MEM 5 8 383
W MEM 5 12 383
W MEM 6 0 383
W MEM 6 4 383
W MEM 6 8 383
W MEM 6 12 383
W MEM 7 0 383
W MEM 7 4 383
W MEM 7 8 383
W MEM 7 12 383
W MEM 8 0 383
W MEM 8 4 383
W MEM 8 8 383
W MEM 8 12 383
W MEM 9 0 383
W MEM 9 4 383
W MEM 9 8 383
W MEM 9 12 383
W MEM 10 0 383
W MEM 10 4 383
W MEM 10 8 383
W MEM 10 12 383
W MEM 11 0 383
W MEM 11 4 383
W MEM 11 8 383
W MEM 11 12 383
W MEM 12 0 383
W MEM 12 4 383
W MEM 12 8 383
W MEM 12 12 383
W MEM 13 0 383
W MEM 13 4 383
W MEM 13 8 383
W MEM 13 12 383
W MEM 14 0 383
W MEM 14 4 383
W MEM 14 8 383
W MEM 14 12 383
W MEM 15 0 383
W MEM 15 4 383
W MEM 15 8 383
W MEM 15 12 383
W MEM 16 0 383
W MEM 16 4 383
W MEM 16 8 383
W MEM 16 12 383
W MEM 17 0 383
W MEM 17 4 383
W MEM 17 8 383
W MEM 17 12 383
W MEM 18 0 383
W MEM 18 4 383
W MEM 18 8 383
W MEM 18 12 383
W MEM 19 0 383
W MEM 19 4 383
W MEM 19 8 383
W MEM 19 12 383
W MEM 20 0 383
W MEM 20 4 383
W MEM 20 8 383
W MEM 20 12 383
W MEM 21 0 383
W MEM 21 4 383
W MEM 21 8 383
W MEM 21 12 383
W MEM 22 0 383
W MEM 22 4 383
W MEM 22 8 383
W MEM 22 12 383
W MEM 23 0 383
W MEM 23 4 383
W MEM 23 8 383
W MEM 23 12 383
W MEM 24 0 383
W MEM 24 4 383
W MEM 24 8 383
W MEM 24 12 383
W MEM 25 0 383
W MEM 25 4 383
W MEM 25 8 383
W MEM 25 12 383
W MEM 26 0 383
W MEM 26 4 383
W MEM 26 8 383
W MEM 26 12 383
W MEM 27 0 383
W MEM 27 4 383
W MEM 27 8 383
W MEM 27 12 383
W MEM 28 0 383
W MEM 28 4 383
W MEM 28 8 383
W MEM 28 12 383
W MEM 29 0 383
W MEM 29 4 383
W MEM 29 8 383
W MEM 29 12 383
W MEM 30 0 383
W MEM 30 4 383
W MEM 30 8 383
W MEM 30 12 383
W MEM 31 0 383
W MEM 31 4 383
W MEM 31 8 383
W MEM 31 12 383
W MEM 0 0 383
W MEM 0 4 383
W MEM 0 8 383
W MEM 0 12 383
W MEM 1 0 383
W MEM 1 4 383
W MEM 1 8 383
W MEM 1 12 383
W MEM 2 0 383
W MEM 2 4 383
W MEM 2 8 383
W MEM 2 12 383
W MEM 3 0 383
W MEM 3 4 383
W MEM 3 8 383
W MEM 3 12 383
W MEM 4 0 383
W MEM 4 4 383
W MEM 4 8 383
W MEM 4 12 383
W MEM 5 0 383
W MEM 5 4 383
W MEM 5 8 383
W MEM 5 12 383
W MEM 6 0 383
W MEM 6 4 383
W MEM 6 8 383
W MEM 6 12 383
W MEM 7 0 383
W MEM 7 4 383
W MEM 7 8 383
W MEM 7 12 383
W MEM 8 0 383
W MEM 8 4 383
W MEM 8 8 383
W MEM 8 12 383
W MEM 9 0 383
W MEM 9 4 383
W MEM 9 8 383
W MEM 9 12 383
W MEM 10 0 383
W MEM 10 4 383
W MEM 10 8 383
W MEM 10 12 383
W MEM 11 0 383
W MEM 11 4 383
W MEM 11 8 383
W MEM 11 12 383
W MEM 12 0 383
W MEM 12 4 383
W MEM 12 8 383
W MEM 12 12 383
W MEM 13 0 383
W MEM 13 4 383
W MEM 13 8 383
W MEM 13 12 383
W MEM 14 0 383
W MEM 14 4 383
W MEM 14 8 383
W MEM 14 12 383
W MEM 15 0 383
W MEM 15 4 383
W MEM 15 8 383
W MEM 15 12 383
W MEM 16 0 383
W MEM 16 4 383
W MEM 16 8 383
W MEM 16 12 383
W MEM 17 0 383
W MEM 17 4 383
W MEM 17 8 383
W MEM 17 12 383
W MEM 18 0 383
W MEM 18 4 383
W MEM 18 8 383
W MEM 18 12 383
W MEM 19 0 383
W MEM 19 4 383
W MEM 19 8 383
W MEM 19 12 383
W MEM 20 0 383
W MEM 20 4 383
W MEM 20 8 383
W MEM 20 12 383
W MEM 21 0 383
W MEM 21 4 383
W MEM 21 8 383
W MEM 21 12 383
W MEM 22 0 383
W MEM 22 4 383
W MEM 22 8 383
W MEM 22 12 383
W MEM 23 0 383
W MEM 23 4 383
W MEM 23 8 383
W MEM 23 12 383
W MEM 24 0 383
W MEM 24 4 383
W MEM 24 8 383
W MEM 24 12 383
W MEM 25 0 383
W MEM 25 4 383
W MEM 25 8 383
W MEM 25 12 383
W MEM 26 0 383
W MEM 26 4 383
W MEM 26 8 383
W MEM 26 12 383
W MEM 27 0 383
W MEM 27 4 383
W MEM 27 8 383
W MEM 27 12 383
W MEM 28 0 383
W MEM 28 4 383
W MEM 28 8 383
W MEM 28 12 383
W MEM 29 0 383
W MEM 29 4 383
W MEM 29 8 383
W MEM 29 12 383
W MEM 30 0 383
W MEM 30 4 383
W MEM 30 8 383
W MEM 30 12 383
W MEM 31 0 383
W MEM 31 4 383
W MEM 31 8 383
W MEM 31 12 383
W MEM 0 1 383
W MEM 0 5 383
W MEM 0 9 383
W MEM 0 13 383
W MEM 1 1 383
W MEM 1 5 383
W MEM 1 9 383
W MEM 1 13 383
W MEM 2 1 383
W MEM 2 5 383
W MEM 2 9 383
W MEM 2 13 383
W MEM 3 1 383
W MEM 3 5 383
W MEM 3 9 383
W MEM 3 13 383
W MEM 4 1 383
W MEM 4 5 383
W MEM 4 9 383
W MEM 4 13 383
W MEM 5 1 383
W MEM 5 5 383
W MEM 5 9 383
W MEM 5 13 383
W MEM 6 1 383
W MEM 6 5 383
W MEM 6 9 383
W MEM 6 13 383
W MEM 7 1 383
W MEM 7 5 383
W MEM 7 9 383
W MEM 7 13 383
W MEM 8 1 383
W MEM 8 5 383
W MEM 8 9 383
W MEM 8 13 383
W MEM 9 1 383
W MEM 9 5 383
W MEM 9 9 383
W MEM 9 13 383
W MEM 10 1 383
W MEM 10 5 383
W MEM 10 9 383
W MEM 10 13 383
W MEM 11 1 383
W MEM 11 5 383
W MEM 11 9 383
W MEM 11 13 383
W MEM 12 1 383
W MEM 12 5 383
W MEM 12 9 383
W MEM 12 13 383
W MEM 13 1 383
W MEM 13 5 383
W MEM 13 9 383
W MEM 13 13 383
W MEM 14 1 383
W MEM 14 5 383
W MEM 14 9 383
W MEM 14 13 383
W MEM 15 1 383
W MEM 15 5 383
W MEM 15 9 383
W MEM 15 13 383
W MEM 16 1 383
W MEM 16 5 383
W MEM 16 9 383
W MEM 16 13 383
W MEM 17 1 383
W MEM 17 5 383
W MEM 17 9 383
W MEM 17 13 383
W MEM 18 1 383
W MEM 18 5 383
W MEM 18 9 383
W MEM 18 13 383
W MEM 19 1 383
W MEM 19 5 383
W MEM 19 9 383
W MEM 19 13 383
W MEM 20 1 383
W MEM 20 5 383
W MEM 20 9 383
W MEM 20 13 383
W MEM 21 1 383
W MEM 21 5 383
W MEM 21 9 383
W MEM 21 13 383
W MEM 22 1 383
W MEM 22 5 383
W MEM 22 9 383
W MEM 22 13 383
W MEM 23 1 383
W MEM 23 5 383
W MEM 23 9 383
W MEM 23 13 383
W MEM 24 1 383
W MEM 24 5 383
W MEM 24 9 383
W MEM 24 13 383
W MEM 25 1 383
W MEM 25 5 383
W MEM 25 9 383
W MEM 25 13 383
W MEM 26 1 383
W MEM 26 5 383
W MEM 26 9 383
W MEM 26 13 383
W MEM 27 1 383
W MEM 27 5 383
W MEM 27 9 383
W MEM 27 13 383
W MEM 28 1 383
W MEM 28 5 383
W MEM 28 9 383
W MEM 28 13 383
W MEM 29 1 383
W MEM 29 5 383
W MEM 29 9 383
W MEM 29 13 383
W MEM 30 1 383
W MEM 30 5 383
W MEM 30 9 383
W MEM 30 13 383
W MEM 31 1 383
W MEM 31 5 383
W MEM 31 9 383
W MEM 31 13 383
W MEM 0 1 383
W MEM 0 5 383
W MEM 0 9 383
W MEM 0 13 383
W MEM 1 1 383
W MEM 1 5 383
W MEM 1 9 383
W MEM 1 13 383
W MEM 2 1 383
W MEM 2 5 383
W MEM 2 9 383
W MEM 2 13 383
W MEM 3 1 383
W MEM 3 5 383
W MEM 3 9 383
W MEM 3 13 383
W MEM 4 1 383
W MEM 4 5 383
W MEM 4 9 383
W MEM 4 13 383
W MEM 5 1 383
W MEM 5 5 383
W MEM 5 9 383
W MEM 5 13 383
W MEM 6 1 383
W MEM 6 5 383
W MEM 6 9 383
W MEM 6 13 383
W MEM 7 1 383
W MEM 7 5 383
W MEM 7 9 383
W MEM 7 13 383
W MEM 8 1 383
W MEM 8 5 383
W MEM 8 9 383
W MEM 8 13 383
W MEM 9 1 383
W MEM 9 5 383
W MEM 9 9 383
W MEM 9 13 383
W MEM 10 1 383
W MEM 10 5 383
W MEM 10 9 383
W MEM 10 13 383
W MEM 11 1 383
W MEM 11 5 383
W MEM 11 9 383
W MEM 11 13 383
W MEM 12 1 383
W MEM 12 5 383
W MEM 12 9 383
W MEM 12 13 383
W MEM 13 1 383
W MEM 13 5 383
W MEM 13 9 383
W MEM 13 13 383
W MEM 14 1 383
W MEM 14 5 383
W MEM 14 9 383
W MEM 14 13 383
W MEM 15 1 383
W MEM 15 5 383
W MEM 15 9 383
W MEM 15 13 383
W MEM 16 1 383
W MEM 16 5 383
W MEM 16 9 383
W MEM 16 13 383
W MEM 17 1 383
W MEM 17 5 383
W MEM 17 9 383
W MEM 17 13 383
W MEM 18 1 383
W MEM 18 5 383
W MEM 18 9 383
W MEM 18 13 383
W MEM 19 1 383
W MEM 19 5 383
W MEM 19 9 383
W MEM 19 13 383
W MEM 20 1 383
W MEM 20 5 383
W MEM 20 9 383
W MEM 20 13 383
W MEM 21 1 383
W MEM 21 5 383
W MEM 21 9 383
W MEM 21 13 383
W MEM 22 1 383
W MEM 22 5 383
W MEM 22 9 383
W MEM 22 13 383
W MEM 23 1 383
W MEM 23 5 383
W MEM 23 9 383
W MEM 23 13 383
W MEM 24 1 383
W MEM 24 5 383
W MEM 24 9 383
W MEM 24 13 383
W MEM 25 1 383
W MEM 25 5 383
W MEM 25 9 383
W MEM 25 13 383
W MEM 26 1 383
W MEM 26 5 383
W MEM 26 9 383
W MEM 26 13 383
W MEM 27 1 383
W MEM 27 5 383
W MEM 27 9 383
W MEM 27 13 383
W MEM 28 1 383
W MEM 28 5 383
W MEM 28 9 383
W MEM 28 13 383
W MEM 29 1 383
W MEM 29 5 383
W MEM 29 9 383
W MEM 29 13 383
W MEM 30 1 383
W MEM 30 5 383
W MEM 30 9 383
W MEM 30 13 383
W MEM 31 1 383
W MEM 31 5 383
W MEM 31 9 383
W MEM 31 13 383
W MEM 0 1 383
W MEM 0 5 383
W MEM 0 9 383
W MEM 0 13 383
W MEM 1 1 383
W MEM 1 5 383
W MEM 1 9 383
W MEM 1 13 383
W MEM 2 1 383
W MEM 2 5 383
W MEM 2 9 383
W MEM 2 13 383
W MEM 3 1 383
W MEM 3 5 383
W MEM 3 9 383
W MEM 3 13 383
W MEM 4 1 383
W MEM 4 5 383
W MEM 4 9 383
W MEM 4 13 383
W MEM 5 1 383
W MEM 5 5 383
W MEM 5 9 383
W MEM 5 13 383
W MEM 6 1 383
W MEM 6 5 383
W MEM 6 9 383
W MEM 6 13 383
W MEM 7 1 383
W MEM 7 5 383
W MEM 7 9 383
W MEM 7 13 383
W MEM 8 1 383
W MEM 8 5 383
W MEM 8 9 383
W MEM 8 13 383
W MEM 9 1 383
W MEM 9 5 383
W MEM 9 9 383
W MEM 9 13 383
W MEM 10 1 383
W MEM 10 5 383
W MEM 10 9 383
W MEM 10 13 383
W MEM 11 1 383
W MEM 11 5 383
W MEM 11 9 383
W MEM 11 13 383
W MEM 12 1 383
W MEM 12 5 383
W MEM 12 9 383
W MEM 12 13 383
W MEM 13 1 383
W MEM 13 5 383
W MEM 13 9 383
W MEM 13 13 383
W MEM 14 1 383
W MEM 14 5 383
W MEM 14 9 383
W MEM 14 13 383
W MEM 15 1 383
W MEM 15 5 383
W MEM 15 9 383
W MEM 15 13 383
W MEM 16 1 383
W MEM 16 5 383
W MEM 16 9 383
W MEM 16 13 383
W MEM 17 1 383
W MEM 17 5 383
W MEM 17 9 383
W MEM 17 13 383
W MEM 18 1 383
W MEM 18 5 383
W MEM 18 9 383
W MEM 18 13 383
W MEM 19 1 383
W MEM 19 5 383
W MEM 19 9 383
W MEM 19 13 383
W MEM 20 1 383
W MEM 20 5 383
W MEM 20 9 383
W MEM 20 13 383
W MEM 21 1 383
W MEM 21 5 383
W MEM 21 9 383
W MEM 21 13 383
W MEM 22 1 383
W MEM 22 5 383
W MEM 22 9 383
W MEM 22 13 383
W MEM 23 1 383
W MEM 23 5 383
W MEM 23 9 383
W MEM 23 13 383
W MEM 24 1 383
W MEM 24 5 383
W MEM 24 9 383
W MEM 24 13 383
W MEM 25 1 383
W MEM 25 5 383
W MEM 25 9 383
W MEM 25 13 383
W MEM 26 1 383
W MEM 26 5 383
W MEM 26 9 383
W MEM 26 13 383
W MEM 27 1 383
W MEM 27 5 383
W MEM 27 9 383
W MEM 27 13 383
W MEM 28 1 383
W MEM 28 5 383
W MEM 28 9 383
W MEM 28 13 383
W MEM 29 1 383
W MEM 29 5 383
W MEM 29 9 383
W MEM 29 13 383
W MEM 30 1 383
W MEM 30 5 383
W MEM 30 9 383
W MEM 30 13 383
W MEM 31 1 383
W MEM 31 5 383
W MEM 31 9 383
W MEM 31 13 383
W MEM 0 1 383
W MEM 0 5 383
W MEM 0 9 383
W MEM 0 13 383
W MEM 1 1 383
W MEM 1 5 383
W MEM 1 9 383
W MEM 1 13 383
W MEM 2 1 383
W MEM 2 5 383
W MEM 2 9 383
W MEM 2 13 383
W MEM 3 1 383
W MEM 3 5 383
W MEM 3 9 383
W MEM 3 13 383
W MEM 4 1 383
W MEM 4 5 383
W MEM 4 9 383
W MEM 4 13 383
W MEM 5 1 383
W MEM 5 5 383
W MEM 5 9 383
W MEM 5 13 383
W MEM 6 1 383
W MEM 6 5 383
W MEM 6 9 383
W MEM 6 13 383
W MEM 7 1 383
W MEM 7 5 383
W MEM 7 9 383
W MEM 7 13 383
W MEM 8 1 383
W MEM 8 5 383
W MEM 8 9 383
W MEM 8 13 383
W MEM 9 1 383
W MEM 9 5 383
W MEM 9 9 383
W MEM 9 13 383
W MEM 10 1 383
W MEM 10 5 383
W MEM 10 9 383
W MEM 10 13 383
W MEM 11 1 383
W MEM 11 5 383
W MEM 11 9 383
W MEM 11 13 383
W MEM 12 1 383
W MEM 12 5 383
W MEM 12 9 383
W MEM 12 13 383
W MEM 13 1 383
W MEM 13 5 383
W MEM 13 9 383
W MEM 13 13 383
W MEM 14 1 383
W MEM 14 5 383
W MEM 14 9 383
W MEM 14 13 383
W MEM 15 1 383
W MEM 15 5 383
W MEM 15 9 383
W MEM 15 13 383
W MEM 16 1 383
W MEM 16 5 383
W MEM 16 9 383
W MEM 16 13 383
W MEM 17 1 383
W MEM 17 5 383
W MEM 17 9 383
W MEM 17 13 383
W MEM 18 1 383
W MEM 18 5 383
W MEM 18 9 383
W MEM 18 13 383
W MEM 19 1 383
W MEM 19 5 383
W MEM 19 9 383
W MEM 19 13 383
W MEM 20 1 383
W MEM 20 5 383
W MEM 20 9 383
W MEM 20 13 383
W MEM 21 1 383
W MEM 21 5 383
W MEM 21 9 383
W MEM 21 13 383
W MEM 22 1 383
W MEM 22 5 383
W MEM 22 9 383
W MEM 22 13 383
W MEM 23 1 383
W MEM 23 5 383
W MEM 23 9 383
W MEM 23 13 383
W MEM 24 1 383
W MEM 24 5 383
W MEM 24 9 383
W MEM 24 13 383
W MEM 25 1 383
W MEM 25 5 383
W MEM 25 9 383
W MEM 25 13 383
W MEM 26 1 383
W MEM 26 5 383
W MEM 26 9 383
W MEM 26 13 383
W MEM 27 1 383
W MEM 27 5 383
W MEM 27 9 383
W MEM 27 13 383
W MEM 28 1 383
W MEM 28 5 383
W MEM 28 9 383
W MEM 28 13 383
W MEM 29 1 383
W MEM 29 5 383
W MEM 29 9 383
W MEM 29 13 383
W MEM 30 1 383
W MEM 30 5 383
W MEM 30 9 383
W MEM 30 13 383
W MEM 31 1 383
W MEM 31 5 383
W MEM 31 9 383
W MEM 31 13 383
W MEM 0 1 383
W MEM 0 5 383
W MEM 0 9 383
W MEM 0 13 383
W MEM 1 1 383
W MEM 1 5 383
W MEM 1 9 383
W MEM 1 13 383
W MEM 2 1 383
W MEM 2 5 383
W MEM 2 9 383
W MEM 2 13 383
W MEM 3 1 383
W MEM 3 5 383
W MEM 3 9 383
W MEM 3 13 383
W MEM 4 1 383
W MEM 4 5 383
W MEM 4 9 383
W MEM 4 13 383
W MEM 5 1 383
W MEM 5 5 383
W MEM 5 9 383
W MEM 5 13 383
W MEM 6 1 383
W MEM 6 5 383
W MEM 6 9 383
W MEM 6 13 383
W MEM 7 1 383
W MEM 7 5 383
W MEM 7 9 383
W MEM 7 13 383
W MEM 8 1 383
W MEM 8 5 383
W MEM 8 9 383
W MEM 8 13 383
W MEM 9 1 383
W MEM 9 5 383
W MEM 9 9 383
W MEM 9 13 383
W MEM 10 1 383
W MEM 10 5 383
W MEM 10 9 383
W MEM 10 13 383
W MEM 11 1 383
W MEM 11 5 383
W MEM 11 9 383
W MEM 11 13 383
W MEM 12 1 383
W MEM 12 5 383
W MEM 12 9 383
W MEM 12 13 383
W MEM 13 1 383
W MEM 13 5 383
W MEM 13 9 383
W MEM 13 13 383
W MEM 14 1 383
W MEM 14 5 383
W MEM 14 9 383
W MEM 14 13 383
W MEM 15 1 383
W MEM 15 5 383
W MEM 15 9 383
W MEM 15 13 383
W MEM 16 1 383
W MEM 16 5 383
W MEM 16 9 383
W MEM 16 13 383
W MEM 17 1 383
W MEM 17 5 383
W MEM 17 9 383
W MEM 17 13 383
W MEM 18 1 383
W MEM 18 5 383
W MEM 18 9 383
W MEM 18 13 383
W MEM 19 1 383
W MEM 19 5 383
W MEM 19 9 383
W MEM 19 13 383
W MEM 20 1 383
W MEM 20 5 383
W MEM 20 9 383
W MEM 20 13 383
W MEM 21 1 383
W MEM 21 5 383
W MEM 21 9 383
W MEM 21 13 383
W MEM 22 1 383
W MEM 22 5 383
W MEM 22 9 383
W MEM 22 13 383
W MEM 23 1 383
W MEM 23 5 383
W MEM 23 9 383
W MEM 23 13 383
W MEM 24 1 383
W MEM 24 5 383
W MEM 24 9 383
W MEM 24 13 383
W MEM 25 1 383
W MEM 25 5 383
W MEM 25 9 383
W MEM 25 13 383
W MEM 26 1 383
W MEM 26 5 383
W MEM 26 9 383
W MEM 26 13 383
W MEM 27 1 383
W MEM 27 5 383
W MEM 27 9 383
W MEM 27 13 383
W MEM 28 1 383
W MEM 28 5 383
W MEM 28 9 383
W MEM 28 13 383
W MEM 29 1 383
W MEM 29 5 383
W MEM 29 9 383
W MEM 29 13 383
W MEM 30 1 383
W MEM 30 5 383
W MEM 30 9 383
W MEM 30 13 383
W MEM 31 1 383
W MEM 31 5 383
W MEM 31 9 383
W MEM 31 13 383
W MEM 0 1 383
W MEM 0 5 383
W MEM 0 9 383
W MEM 0 13 383
W MEM 1 1 383
W MEM 1 5 383
W MEM 1 9 383
W MEM 1 13 383
W MEM 2 1 383
W MEM 2 5 383
W MEM 2 9 383
W MEM 2 13 383
W MEM 3 1 383
W MEM 3 5 383
W MEM 3 9 383
W MEM 3 13 383
W MEM 4 1 383
W MEM 4 5 383
W MEM 4 9 383
W MEM 4 13 383
W MEM 5 1 383
W MEM 5 5 383
W MEM 5 9 383
W MEM 5 13 383
W MEM 6 1 383
W MEM 6 5 383
W MEM 6 9 383
W MEM 6 13 383
W MEM 7 1 383
W MEM 7 5 383
W MEM 7 9 383
W MEM 7 13 383
W MEM 8 1 383
W MEM 8 5 383
W MEM 8 9 383
W MEM 8 13 383
W MEM 9 1 383
W MEM 9 5 383
W MEM 9 9 383
W MEM 9 13 383
W MEM 10 1 383
W MEM 10 5 383
W MEM 10 9 383
W MEM 10 13 383
W MEM 11 1 383
W MEM 11 5 383
W MEM 11 9 383
W MEM 11 13 383
W MEM 12 1 383
W MEM 12 5 383
W MEM 12 9 383
W MEM 12 13 383
W MEM 13 1 383
W MEM 13 5 383
W MEM 13 9 383
W MEM 13 13 383
W MEM 14 1 383
W MEM 14 5 383
W MEM 14 9 383
W MEM 14 13 383
W MEM 15 1 383
W MEM 15 5 383
W MEM 15 9 383
W MEM 15 13 383
W MEM 16 1 383
W MEM 16 5 383
W MEM 16 9 383
W MEM 16 13 383
W MEM 17 1 383
W MEM 17 5 383
W MEM 17 9 383
W MEM 17 13 383
W MEM 18 1 383
W MEM 18 5 383
W MEM 18 9 383
W MEM 18 13 383
W MEM 19 1 383
W MEM 19 5 383
W MEM 19 9 383
W MEM 19 13 383
W MEM 20 1 383
W MEM 20 5 383
W MEM 20 9 383
W MEM 20 13 383
W MEM 21 1 383
W MEM 21 5 383
W MEM 21 9 383
W MEM 21 13 383
W MEM 22 1 383
W MEM 22 5 383
W MEM 22 9 383
W MEM 22 13 383
W MEM 23 1 383
W MEM 23 5 383
W MEM 23 9 383
W MEM 23 13 383
W MEM 24 1 383
W MEM 24 5 383
W MEM 24 9 383
W MEM 24 13 383
W MEM 25 1 383
W MEM 25 5 383
W MEM 25 9 383
W MEM 25 13 383
W MEM 26 1 383
W MEM 26 5 383
W MEM 26 9 383
W MEM 26 13 383
W MEM 27 1 383
W MEM 27 5 383
W MEM 27 9 383
W MEM 27 13 383
W MEM 28 1 383
W MEM 28 5 383
W MEM 28 9 383
W MEM 28 13 383
W MEM 29 1 383
W MEM 29 5 383
W MEM 29 9 383
W MEM 29 13 383
W MEM 30 1 383
W MEM 30 5 383
W MEM 30 9 383
W MEM 30 13 383
W MEM 31 1 383
W MEM 31 5 383
W MEM 31 9 383
W MEM 31 13 383
AiM EWMUL 6 0xffffffff 383
# --> Emitted by: cent_simulation/aim_sim.py (line 276) :: EWMUL_only_trace
# --> Likely caller: cent_simulation/Llama.py (line 175) :: self_attention_aim
AiM COPY_BKGB 6 0xffffffff 2 383
# --> Emitted by: cent_simulation/aim_sim.py (line 289) :: COPY_BK_GB_only_trace
# --> Likely caller: cent_simulation/Llama.py (line 175) :: self_attention_aim
AiM COPY_GBBK 6 0xffffffff 1 383
# --> Emitted by: cent_simulation/aim_sim.py (line 294) :: COPY_GB_BK_only_trace
# --> Likely caller: cent_simulation/Llama.py (line 175) :: self_attention_aim
AiM COPY_BKGB 6 0xffffffff 6 383
# --> Emitted by: cent_simulation/aim_sim.py (line 289) :: COPY_BK_GB_only_trace
# --> Likely caller: cent_simulation/Llama.py (line 175) :: self_attention_aim
AiM COPY_GBBK 6 0xffffffff 5 383
# --> Emitted by: cent_simulation/aim_sim.py (line 294) :: COPY_GB_BK_only_trace
# --> Likely caller: cent_simulation/Llama.py (line 175) :: self_attention_aim
AiM COPY_BKGB 6 0xffffffff 10 383
# --> Emitted by: cent_simulation/aim_sim.py (line 289) :: COPY_BK_GB_only_trace
# --> Likely caller: cent_simulation/Llama.py (line 175) :: self_attention_aim
AiM COPY_GBBK 6 0xffffffff 9 383
# --> Emitted by: cent_simulation/aim_sim.py (line 294) :: COPY_GB_BK_only_trace
# --> Likely caller: cent_simulation/Llama.py (line 175) :: self_attention_aim
AiM COPY_BKGB 6 0xffffffff 14 383
# --> Emitted by: cent_simulation/aim_sim.py (line 289) :: COPY_BK_GB_only_trace
# --> Likely caller: cent_simulation/Llama.py (line 175) :: self_attention_aim
AiM COPY_GBBK 6 0xffffffff 13 383
# --> Emitted by: cent_simulation/aim_sim.py (line 294) :: COPY_GB_BK_only_trace
# --> Likely caller: cent_simulation/Llama.py (line 175) :: self_attention_aim
W MEM 0 0 383
W MEM 0 4 383
W MEM 0 8 383
W MEM 0 12 383
W MEM 1 0 383
W MEM 1 4 383
W MEM 1 8 383
W MEM 1 12 383
W MEM 2 0 383
W MEM 2 4 383
W MEM 2 8 383
W MEM 2 12 383
W MEM 3 0 383
W MEM 3 4 383
W MEM 3 8 383
W MEM 3 12 383
W MEM 4 0 383
W MEM 4 4 383
W MEM 4 8 383
W MEM 4 12 383
W MEM 5 0 383
W MEM 5 4 383
W MEM 5 8 383
W MEM 5 12 383
W MEM 6 0 383
W MEM 6 4 383
W MEM 6 8 383
W MEM 6 12 383
W MEM 7 0 383
W MEM 7 4 383
W MEM 7 8 383
W MEM 7 12 383
W MEM 8 0 383
W MEM 8 4 383
W MEM 8 8 383
W MEM 8 12 383
W MEM 9 0 383
W MEM 9 4 383
W MEM 9 8 383
W MEM 9 12 383
W MEM 10 0 383
W MEM 10 4 383
W MEM 10 8 383
W MEM 10 12 383
W MEM 11 0 383
W MEM 11 4 383
W MEM 11 8 383
W MEM 11 12 383
W MEM 12 0 383
W MEM 12 4 383
W MEM 12 8 383
W MEM 12 12 383
W MEM 13 0 383
W MEM 13 4 383
W MEM 13 8 383
W MEM 13 12 383
W MEM 14 0 383
W MEM 14 4 383
W MEM 14 8 383
W MEM 14 12 383
W MEM 15 0 383
W MEM 15 4 383
W MEM 15 8 383
W MEM 15 12 383
W MEM 16 0 383
W MEM 16 4 383
W MEM 16 8 383
W MEM 16 12 383
W MEM 17 0 383
W MEM 17 4 383
W MEM 17 8 383
W MEM 17 12 383
W MEM 18 0 383
W MEM 18 4 383
W MEM 18 8 383
W MEM 18 12 383
W MEM 19 0 383
W MEM 19 4 383
W MEM 19 8 383
W MEM 19 12 383
W MEM 20 0 383
W MEM 20 4 383
W MEM 20 8 383
W MEM 20 12 383
W MEM 21 0 383
W MEM 21 4 383
W MEM 21 8 383
W MEM 21 12 383
W MEM 22 0 383
W MEM 22 4 383
W MEM 22 8 383
W MEM 22 12 383
W MEM 23 0 383
W MEM 23 4 383
W MEM 23 8 383
W MEM 23 12 383
W MEM 24 0 383
W MEM 24 4 383
W MEM 24 8 383
W MEM 24 12 383
W MEM 25 0 383
W MEM 25 4 383
W MEM 25 8 383
W MEM 25 12 383
W MEM 26 0 383
W MEM 26 4 383
W MEM 26 8 383
W MEM 26 12 383
W MEM 27 0 383
W MEM 27 4 383
W MEM 27 8 383
W MEM 27 12 383
W MEM 28 0 383
W MEM 28 4 383
W MEM 28 8 383
W MEM 28 12 383
W MEM 29 0 383
W MEM 29 4 383
W MEM 29 8 383
W MEM 29 12 383
W MEM 30 0 383
W MEM 30 4 383
W MEM 30 8 383
W MEM 30 12 383
W MEM 31 0 383
W MEM 31 4 383
W MEM 31 8 383
W MEM 31 12 383
W MEM 0 0 383
W MEM 0 4 383
W MEM 0 8 383
W MEM 0 12 383
W MEM 1 0 383
W MEM 1 4 383
W MEM 1 8 383
W MEM 1 12 383
W MEM 2 0 383
W MEM 2 4 383
W MEM 2 8 383
W MEM 2 12 383
W MEM 3 0 383
W MEM 3 4 383
W MEM 3 8 383
W MEM 3 12 383
W MEM 4 0 383
W MEM 4 4 383
W MEM 4 8 383
W MEM 4 12 383
W MEM 5 0 383
W MEM 5 4 383
W MEM 5 8 383
W MEM 5 12 383
W MEM 6 0 383
W MEM 6 4 383
W MEM 6 8 383
W MEM 6 12 383
W MEM 7 0 383
W MEM 7 4 383
W MEM 7 8 383
W MEM 7 12 383
W MEM 8 0 383
W MEM 8 4 383
W MEM 8 8 383
W MEM 8 12 383
W MEM 9 0 383
W MEM 9 4 383
W MEM 9 8 383
W MEM 9 12 383
W MEM 10 0 383
W MEM 10 4 383
W MEM 10 8 383
W MEM 10 12 383
W MEM 11 0 383
W MEM 11 4 383
W MEM 11 8 383
W MEM 11 12 383
W MEM 12 0 383
W MEM 12 4 383
W MEM 12 8 383
W MEM 12 12 383
W MEM 13 0 383
W MEM 13 4 383
W MEM 13 8 383
W MEM 13 12 383
W MEM 14 0 383
W MEM 14 4 383
W MEM 14 8 383
W MEM 14 12 383
W MEM 15 0 383
W MEM 15 4 383
W MEM 15 8 383
W MEM 15 12 383
W MEM 16 0 383
W MEM 16 4 383
W MEM 16 8 383
W MEM 16 12 383
W MEM 17 0 383
W MEM 17 4 383
W MEM 17 8 383
W MEM 17 12 383
W MEM 18 0 383
W MEM 18 4 383
W MEM 18 8 383
W MEM 18 12 383
W MEM 19 0 383
W MEM 19 4 383
W MEM 19 8 383
W MEM 19 12 383
W MEM 20 0 383
W MEM 20 4 383
W MEM 20 8 383
W MEM 20 12 383
W MEM 21 0 383
W MEM 21 4 383
W MEM 21 8 383
W MEM 21 12 383
W MEM 22 0 383
W MEM 22 4 383
W MEM 22 8 383
W MEM 22 12 383
W MEM 23 0 383
W MEM 23 4 383
W MEM 23 8 383
W MEM 23 12 383
W MEM 24 0 383
W MEM 24 4 383
W MEM 24 8 383
W MEM 24 12 383
W MEM 25 0 383
W MEM 25 4 383
W MEM 25 8 383
W MEM 25 12 383
W MEM 26 0 383
W MEM 26 4 383
W MEM 26 8 383
W MEM 26 12 383
W MEM 27 0 383
W MEM 27 4 383
W MEM 27 8 383
W MEM 27 12 383
W MEM 28 0 383
W MEM 28 4 383
W MEM 28 8 383
W MEM 28 12 383
W MEM 29 0 383
W MEM 29 4 383
W MEM 29 8 383
W MEM 29 12 383
W MEM 30 0 383
W MEM 30 4 383
W MEM 30 8 383
W MEM 30 12 383
W MEM 31 0 383
W MEM 31 4 383
W MEM 31 8 383
W MEM 31 12 383
W MEM 0 0 383
W MEM 0 4 383
W MEM 0 8 383
W MEM 0 12 383
W MEM 1 0 383
W MEM 1 4 383
W MEM 1 8 383
W MEM 1 12 383
W MEM 2 0 383
W MEM 2 4 383
W MEM 2 8 383
W MEM 2 12 383
W MEM 3 0 383
W MEM 3 4 383
W MEM 3 8 383
W MEM 3 12 383
W MEM 4 0 383
W MEM 4 4 383
W MEM 4 8 383
W MEM 4 12 383
W MEM 5 0 383
W MEM 5 4 383
W MEM 5 8 383
W MEM 5 12 383
W MEM 6 0 383
W MEM 6 4 383
W MEM 6 8 383
W MEM 6 12 383
W MEM 7 0 383
W MEM 7 4 383
W MEM 7 8 383
W MEM 7 12 383
W MEM 8 0 383
W MEM 8 4 383
W MEM 8 8 383
W MEM 8 12 383
W MEM 9 0 383
W MEM 9 4 383
W MEM 9 8 383
W MEM 9 12 383
W MEM 10 0 383
W MEM 10 4 383
W MEM 10 8 383
W MEM 10 12 383
W MEM 11 0 383
W MEM 11 4 383
W MEM 11 8 383
W MEM 11 12 383
W MEM 12 0 383
W MEM 12 4 383
W MEM 12 8 383
W MEM 12 12 383
W MEM 13 0 383
W MEM 13 4 383
W MEM 13 8 383
W MEM 13 12 383
W MEM 14 0 383
W MEM 14 4 383
W MEM 14 8 383
W MEM 14 12 383
W MEM 15 0 383
W MEM 15 4 383
W MEM 15 8 383
W MEM 15 12 383
W MEM 16 0 383
W MEM 16 4 383
W MEM 16 8 383
W MEM 16 12 383
W MEM 17 0 383
W MEM 17 4 383
W MEM 17 8 383
W MEM 17 12 383
W MEM 18 0 383
W MEM 18 4 383
W MEM 18 8 383
W MEM 18 12 383
W MEM 19 0 383
W MEM 19 4 383
W MEM 19 8 383
W MEM 19 12 383
W MEM 20 0 383
W MEM 20 4 383
W MEM 20 8 383
W MEM 20 12 383
W MEM 21 0 383
W MEM 21 4 383
W MEM 21 8 383
W MEM 21 12 383
W MEM 22 0 383
W MEM 22 4 383
W MEM 22 8 383
W MEM 22 12 383
W MEM 23 0 383
W MEM 23 4 383
W MEM 23 8 383
W MEM 23 12 383
W MEM 24 0 383
W MEM 24 4 383
W MEM 24 8 383
W MEM 24 12 383
W MEM 25 0 383
W MEM 25 4 383
W MEM 25 8 383
W MEM 25 12 383
W MEM 26 0 383
W MEM 26 4 383
W MEM 26 8 383
W MEM 26 12 383
W MEM 27 0 383
W MEM 27 4 383
W MEM 27 8 383
W MEM 27 12 383
W MEM 28 0 383
W MEM 28 4 383
W MEM 28 8 383
W MEM 28 12 383
W MEM 29 0 383
W MEM 29 4 383
W MEM 29 8 383
W MEM 29 12 383
W MEM 30 0 383
W MEM 30 4 383
W MEM 30 8 383
W MEM 30 12 383
W MEM 31 0 383
W MEM 31 4 383
W MEM 31 8 383
W MEM 31 12 383
W MEM 0 0 383
W MEM 0 4 383
W MEM 0 8 383
W MEM 0 12 383
W MEM 1 0 383
W MEM 1 4 383
W MEM 1 8 383
W MEM 1 12 383
W MEM 2 0 383
W MEM 2 4 383
W MEM 2 8 383
W MEM 2 12 383
W MEM 3 0 383
W MEM 3 4 383
W MEM 3 8 383
W MEM 3 12 383
W MEM 4 0 383
W MEM 4 4 383
W MEM 4 8 383
W MEM 4 12 383
W MEM 5 0 383
W MEM 5 4 383
W MEM 5 8 383
W MEM 5 12 383
W MEM 6 0 383
W MEM 6 4 383
W MEM 6 8 383
W MEM 6 12 383
W MEM 7 0 383
W MEM 7 4 383
W MEM 7 8 383
W MEM 7 12 383
W MEM 8 0 383
W MEM 8 4 383
W MEM 8 8 383
W MEM 8 12 383
W MEM 9 0 383
W MEM 9 4 383
W MEM 9 8 383
W MEM 9 12 383
W MEM 10 0 383
W MEM 10 4 383
W MEM 10 8 383
W MEM 10 12 383
W MEM 11 0 383
W MEM 11 4 383
W MEM 11 8 383
W MEM 11 12 383
W MEM 12 0 383
W MEM 12 4 383
W MEM 12 8 383
W MEM 12 12 383
W MEM 13 0 383
W MEM 13 4 383
W MEM 13 8 383
W MEM 13 12 383
W MEM 14 0 383
W MEM 14 4 383
W MEM 14 8 383
W MEM 14 12 383
W MEM 15 0 383
W MEM 15 4 383
W MEM 15 8 383
W MEM 15 12 383
W MEM 16 0 383
W MEM 16 4 383
W MEM 16 8 383
W MEM 16 12 383
W MEM 17 0 383
W MEM 17 4 383
W MEM 17 8 383
W MEM 17 12 383
W MEM 18 0 383
W MEM 18 4 383
W MEM 18 8 383
W MEM 18 12 383
W MEM 19 0 383
W MEM 19 4 383
W MEM 19 8 383
W MEM 19 12 383
W MEM 20 0 383
W MEM 20 4 383
W MEM 20 8 383
W MEM 20 12 383
W MEM 21 0 383
W MEM 21 4 383
W MEM 21 8 383
W MEM 21 12 383
W MEM 22 0 383
W MEM 22 4 383
W MEM 22 8 383
W MEM 22 12 383
W MEM 23 0 383
W MEM 23 4 383
W MEM 23 8 383
W MEM 23 12 383
W MEM 24 0 383
W MEM 24 4 383
W MEM 24 8 383
W MEM 24 12 383
W MEM 25 0 383
W MEM 25 4 383
W MEM 25 8 383
W MEM 25 12 383
W MEM 26 0 383
W MEM 26 4 383
W MEM 26 8 383
W MEM 26 12 383
W MEM 27 0 383
W MEM 27 4 383
W MEM 27 8 383
W MEM 27 12 383
W MEM 28 0 383
W MEM 28 4 383
W MEM 28 8 383
W MEM 28 12 383
W MEM 29 0 383
W MEM 29 4 383
W MEM 29 8 383
W MEM 29 12 383
W MEM 30 0 383
W MEM 30 4 383
W MEM 30 8 383
W MEM 30 12 383
W MEM 31 0 383
W MEM 31 4 383
W MEM 31 8 383
W MEM 31 12 383
W MEM 0 0 383
W MEM 0 4 383
W MEM 0 8 383
W MEM 0 12 383
W MEM 1 0 383
W MEM 1 4 383
W MEM 1 8 383
W MEM 1 12 383
W MEM 2 0 383
W MEM 2 4 383
W MEM 2 8 383
W MEM 2 12 383
W MEM 3 0 383
W MEM 3 4 383
W MEM 3 8 383
W MEM 3 12 383
W MEM 4 0 383
W MEM 4 4 383
W MEM 4 8 383
W MEM 4 12 383
W MEM 5 0 383
W MEM 5 4 383
W MEM 5 8 383
W MEM 5 12 383
W MEM 6 0 383
W MEM 6 4 383
W MEM 6 8 383
W MEM 6 12 383
W MEM 7 0 383
W MEM 7 4 383
W MEM 7 8 383
W MEM 7 12 383
W MEM 8 0 383
W MEM 8 4 383
W MEM 8 8 383
W MEM 8 12 383
W MEM 9 0 383
W MEM 9 4 383
W MEM 9 8 383
W MEM 9 12 383
W MEM 10 0 383
W MEM 10 4 383
W MEM 10 8 383
W MEM 10 12 383
W MEM 11 0 383
W MEM 11 4 383
W MEM 11 8 383
W MEM 11 12 383
W MEM 12 0 383
W MEM 12 4 383
W MEM 12 8 383
W MEM 12 12 383
W MEM 13 0 383
W MEM 13 4 383
W MEM 13 8 383
W MEM 13 12 383
W MEM 14 0 383
W MEM 14 4 383
W MEM 14 8 383
W MEM 14 12 383
W MEM 15 0 383
W MEM 15 4 383
W MEM 15 8 383
W MEM 15 12 383
W MEM 16 0 383
W MEM 16 4 383
W MEM 16 8 383
W MEM 16 12 383
W MEM 17 0 383
W MEM 17 4 383
W MEM 17 8 383
W MEM 17 12 383
W MEM 18 0 383
W MEM 18 4 383
W MEM 18 8 383
W MEM 18 12 383
W MEM 19 0 383
W MEM 19 4 383
W MEM 19 8 383
W MEM 19 12 383
W MEM 20 0 383
W MEM 20 4 383
W MEM 20 8 383
W MEM 20 12 383
W MEM 21 0 383
W MEM 21 4 383
W MEM 21 8 383
W MEM 21 12 383
W MEM 22 0 383
W MEM 22 4 383
W MEM 22 8 383
W MEM 22 12 383
W MEM 23 0 383
W MEM 23 4 383
W MEM 23 8 383
W MEM 23 12 383
W MEM 24 0 383
W MEM 24 4 383
W MEM 24 8 383
W MEM 24 12 383
W MEM 25 0 383
W MEM 25 4 383
W MEM 25 8 383
W MEM 25 12 383
W MEM 26 0 383
W MEM 26 4 383
W MEM 26 8 383
W MEM 26 12 383
W MEM 27 0 383
W MEM 27 4 383
W MEM 27 8 383
W MEM 27 12 383
W MEM 28 0 383
W MEM 28 4 383
W MEM 28 8 383
W MEM 28 12 383
W MEM 29 0 383
W MEM 29 4 383
W MEM 29 8 383
W MEM 29 12 383
W MEM 30 0 383
W MEM 30 4 383
W MEM 30 8 383
W MEM 30 12 383
W MEM 31 0 383
W MEM 31 4 383
W MEM 31 8 383
W MEM 31 12 383
W MEM 0 0 383
W MEM 0 4 383
W MEM 0 8 383
W MEM 0 12 383
W MEM 1 0 383
W MEM 1 4 383
W MEM 1 8 383
W MEM 1 12 383
W MEM 2 0 383
W MEM 2 4 383
W MEM 2 8 383
W MEM 2 12 383
W MEM 3 0 383
W MEM 3 4 383
W MEM 3 8 383
W MEM 3 12 383
W MEM 4 0 383
W MEM 4 4 383
W MEM 4 8 383
W MEM 4 12 383
W MEM 5 0 383
W MEM 5 4 383
W MEM 5 8 383
W MEM 5 12 383
W MEM 6 0 383
W MEM 6 4 383
W MEM 6 8 383
W MEM 6 12 383
W MEM 7 0 383
W MEM 7 4 383
W MEM 7 8 383
W MEM 7 12 383
W MEM 8 0 383
W MEM 8 4 383
W MEM 8 8 383
W MEM 8 12 383
W MEM 9 0 383
W MEM 9 4 383
W MEM 9 8 383
W MEM 9 12 383
W MEM 10 0 383
W MEM 10 4 383
W MEM 10 8 383
W MEM 10 12 383
W MEM 11 0 383
W MEM 11 4 383
W MEM 11 8 383
W MEM 11 12 383
W MEM 12 0 383
W MEM 12 4 383
W MEM 12 8 383
W MEM 12 12 383
W MEM 13 0 383
W MEM 13 4 383
W MEM 13 8 383
W MEM 13 12 383
W MEM 14 0 383
W MEM 14 4 383
W MEM 14 8 383
W MEM 14 12 383
W MEM 15 0 383
W MEM 15 4 383
W MEM 15 8 383
W MEM 15 12 383
W MEM 16 0 383
W MEM 16 4 383
W MEM 16 8 383
W MEM 16 12 383
W MEM 17 0 383
W MEM 17 4 383
W MEM 17 8 383
W MEM 17 12 383
W MEM 18 0 383
W MEM 18 4 383
W MEM 18 8 383
W MEM 18 12 383
W MEM 19 0 383
W MEM 19 4 383
W MEM 19 8 383
W MEM 19 12 383
W MEM 20 0 383
W MEM 20 4 383
W MEM 20 8 383
W MEM 20 12 383
W MEM 21 0 383
W MEM 21 4 383
W MEM 21 8 383
W MEM 21 12 383
W MEM 22 0 383
W MEM 22 4 383
W MEM 22 8 383
W MEM 22 12 383
W MEM 23 0 383
W MEM 23 4 383
W MEM 23 8 383
W MEM 23 12 383
W MEM 24 0 383
W MEM 24 4 383
W MEM 24 8 383
W MEM 24 12 383
W MEM 25 0 383
W MEM 25 4 383
W MEM 25 8 383
W MEM 25 12 383
W MEM 26 0 383
W MEM 26 4 383
W MEM 26 8 383
W MEM 26 12 383
W MEM 27 0 383
W MEM 27 4 383
W MEM 27 8 383
W MEM 27 12 383
W MEM 28 0 383
W MEM 28 4 383
W MEM 28 8 383
W MEM 28 12 383
W MEM 29 0 383
W MEM 29 4 383
W MEM 29 8 383
W MEM 29 12 383
W MEM 30 0 383
W MEM 30 4 383
W MEM 30 8 383
W MEM 30 12 383
W MEM 31 0 383
W MEM 31 4 383
W MEM 31 8 383
W MEM 31 12 383
AiM EWMUL 6 0xffffffff 383
# --> Emitted by: cent_simulation/aim_sim.py (line 276) :: EWMUL_only_trace
# --> Likely caller: cent_simulation/Llama.py (line 175) :: self_attention_aim
R MEM 0 2 383
R MEM 0 6 383
R MEM 0 10 383
R MEM 0 14 383
R MEM 1 2 383
R MEM 1 6 383
R MEM 1 10 383
R MEM 1 14 383
R MEM 2 2 383
R MEM 2 6 383
R MEM 2 10 383
R MEM 2 14 383
R MEM 3 2 383
R MEM 3 6 383
R MEM 3 10 383
R MEM 3 14 383
R MEM 4 2 383
R MEM 4 6 383
R MEM 4 10 383
R MEM 4 14 383
R MEM 5 2 383
R MEM 5 6 383
R MEM 5 10 383
R MEM 5 14 383
R MEM 6 2 383
R MEM 6 6 383
R MEM 6 10 383
R MEM 6 14 383
R MEM 7 2 383
R MEM 7 6 383
R MEM 7 10 383
R MEM 7 14 383
R MEM 8 2 383
R MEM 8 6 383
R MEM 8 10 383
R MEM 8 14 383
R MEM 9 2 383
R MEM 9 6 383
R MEM 9 10 383
R MEM 9 14 383
R MEM 10 2 383
R MEM 10 6 383
R MEM 10 10 383
R MEM 10 14 383
R MEM 11 2 383
R MEM 11 6 383
R MEM 11 10 383
R MEM 11 14 383
R MEM 12 2 383
R MEM 12 6 383
R MEM 12 10 383
R MEM 12 14 383
R MEM 13 2 383
R MEM 13 6 383
R MEM 13 10 383
R MEM 13 14 383
R MEM 14 2 383
R MEM 14 6 383
R MEM 14 10 383
R MEM 14 14 383
R MEM 15 2 383
R MEM 15 6 383
R MEM 15 10 383
R MEM 15 14 383
R MEM 16 2 383
R MEM 16 6 383
R MEM 16 10 383
R MEM 16 14 383
R MEM 17 2 383
R MEM 17 6 383
R MEM 17 10 383
R MEM 17 14 383
R MEM 18 2 383
R MEM 18 6 383
R MEM 18 10 383
R MEM 18 14 383
R MEM 19 2 383
R MEM 19 6 383
R MEM 19 10 383
R MEM 19 14 383
R MEM 20 2 383
R MEM 20 6 383
R MEM 20 10 383
R MEM 20 14 383
R MEM 21 2 383
R MEM 21 6 383
R MEM 21 10 383
R MEM 21 14 383
R MEM 22 2 383
R MEM 22 6 383
R MEM 22 10 383
R MEM 22 14 383
R MEM 23 2 383
R MEM 23 6 383
R MEM 23 10 383
R MEM 23 14 383
R MEM 24 2 383
R MEM 24 6 383
R MEM 24 10 383
R MEM 24 14 383
R MEM 25 2 383
R MEM 25 6 383
R MEM 25 10 383
R MEM 25 14 383
R MEM 26 2 383
R MEM 26 6 383
R MEM 26 10 383
R MEM 26 14 383
R MEM 27 2 383
R MEM 27 6 383
R MEM 27 10 383
R MEM 27 14 383
R MEM 28 2 383
R MEM 28 6 383
R MEM 28 10 383
R MEM 28 14 383
R MEM 29 2 383
R MEM 29 6 383
R MEM 29 10 383
R MEM 29 14 383
R MEM 30 2 383
R MEM 30 6 383
R MEM 30 10 383
R MEM 30 14 383
R MEM 31 2 383
R MEM 31 6 383
R MEM 31 10 383
R MEM 31 14 383
R MEM 0 2 383
R MEM 0 6 383
R MEM 0 10 383
R MEM 0 14 383
R MEM 1 2 383
R MEM 1 6 383
R MEM 1 10 383
R MEM 1 14 383
R MEM 2 2 383
R MEM 2 6 383
R MEM 2 10 383
R MEM 2 14 383
R MEM 3 2 383
R MEM 3 6 383
R MEM 3 10 383
R MEM 3 14 383
R MEM 4 2 383
R MEM 4 6 383
R MEM 4 10 383
R MEM 4 14 383
R MEM 5 2 383
R MEM 5 6 383
R MEM 5 10 383
R MEM 5 14 383
R MEM 6 2 383
R MEM 6 6 383
R MEM 6 10 383
R MEM 6 14 383
R MEM 7 2 383
R MEM 7 6 383
R MEM 7 10 383
R MEM 7 14 383
R MEM 8 2 383
R MEM 8 6 383
R MEM 8 10 383
R MEM 8 14 383
R MEM 9 2 383
R MEM 9 6 383
R MEM 9 10 383
R MEM 9 14 383
R MEM 10 2 383
R MEM 10 6 383
R MEM 10 10 383
R MEM 10 14 383
R MEM 11 2 383
R MEM 11 6 383
R MEM 11 10 383
R MEM 11 14 383
R MEM 12 2 383
R MEM 12 6 383
R MEM 12 10 383
R MEM 12 14 383
R MEM 13 2 383
R MEM 13 6 383
R MEM 13 10 383
R MEM 13 14 383
R MEM 14 2 383
R MEM 14 6 383
R MEM 14 10 383
R MEM 14 14 383
R MEM 15 2 383
R MEM 15 6 383
R MEM 15 10 383
R MEM 15 14 383
R MEM 16 2 383
R MEM 16 6 383
R MEM 16 10 383
R MEM 16 14 383
R MEM 17 2 383
R MEM 17 6 383
R MEM 17 10 383
R MEM 17 14 383
R MEM 18 2 383
R MEM 18 6 383
R MEM 18 10 383
R MEM 18 14 383
R MEM 19 2 383
R MEM 19 6 383
R MEM 19 10 383
R MEM 19 14 383
R MEM 20 2 383
R MEM 20 6 383
R MEM 20 10 383
R MEM 20 14 383
R MEM 21 2 383
R MEM 21 6 383
R MEM 21 10 383
R MEM 21 14 383
R MEM 22 2 383
R MEM 22 6 383
R MEM 22 10 383
R MEM 22 14 383
R MEM 23 2 383
R MEM 23 6 383
R MEM 23 10 383
R MEM 23 14 383
R MEM 24 2 383
R MEM 24 6 383
R MEM 24 10 383
R MEM 24 14 383
R MEM 25 2 383
R MEM 25 6 383
R MEM 25 10 383
R MEM 25 14 383
R MEM 26 2 383
R MEM 26 6 383
R MEM 26 10 383
R MEM 26 14 383
R MEM 27 2 383
R MEM 27 6 383
R MEM 27 10 383
R MEM 27 14 383
R MEM 28 2 383
R MEM 28 6 383
R MEM 28 10 383
R MEM 28 14 383
R MEM 29 2 383
R MEM 29 6 383
R MEM 29 10 383
R MEM 29 14 383
R MEM 30 2 383
R MEM 30 6 383
R MEM 30 10 383
R MEM 30 14 383
R MEM 31 2 383
R MEM 31 6 383
R MEM 31 10 383
R MEM 31 14 383
R MEM 0 2 383
R MEM 0 6 383
R MEM 0 10 383
R MEM 0 14 383
R MEM 1 2 383
R MEM 1 6 383
R MEM 1 10 383
R MEM 1 14 383
R MEM 2 2 383
R MEM 2 6 383
R MEM 2 10 383
R MEM 2 14 383
R MEM 3 2 383
R MEM 3 6 383
R MEM 3 10 383
R MEM 3 14 383
R MEM 4 2 383
R MEM 4 6 383
R MEM 4 10 383
R MEM 4 14 383
R MEM 5 2 383
R MEM 5 6 383
R MEM 5 10 383
R MEM 5 14 383
R MEM 6 2 383
R MEM 6 6 383
R MEM 6 10 383
R MEM 6 14 383
R MEM 7 2 383
R MEM 7 6 383
R MEM 7 10 383
R MEM 7 14 383
R MEM 8 2 383
R MEM 8 6 383
R MEM 8 10 383
R MEM 8 14 383
R MEM 9 2 383
R MEM 9 6 383
R MEM 9 10 383
R MEM 9 14 383
R MEM 10 2 383
R MEM 10 6 383
R MEM 10 10 383
R MEM 10 14 383
R MEM 11 2 383
R MEM 11 6 383
R MEM 11 10 383
R MEM 11 14 383
R MEM 12 2 383
R MEM 12 6 383
R MEM 12 10 383
R MEM 12 14 383
R MEM 13 2 383
R MEM 13 6 383
R MEM 13 10 383
R MEM 13 14 383
R MEM 14 2 383
R MEM 14 6 383
R MEM 14 10 383
R MEM 14 14 383
R MEM 15 2 383
R MEM 15 6 383
R MEM 15 10 383
R MEM 15 14 383
R MEM 16 2 383
R MEM 16 6 383
R MEM 16 10 383
R MEM 16 14 383
R MEM 17 2 383
R MEM 17 6 383
R MEM 17 10 383
R MEM 17 14 383
R MEM 18 2 383
R MEM 18 6 383
R MEM 18 10 383
R MEM 18 14 383
R MEM 19 2 383
R MEM 19 6 383
R MEM 19 10 383
R MEM 19 14 383
R MEM 20 2 383
R MEM 20 6 383
R MEM 20 10 383
R MEM 20 14 383
R MEM 21 2 383
R MEM 21 6 383
R MEM 21 10 383
R MEM 21 14 383
R MEM 22 2 383
R MEM 22 6 383
R MEM 22 10 383
R MEM 22 14 383
R MEM 23 2 383
R MEM 23 6 383
R MEM 23 10 383
R MEM 23 14 383
R MEM 24 2 383
R MEM 24 6 383
R MEM 24 10 383
R MEM 24 14 383
R MEM 25 2 383
R MEM 25 6 383
R MEM 25 10 383
R MEM 25 14 383
R MEM 26 2 383
R MEM 26 6 383
R MEM 26 10 383
R MEM 26 14 383
R MEM 27 2 383
R MEM 27 6 383
R MEM 27 10 383
R MEM 27 14 383
R MEM 28 2 383
R MEM 28 6 383
R MEM 28 10 383
R MEM 28 14 383
R MEM 29 2 383
R MEM 29 6 383
R MEM 29 10 383
R MEM 29 14 383
R MEM 30 2 383
R MEM 30 6 383
R MEM 30 10 383
R MEM 30 14 383
R MEM 31 2 383
R MEM 31 6 383
R MEM 31 10 383
R MEM 31 14 383
R MEM 0 2 383
R MEM 0 6 383
R MEM 0 10 383
R MEM 0 14 383
R MEM 1 2 383
R MEM 1 6 383
R MEM 1 10 383
R MEM 1 14 383
R MEM 2 2 383
R MEM 2 6 383
R MEM 2 10 383
R MEM 2 14 383
R MEM 3 2 383
R MEM 3 6 383
R MEM 3 10 383
R MEM 3 14 383
R MEM 4 2 383
R MEM 4 6 383
R MEM 4 10 383
R MEM 4 14 383
R MEM 5 2 383
R MEM 5 6 383
R MEM 5 10 383
R MEM 5 14 383
R MEM 6 2 383
R MEM 6 6 383
R MEM 6 10 383
R MEM 6 14 383
R MEM 7 2 383
R MEM 7 6 383
R MEM 7 10 383
R MEM 7 14 383
R MEM 8 2 383
R MEM 8 6 383
R MEM 8 10 383
R MEM 8 14 383
R MEM 9 2 383
R MEM 9 6 383
R MEM 9 10 383
R MEM 9 14 383
R MEM 10 2 383
R MEM 10 6 383
R MEM 10 10 383
R MEM 10 14 383
R MEM 11 2 383
R MEM 11 6 383
R MEM 11 10 383
R MEM 11 14 383
R MEM 12 2 383
R MEM 12 6 383
R MEM 12 10 383
R MEM 12 14 383
R MEM 13 2 383
R MEM 13 6 383
R MEM 13 10 383
R MEM 13 14 383
R MEM 14 2 383
R MEM 14 6 383
R MEM 14 10 383
R MEM 14 14 383
R MEM 15 2 383
R MEM 15 6 383
R MEM 15 10 383
R MEM 15 14 383
R MEM 16 2 383
R MEM 16 6 383
R MEM 16 10 383
R MEM 16 14 383
R MEM 17 2 383
R MEM 17 6 383
R MEM 17 10 383
R MEM 17 14 383
R MEM 18 2 383
R MEM 18 6 383
R MEM 18 10 383
R MEM 18 14 383
R MEM 19 2 383
R MEM 19 6 383
R MEM 19 10 383
R MEM 19 14 383
R MEM 20 2 383
R MEM 20 6 383
R MEM 20 10 383
R MEM 20 14 383
R MEM 21 2 383
R MEM 21 6 383
R MEM 21 10 383
R MEM 21 14 383
R MEM 22 2 383
R MEM 22 6 383
R MEM 22 10 383
R MEM 22 14 383
R MEM 23 2 383
R MEM 23 6 383
R MEM 23 10 383
R MEM 23 14 383
R MEM 24 2 383
R MEM 24 6 383
R MEM 24 10 383
R MEM 24 14 383
R MEM 25 2 383
R MEM 25 6 383
R MEM 25 10 383
R MEM 25 14 383
R MEM 26 2 383
R MEM 26 6 383
R MEM 26 10 383
R MEM 26 14 383
R MEM 27 2 383
R MEM 27 6 383
R MEM 27 10 383
R MEM 27 14 383
R MEM 28 2 383
R MEM 28 6 383
R MEM 28 10 383
R MEM 28 14 383
R MEM 29 2 383
R MEM 29 6 383
R MEM 29 10 383
R MEM 29 14 383
R MEM 30 2 383
R MEM 30 6 383
R MEM 30 10 383
R MEM 30 14 383
R MEM 31 2 383
R MEM 31 6 383
R MEM 31 10 383
R MEM 31 14 383
R MEM 0 2 383
R MEM 0 6 383
R MEM 0 10 383
R MEM 0 14 383
R MEM 1 2 383
R MEM 1 6 383
R MEM 1 10 383
R MEM 1 14 383
R MEM 2 2 383
R MEM 2 6 383
R MEM 2 10 383
R MEM 2 14 383
R MEM 3 2 383
R MEM 3 6 383
R MEM 3 10 383
R MEM 3 14 383
R MEM 4 2 383
R MEM 4 6 383
R MEM 4 10 383
R MEM 4 14 383
R MEM 5 2 383
R MEM 5 6 383
R MEM 5 10 383
R MEM 5 14 383
R MEM 6 2 383
R MEM 6 6 383
R MEM 6 10 383
R MEM 6 14 383
R MEM 7 2 383
R MEM 7 6 383
R MEM 7 10 383
R MEM 7 14 383
R MEM 8 2 383
R MEM 8 6 383
R MEM 8 10 383
R MEM 8 14 383
R MEM 9 2 383
R MEM 9 6 383
R MEM 9 10 383
R MEM 9 14 383
R MEM 10 2 383
R MEM 10 6 383
R MEM 10 10 383
R MEM 10 14 383
R MEM 11 2 383
R MEM 11 6 383
R MEM 11 10 383
R MEM 11 14 383
R MEM 12 2 383
R MEM 12 6 383
R MEM 12 10 383
R MEM 12 14 383
R MEM 13 2 383
R MEM 13 6 383
R MEM 13 10 383
R MEM 13 14 383
R MEM 14 2 383
R MEM 14 6 383
R MEM 14 10 383
R MEM 14 14 383
R MEM 15 2 383
R MEM 15 6 383
R MEM 15 10 383
R MEM 15 14 383
R MEM 16 2 383
R MEM 16 6 383
R MEM 16 10 383
R MEM 16 14 383
R MEM 17 2 383
R MEM 17 6 383
R MEM 17 10 383
R MEM 17 14 383
R MEM 18 2 383
R MEM 18 6 383
R MEM 18 10 383
R MEM 18 14 383
R MEM 19 2 383
R MEM 19 6 383
R MEM 19 10 383
R MEM 19 14 383
R MEM 20 2 383
R MEM 20 6 383
R MEM 20 10 383
R MEM 20 14 383
R MEM 21 2 383
R MEM 21 6 383
R MEM 21 10 383
R MEM 21 14 383
R MEM 22 2 383
R MEM 22 6 383
R MEM 22 10 383
R MEM 22 14 383
R MEM 23 2 383
R MEM 23 6 383
R MEM 23 10 383
R MEM 23 14 383
R MEM 24 2 383
R MEM 24 6 383
R MEM 24 10 383
R MEM 24 14 383
R MEM 25 2 383
R MEM 25 6 383
R MEM 25 10 383
R MEM 25 14 383
R MEM 26 2 383
R MEM 26 6 383
R MEM 26 10 383
R MEM 26 14 383
R MEM 27 2 383
R MEM 27 6 383
R MEM 27 10 383
R MEM 27 14 383
R MEM 28 2 383
R MEM 28 6 383
R MEM 28 10 383
R MEM 28 14 383
R MEM 29 2 383
R MEM 29 6 383
R MEM 29 10 383
R MEM 29 14 383
R MEM 30 2 383
R MEM 30 6 383
R MEM 30 10 383
R MEM 30 14 383
R MEM 31 2 383
R MEM 31 6 383
R MEM 31 10 383
R MEM 31 14 383
R MEM 0 2 383
R MEM 0 6 383
R MEM 0 10 383
R MEM 0 14 383
R MEM 1 2 383
R MEM 1 6 383
R MEM 1 10 383
R MEM 1 14 383
R MEM 2 2 383
R MEM 2 6 383
R MEM 2 10 383
R MEM 2 14 383
R MEM 3 2 383
R MEM 3 6 383
R MEM 3 10 383
R MEM 3 14 383
R MEM 4 2 383
R MEM 4 6 383
R MEM 4 10 383
R MEM 4 14 383
R MEM 5 2 383
R MEM 5 6 383
R MEM 5 10 383
R MEM 5 14 383
R MEM 6 2 383
R MEM 6 6 383
R MEM 6 10 383
R MEM 6 14 383
R MEM 7 2 383
R MEM 7 6 383
R MEM 7 10 383
R MEM 7 14 383
R MEM 8 2 383
R MEM 8 6 383
R MEM 8 10 383
R MEM 8 14 383
R MEM 9 2 383
R MEM 9 6 383
R MEM 9 10 383
R MEM 9 14 383
R MEM 10 2 383
R MEM 10 6 383
R MEM 10 10 383
R MEM 10 14 383
R MEM 11 2 383
R MEM 11 6 383
R MEM 11 10 383
R MEM 11 14 383
R MEM 12 2 383
R MEM 12 6 383
R MEM 12 10 383
R MEM 12 14 383
R MEM 13 2 383
R MEM 13 6 383
R MEM 13 10 383
R MEM 13 14 383
R MEM 14 2 383
R MEM 14 6 383
R MEM 14 10 383
R MEM 14 14 383
R MEM 15 2 383
R MEM 15 6 383
R MEM 15 10 383
R MEM 15 14 383
R MEM 16 2 383
R MEM 16 6 383
R MEM 16 10 383
R MEM 16 14 383
R MEM 17 2 383
R MEM 17 6 383
R MEM 17 10 383
R MEM 17 14 383
R MEM 18 2 383
R MEM 18 6 383
R MEM 18 10 383
R MEM 18 14 383
R MEM 19 2 383
R MEM 19 6 383
R MEM 19 10 383
R MEM 19 14 383
R MEM 20 2 383
R MEM 20 6 383
R MEM 20 10 383
R MEM 20 14 383
R MEM 21 2 383
R MEM 21 6 383
R MEM 21 10 383
R MEM 21 14 383
R MEM 22 2 383
R MEM 22 6 383
R MEM 22 10 383
R MEM 22 14 383
R MEM 23 2 383
R MEM 23 6 383
R MEM 23 10 383
R MEM 23 14 383
R MEM 24 2 383
R MEM 24 6 383
R MEM 24 10 383
R MEM 24 14 383
R MEM 25 2 383
R MEM 25 6 383
R MEM 25 10 383
R MEM 25 14 383
R MEM 26 2 383
R MEM 26 6 383
R MEM 26 10 383
R MEM 26 14 383
R MEM 27 2 383
R MEM 27 6 383
R MEM 27 10 383
R MEM 27 14 383
R MEM 28 2 383
R MEM 28 6 383
R MEM 28 10 383
R MEM 28 14 383
R MEM 29 2 383
R MEM 29 6 383
R MEM 29 10 383
R MEM 29 14 383
R MEM 30 2 383
R MEM 30 6 383
R MEM 30 10 383
R MEM 30 14 383
R MEM 31 2 383
R MEM 31 6 383
R MEM 31 10 383
R MEM 31 14 383
AiM SYNC
# --> Emitted by: cent_simulation/aim_sim.py (line 307) :: SYNC_only_trace
# --> Likely caller: cent_simulation/Llama.py (line 647) :: self_attention_aim
AiM WR_GB 64 0 0xffffffff
# --> Emitted by: cent_simulation/aim_sim.py (line 285) :: WR_GB_only_trace
# --> Likely caller: cent_simulation/TransformerBlock.py (line 697) :: Vector_Matrix_Mul_weight_pim_only_trace
AiM WR_BIAS 0 0xffffffff
# --> Emitted by: cent_simulation/aim_sim.py (line 263) :: WR_BIAS_only_trace
# --> Likely caller: cent_simulation/TransformerBlock.py (line 806) :: Vector_Matrix_Mul_output_pim_only_trace
AiM MAC_ABK 64 0xffffffff 385
# --> Emitted by: cent_simulation/aim_sim.py (line 267) :: MAC_ABK_only_trace
# --> Likely caller: cent_simulation/TransformerBlock.py (line 697) :: Vector_Matrix_Mul_weight_pim_only_trace
AiM RD_MAC 0 0xffffffff
# --> Emitted by: cent_simulation/aim_sim.py (line 272) :: RD_MAC_only_trace
# --> Likely caller: cent_simulation/TransformerBlock.py (line 806) :: Vector_Matrix_Mul_output_pim_only_trace
AiM WR_BIAS 0 0xffffffff
# --> Emitted by: cent_simulation/aim_sim.py (line 263) :: WR_BIAS_only_trace
# --> Likely caller: cent_simulation/TransformerBlock.py (line 806) :: Vector_Matrix_Mul_output_pim_only_trace
AiM MAC_ABK 64 0xffffffff 396
# --> Emitted by: cent_simulation/aim_sim.py (line 267) :: MAC_ABK_only_trace
# --> Likely caller: cent_simulation/TransformerBlock.py (line 697) :: Vector_Matrix_Mul_weight_pim_only_trace
AiM RD_MAC 0 0xffffffff
# --> Emitted by: cent_simulation/aim_sim.py (line 272) :: RD_MAC_only_trace
# --> Likely caller: cent_simulation/TransformerBlock.py (line 806) :: Vector_Matrix_Mul_output_pim_only_trace
AiM WR_BIAS 0 0xffffffff
# --> Emitted by: cent_simulation/aim_sim.py (line 263) :: WR_BIAS_only_trace
# --> Likely caller: cent_simulation/TransformerBlock.py (line 806) :: Vector_Matrix_Mul_output_pim_only_trace
AiM MAC_ABK 64 0xffffffff 407
# --> Emitted by: cent_simulation/aim_sim.py (line 267) :: MAC_ABK_only_trace
# --> Likely caller: cent_simulation/TransformerBlock.py (line 697) :: Vector_Matrix_Mul_weight_pim_only_trace
AiM RD_MAC 0 0xffffffff
# --> Emitted by: cent_simulation/aim_sim.py (line 272) :: RD_MAC_only_trace
# --> Likely caller: cent_simulation/TransformerBlock.py (line 806) :: Vector_Matrix_Mul_output_pim_only_trace
AiM WR_BIAS 0 0xffffffff
# --> Emitted by: cent_simulation/aim_sim.py (line 263) :: WR_BIAS_only_trace
# --> Likely caller: cent_simulation/TransformerBlock.py (line 806) :: Vector_Matrix_Mul_output_pim_only_trace
AiM MAC_ABK 64 0xffffffff 418
# --> Emitted by: cent_simulation/aim_sim.py (line 267) :: MAC_ABK_only_trace
# --> Likely caller: cent_simulation/TransformerBlock.py (line 697) :: Vector_Matrix_Mul_weight_pim_only_trace
AiM RD_MAC 0 0xffffffff
# --> Emitted by: cent_simulation/aim_sim.py (line 272) :: RD_MAC_only_trace
# --> Likely caller: cent_simulation/TransformerBlock.py (line 806) :: Vector_Matrix_Mul_output_pim_only_trace
AiM WR_BIAS 0 0xffffffff
# --> Emitted by: cent_simulation/aim_sim.py (line 263) :: WR_BIAS_only_trace
# --> Likely caller: cent_simulation/TransformerBlock.py (line 806) :: Vector_Matrix_Mul_output_pim_only_trace
AiM MAC_ABK 64 0xffffffff 429
# --> Emitted by: cent_simulation/aim_sim.py (line 267) :: MAC_ABK_only_trace
# --> Likely caller: cent_simulation/TransformerBlock.py (line 697) :: Vector_Matrix_Mul_weight_pim_only_trace
AiM RD_MAC 0 0xffffffff
# --> Emitted by: cent_simulation/aim_sim.py (line 272) :: RD_MAC_only_trace
# --> Likely caller: cent_simulation/TransformerBlock.py (line 806) :: Vector_Matrix_Mul_output_pim_only_trace
AiM WR_BIAS 0 0xffffffff
# --> Emitted by: cent_simulation/aim_sim.py (line 263) :: WR_BIAS_only_trace
# --> Likely caller: cent_simulation/TransformerBlock.py (line 806) :: Vector_Matrix_Mul_output_pim_only_trace
AiM MAC_ABK 64 0xffffffff 440
# --> Emitted by: cent_simulation/aim_sim.py (line 267) :: MAC_ABK_only_trace
# --> Likely caller: cent_simulation/TransformerBlock.py (line 697) :: Vector_Matrix_Mul_weight_pim_only_trace
AiM RD_MAC 0 0xffffffff
# --> Emitted by: cent_simulation/aim_sim.py (line 272) :: RD_MAC_only_trace
# --> Likely caller: cent_simulation/TransformerBlock.py (line 806) :: Vector_Matrix_Mul_output_pim_only_trace
AiM WR_BIAS 0 0xffffffff
# --> Emitted by: cent_simulation/aim_sim.py (line 263) :: WR_BIAS_only_trace
# --> Likely caller: cent_simulation/TransformerBlock.py (line 806) :: Vector_Matrix_Mul_output_pim_only_trace
AiM MAC_ABK 64 0xffffffff 451
# --> Emitted by: cent_simulation/aim_sim.py (line 267) :: MAC_ABK_only_trace
# --> Likely caller: cent_simulation/TransformerBlock.py (line 697) :: Vector_Matrix_Mul_weight_pim_only_trace
AiM RD_MAC 0 0xffffffff
# --> Emitted by: cent_simulation/aim_sim.py (line 272) :: RD_MAC_only_trace
# --> Likely caller: cent_simulation/TransformerBlock.py (line 806) :: Vector_Matrix_Mul_output_pim_only_trace
AiM WR_BIAS 0 0xffffffff
# --> Emitted by: cent_simulation/aim_sim.py (line 263) :: WR_BIAS_only_trace
# --> Likely caller: cent_simulation/TransformerBlock.py (line 806) :: Vector_Matrix_Mul_output_pim_only_trace
AiM MAC_ABK 64 0xffffffff 462
# --> Emitted by: cent_simulation/aim_sim.py (line 267) :: MAC_ABK_only_trace
# --> Likely caller: cent_simulation/TransformerBlock.py (line 697) :: Vector_Matrix_Mul_weight_pim_only_trace
AiM RD_MAC 0 0xffffffff
# --> Emitted by: cent_simulation/aim_sim.py (line 272) :: RD_MAC_only_trace
# --> Likely caller: cent_simulation/TransformerBlock.py (line 806) :: Vector_Matrix_Mul_output_pim_only_trace
AiM WR_GB 64 0 0xffffffff
# --> Emitted by: cent_simulation/aim_sim.py (line 285) :: WR_GB_only_trace
# --> Likely caller: cent_simulation/TransformerBlock.py (line 697) :: Vector_Matrix_Mul_weight_pim_only_trace
AiM WR_BIAS 0 0xffffffff
# --> Emitted by: cent_simulation/aim_sim.py (line 263) :: WR_BIAS_only_trace
# --> Likely caller: cent_simulation/TransformerBlock.py (line 806) :: Vector_Matrix_Mul_output_pim_only_trace
AiM MAC_ABK 64 0xffffffff 386
# --> Emitted by: cent_simulation/aim_sim.py (line 267) :: MAC_ABK_only_trace
# --> Likely caller: cent_simulation/TransformerBlock.py (line 697) :: Vector_Matrix_Mul_weight_pim_only_trace
AiM RD_MAC 0 0xffffffff
# --> Emitted by: cent_simulation/aim_sim.py (line 272) :: RD_MAC_only_trace
# --> Likely caller: cent_simulation/TransformerBlock.py (line 806) :: Vector_Matrix_Mul_output_pim_only_trace
AiM WR_BIAS 0 0xffffffff
# --> Emitted by: cent_simulation/aim_sim.py (line 263) :: WR_BIAS_only_trace
# --> Likely caller: cent_simulation/TransformerBlock.py (line 806) :: Vector_Matrix_Mul_output_pim_only_trace
AiM MAC_ABK 64 0xffffffff 397
# --> Emitted by: cent_simulation/aim_sim.py (line 267) :: MAC_ABK_only_trace
# --> Likely caller: cent_simulation/TransformerBlock.py (line 697) :: Vector_Matrix_Mul_weight_pim_only_trace
AiM RD_MAC 0 0xffffffff
# --> Emitted by: cent_simulation/aim_sim.py (line 272) :: RD_MAC_only_trace
# --> Likely caller: cent_simulation/TransformerBlock.py (line 806) :: Vector_Matrix_Mul_output_pim_only_trace
AiM WR_BIAS 0 0xffffffff
# --> Emitted by: cent_simulation/aim_sim.py (line 263) :: WR_BIAS_only_trace
# --> Likely caller: cent_simulation/TransformerBlock.py (line 806) :: Vector_Matrix_Mul_output_pim_only_trace
AiM MAC_ABK 64 0xffffffff 408
# --> Emitted by: cent_simulation/aim_sim.py (line 267) :: MAC_ABK_only_trace
# --> Likely caller: cent_simulation/TransformerBlock.py (line 697) :: Vector_Matrix_Mul_weight_pim_only_trace
AiM RD_MAC 0 0xffffffff
# --> Emitted by: cent_simulation/aim_sim.py (line 272) :: RD_MAC_only_trace
# --> Likely caller: cent_simulation/TransformerBlock.py (line 806) :: Vector_Matrix_Mul_output_pim_only_trace
AiM WR_BIAS 0 0xffffffff
# --> Emitted by: cent_simulation/aim_sim.py (line 263) :: WR_BIAS_only_trace
# --> Likely caller: cent_simulation/TransformerBlock.py (line 806) :: Vector_Matrix_Mul_output_pim_only_trace
AiM MAC_ABK 64 0xffffffff 419
# --> Emitted by: cent_simulation/aim_sim.py (line 267) :: MAC_ABK_only_trace
# --> Likely caller: cent_simulation/TransformerBlock.py (line 697) :: Vector_Matrix_Mul_weight_pim_only_trace
AiM RD_MAC 0 0xffffffff
# --> Emitted by: cent_simulation/aim_sim.py (line 272) :: RD_MAC_only_trace
# --> Likely caller: cent_simulation/TransformerBlock.py (line 806) :: Vector_Matrix_Mul_output_pim_only_trace
AiM WR_BIAS 0 0xffffffff
# --> Emitted by: cent_simulation/aim_sim.py (line 263) :: WR_BIAS_only_trace
# --> Likely caller: cent_simulation/TransformerBlock.py (line 806) :: Vector_Matrix_Mul_output_pim_only_trace
AiM MAC_ABK 64 0xffffffff 430
# --> Emitted by: cent_simulation/aim_sim.py (line 267) :: MAC_ABK_only_trace
# --> Likely caller: cent_simulation/TransformerBlock.py (line 697) :: Vector_Matrix_Mul_weight_pim_only_trace
AiM RD_MAC 0 0xffffffff
# --> Emitted by: cent_simulation/aim_sim.py (line 272) :: RD_MAC_only_trace
# --> Likely caller: cent_simulation/TransformerBlock.py (line 806) :: Vector_Matrix_Mul_output_pim_only_trace
AiM WR_BIAS 0 0xffffffff
# --> Emitted by: cent_simulation/aim_sim.py (line 263) :: WR_BIAS_only_trace
# --> Likely caller: cent_simulation/TransformerBlock.py (line 806) :: Vector_Matrix_Mul_output_pim_only_trace
AiM MAC_ABK 64 0xffffffff 441
# --> Emitted by: cent_simulation/aim_sim.py (line 267) :: MAC_ABK_only_trace
# --> Likely caller: cent_simulation/TransformerBlock.py (line 697) :: Vector_Matrix_Mul_weight_pim_only_trace
AiM RD_MAC 0 0xffffffff
# --> Emitted by: cent_simulation/aim_sim.py (line 272) :: RD_MAC_only_trace
# --> Likely caller: cent_simulation/TransformerBlock.py (line 806) :: Vector_Matrix_Mul_output_pim_only_trace
AiM WR_BIAS 0 0xffffffff
# --> Emitted by: cent_simulation/aim_sim.py (line 263) :: WR_BIAS_only_trace
# --> Likely caller: cent_simulation/TransformerBlock.py (line 806) :: Vector_Matrix_Mul_output_pim_only_trace
AiM MAC_ABK 64 0xffffffff 452
# --> Emitted by: cent_simulation/aim_sim.py (line 267) :: MAC_ABK_only_trace
# --> Likely caller: cent_simulation/TransformerBlock.py (line 697) :: Vector_Matrix_Mul_weight_pim_only_trace
AiM RD_MAC 0 0xffffffff
# --> Emitted by: cent_simulation/aim_sim.py (line 272) :: RD_MAC_only_trace
# --> Likely caller: cent_simulation/TransformerBlock.py (line 806) :: Vector_Matrix_Mul_output_pim_only_trace
AiM WR_BIAS 0 0xffffffff
# --> Emitted by: cent_simulation/aim_sim.py (line 263) :: WR_BIAS_only_trace
# --> Likely caller: cent_simulation/TransformerBlock.py (line 806) :: Vector_Matrix_Mul_output_pim_only_trace
AiM MAC_ABK 64 0xffffffff 463
# --> Emitted by: cent_simulation/aim_sim.py (line 267) :: MAC_ABK_only_trace
# --> Likely caller: cent_simulation/TransformerBlock.py (line 697) :: Vector_Matrix_Mul_weight_pim_only_trace
AiM RD_MAC 0 0xffffffff
# --> Emitted by: cent_simulation/aim_sim.py (line 272) :: RD_MAC_only_trace
# --> Likely caller: cent_simulation/TransformerBlock.py (line 806) :: Vector_Matrix_Mul_output_pim_only_trace
AiM WR_GB 64 0 0xffffffff
# --> Emitted by: cent_simulation/aim_sim.py (line 285) :: WR_GB_only_trace
# --> Likely caller: cent_simulation/TransformerBlock.py (line 697) :: Vector_Matrix_Mul_weight_pim_only_trace
AiM WR_BIAS 0 0xffffffff
# --> Emitted by: cent_simulation/aim_sim.py (line 263) :: WR_BIAS_only_trace
# --> Likely caller: cent_simulation/TransformerBlock.py (line 806) :: Vector_Matrix_Mul_output_pim_only_trace
AiM MAC_ABK 64 0xffffffff 387
# --> Emitted by: cent_simulation/aim_sim.py (line 267) :: MAC_ABK_only_trace
# --> Likely caller: cent_simulation/TransformerBlock.py (line 697) :: Vector_Matrix_Mul_weight_pim_only_trace
AiM RD_MAC 0 0xffffffff
# --> Emitted by: cent_simulation/aim_sim.py (line 272) :: RD_MAC_only_trace
# --> Likely caller: cent_simulation/TransformerBlock.py (line 806) :: Vector_Matrix_Mul_output_pim_only_trace
AiM WR_BIAS 0 0xffffffff
# --> Emitted by: cent_simulation/aim_sim.py (line 263) :: WR_BIAS_only_trace
# --> Likely caller: cent_simulation/TransformerBlock.py (line 806) :: Vector_Matrix_Mul_output_pim_only_trace
AiM MAC_ABK 64 0xffffffff 398
# --> Emitted by: cent_simulation/aim_sim.py (line 267) :: MAC_ABK_only_trace
# --> Likely caller: cent_simulation/TransformerBlock.py (line 697) :: Vector_Matrix_Mul_weight_pim_only_trace
AiM RD_MAC 0 0xffffffff
# --> Emitted by: cent_simulation/aim_sim.py (line 272) :: RD_MAC_only_trace
# --> Likely caller: cent_simulation/TransformerBlock.py (line 806) :: Vector_Matrix_Mul_output_pim_only_trace
AiM WR_BIAS 0 0xffffffff
# --> Emitted by: cent_simulation/aim_sim.py (line 263) :: WR_BIAS_only_trace
# --> Likely caller: cent_simulation/TransformerBlock.py (line 806) :: Vector_Matrix_Mul_output_pim_only_trace
AiM MAC_ABK 64 0xffffffff 409
# --> Emitted by: cent_simulation/aim_sim.py (line 267) :: MAC_ABK_only_trace
# --> Likely caller: cent_simulation/TransformerBlock.py (line 697) :: Vector_Matrix_Mul_weight_pim_only_trace
AiM RD_MAC 0 0xffffffff
# --> Emitted by: cent_simulation/aim_sim.py (line 272) :: RD_MAC_only_trace
# --> Likely caller: cent_simulation/TransformerBlock.py (line 806) :: Vector_Matrix_Mul_output_pim_only_trace
AiM WR_BIAS 0 0xffffffff
# --> Emitted by: cent_simulation/aim_sim.py (line 263) :: WR_BIAS_only_trace
# --> Likely caller: cent_simulation/TransformerBlock.py (line 806) :: Vector_Matrix_Mul_output_pim_only_trace
AiM MAC_ABK 64 0xffffffff 420
# --> Emitted by: cent_simulation/aim_sim.py (line 267) :: MAC_ABK_only_trace
# --> Likely caller: cent_simulation/TransformerBlock.py (line 697) :: Vector_Matrix_Mul_weight_pim_only_trace
AiM RD_MAC 0 0xffffffff
# --> Emitted by: cent_simulation/aim_sim.py (line 272) :: RD_MAC_only_trace
# --> Likely caller: cent_simulation/TransformerBlock.py (line 806) :: Vector_Matrix_Mul_output_pim_only_trace
AiM WR_BIAS 0 0xffffffff
# --> Emitted by: cent_simulation/aim_sim.py (line 263) :: WR_BIAS_only_trace
# --> Likely caller: cent_simulation/TransformerBlock.py (line 806) :: Vector_Matrix_Mul_output_pim_only_trace
AiM MAC_ABK 64 0xffffffff 431
# --> Emitted by: cent_simulation/aim_sim.py (line 267) :: MAC_ABK_only_trace
# --> Likely caller: cent_simulation/TransformerBlock.py (line 697) :: Vector_Matrix_Mul_weight_pim_only_trace
AiM RD_MAC 0 0xffffffff
# --> Emitted by: cent_simulation/aim_sim.py (line 272) :: RD_MAC_only_trace
# --> Likely caller: cent_simulation/TransformerBlock.py (line 806) :: Vector_Matrix_Mul_output_pim_only_trace
AiM WR_BIAS 0 0xffffffff
# --> Emitted by: cent_simulation/aim_sim.py (line 263) :: WR_BIAS_only_trace
# --> Likely caller: cent_simulation/TransformerBlock.py (line 806) :: Vector_Matrix_Mul_output_pim_only_trace
AiM MAC_ABK 64 0xffffffff 442
# --> Emitted by: cent_simulation/aim_sim.py (line 267) :: MAC_ABK_only_trace
# --> Likely caller: cent_simulation/TransformerBlock.py (line 697) :: Vector_Matrix_Mul_weight_pim_only_trace
AiM RD_MAC 0 0xffffffff
# --> Emitted by: cent_simulation/aim_sim.py (line 272) :: RD_MAC_only_trace
# --> Likely caller: cent_simulation/TransformerBlock.py (line 806) :: Vector_Matrix_Mul_output_pim_only_trace
AiM WR_BIAS 0 0xffffffff
# --> Emitted by: cent_simulation/aim_sim.py (line 263) :: WR_BIAS_only_trace
# --> Likely caller: cent_simulation/TransformerBlock.py (line 806) :: Vector_Matrix_Mul_output_pim_only_trace
AiM MAC_ABK 64 0xffffffff 453
# --> Emitted by: cent_simulation/aim_sim.py (line 267) :: MAC_ABK_only_trace
# --> Likely caller: cent_simulation/TransformerBlock.py (line 697) :: Vector_Matrix_Mul_weight_pim_only_trace
AiM RD_MAC 0 0xffffffff
# --> Emitted by: cent_simulation/aim_sim.py (line 272) :: RD_MAC_only_trace
# --> Likely caller: cent_simulation/TransformerBlock.py (line 806) :: Vector_Matrix_Mul_output_pim_only_trace
AiM WR_BIAS 0 0xffffffff
# --> Emitted by: cent_simulation/aim_sim.py (line 263) :: WR_BIAS_only_trace
# --> Likely caller: cent_simulation/TransformerBlock.py (line 806) :: Vector_Matrix_Mul_output_pim_only_trace
AiM MAC_ABK 64 0xffffffff 464
# --> Emitted by: cent_simulation/aim_sim.py (line 267) :: MAC_ABK_only_trace
# --> Likely caller: cent_simulation/TransformerBlock.py (line 697) :: Vector_Matrix_Mul_weight_pim_only_trace
AiM RD_MAC 0 0xffffffff
# --> Emitted by: cent_simulation/aim_sim.py (line 272) :: RD_MAC_only_trace
# --> Likely caller: cent_simulation/TransformerBlock.py (line 806) :: Vector_Matrix_Mul_output_pim_only_trace
AiM WR_GB 64 0 0xffffffff
# --> Emitted by: cent_simulation/aim_sim.py (line 285) :: WR_GB_only_trace
# --> Likely caller: cent_simulation/TransformerBlock.py (line 697) :: Vector_Matrix_Mul_weight_pim_only_trace
AiM WR_BIAS 0 0xffffffff
# --> Emitted by: cent_simulation/aim_sim.py (line 263) :: WR_BIAS_only_trace
# --> Likely caller: cent_simulation/TransformerBlock.py (line 806) :: Vector_Matrix_Mul_output_pim_only_trace
AiM MAC_ABK 64 0xffffffff 388
# --> Emitted by: cent_simulation/aim_sim.py (line 267) :: MAC_ABK_only_trace
# --> Likely caller: cent_simulation/TransformerBlock.py (line 697) :: Vector_Matrix_Mul_weight_pim_only_trace
AiM RD_MAC 0 0xffffffff
# --> Emitted by: cent_simulation/aim_sim.py (line 272) :: RD_MAC_only_trace
# --> Likely caller: cent_simulation/TransformerBlock.py (line 806) :: Vector_Matrix_Mul_output_pim_only_trace
AiM WR_BIAS 0 0xffffffff
# --> Emitted by: cent_simulation/aim_sim.py (line 263) :: WR_BIAS_only_trace
# --> Likely caller: cent_simulation/TransformerBlock.py (line 806) :: Vector_Matrix_Mul_output_pim_only_trace
AiM MAC_ABK 64 0xffffffff 399
# --> Emitted by: cent_simulation/aim_sim.py (line 267) :: MAC_ABK_only_trace
# --> Likely caller: cent_simulation/TransformerBlock.py (line 697) :: Vector_Matrix_Mul_weight_pim_only_trace
AiM RD_MAC 0 0xffffffff
# --> Emitted by: cent_simulation/aim_sim.py (line 272) :: RD_MAC_only_trace
# --> Likely caller: cent_simulation/TransformerBlock.py (line 806) :: Vector_Matrix_Mul_output_pim_only_trace
AiM WR_BIAS 0 0xffffffff
# --> Emitted by: cent_simulation/aim_sim.py (line 263) :: WR_BIAS_only_trace
# --> Likely caller: cent_simulation/TransformerBlock.py (line 806) :: Vector_Matrix_Mul_output_pim_only_trace
AiM MAC_ABK 64 0xffffffff 410
# --> Emitted by: cent_simulation/aim_sim.py (line 267) :: MAC_ABK_only_trace
# --> Likely caller: cent_simulation/TransformerBlock.py (line 697) :: Vector_Matrix_Mul_weight_pim_only_trace
AiM RD_MAC 0 0xffffffff
# --> Emitted by: cent_simulation/aim_sim.py (line 272) :: RD_MAC_only_trace
# --> Likely caller: cent_simulation/TransformerBlock.py (line 806) :: Vector_Matrix_Mul_output_pim_only_trace
AiM WR_BIAS 0 0xffffffff
# --> Emitted by: cent_simulation/aim_sim.py (line 263) :: WR_BIAS_only_trace
# --> Likely caller: cent_simulation/TransformerBlock.py (line 806) :: Vector_Matrix_Mul_output_pim_only_trace
AiM MAC_ABK 64 0xffffffff 421
# --> Emitted by: cent_simulation/aim_sim.py (line 267) :: MAC_ABK_only_trace
# --> Likely caller: cent_simulation/TransformerBlock.py (line 697) :: Vector_Matrix_Mul_weight_pim_only_trace
AiM RD_MAC 0 0xffffffff
# --> Emitted by: cent_simulation/aim_sim.py (line 272) :: RD_MAC_only_trace
# --> Likely caller: cent_simulation/TransformerBlock.py (line 806) :: Vector_Matrix_Mul_output_pim_only_trace
AiM WR_BIAS 0 0xffffffff
# --> Emitted by: cent_simulation/aim_sim.py (line 263) :: WR_BIAS_only_trace
# --> Likely caller: cent_simulation/TransformerBlock.py (line 806) :: Vector_Matrix_Mul_output_pim_only_trace
AiM MAC_ABK 64 0xffffffff 432
# --> Emitted by: cent_simulation/aim_sim.py (line 267) :: MAC_ABK_only_trace
# --> Likely caller: cent_simulation/TransformerBlock.py (line 697) :: Vector_Matrix_Mul_weight_pim_only_trace
AiM RD_MAC 0 0xffffffff
# --> Emitted by: cent_simulation/aim_sim.py (line 272) :: RD_MAC_only_trace
# --> Likely caller: cent_simulation/TransformerBlock.py (line 806) :: Vector_Matrix_Mul_output_pim_only_trace
AiM WR_BIAS 0 0xffffffff
# --> Emitted by: cent_simulation/aim_sim.py (line 263) :: WR_BIAS_only_trace
# --> Likely caller: cent_simulation/TransformerBlock.py (line 806) :: Vector_Matrix_Mul_output_pim_only_trace
AiM MAC_ABK 64 0xffffffff 443
# --> Emitted by: cent_simulation/aim_sim.py (line 267) :: MAC_ABK_only_trace
# --> Likely caller: cent_simulation/TransformerBlock.py (line 697) :: Vector_Matrix_Mul_weight_pim_only_trace
AiM RD_MAC 0 0xffffffff
# --> Emitted by: cent_simulation/aim_sim.py (line 272) :: RD_MAC_only_trace
# --> Likely caller: cent_simulation/TransformerBlock.py (line 806) :: Vector_Matrix_Mul_output_pim_only_trace
AiM WR_BIAS 0 0xffffffff
# --> Emitted by: cent_simulation/aim_sim.py (line 263) :: WR_BIAS_only_trace
# --> Likely caller: cent_simulation/TransformerBlock.py (line 806) :: Vector_Matrix_Mul_output_pim_only_trace
AiM MAC_ABK 64 0xffffffff 454
# --> Emitted by: cent_simulation/aim_sim.py (line 267) :: MAC_ABK_only_trace
# --> Likely caller: cent_simulation/TransformerBlock.py (line 697) :: Vector_Matrix_Mul_weight_pim_only_trace
AiM RD_MAC 0 0xffffffff
# --> Emitted by: cent_simulation/aim_sim.py (line 272) :: RD_MAC_only_trace
# --> Likely caller: cent_simulation/TransformerBlock.py (line 806) :: Vector_Matrix_Mul_output_pim_only_trace
AiM WR_BIAS 0 0xffffffff
# --> Emitted by: cent_simulation/aim_sim.py (line 263) :: WR_BIAS_only_trace
# --> Likely caller: cent_simulation/TransformerBlock.py (line 806) :: Vector_Matrix_Mul_output_pim_only_trace
AiM MAC_ABK 64 0xffffffff 465
# --> Emitted by: cent_simulation/aim_sim.py (line 267) :: MAC_ABK_only_trace
# --> Likely caller: cent_simulation/TransformerBlock.py (line 697) :: Vector_Matrix_Mul_weight_pim_only_trace
AiM RD_MAC 0 0xffffffff
# --> Emitted by: cent_simulation/aim_sim.py (line 272) :: RD_MAC_only_trace
# --> Likely caller: cent_simulation/TransformerBlock.py (line 806) :: Vector_Matrix_Mul_output_pim_only_trace
AiM WR_GB 64 0 0xffffffff
# --> Emitted by: cent_simulation/aim_sim.py (line 285) :: WR_GB_only_trace
# --> Likely caller: cent_simulation/TransformerBlock.py (line 697) :: Vector_Matrix_Mul_weight_pim_only_trace
AiM WR_BIAS 0 0xffffffff
# --> Emitted by: cent_simulation/aim_sim.py (line 263) :: WR_BIAS_only_trace
# --> Likely caller: cent_simulation/TransformerBlock.py (line 806) :: Vector_Matrix_Mul_output_pim_only_trace
AiM MAC_ABK 64 0xffffffff 389
# --> Emitted by: cent_simulation/aim_sim.py (line 267) :: MAC_ABK_only_trace
# --> Likely caller: cent_simulation/TransformerBlock.py (line 697) :: Vector_Matrix_Mul_weight_pim_only_trace
AiM RD_MAC 0 0xffffffff
# --> Emitted by: cent_simulation/aim_sim.py (line 272) :: RD_MAC_only_trace
# --> Likely caller: cent_simulation/TransformerBlock.py (line 806) :: Vector_Matrix_Mul_output_pim_only_trace
AiM WR_BIAS 0 0xffffffff
# --> Emitted by: cent_simulation/aim_sim.py (line 263) :: WR_BIAS_only_trace
# --> Likely caller: cent_simulation/TransformerBlock.py (line 806) :: Vector_Matrix_Mul_output_pim_only_trace
AiM MAC_ABK 64 0xffffffff 400
# --> Emitted by: cent_simulation/aim_sim.py (line 267) :: MAC_ABK_only_trace
# --> Likely caller: cent_simulation/TransformerBlock.py (line 697) :: Vector_Matrix_Mul_weight_pim_only_trace
AiM RD_MAC 0 0xffffffff
# --> Emitted by: cent_simulation/aim_sim.py (line 272) :: RD_MAC_only_trace
# --> Likely caller: cent_simulation/TransformerBlock.py (line 806) :: Vector_Matrix_Mul_output_pim_only_trace
AiM WR_BIAS 0 0xffffffff
# --> Emitted by: cent_simulation/aim_sim.py (line 263) :: WR_BIAS_only_trace
# --> Likely caller: cent_simulation/TransformerBlock.py (line 806) :: Vector_Matrix_Mul_output_pim_only_trace
AiM MAC_ABK 64 0xffffffff 411
# --> Emitted by: cent_simulation/aim_sim.py (line 267) :: MAC_ABK_only_trace
# --> Likely caller: cent_simulation/TransformerBlock.py (line 697) :: Vector_Matrix_Mul_weight_pim_only_trace
AiM RD_MAC 0 0xffffffff
# --> Emitted by: cent_simulation/aim_sim.py (line 272) :: RD_MAC_only_trace
# --> Likely caller: cent_simulation/TransformerBlock.py (line 806) :: Vector_Matrix_Mul_output_pim_only_trace
AiM WR_BIAS 0 0xffffffff
# --> Emitted by: cent_simulation/aim_sim.py (line 263) :: WR_BIAS_only_trace
# --> Likely caller: cent_simulation/TransformerBlock.py (line 806) :: Vector_Matrix_Mul_output_pim_only_trace
AiM MAC_ABK 64 0xffffffff 422
# --> Emitted by: cent_simulation/aim_sim.py (line 267) :: MAC_ABK_only_trace
# --> Likely caller: cent_simulation/TransformerBlock.py (line 697) :: Vector_Matrix_Mul_weight_pim_only_trace
AiM RD_MAC 0 0xffffffff
# --> Emitted by: cent_simulation/aim_sim.py (line 272) :: RD_MAC_only_trace
# --> Likely caller: cent_simulation/TransformerBlock.py (line 806) :: Vector_Matrix_Mul_output_pim_only_trace
AiM WR_BIAS 0 0xffffffff
# --> Emitted by: cent_simulation/aim_sim.py (line 263) :: WR_BIAS_only_trace
# --> Likely caller: cent_simulation/TransformerBlock.py (line 806) :: Vector_Matrix_Mul_output_pim_only_trace
AiM MAC_ABK 64 0xffffffff 433
# --> Emitted by: cent_simulation/aim_sim.py (line 267) :: MAC_ABK_only_trace
# --> Likely caller: cent_simulation/TransformerBlock.py (line 697) :: Vector_Matrix_Mul_weight_pim_only_trace
AiM RD_MAC 0 0xffffffff
# --> Emitted by: cent_simulation/aim_sim.py (line 272) :: RD_MAC_only_trace
# --> Likely caller: cent_simulation/TransformerBlock.py (line 806) :: Vector_Matrix_Mul_output_pim_only_trace
AiM WR_BIAS 0 0xffffffff
# --> Emitted by: cent_simulation/aim_sim.py (line 263) :: WR_BIAS_only_trace
# --> Likely caller: cent_simulation/TransformerBlock.py (line 806) :: Vector_Matrix_Mul_output_pim_only_trace
AiM MAC_ABK 64 0xffffffff 444
# --> Emitted by: cent_simulation/aim_sim.py (line 267) :: MAC_ABK_only_trace
# --> Likely caller: cent_simulation/TransformerBlock.py (line 697) :: Vector_Matrix_Mul_weight_pim_only_trace
AiM RD_MAC 0 0xffffffff
# --> Emitted by: cent_simulation/aim_sim.py (line 272) :: RD_MAC_only_trace
# --> Likely caller: cent_simulation/TransformerBlock.py (line 806) :: Vector_Matrix_Mul_output_pim_only_trace
AiM WR_BIAS 0 0xffffffff
# --> Emitted by: cent_simulation/aim_sim.py (line 263) :: WR_BIAS_only_trace
# --> Likely caller: cent_simulation/TransformerBlock.py (line 806) :: Vector_Matrix_Mul_output_pim_only_trace
AiM MAC_ABK 64 0xffffffff 455
# --> Emitted by: cent_simulation/aim_sim.py (line 267) :: MAC_ABK_only_trace
# --> Likely caller: cent_simulation/TransformerBlock.py (line 697) :: Vector_Matrix_Mul_weight_pim_only_trace
AiM RD_MAC 0 0xffffffff
# --> Emitted by: cent_simulation/aim_sim.py (line 272) :: RD_MAC_only_trace
# --> Likely caller: cent_simulation/TransformerBlock.py (line 806) :: Vector_Matrix_Mul_output_pim_only_trace
AiM WR_BIAS 0 0xffffffff
# --> Emitted by: cent_simulation/aim_sim.py (line 263) :: WR_BIAS_only_trace
# --> Likely caller: cent_simulation/TransformerBlock.py (line 806) :: Vector_Matrix_Mul_output_pim_only_trace
AiM MAC_ABK 64 0xffffffff 466
# --> Emitted by: cent_simulation/aim_sim.py (line 267) :: MAC_ABK_only_trace
# --> Likely caller: cent_simulation/TransformerBlock.py (line 697) :: Vector_Matrix_Mul_weight_pim_only_trace
AiM RD_MAC 0 0xffffffff
# --> Emitted by: cent_simulation/aim_sim.py (line 272) :: RD_MAC_only_trace
# --> Likely caller: cent_simulation/TransformerBlock.py (line 806) :: Vector_Matrix_Mul_output_pim_only_trace
AiM WR_GB 64 0 0xffffffff
# --> Emitted by: cent_simulation/aim_sim.py (line 285) :: WR_GB_only_trace
# --> Likely caller: cent_simulation/TransformerBlock.py (line 697) :: Vector_Matrix_Mul_weight_pim_only_trace
AiM WR_BIAS 0 0xffffffff
# --> Emitted by: cent_simulation/aim_sim.py (line 263) :: WR_BIAS_only_trace
# --> Likely caller: cent_simulation/TransformerBlock.py (line 806) :: Vector_Matrix_Mul_output_pim_only_trace
AiM MAC_ABK 64 0xffffffff 390
# --> Emitted by: cent_simulation/aim_sim.py (line 267) :: MAC_ABK_only_trace
# --> Likely caller: cent_simulation/TransformerBlock.py (line 697) :: Vector_Matrix_Mul_weight_pim_only_trace
AiM RD_MAC 0 0xffffffff
# --> Emitted by: cent_simulation/aim_sim.py (line 272) :: RD_MAC_only_trace
# --> Likely caller: cent_simulation/TransformerBlock.py (line 806) :: Vector_Matrix_Mul_output_pim_only_trace
AiM WR_BIAS 0 0xffffffff
# --> Emitted by: cent_simulation/aim_sim.py (line 263) :: WR_BIAS_only_trace
# --> Likely caller: cent_simulation/TransformerBlock.py (line 806) :: Vector_Matrix_Mul_output_pim_only_trace
AiM MAC_ABK 64 0xffffffff 401
# --> Emitted by: cent_simulation/aim_sim.py (line 267) :: MAC_ABK_only_trace
# --> Likely caller: cent_simulation/TransformerBlock.py (line 697) :: Vector_Matrix_Mul_weight_pim_only_trace
AiM RD_MAC 0 0xffffffff
# --> Emitted by: cent_simulation/aim_sim.py (line 272) :: RD_MAC_only_trace
# --> Likely caller: cent_simulation/TransformerBlock.py (line 806) :: Vector_Matrix_Mul_output_pim_only_trace
AiM WR_BIAS 0 0xffffffff
# --> Emitted by: cent_simulation/aim_sim.py (line 263) :: WR_BIAS_only_trace
# --> Likely caller: cent_simulation/TransformerBlock.py (line 806) :: Vector_Matrix_Mul_output_pim_only_trace
AiM MAC_ABK 64 0xffffffff 412
# --> Emitted by: cent_simulation/aim_sim.py (line 267) :: MAC_ABK_only_trace
# --> Likely caller: cent_simulation/TransformerBlock.py (line 697) :: Vector_Matrix_Mul_weight_pim_only_trace
AiM RD_MAC 0 0xffffffff
# --> Emitted by: cent_simulation/aim_sim.py (line 272) :: RD_MAC_only_trace
# --> Likely caller: cent_simulation/TransformerBlock.py (line 806) :: Vector_Matrix_Mul_output_pim_only_trace
AiM WR_BIAS 0 0xffffffff
# --> Emitted by: cent_simulation/aim_sim.py (line 263) :: WR_BIAS_only_trace
# --> Likely caller: cent_simulation/TransformerBlock.py (line 806) :: Vector_Matrix_Mul_output_pim_only_trace
AiM MAC_ABK 64 0xffffffff 423
# --> Emitted by: cent_simulation/aim_sim.py (line 267) :: MAC_ABK_only_trace
# --> Likely caller: cent_simulation/TransformerBlock.py (line 697) :: Vector_Matrix_Mul_weight_pim_only_trace
AiM RD_MAC 0 0xffffffff
# --> Emitted by: cent_simulation/aim_sim.py (line 272) :: RD_MAC_only_trace
# --> Likely caller: cent_simulation/TransformerBlock.py (line 806) :: Vector_Matrix_Mul_output_pim_only_trace
AiM WR_BIAS 0 0xffffffff
# --> Emitted by: cent_simulation/aim_sim.py (line 263) :: WR_BIAS_only_trace
# --> Likely caller: cent_simulation/TransformerBlock.py (line 806) :: Vector_Matrix_Mul_output_pim_only_trace
AiM MAC_ABK 64 0xffffffff 434
# --> Emitted by: cent_simulation/aim_sim.py (line 267) :: MAC_ABK_only_trace
# --> Likely caller: cent_simulation/TransformerBlock.py (line 697) :: Vector_Matrix_Mul_weight_pim_only_trace
AiM RD_MAC 0 0xffffffff
# --> Emitted by: cent_simulation/aim_sim.py (line 272) :: RD_MAC_only_trace
# --> Likely caller: cent_simulation/TransformerBlock.py (line 806) :: Vector_Matrix_Mul_output_pim_only_trace
AiM WR_BIAS 0 0xffffffff
# --> Emitted by: cent_simulation/aim_sim.py (line 263) :: WR_BIAS_only_trace
# --> Likely caller: cent_simulation/TransformerBlock.py (line 806) :: Vector_Matrix_Mul_output_pim_only_trace
AiM MAC_ABK 64 0xffffffff 445
# --> Emitted by: cent_simulation/aim_sim.py (line 267) :: MAC_ABK_only_trace
# --> Likely caller: cent_simulation/TransformerBlock.py (line 697) :: Vector_Matrix_Mul_weight_pim_only_trace
AiM RD_MAC 0 0xffffffff
# --> Emitted by: cent_simulation/aim_sim.py (line 272) :: RD_MAC_only_trace
# --> Likely caller: cent_simulation/TransformerBlock.py (line 806) :: Vector_Matrix_Mul_output_pim_only_trace
AiM WR_BIAS 0 0xffffffff
# --> Emitted by: cent_simulation/aim_sim.py (line 263) :: WR_BIAS_only_trace
# --> Likely caller: cent_simulation/TransformerBlock.py (line 806) :: Vector_Matrix_Mul_output_pim_only_trace
AiM MAC_ABK 64 0xffffffff 456
# --> Emitted by: cent_simulation/aim_sim.py (line 267) :: MAC_ABK_only_trace
# --> Likely caller: cent_simulation/TransformerBlock.py (line 697) :: Vector_Matrix_Mul_weight_pim_only_trace
AiM RD_MAC 0 0xffffffff
# --> Emitted by: cent_simulation/aim_sim.py (line 272) :: RD_MAC_only_trace
# --> Likely caller: cent_simulation/TransformerBlock.py (line 806) :: Vector_Matrix_Mul_output_pim_only_trace
AiM WR_BIAS 0 0xffffffff
# --> Emitted by: cent_simulation/aim_sim.py (line 263) :: WR_BIAS_only_trace
# --> Likely caller: cent_simulation/TransformerBlock.py (line 806) :: Vector_Matrix_Mul_output_pim_only_trace
AiM MAC_ABK 64 0xffffffff 467
# --> Emitted by: cent_simulation/aim_sim.py (line 267) :: MAC_ABK_only_trace
# --> Likely caller: cent_simulation/TransformerBlock.py (line 697) :: Vector_Matrix_Mul_weight_pim_only_trace
AiM RD_MAC 0 0xffffffff
# --> Emitted by: cent_simulation/aim_sim.py (line 272) :: RD_MAC_only_trace
# --> Likely caller: cent_simulation/TransformerBlock.py (line 806) :: Vector_Matrix_Mul_output_pim_only_trace
AiM WR_GB 64 0 0xffffffff
# --> Emitted by: cent_simulation/aim_sim.py (line 285) :: WR_GB_only_trace
# --> Likely caller: cent_simulation/TransformerBlock.py (line 697) :: Vector_Matrix_Mul_weight_pim_only_trace
AiM WR_BIAS 0 0xffffffff
# --> Emitted by: cent_simulation/aim_sim.py (line 263) :: WR_BIAS_only_trace
# --> Likely caller: cent_simulation/TransformerBlock.py (line 806) :: Vector_Matrix_Mul_output_pim_only_trace
AiM MAC_ABK 64 0xffffffff 391
# --> Emitted by: cent_simulation/aim_sim.py (line 267) :: MAC_ABK_only_trace
# --> Likely caller: cent_simulation/TransformerBlock.py (line 697) :: Vector_Matrix_Mul_weight_pim_only_trace
AiM RD_MAC 0 0xffffffff
# --> Emitted by: cent_simulation/aim_sim.py (line 272) :: RD_MAC_only_trace
# --> Likely caller: cent_simulation/TransformerBlock.py (line 806) :: Vector_Matrix_Mul_output_pim_only_trace
AiM WR_BIAS 0 0xffffffff
# --> Emitted by: cent_simulation/aim_sim.py (line 263) :: WR_BIAS_only_trace
# --> Likely caller: cent_simulation/TransformerBlock.py (line 806) :: Vector_Matrix_Mul_output_pim_only_trace
AiM MAC_ABK 64 0xffffffff 402
# --> Emitted by: cent_simulation/aim_sim.py (line 267) :: MAC_ABK_only_trace
# --> Likely caller: cent_simulation/TransformerBlock.py (line 697) :: Vector_Matrix_Mul_weight_pim_only_trace
AiM RD_MAC 0 0xffffffff
# --> Emitted by: cent_simulation/aim_sim.py (line 272) :: RD_MAC_only_trace
# --> Likely caller: cent_simulation/TransformerBlock.py (line 806) :: Vector_Matrix_Mul_output_pim_only_trace
AiM WR_BIAS 0 0xffffffff
# --> Emitted by: cent_simulation/aim_sim.py (line 263) :: WR_BIAS_only_trace
# --> Likely caller: cent_simulation/TransformerBlock.py (line 806) :: Vector_Matrix_Mul_output_pim_only_trace
AiM MAC_ABK 64 0xffffffff 413
# --> Emitted by: cent_simulation/aim_sim.py (line 267) :: MAC_ABK_only_trace
# --> Likely caller: cent_simulation/TransformerBlock.py (line 697) :: Vector_Matrix_Mul_weight_pim_only_trace
AiM RD_MAC 0 0xffffffff
# --> Emitted by: cent_simulation/aim_sim.py (line 272) :: RD_MAC_only_trace
# --> Likely caller: cent_simulation/TransformerBlock.py (line 806) :: Vector_Matrix_Mul_output_pim_only_trace
AiM WR_BIAS 0 0xffffffff
# --> Emitted by: cent_simulation/aim_sim.py (line 263) :: WR_BIAS_only_trace
# --> Likely caller: cent_simulation/TransformerBlock.py (line 806) :: Vector_Matrix_Mul_output_pim_only_trace
AiM MAC_ABK 64 0xffffffff 424
# --> Emitted by: cent_simulation/aim_sim.py (line 267) :: MAC_ABK_only_trace
# --> Likely caller: cent_simulation/TransformerBlock.py (line 697) :: Vector_Matrix_Mul_weight_pim_only_trace
AiM RD_MAC 0 0xffffffff
# --> Emitted by: cent_simulation/aim_sim.py (line 272) :: RD_MAC_only_trace
# --> Likely caller: cent_simulation/TransformerBlock.py (line 806) :: Vector_Matrix_Mul_output_pim_only_trace
AiM WR_BIAS 0 0xffffffff
# --> Emitted by: cent_simulation/aim_sim.py (line 263) :: WR_BIAS_only_trace
# --> Likely caller: cent_simulation/TransformerBlock.py (line 806) :: Vector_Matrix_Mul_output_pim_only_trace
AiM MAC_ABK 64 0xffffffff 435
# --> Emitted by: cent_simulation/aim_sim.py (line 267) :: MAC_ABK_only_trace
# --> Likely caller: cent_simulation/TransformerBlock.py (line 697) :: Vector_Matrix_Mul_weight_pim_only_trace
AiM RD_MAC 0 0xffffffff
# --> Emitted by: cent_simulation/aim_sim.py (line 272) :: RD_MAC_only_trace
# --> Likely caller: cent_simulation/TransformerBlock.py (line 806) :: Vector_Matrix_Mul_output_pim_only_trace
AiM WR_BIAS 0 0xffffffff
# --> Emitted by: cent_simulation/aim_sim.py (line 263) :: WR_BIAS_only_trace
# --> Likely caller: cent_simulation/TransformerBlock.py (line 806) :: Vector_Matrix_Mul_output_pim_only_trace
AiM MAC_ABK 64 0xffffffff 446
# --> Emitted by: cent_simulation/aim_sim.py (line 267) :: MAC_ABK_only_trace
# --> Likely caller: cent_simulation/TransformerBlock.py (line 697) :: Vector_Matrix_Mul_weight_pim_only_trace
AiM RD_MAC 0 0xffffffff
# --> Emitted by: cent_simulation/aim_sim.py (line 272) :: RD_MAC_only_trace
# --> Likely caller: cent_simulation/TransformerBlock.py (line 806) :: Vector_Matrix_Mul_output_pim_only_trace
AiM WR_BIAS 0 0xffffffff
# --> Emitted by: cent_simulation/aim_sim.py (line 263) :: WR_BIAS_only_trace
# --> Likely caller: cent_simulation/TransformerBlock.py (line 806) :: Vector_Matrix_Mul_output_pim_only_trace
AiM MAC_ABK 64 0xffffffff 457
# --> Emitted by: cent_simulation/aim_sim.py (line 267) :: MAC_ABK_only_trace
# --> Likely caller: cent_simulation/TransformerBlock.py (line 697) :: Vector_Matrix_Mul_weight_pim_only_trace
AiM RD_MAC 0 0xffffffff
# --> Emitted by: cent_simulation/aim_sim.py (line 272) :: RD_MAC_only_trace
# --> Likely caller: cent_simulation/TransformerBlock.py (line 806) :: Vector_Matrix_Mul_output_pim_only_trace
AiM WR_BIAS 0 0xffffffff
# --> Emitted by: cent_simulation/aim_sim.py (line 263) :: WR_BIAS_only_trace
# --> Likely caller: cent_simulation/TransformerBlock.py (line 806) :: Vector_Matrix_Mul_output_pim_only_trace
AiM MAC_ABK 64 0xffffffff 468
# --> Emitted by: cent_simulation/aim_sim.py (line 267) :: MAC_ABK_only_trace
# --> Likely caller: cent_simulation/TransformerBlock.py (line 697) :: Vector_Matrix_Mul_weight_pim_only_trace
AiM RD_MAC 0 0xffffffff
# --> Emitted by: cent_simulation/aim_sim.py (line 272) :: RD_MAC_only_trace
# --> Likely caller: cent_simulation/TransformerBlock.py (line 806) :: Vector_Matrix_Mul_output_pim_only_trace
AiM WR_GB 64 0 0xffffffff
# --> Emitted by: cent_simulation/aim_sim.py (line 285) :: WR_GB_only_trace
# --> Likely caller: cent_simulation/TransformerBlock.py (line 697) :: Vector_Matrix_Mul_weight_pim_only_trace
AiM WR_BIAS 0 0xffffffff
# --> Emitted by: cent_simulation/aim_sim.py (line 263) :: WR_BIAS_only_trace
# --> Likely caller: cent_simulation/TransformerBlock.py (line 806) :: Vector_Matrix_Mul_output_pim_only_trace
AiM MAC_ABK 64 0xffffffff 392
# --> Emitted by: cent_simulation/aim_sim.py (line 267) :: MAC_ABK_only_trace
# --> Likely caller: cent_simulation/TransformerBlock.py (line 697) :: Vector_Matrix_Mul_weight_pim_only_trace
AiM RD_MAC 0 0xffffffff
# --> Emitted by: cent_simulation/aim_sim.py (line 272) :: RD_MAC_only_trace
# --> Likely caller: cent_simulation/TransformerBlock.py (line 806) :: Vector_Matrix_Mul_output_pim_only_trace
AiM WR_BIAS 0 0xffffffff
# --> Emitted by: cent_simulation/aim_sim.py (line 263) :: WR_BIAS_only_trace
# --> Likely caller: cent_simulation/TransformerBlock.py (line 806) :: Vector_Matrix_Mul_output_pim_only_trace
AiM MAC_ABK 64 0xffffffff 403
# --> Emitted by: cent_simulation/aim_sim.py (line 267) :: MAC_ABK_only_trace
# --> Likely caller: cent_simulation/TransformerBlock.py (line 697) :: Vector_Matrix_Mul_weight_pim_only_trace
AiM RD_MAC 0 0xffffffff
# --> Emitted by: cent_simulation/aim_sim.py (line 272) :: RD_MAC_only_trace
# --> Likely caller: cent_simulation/TransformerBlock.py (line 806) :: Vector_Matrix_Mul_output_pim_only_trace
AiM WR_BIAS 0 0xffffffff
# --> Emitted by: cent_simulation/aim_sim.py (line 263) :: WR_BIAS_only_trace
# --> Likely caller: cent_simulation/TransformerBlock.py (line 806) :: Vector_Matrix_Mul_output_pim_only_trace
AiM MAC_ABK 64 0xffffffff 414
# --> Emitted by: cent_simulation/aim_sim.py (line 267) :: MAC_ABK_only_trace
# --> Likely caller: cent_simulation/TransformerBlock.py (line 697) :: Vector_Matrix_Mul_weight_pim_only_trace
AiM RD_MAC 0 0xffffffff
# --> Emitted by: cent_simulation/aim_sim.py (line 272) :: RD_MAC_only_trace
# --> Likely caller: cent_simulation/TransformerBlock.py (line 806) :: Vector_Matrix_Mul_output_pim_only_trace
AiM WR_BIAS 0 0xffffffff
# --> Emitted by: cent_simulation/aim_sim.py (line 263) :: WR_BIAS_only_trace
# --> Likely caller: cent_simulation/TransformerBlock.py (line 806) :: Vector_Matrix_Mul_output_pim_only_trace
AiM MAC_ABK 64 0xffffffff 425
# --> Emitted by: cent_simulation/aim_sim.py (line 267) :: MAC_ABK_only_trace
# --> Likely caller: cent_simulation/TransformerBlock.py (line 697) :: Vector_Matrix_Mul_weight_pim_only_trace
AiM RD_MAC 0 0xffffffff
# --> Emitted by: cent_simulation/aim_sim.py (line 272) :: RD_MAC_only_trace
# --> Likely caller: cent_simulation/TransformerBlock.py (line 806) :: Vector_Matrix_Mul_output_pim_only_trace
AiM WR_BIAS 0 0xffffffff
# --> Emitted by: cent_simulation/aim_sim.py (line 263) :: WR_BIAS_only_trace
# --> Likely caller: cent_simulation/TransformerBlock.py (line 806) :: Vector_Matrix_Mul_output_pim_only_trace
AiM MAC_ABK 64 0xffffffff 436
# --> Emitted by: cent_simulation/aim_sim.py (line 267) :: MAC_ABK_only_trace
# --> Likely caller: cent_simulation/TransformerBlock.py (line 697) :: Vector_Matrix_Mul_weight_pim_only_trace
AiM RD_MAC 0 0xffffffff
# --> Emitted by: cent_simulation/aim_sim.py (line 272) :: RD_MAC_only_trace
# --> Likely caller: cent_simulation/TransformerBlock.py (line 806) :: Vector_Matrix_Mul_output_pim_only_trace
AiM WR_BIAS 0 0xffffffff
# --> Emitted by: cent_simulation/aim_sim.py (line 263) :: WR_BIAS_only_trace
# --> Likely caller: cent_simulation/TransformerBlock.py (line 806) :: Vector_Matrix_Mul_output_pim_only_trace
AiM MAC_ABK 64 0xffffffff 447
# --> Emitted by: cent_simulation/aim_sim.py (line 267) :: MAC_ABK_only_trace
# --> Likely caller: cent_simulation/TransformerBlock.py (line 697) :: Vector_Matrix_Mul_weight_pim_only_trace
AiM RD_MAC 0 0xffffffff
# --> Emitted by: cent_simulation/aim_sim.py (line 272) :: RD_MAC_only_trace
# --> Likely caller: cent_simulation/TransformerBlock.py (line 806) :: Vector_Matrix_Mul_output_pim_only_trace
AiM WR_BIAS 0 0xffffffff
# --> Emitted by: cent_simulation/aim_sim.py (line 263) :: WR_BIAS_only_trace
# --> Likely caller: cent_simulation/TransformerBlock.py (line 806) :: Vector_Matrix_Mul_output_pim_only_trace
AiM MAC_ABK 64 0xffffffff 458
# --> Emitted by: cent_simulation/aim_sim.py (line 267) :: MAC_ABK_only_trace
# --> Likely caller: cent_simulation/TransformerBlock.py (line 697) :: Vector_Matrix_Mul_weight_pim_only_trace
AiM RD_MAC 0 0xffffffff
# --> Emitted by: cent_simulation/aim_sim.py (line 272) :: RD_MAC_only_trace
# --> Likely caller: cent_simulation/TransformerBlock.py (line 806) :: Vector_Matrix_Mul_output_pim_only_trace
AiM WR_BIAS 0 0xffffffff
# --> Emitted by: cent_simulation/aim_sim.py (line 263) :: WR_BIAS_only_trace
# --> Likely caller: cent_simulation/TransformerBlock.py (line 806) :: Vector_Matrix_Mul_output_pim_only_trace
AiM MAC_ABK 64 0xffffffff 469
# --> Emitted by: cent_simulation/aim_sim.py (line 267) :: MAC_ABK_only_trace
# --> Likely caller: cent_simulation/TransformerBlock.py (line 697) :: Vector_Matrix_Mul_weight_pim_only_trace
AiM RD_MAC 0 0xffffffff
# --> Emitted by: cent_simulation/aim_sim.py (line 272) :: RD_MAC_only_trace
# --> Likely caller: cent_simulation/TransformerBlock.py (line 806) :: Vector_Matrix_Mul_output_pim_only_trace
AiM WR_GB 64 0 0xffffffff
# --> Emitted by: cent_simulation/aim_sim.py (line 285) :: WR_GB_only_trace
# --> Likely caller: cent_simulation/TransformerBlock.py (line 697) :: Vector_Matrix_Mul_weight_pim_only_trace
AiM WR_BIAS 0 0xffffffff
# --> Emitted by: cent_simulation/aim_sim.py (line 263) :: WR_BIAS_only_trace
# --> Likely caller: cent_simulation/TransformerBlock.py (line 806) :: Vector_Matrix_Mul_output_pim_only_trace
AiM MAC_ABK 64 0xffffffff 393
# --> Emitted by: cent_simulation/aim_sim.py (line 267) :: MAC_ABK_only_trace
# --> Likely caller: cent_simulation/TransformerBlock.py (line 697) :: Vector_Matrix_Mul_weight_pim_only_trace
AiM RD_MAC 0 0xffffffff
# --> Emitted by: cent_simulation/aim_sim.py (line 272) :: RD_MAC_only_trace
# --> Likely caller: cent_simulation/TransformerBlock.py (line 806) :: Vector_Matrix_Mul_output_pim_only_trace
AiM WR_BIAS 0 0xffffffff
# --> Emitted by: cent_simulation/aim_sim.py (line 263) :: WR_BIAS_only_trace
# --> Likely caller: cent_simulation/TransformerBlock.py (line 806) :: Vector_Matrix_Mul_output_pim_only_trace
AiM MAC_ABK 64 0xffffffff 404
# --> Emitted by: cent_simulation/aim_sim.py (line 267) :: MAC_ABK_only_trace
# --> Likely caller: cent_simulation/TransformerBlock.py (line 697) :: Vector_Matrix_Mul_weight_pim_only_trace
AiM RD_MAC 0 0xffffffff
# --> Emitted by: cent_simulation/aim_sim.py (line 272) :: RD_MAC_only_trace
# --> Likely caller: cent_simulation/TransformerBlock.py (line 806) :: Vector_Matrix_Mul_output_pim_only_trace
AiM WR_BIAS 0 0xffffffff
# --> Emitted by: cent_simulation/aim_sim.py (line 263) :: WR_BIAS_only_trace
# --> Likely caller: cent_simulation/TransformerBlock.py (line 806) :: Vector_Matrix_Mul_output_pim_only_trace
AiM MAC_ABK 64 0xffffffff 415
# --> Emitted by: cent_simulation/aim_sim.py (line 267) :: MAC_ABK_only_trace
# --> Likely caller: cent_simulation/TransformerBlock.py (line 697) :: Vector_Matrix_Mul_weight_pim_only_trace
AiM RD_MAC 0 0xffffffff
# --> Emitted by: cent_simulation/aim_sim.py (line 272) :: RD_MAC_only_trace
# --> Likely caller: cent_simulation/TransformerBlock.py (line 806) :: Vector_Matrix_Mul_output_pim_only_trace
AiM WR_BIAS 0 0xffffffff
# --> Emitted by: cent_simulation/aim_sim.py (line 263) :: WR_BIAS_only_trace
# --> Likely caller: cent_simulation/TransformerBlock.py (line 806) :: Vector_Matrix_Mul_output_pim_only_trace
AiM MAC_ABK 64 0xffffffff 426
# --> Emitted by: cent_simulation/aim_sim.py (line 267) :: MAC_ABK_only_trace
# --> Likely caller: cent_simulation/TransformerBlock.py (line 697) :: Vector_Matrix_Mul_weight_pim_only_trace
AiM RD_MAC 0 0xffffffff
# --> Emitted by: cent_simulation/aim_sim.py (line 272) :: RD_MAC_only_trace
# --> Likely caller: cent_simulation/TransformerBlock.py (line 806) :: Vector_Matrix_Mul_output_pim_only_trace
AiM WR_BIAS 0 0xffffffff
# --> Emitted by: cent_simulation/aim_sim.py (line 263) :: WR_BIAS_only_trace
# --> Likely caller: cent_simulation/TransformerBlock.py (line 806) :: Vector_Matrix_Mul_output_pim_only_trace
AiM MAC_ABK 64 0xffffffff 437
# --> Emitted by: cent_simulation/aim_sim.py (line 267) :: MAC_ABK_only_trace
# --> Likely caller: cent_simulation/TransformerBlock.py (line 697) :: Vector_Matrix_Mul_weight_pim_only_trace
AiM RD_MAC 0 0xffffffff
# --> Emitted by: cent_simulation/aim_sim.py (line 272) :: RD_MAC_only_trace
# --> Likely caller: cent_simulation/TransformerBlock.py (line 806) :: Vector_Matrix_Mul_output_pim_only_trace
AiM WR_BIAS 0 0xffffffff
# --> Emitted by: cent_simulation/aim_sim.py (line 263) :: WR_BIAS_only_trace
# --> Likely caller: cent_simulation/TransformerBlock.py (line 806) :: Vector_Matrix_Mul_output_pim_only_trace
AiM MAC_ABK 64 0xffffffff 448
# --> Emitted by: cent_simulation/aim_sim.py (line 267) :: MAC_ABK_only_trace
# --> Likely caller: cent_simulation/TransformerBlock.py (line 697) :: Vector_Matrix_Mul_weight_pim_only_trace
AiM RD_MAC 0 0xffffffff
# --> Emitted by: cent_simulation/aim_sim.py (line 272) :: RD_MAC_only_trace
# --> Likely caller: cent_simulation/TransformerBlock.py (line 806) :: Vector_Matrix_Mul_output_pim_only_trace
AiM WR_BIAS 0 0xffffffff
# --> Emitted by: cent_simulation/aim_sim.py (line 263) :: WR_BIAS_only_trace
# --> Likely caller: cent_simulation/TransformerBlock.py (line 806) :: Vector_Matrix_Mul_output_pim_only_trace
AiM MAC_ABK 64 0xffffffff 459
# --> Emitted by: cent_simulation/aim_sim.py (line 267) :: MAC_ABK_only_trace
# --> Likely caller: cent_simulation/TransformerBlock.py (line 697) :: Vector_Matrix_Mul_weight_pim_only_trace
AiM RD_MAC 0 0xffffffff
# --> Emitted by: cent_simulation/aim_sim.py (line 272) :: RD_MAC_only_trace
# --> Likely caller: cent_simulation/TransformerBlock.py (line 806) :: Vector_Matrix_Mul_output_pim_only_trace
AiM WR_BIAS 0 0xffffffff
# --> Emitted by: cent_simulation/aim_sim.py (line 263) :: WR_BIAS_only_trace
# --> Likely caller: cent_simulation/TransformerBlock.py (line 806) :: Vector_Matrix_Mul_output_pim_only_trace
AiM MAC_ABK 64 0xffffffff 470
# --> Emitted by: cent_simulation/aim_sim.py (line 267) :: MAC_ABK_only_trace
# --> Likely caller: cent_simulation/TransformerBlock.py (line 697) :: Vector_Matrix_Mul_weight_pim_only_trace
AiM RD_MAC 0 0xffffffff
# --> Emitted by: cent_simulation/aim_sim.py (line 272) :: RD_MAC_only_trace
# --> Likely caller: cent_simulation/TransformerBlock.py (line 806) :: Vector_Matrix_Mul_output_pim_only_trace
AiM WR_GB 64 0 0xffffffff
# --> Emitted by: cent_simulation/aim_sim.py (line 285) :: WR_GB_only_trace
# --> Likely caller: cent_simulation/TransformerBlock.py (line 697) :: Vector_Matrix_Mul_weight_pim_only_trace
AiM WR_BIAS 0 0xffffffff
# --> Emitted by: cent_simulation/aim_sim.py (line 263) :: WR_BIAS_only_trace
# --> Likely caller: cent_simulation/TransformerBlock.py (line 806) :: Vector_Matrix_Mul_output_pim_only_trace
AiM MAC_ABK 64 0xffffffff 394
# --> Emitted by: cent_simulation/aim_sim.py (line 267) :: MAC_ABK_only_trace
# --> Likely caller: cent_simulation/TransformerBlock.py (line 697) :: Vector_Matrix_Mul_weight_pim_only_trace
AiM RD_MAC 0 0xffffffff
# --> Emitted by: cent_simulation/aim_sim.py (line 272) :: RD_MAC_only_trace
# --> Likely caller: cent_simulation/TransformerBlock.py (line 806) :: Vector_Matrix_Mul_output_pim_only_trace
AiM WR_BIAS 0 0xffffffff
# --> Emitted by: cent_simulation/aim_sim.py (line 263) :: WR_BIAS_only_trace
# --> Likely caller: cent_simulation/TransformerBlock.py (line 806) :: Vector_Matrix_Mul_output_pim_only_trace
AiM MAC_ABK 64 0xffffffff 405
# --> Emitted by: cent_simulation/aim_sim.py (line 267) :: MAC_ABK_only_trace
# --> Likely caller: cent_simulation/TransformerBlock.py (line 697) :: Vector_Matrix_Mul_weight_pim_only_trace
AiM RD_MAC 0 0xffffffff
# --> Emitted by: cent_simulation/aim_sim.py (line 272) :: RD_MAC_only_trace
# --> Likely caller: cent_simulation/TransformerBlock.py (line 806) :: Vector_Matrix_Mul_output_pim_only_trace
AiM WR_BIAS 0 0xffffffff
# --> Emitted by: cent_simulation/aim_sim.py (line 263) :: WR_BIAS_only_trace
# --> Likely caller: cent_simulation/TransformerBlock.py (line 806) :: Vector_Matrix_Mul_output_pim_only_trace
AiM MAC_ABK 64 0xffffffff 416
# --> Emitted by: cent_simulation/aim_sim.py (line 267) :: MAC_ABK_only_trace
# --> Likely caller: cent_simulation/TransformerBlock.py (line 697) :: Vector_Matrix_Mul_weight_pim_only_trace
AiM RD_MAC 0 0xffffffff
# --> Emitted by: cent_simulation/aim_sim.py (line 272) :: RD_MAC_only_trace
# --> Likely caller: cent_simulation/TransformerBlock.py (line 806) :: Vector_Matrix_Mul_output_pim_only_trace
AiM WR_BIAS 0 0xffffffff
# --> Emitted by: cent_simulation/aim_sim.py (line 263) :: WR_BIAS_only_trace
# --> Likely caller: cent_simulation/TransformerBlock.py (line 806) :: Vector_Matrix_Mul_output_pim_only_trace
AiM MAC_ABK 64 0xffffffff 427
# --> Emitted by: cent_simulation/aim_sim.py (line 267) :: MAC_ABK_only_trace
# --> Likely caller: cent_simulation/TransformerBlock.py (line 697) :: Vector_Matrix_Mul_weight_pim_only_trace
AiM RD_MAC 0 0xffffffff
# --> Emitted by: cent_simulation/aim_sim.py (line 272) :: RD_MAC_only_trace
# --> Likely caller: cent_simulation/TransformerBlock.py (line 806) :: Vector_Matrix_Mul_output_pim_only_trace
AiM WR_BIAS 0 0xffffffff
# --> Emitted by: cent_simulation/aim_sim.py (line 263) :: WR_BIAS_only_trace
# --> Likely caller: cent_simulation/TransformerBlock.py (line 806) :: Vector_Matrix_Mul_output_pim_only_trace
AiM MAC_ABK 64 0xffffffff 438
# --> Emitted by: cent_simulation/aim_sim.py (line 267) :: MAC_ABK_only_trace
# --> Likely caller: cent_simulation/TransformerBlock.py (line 697) :: Vector_Matrix_Mul_weight_pim_only_trace
AiM RD_MAC 0 0xffffffff
# --> Emitted by: cent_simulation/aim_sim.py (line 272) :: RD_MAC_only_trace
# --> Likely caller: cent_simulation/TransformerBlock.py (line 806) :: Vector_Matrix_Mul_output_pim_only_trace
AiM WR_BIAS 0 0xffffffff
# --> Emitted by: cent_simulation/aim_sim.py (line 263) :: WR_BIAS_only_trace
# --> Likely caller: cent_simulation/TransformerBlock.py (line 806) :: Vector_Matrix_Mul_output_pim_only_trace
AiM MAC_ABK 64 0xffffffff 449
# --> Emitted by: cent_simulation/aim_sim.py (line 267) :: MAC_ABK_only_trace
# --> Likely caller: cent_simulation/TransformerBlock.py (line 697) :: Vector_Matrix_Mul_weight_pim_only_trace
AiM RD_MAC 0 0xffffffff
# --> Emitted by: cent_simulation/aim_sim.py (line 272) :: RD_MAC_only_trace
# --> Likely caller: cent_simulation/TransformerBlock.py (line 806) :: Vector_Matrix_Mul_output_pim_only_trace
AiM WR_BIAS 0 0xffffffff
# --> Emitted by: cent_simulation/aim_sim.py (line 263) :: WR_BIAS_only_trace
# --> Likely caller: cent_simulation/TransformerBlock.py (line 806) :: Vector_Matrix_Mul_output_pim_only_trace
AiM MAC_ABK 64 0xffffffff 460
# --> Emitted by: cent_simulation/aim_sim.py (line 267) :: MAC_ABK_only_trace
# --> Likely caller: cent_simulation/TransformerBlock.py (line 697) :: Vector_Matrix_Mul_weight_pim_only_trace
AiM RD_MAC 0 0xffffffff
# --> Emitted by: cent_simulation/aim_sim.py (line 272) :: RD_MAC_only_trace
# --> Likely caller: cent_simulation/TransformerBlock.py (line 806) :: Vector_Matrix_Mul_output_pim_only_trace
AiM WR_BIAS 0 0xffffffff
# --> Emitted by: cent_simulation/aim_sim.py (line 263) :: WR_BIAS_only_trace
# --> Likely caller: cent_simulation/TransformerBlock.py (line 806) :: Vector_Matrix_Mul_output_pim_only_trace
AiM MAC_ABK 64 0xffffffff 471
# --> Emitted by: cent_simulation/aim_sim.py (line 267) :: MAC_ABK_only_trace
# --> Likely caller: cent_simulation/TransformerBlock.py (line 697) :: Vector_Matrix_Mul_weight_pim_only_trace
AiM RD_MAC 0 0xffffffff
# --> Emitted by: cent_simulation/aim_sim.py (line 272) :: RD_MAC_only_trace
# --> Likely caller: cent_simulation/TransformerBlock.py (line 806) :: Vector_Matrix_Mul_output_pim_only_trace
AiM WR_GB 48 0 0xffffffff
# --> Emitted by: cent_simulation/aim_sim.py (line 285) :: WR_GB_only_trace
# --> Likely caller: cent_simulation/TransformerBlock.py (line 697) :: Vector_Matrix_Mul_weight_pim_only_trace
AiM WR_BIAS 0 0xffffffff
# --> Emitted by: cent_simulation/aim_sim.py (line 263) :: WR_BIAS_only_trace
# --> Likely caller: cent_simulation/TransformerBlock.py (line 806) :: Vector_Matrix_Mul_output_pim_only_trace
AiM MAC_ABK 48 0xffffffff 395
# --> Emitted by: cent_simulation/aim_sim.py (line 267) :: MAC_ABK_only_trace
# --> Likely caller: cent_simulation/TransformerBlock.py (line 697) :: Vector_Matrix_Mul_weight_pim_only_trace
AiM RD_MAC 0 0xffffffff
# --> Emitted by: cent_simulation/aim_sim.py (line 272) :: RD_MAC_only_trace
# --> Likely caller: cent_simulation/TransformerBlock.py (line 806) :: Vector_Matrix_Mul_output_pim_only_trace
AiM WR_BIAS 0 0xffffffff
# --> Emitted by: cent_simulation/aim_sim.py (line 263) :: WR_BIAS_only_trace
# --> Likely caller: cent_simulation/TransformerBlock.py (line 806) :: Vector_Matrix_Mul_output_pim_only_trace
AiM MAC_ABK 48 0xffffffff 406
# --> Emitted by: cent_simulation/aim_sim.py (line 267) :: MAC_ABK_only_trace
# --> Likely caller: cent_simulation/TransformerBlock.py (line 697) :: Vector_Matrix_Mul_weight_pim_only_trace
AiM RD_MAC 0 0xffffffff
# --> Emitted by: cent_simulation/aim_sim.py (line 272) :: RD_MAC_only_trace
# --> Likely caller: cent_simulation/TransformerBlock.py (line 806) :: Vector_Matrix_Mul_output_pim_only_trace
AiM WR_BIAS 0 0xffffffff
# --> Emitted by: cent_simulation/aim_sim.py (line 263) :: WR_BIAS_only_trace
# --> Likely caller: cent_simulation/TransformerBlock.py (line 806) :: Vector_Matrix_Mul_output_pim_only_trace
AiM MAC_ABK 48 0xffffffff 417
# --> Emitted by: cent_simulation/aim_sim.py (line 267) :: MAC_ABK_only_trace
# --> Likely caller: cent_simulation/TransformerBlock.py (line 697) :: Vector_Matrix_Mul_weight_pim_only_trace
AiM RD_MAC 0 0xffffffff
# --> Emitted by: cent_simulation/aim_sim.py (line 272) :: RD_MAC_only_trace
# --> Likely caller: cent_simulation/TransformerBlock.py (line 806) :: Vector_Matrix_Mul_output_pim_only_trace
AiM WR_BIAS 0 0xffffffff
# --> Emitted by: cent_simulation/aim_sim.py (line 263) :: WR_BIAS_only_trace
# --> Likely caller: cent_simulation/TransformerBlock.py (line 806) :: Vector_Matrix_Mul_output_pim_only_trace
AiM MAC_ABK 48 0xffffffff 428
# --> Emitted by: cent_simulation/aim_sim.py (line 267) :: MAC_ABK_only_trace
# --> Likely caller: cent_simulation/TransformerBlock.py (line 697) :: Vector_Matrix_Mul_weight_pim_only_trace
AiM RD_MAC 0 0xffffffff
# --> Emitted by: cent_simulation/aim_sim.py (line 272) :: RD_MAC_only_trace
# --> Likely caller: cent_simulation/TransformerBlock.py (line 806) :: Vector_Matrix_Mul_output_pim_only_trace
AiM WR_BIAS 0 0xffffffff
# --> Emitted by: cent_simulation/aim_sim.py (line 263) :: WR_BIAS_only_trace
# --> Likely caller: cent_simulation/TransformerBlock.py (line 806) :: Vector_Matrix_Mul_output_pim_only_trace
AiM MAC_ABK 48 0xffffffff 439
# --> Emitted by: cent_simulation/aim_sim.py (line 267) :: MAC_ABK_only_trace
# --> Likely caller: cent_simulation/TransformerBlock.py (line 697) :: Vector_Matrix_Mul_weight_pim_only_trace
AiM RD_MAC 0 0xffffffff
# --> Emitted by: cent_simulation/aim_sim.py (line 272) :: RD_MAC_only_trace
# --> Likely caller: cent_simulation/TransformerBlock.py (line 806) :: Vector_Matrix_Mul_output_pim_only_trace
AiM WR_BIAS 0 0xffffffff
# --> Emitted by: cent_simulation/aim_sim.py (line 263) :: WR_BIAS_only_trace
# --> Likely caller: cent_simulation/TransformerBlock.py (line 806) :: Vector_Matrix_Mul_output_pim_only_trace
AiM MAC_ABK 48 0xffffffff 450
# --> Emitted by: cent_simulation/aim_sim.py (line 267) :: MAC_ABK_only_trace
# --> Likely caller: cent_simulation/TransformerBlock.py (line 697) :: Vector_Matrix_Mul_weight_pim_only_trace
AiM RD_MAC 0 0xffffffff
# --> Emitted by: cent_simulation/aim_sim.py (line 272) :: RD_MAC_only_trace
# --> Likely caller: cent_simulation/TransformerBlock.py (line 806) :: Vector_Matrix_Mul_output_pim_only_trace
AiM WR_BIAS 0 0xffffffff
# --> Emitted by: cent_simulation/aim_sim.py (line 263) :: WR_BIAS_only_trace
# --> Likely caller: cent_simulation/TransformerBlock.py (line 806) :: Vector_Matrix_Mul_output_pim_only_trace
AiM MAC_ABK 48 0xffffffff 461
# --> Emitted by: cent_simulation/aim_sim.py (line 267) :: MAC_ABK_only_trace
# --> Likely caller: cent_simulation/TransformerBlock.py (line 697) :: Vector_Matrix_Mul_weight_pim_only_trace
AiM RD_MAC 0 0xffffffff
# --> Emitted by: cent_simulation/aim_sim.py (line 272) :: RD_MAC_only_trace
# --> Likely caller: cent_simulation/TransformerBlock.py (line 806) :: Vector_Matrix_Mul_output_pim_only_trace
AiM WR_BIAS 0 0xffffffff
# --> Emitted by: cent_simulation/aim_sim.py (line 263) :: WR_BIAS_only_trace
# --> Likely caller: cent_simulation/TransformerBlock.py (line 806) :: Vector_Matrix_Mul_output_pim_only_trace
AiM MAC_ABK 48 0xffffffff 472
# --> Emitted by: cent_simulation/aim_sim.py (line 267) :: MAC_ABK_only_trace
# --> Likely caller: cent_simulation/TransformerBlock.py (line 697) :: Vector_Matrix_Mul_weight_pim_only_trace
AiM RD_MAC 0 0xffffffff
# --> Emitted by: cent_simulation/aim_sim.py (line 272) :: RD_MAC_only_trace
# --> Likely caller: cent_simulation/TransformerBlock.py (line 806) :: Vector_Matrix_Mul_output_pim_only_trace
AiM EWADD 256 0 0
# --> Emitted by: cent_simulation/aim_sim.py (line 281) :: EWADD_only_trace
# --> Likely caller: cent_simulation/Llama.py (line 791) :: self_attention_aim
AiM EOC
# --> Emitted by: cent_simulation/aim_sim.py (line 310) :: finish
# --> Likely caller: cent_simulation/TransformerBlock.py (line 697) :: Vector_Matrix_Mul_weight_pim_only_trace