
=== Pool L | Llama2-7B | N_L=2 / 32 | TP=2, PP=1 ===
Generating traces for Llama2-7B (2 devices) ...
/home/aatmaj/CENT/aim_simulator/build/ramulator2 -f /home/aatmaj/CENT/aim_simulator/test/example.yaml -t /home/aatmaj/CENT/experiments/dda_full_sweep/traces/32_channels_per_device/2_devices/model_parallel_embedding/Llama2-7B/trace_2_FC_devices_seqlen_4096.txt
/home/aatmaj/CENT/aim_simulator/build/ramulator2 -f /home/aatmaj/CENT/aim_simulator/test/example.yaml -t /home/aatmaj/CENT/experiments/dda_full_sweep/traces/32_channels_per_device/2_devices/model_parallel/Llama2-7B/trace_2_FC_devices_seqlen_128.txt
/home/aatmaj/CENT/aim_simulator/build/ramulator2 -f /home/aatmaj/CENT/aim_simulator/test/example.yaml -t /home/aatmaj/CENT/experiments/dda_full_sweep/traces/32_channels_per_device/2_devices/model_parallel_FC/Llama2-7B/trace_2_FC_devices_seqlen_128.txt
/home/aatmaj/CENT/aim_simulator/build/ramulator2 -f /home/aatmaj/CENT/aim_simulator/test/example.yaml -t /home/aatmaj/CENT/experiments/dda_full_sweep/traces/32_channels_per_device/2_devices/model_parallel/Llama2-7B/trace_2_FC_devices_seqlen_256.txt
/home/aatmaj/CENT/aim_simulator/build/ramulator2 -f /home/aatmaj/CENT/aim_simulator/test/example.yaml -t /home/aatmaj/CENT/experiments/dda_full_sweep/traces/32_channels_per_device/2_devices/model_parallel_FC/Llama2-7B/trace_2_FC_devices_seqlen_256.txt
/home/aatmaj/CENT/aim_simulator/build/ramulator2 -f /home/aatmaj/CENT/aim_simulator/test/example.yaml -t /home/aatmaj/CENT/experiments/dda_full_sweep/traces/32_channels_per_device/2_devices/model_parallel/Llama2-7B/trace_2_FC_devices_seqlen_384.txt
/home/aatmaj/CENT/aim_simulator/build/ramulator2 -f /home/aatmaj/CENT/aim_simulator/test/example.yaml -t /home/aatmaj/CENT/experiments/dda_full_sweep/traces/32_channels_per_device/2_devices/model_parallel_FC/Llama2-7B/trace_2_FC_devices_seqlen_384.txt
/home/aatmaj/CENT/aim_simulator/build/ramulator2 -f /home/aatmaj/CENT/aim_simulator/test/example.yaml -t /home/aatmaj/CENT/experiments/dda_full_sweep/traces/32_channels_per_device/2_devices/model_parallel/Llama2-7B/trace_2_FC_devices_seqlen_512.txt
/home/aatmaj/CENT/aim_simulator/build/ramulator2 -f /home/aatmaj/CENT/aim_simulator/test/example.yaml -t /home/aatmaj/CENT/experiments/dda_full_sweep/traces/32_channels_per_device/2_devices/model_parallel_FC/Llama2-7B/trace_2_FC_devices_seqlen_512.txt
/home/aatmaj/CENT/aim_simulator/build/ramulator2 -f /home/aatmaj/CENT/aim_simulator/test/example.yaml -t /home/aatmaj/CENT/experiments/dda_full_sweep/traces/32_channels_per_device/2_devices/model_parallel/Llama2-7B/trace_2_FC_devices_seqlen_640.txt
/home/aatmaj/CENT/aim_simulator/build/ramulator2 -f /home/aatmaj/CENT/aim_simulator/test/example.yaml -t /home/aatmaj/CENT/experiments/dda_full_sweep/traces/32_channels_per_device/2_devices/model_parallel_FC/Llama2-7B/trace_2_FC_devices_seqlen_640.txt
/home/aatmaj/CENT/aim_simulator/build/ramulator2 -f /home/aatmaj/CENT/aim_simulator/test/example.yaml -t /home/aatmaj/CENT/experiments/dda_full_sweep/traces/32_channels_per_device/2_devices/model_parallel/Llama2-7B/trace_2_FC_devices_seqlen_768.txt
/home/aatmaj/CENT/aim_simulator/build/ramulator2 -f /home/aatmaj/CENT/aim_simulator/test/example.yaml -t /home/aatmaj/CENT/experiments/dda_full_sweep/traces/32_channels_per_device/2_devices/model_parallel_FC/Llama2-7B/trace_2_FC_devices_seqlen_768.txt
/home/aatmaj/CENT/aim_simulator/build/ramulator2 -f /home/aatmaj/CENT/aim_simulator/test/example.yaml -t /home/aatmaj/CENT/experiments/dda_full_sweep/traces/32_channels_per_device/2_devices/model_parallel/Llama2-7B/trace_2_FC_devices_seqlen_896.txt
/home/aatmaj/CENT/aim_simulator/build/ramulator2 -f /home/aatmaj/CENT/aim_simulator/test/example.yaml -t /home/aatmaj/CENT/experiments/dda_full_sweep/traces/32_channels_per_device/2_devices/model_parallel_FC/Llama2-7B/trace_2_FC_devices_seqlen_896.txt
/home/aatmaj/CENT/aim_simulator/build/ramulator2 -f /home/aatmaj/CENT/aim_simulator/test/example.yaml -t /home/aatmaj/CENT/experiments/dda_full_sweep/traces/32_channels_per_device/2_devices/model_parallel/Llama2-7B/trace_2_FC_devices_seqlen_1024.txt
/home/aatmaj/CENT/aim_simulator/build/ramulator2 -f /home/aatmaj/CENT/aim_simulator/test/example.yaml -t /home/aatmaj/CENT/experiments/dda_full_sweep/traces/32_channels_per_device/2_devices/model_parallel_FC/Llama2-7B/trace_2_FC_devices_seqlen_1024.txt
/home/aatmaj/CENT/aim_simulator/build/ramulator2 -f /home/aatmaj/CENT/aim_simulator/test/example.yaml -t /home/aatmaj/CENT/experiments/dda_full_sweep/traces/32_channels_per_device/2_devices/model_parallel/Llama2-7B/trace_2_FC_devices_seqlen_1152.txt
/home/aatmaj/CENT/aim_simulator/build/ramulator2 -f /home/aatmaj/CENT/aim_simulator/test/example.yaml -t /home/aatmaj/CENT/experiments/dda_full_sweep/traces/32_channels_per_device/2_devices/model_parallel_FC/Llama2-7B/trace_2_FC_devices_seqlen_1152.txt
/home/aatmaj/CENT/aim_simulator/build/ramulator2 -f /home/aatmaj/CENT/aim_simulator/test/example.yaml -t /home/aatmaj/CENT/experiments/dda_full_sweep/traces/32_channels_per_device/2_devices/model_parallel/Llama2-7B/trace_2_FC_devices_seqlen_1280.txt
/home/aatmaj/CENT/aim_simulator/build/ramulator2 -f /home/aatmaj/CENT/aim_simulator/test/example.yaml -t /home/aatmaj/CENT/experiments/dda_full_sweep/traces/32_channels_per_device/2_devices/model_parallel_FC/Llama2-7B/trace_2_FC_devices_seqlen_1280.txt
/home/aatmaj/CENT/aim_simulator/build/ramulator2 -f /home/aatmaj/CENT/aim_simulator/test/example.yaml -t /home/aatmaj/CENT/experiments/dda_full_sweep/traces/32_channels_per_device/2_devices/model_parallel/Llama2-7B/trace_2_FC_devices_seqlen_1408.txt
/home/aatmaj/CENT/aim_simulator/build/ramulator2 -f /home/aatmaj/CENT/aim_simulator/test/example.yaml -t /home/aatmaj/CENT/experiments/dda_full_sweep/traces/32_channels_per_device/2_devices/model_parallel_FC/Llama2-7B/trace_2_FC_devices_seqlen_1408.txt
/home/aatmaj/CENT/aim_simulator/build/ramulator2 -f /home/aatmaj/CENT/aim_simulator/test/example.yaml -t /home/aatmaj/CENT/experiments/dda_full_sweep/traces/32_channels_per_device/2_devices/model_parallel/Llama2-7B/trace_2_FC_devices_seqlen_1536.txt
/home/aatmaj/CENT/aim_simulator/build/ramulator2 -f /home/aatmaj/CENT/aim_simulator/test/example.yaml -t /home/aatmaj/CENT/experiments/dda_full_sweep/traces/32_channels_per_device/2_devices/model_parallel_FC/Llama2-7B/trace_2_FC_devices_seqlen_1536.txt
/home/aatmaj/CENT/aim_simulator/build/ramulator2 -f /home/aatmaj/CENT/aim_simulator/test/example.yaml -t /home/aatmaj/CENT/experiments/dda_full_sweep/traces/32_channels_per_device/2_devices/model_parallel/Llama2-7B/trace_2_FC_devices_seqlen_1664.txt
/home/aatmaj/CENT/aim_simulator/build/ramulator2 -f /home/aatmaj/CENT/aim_simulator/test/example.yaml -t /home/aatmaj/CENT/experiments/dda_full_sweep/traces/32_channels_per_device/2_devices/model_parallel_FC/Llama2-7B/trace_2_FC_devices_seqlen_1664.txt
/home/aatmaj/CENT/aim_simulator/build/ramulator2 -f /home/aatmaj/CENT/aim_simulator/test/example.yaml -t /home/aatmaj/CENT/experiments/dda_full_sweep/traces/32_channels_per_device/2_devices/model_parallel/Llama2-7B/trace_2_FC_devices_seqlen_1792.txt
/home/aatmaj/CENT/aim_simulator/build/ramulator2 -f /home/aatmaj/CENT/aim_simulator/test/example.yaml -t /home/aatmaj/CENT/experiments/dda_full_sweep/traces/32_channels_per_device/2_devices/model_parallel_FC/Llama2-7B/trace_2_FC_devices_seqlen_1792.txt
/home/aatmaj/CENT/aim_simulator/build/ramulator2 -f /home/aatmaj/CENT/aim_simulator/test/example.yaml -t /home/aatmaj/CENT/experiments/dda_full_sweep/traces/32_channels_per_device/2_devices/model_parallel/Llama2-7B/trace_2_FC_devices_seqlen_1920.txt
/home/aatmaj/CENT/aim_simulator/build/ramulator2 -f /home/aatmaj/CENT/aim_simulator/test/example.yaml -t /home/aatmaj/CENT/experiments/dda_full_sweep/traces/32_channels_per_device/2_devices/model_parallel_FC/Llama2-7B/trace_2_FC_devices_seqlen_1920.txt
/home/aatmaj/CENT/aim_simulator/build/ramulator2 -f /home/aatmaj/CENT/aim_simulator/test/example.yaml -t /home/aatmaj/CENT/experiments/dda_full_sweep/traces/32_channels_per_device/2_devices/model_parallel/Llama2-7B/trace_2_FC_devices_seqlen_2048.txt
/home/aatmaj/CENT/aim_simulator/build/ramulator2 -f /home/aatmaj/CENT/aim_simulator/test/example.yaml -t /home/aatmaj/CENT/experiments/dda_full_sweep/traces/32_channels_per_device/2_devices/model_parallel_FC/Llama2-7B/trace_2_FC_devices_seqlen_2048.txt
/home/aatmaj/CENT/aim_simulator/build/ramulator2 -f /home/aatmaj/CENT/aim_simulator/test/example.yaml -t /home/aatmaj/CENT/experiments/dda_full_sweep/traces/32_channels_per_device/2_devices/model_parallel/Llama2-7B/trace_2_FC_devices_seqlen_2176.txt
/home/aatmaj/CENT/aim_simulator/build/ramulator2 -f /home/aatmaj/CENT/aim_simulator/test/example.yaml -t /home/aatmaj/CENT/experiments/dda_full_sweep/traces/32_channels_per_device/2_devices/model_parallel_FC/Llama2-7B/trace_2_FC_devices_seqlen_2176.txt
/home/aatmaj/CENT/aim_simulator/build/ramulator2 -f /home/aatmaj/CENT/aim_simulator/test/example.yaml -t /home/aatmaj/CENT/experiments/dda_full_sweep/traces/32_channels_per_device/2_devices/model_parallel/Llama2-7B/trace_2_FC_devices_seqlen_2304.txt
/home/aatmaj/CENT/aim_simulator/build/ramulator2 -f /home/aatmaj/CENT/aim_simulator/test/example.yaml -t /home/aatmaj/CENT/experiments/dda_full_sweep/traces/32_channels_per_device/2_devices/model_parallel_FC/Llama2-7B/trace_2_FC_devices_seqlen_2304.txt
/home/aatmaj/CENT/aim_simulator/build/ramulator2 -f /home/aatmaj/CENT/aim_simulator/test/example.yaml -t /home/aatmaj/CENT/experiments/dda_full_sweep/traces/32_channels_per_device/2_devices/model_parallel/Llama2-7B/trace_2_FC_devices_seqlen_2432.txt
/home/aatmaj/CENT/aim_simulator/build/ramulator2 -f /home/aatmaj/CENT/aim_simulator/test/example.yaml -t /home/aatmaj/CENT/experiments/dda_full_sweep/traces/32_channels_per_device/2_devices/model_parallel_FC/Llama2-7B/trace_2_FC_devices_seqlen_2432.txt
/home/aatmaj/CENT/aim_simulator/build/ramulator2 -f /home/aatmaj/CENT/aim_simulator/test/example.yaml -t /home/aatmaj/CENT/experiments/dda_full_sweep/traces/32_channels_per_device/2_devices/model_parallel/Llama2-7B/trace_2_FC_devices_seqlen_2560.txt
/home/aatmaj/CENT/aim_simulator/build/ramulator2 -f /home/aatmaj/CENT/aim_simulator/test/example.yaml -t /home/aatmaj/CENT/experiments/dda_full_sweep/traces/32_channels_per_device/2_devices/model_parallel_FC/Llama2-7B/trace_2_FC_devices_seqlen_2560.txt
/home/aatmaj/CENT/aim_simulator/build/ramulator2 -f /home/aatmaj/CENT/aim_simulator/test/example.yaml -t /home/aatmaj/CENT/experiments/dda_full_sweep/traces/32_channels_per_device/2_devices/model_parallel/Llama2-7B/trace_2_FC_devices_seqlen_2688.txt
/home/aatmaj/CENT/aim_simulator/build/ramulator2 -f /home/aatmaj/CENT/aim_simulator/test/example.yaml -t /home/aatmaj/CENT/experiments/dda_full_sweep/traces/32_channels_per_device/2_devices/model_parallel_FC/Llama2-7B/trace_2_FC_devices_seqlen_2688.txt
/home/aatmaj/CENT/aim_simulator/build/ramulator2 -f /home/aatmaj/CENT/aim_simulator/test/example.yaml -t /home/aatmaj/CENT/experiments/dda_full_sweep/traces/32_channels_per_device/2_devices/model_parallel/Llama2-7B/trace_2_FC_devices_seqlen_2816.txt
/home/aatmaj/CENT/aim_simulator/build/ramulator2 -f /home/aatmaj/CENT/aim_simulator/test/example.yaml -t /home/aatmaj/CENT/experiments/dda_full_sweep/traces/32_channels_per_device/2_devices/model_parallel_FC/Llama2-7B/trace_2_FC_devices_seqlen_2816.txt
/home/aatmaj/CENT/aim_simulator/build/ramulator2 -f /home/aatmaj/CENT/aim_simulator/test/example.yaml -t /home/aatmaj/CENT/experiments/dda_full_sweep/traces/32_channels_per_device/2_devices/model_parallel/Llama2-7B/trace_2_FC_devices_seqlen_2944.txt
/home/aatmaj/CENT/aim_simulator/build/ramulator2 -f /home/aatmaj/CENT/aim_simulator/test/example.yaml -t /home/aatmaj/CENT/experiments/dda_full_sweep/traces/32_channels_per_device/2_devices/model_parallel_FC/Llama2-7B/trace_2_FC_devices_seqlen_2944.txt
/home/aatmaj/CENT/aim_simulator/build/ramulator2 -f /home/aatmaj/CENT/aim_simulator/test/example.yaml -t /home/aatmaj/CENT/experiments/dda_full_sweep/traces/32_channels_per_device/2_devices/model_parallel/Llama2-7B/trace_2_FC_devices_seqlen_3072.txt
/home/aatmaj/CENT/aim_simulator/build/ramulator2 -f /home/aatmaj/CENT/aim_simulator/test/example.yaml -t /home/aatmaj/CENT/experiments/dda_full_sweep/traces/32_channels_per_device/2_devices/model_parallel_FC/Llama2-7B/trace_2_FC_devices_seqlen_3072.txt
/home/aatmaj/CENT/aim_simulator/build/ramulator2 -f /home/aatmaj/CENT/aim_simulator/test/example.yaml -t /home/aatmaj/CENT/experiments/dda_full_sweep/traces/32_channels_per_device/2_devices/model_parallel/Llama2-7B/trace_2_FC_devices_seqlen_3200.txt
/home/aatmaj/CENT/aim_simulator/build/ramulator2 -f /home/aatmaj/CENT/aim_simulator/test/example.yaml -t /home/aatmaj/CENT/experiments/dda_full_sweep/traces/32_channels_per_device/2_devices/model_parallel_FC/Llama2-7B/trace_2_FC_devices_seqlen_3200.txt
/home/aatmaj/CENT/aim_simulator/build/ramulator2 -f /home/aatmaj/CENT/aim_simulator/test/example.yaml -t /home/aatmaj/CENT/experiments/dda_full_sweep/traces/32_channels_per_device/2_devices/model_parallel/Llama2-7B/trace_2_FC_devices_seqlen_3328.txt
/home/aatmaj/CENT/aim_simulator/build/ramulator2 -f /home/aatmaj/CENT/aim_simulator/test/example.yaml -t /home/aatmaj/CENT/experiments/dda_full_sweep/traces/32_channels_per_device/2_devices/model_parallel_FC/Llama2-7B/trace_2_FC_devices_seqlen_3328.txt
/home/aatmaj/CENT/aim_simulator/build/ramulator2 -f /home/aatmaj/CENT/aim_simulator/test/example.yaml -t /home/aatmaj/CENT/experiments/dda_full_sweep/traces/32_channels_per_device/2_devices/model_parallel/Llama2-7B/trace_2_FC_devices_seqlen_3456.txt
/home/aatmaj/CENT/aim_simulator/build/ramulator2 -f /home/aatmaj/CENT/aim_simulator/test/example.yaml -t /home/aatmaj/CENT/experiments/dda_full_sweep/traces/32_channels_per_device/2_devices/model_parallel_FC/Llama2-7B/trace_2_FC_devices_seqlen_3456.txt
/home/aatmaj/CENT/aim_simulator/build/ramulator2 -f /home/aatmaj/CENT/aim_simulator/test/example.yaml -t /home/aatmaj/CENT/experiments/dda_full_sweep/traces/32_channels_per_device/2_devices/model_parallel/Llama2-7B/trace_2_FC_devices_seqlen_3584.txt
/home/aatmaj/CENT/aim_simulator/build/ramulator2 -f /home/aatmaj/CENT/aim_simulator/test/example.yaml -t /home/aatmaj/CENT/experiments/dda_full_sweep/traces/32_channels_per_device/2_devices/model_parallel_FC/Llama2-7B/trace_2_FC_devices_seqlen_3584.txt
/home/aatmaj/CENT/aim_simulator/build/ramulator2 -f /home/aatmaj/CENT/aim_simulator/test/example.yaml -t /home/aatmaj/CENT/experiments/dda_full_sweep/traces/32_channels_per_device/2_devices/model_parallel/Llama2-7B/trace_2_FC_devices_seqlen_3712.txt
/home/aatmaj/CENT/aim_simulator/build/ramulator2 -f /home/aatmaj/CENT/aim_simulator/test/example.yaml -t /home/aatmaj/CENT/experiments/dda_full_sweep/traces/32_channels_per_device/2_devices/model_parallel_FC/Llama2-7B/trace_2_FC_devices_seqlen_3712.txt
/home/aatmaj/CENT/aim_simulator/build/ramulator2 -f /home/aatmaj/CENT/aim_simulator/test/example.yaml -t /home/aatmaj/CENT/experiments/dda_full_sweep/traces/32_channels_per_device/2_devices/model_parallel/Llama2-7B/trace_2_FC_devices_seqlen_3840.txt
/home/aatmaj/CENT/aim_simulator/build/ramulator2 -f /home/aatmaj/CENT/aim_simulator/test/example.yaml -t /home/aatmaj/CENT/experiments/dda_full_sweep/traces/32_channels_per_device/2_devices/model_parallel_FC/Llama2-7B/trace_2_FC_devices_seqlen_3840.txt
/home/aatmaj/CENT/aim_simulator/build/ramulator2 -f /home/aatmaj/CENT/aim_simulator/test/example.yaml -t /home/aatmaj/CENT/experiments/dda_full_sweep/traces/32_channels_per_device/2_devices/model_parallel/Llama2-7B/trace_2_FC_devices_seqlen_3968.txt
/home/aatmaj/CENT/aim_simulator/build/ramulator2 -f /home/aatmaj/CENT/aim_simulator/test/example.yaml -t /home/aatmaj/CENT/experiments/dda_full_sweep/traces/32_channels_per_device/2_devices/model_parallel_FC/Llama2-7B/trace_2_FC_devices_seqlen_3968.txt
/home/aatmaj/CENT/aim_simulator/build/ramulator2 -f /home/aatmaj/CENT/aim_simulator/test/example.yaml -t /home/aatmaj/CENT/experiments/dda_full_sweep/traces/32_channels_per_device/2_devices/model_parallel/Llama2-7B/trace_2_FC_devices_seqlen_4096.txt
/home/aatmaj/CENT/experiments/dda_full_sweep/simulation/run_sim_full32.py:447: FutureWarning: The behavior of DataFrame concatenation with empty or all-NA entries is deprecated. In a future version, this will no longer exclude empty or all-NA columns when determining the result dtypes. To retain the old behavior, exclude the relevant entries before the concat operation.
  results_df = pd.concat([results_df, new_df], ignore_index=True)
/home/aatmaj/CENT/aim_simulator/build/ramulator2 -f /home/aatmaj/CENT/aim_simulator/test/example.yaml -t /home/aatmaj/CENT/experiments/dda_full_sweep/traces/32_channels_per_device/2_devices/model_parallel_FC/Llama2-7B/trace_2_FC_devices_seqlen_4096.txt
Processing results...
Updating simulation results to CSV...

=== Pool T | Llama2-7B | N_T=30 / 32 | TP=1, PP=layers ===
Generating traces for Llama2-7B (30 devices) ...
/home/aatmaj/CENT/aim_simulator/build/ramulator2 -f /home/aatmaj/CENT/aim_simulator/test/example.yaml -t /home/aatmaj/CENT/experiments/dda_full_sweep/traces/32_channels_per_device/30_devices/pipeline_parallel_embedding/Llama2-7B/trace_16_channels_per_block_seqlen_4096.txt
/home/aatmaj/CENT/aim_simulator/build/ramulator2 -f /home/aatmaj/CENT/aim_simulator/test/example.yaml -t /home/aatmaj/CENT/experiments/dda_full_sweep/traces/32_channels_per_device/30_devices/pipeline_parallel/Llama2-7B/trace_16_channels_per_block_seqlen_128.txt
/home/aatmaj/CENT/aim_simulator/build/ramulator2 -f /home/aatmaj/CENT/aim_simulator/test/example.yaml -t /home/aatmaj/CENT/experiments/dda_full_sweep/traces/32_channels_per_device/30_devices/pipeline_parallel/Llama2-7B/trace_16_channels_per_block_seqlen_256.txt
/home/aatmaj/CENT/aim_simulator/build/ramulator2 -f /home/aatmaj/CENT/aim_simulator/test/example.yaml -t /home/aatmaj/CENT/experiments/dda_full_sweep/traces/32_channels_per_device/30_devices/pipeline_parallel/Llama2-7B/trace_16_channels_per_block_seqlen_384.txt
/home/aatmaj/CENT/aim_simulator/build/ramulator2 -f /home/aatmaj/CENT/aim_simulator/test/example.yaml -t /home/aatmaj/CENT/experiments/dda_full_sweep/traces/32_channels_per_device/30_devices/pipeline_parallel/Llama2-7B/trace_16_channels_per_block_seqlen_512.txt
/home/aatmaj/CENT/aim_simulator/build/ramulator2 -f /home/aatmaj/CENT/aim_simulator/test/example.yaml -t /home/aatmaj/CENT/experiments/dda_full_sweep/traces/32_channels_per_device/30_devices/pipeline_parallel/Llama2-7B/trace_16_channels_per_block_seqlen_640.txt
/home/aatmaj/CENT/aim_simulator/build/ramulator2 -f /home/aatmaj/CENT/aim_simulator/test/example.yaml -t /home/aatmaj/CENT/experiments/dda_full_sweep/traces/32_channels_per_device/30_devices/pipeline_parallel/Llama2-7B/trace_16_channels_per_block_seqlen_768.txt
/home/aatmaj/CENT/aim_simulator/build/ramulator2 -f /home/aatmaj/CENT/aim_simulator/test/example.yaml -t /home/aatmaj/CENT/experiments/dda_full_sweep/traces/32_channels_per_device/30_devices/pipeline_parallel/Llama2-7B/trace_16_channels_per_block_seqlen_896.txt
/home/aatmaj/CENT/aim_simulator/build/ramulator2 -f /home/aatmaj/CENT/aim_simulator/test/example.yaml -t /home/aatmaj/CENT/experiments/dda_full_sweep/traces/32_channels_per_device/30_devices/pipeline_parallel/Llama2-7B/trace_16_channels_per_block_seqlen_1024.txt
/home/aatmaj/CENT/aim_simulator/build/ramulator2 -f /home/aatmaj/CENT/aim_simulator/test/example.yaml -t /home/aatmaj/CENT/experiments/dda_full_sweep/traces/32_channels_per_device/30_devices/pipeline_parallel/Llama2-7B/trace_16_channels_per_block_seqlen_1152.txt
/home/aatmaj/CENT/aim_simulator/build/ramulator2 -f /home/aatmaj/CENT/aim_simulator/test/example.yaml -t /home/aatmaj/CENT/experiments/dda_full_sweep/traces/32_channels_per_device/30_devices/pipeline_parallel/Llama2-7B/trace_16_channels_per_block_seqlen_1280.txt
/home/aatmaj/CENT/aim_simulator/build/ramulator2 -f /home/aatmaj/CENT/aim_simulator/test/example.yaml -t /home/aatmaj/CENT/experiments/dda_full_sweep/traces/32_channels_per_device/30_devices/pipeline_parallel/Llama2-7B/trace_16_channels_per_block_seqlen_1408.txt
/home/aatmaj/CENT/aim_simulator/build/ramulator2 -f /home/aatmaj/CENT/aim_simulator/test/example.yaml -t /home/aatmaj/CENT/experiments/dda_full_sweep/traces/32_channels_per_device/30_devices/pipeline_parallel/Llama2-7B/trace_16_channels_per_block_seqlen_1536.txt
/home/aatmaj/CENT/aim_simulator/build/ramulator2 -f /home/aatmaj/CENT/aim_simulator/test/example.yaml -t /home/aatmaj/CENT/experiments/dda_full_sweep/traces/32_channels_per_device/30_devices/pipeline_parallel/Llama2-7B/trace_16_channels_per_block_seqlen_1664.txt
/home/aatmaj/CENT/aim_simulator/build/ramulator2 -f /home/aatmaj/CENT/aim_simulator/test/example.yaml -t /home/aatmaj/CENT/experiments/dda_full_sweep/traces/32_channels_per_device/30_devices/pipeline_parallel/Llama2-7B/trace_16_channels_per_block_seqlen_1792.txt
/home/aatmaj/CENT/aim_simulator/build/ramulator2 -f /home/aatmaj/CENT/aim_simulator/test/example.yaml -t /home/aatmaj/CENT/experiments/dda_full_sweep/traces/32_channels_per_device/30_devices/pipeline_parallel/Llama2-7B/trace_16_channels_per_block_seqlen_1920.txt
/home/aatmaj/CENT/aim_simulator/build/ramulator2 -f /home/aatmaj/CENT/aim_simulator/test/example.yaml -t /home/aatmaj/CENT/experiments/dda_full_sweep/traces/32_channels_per_device/30_devices/pipeline_parallel/Llama2-7B/trace_16_channels_per_block_seqlen_2048.txt
/home/aatmaj/CENT/aim_simulator/build/ramulator2 -f /home/aatmaj/CENT/aim_simulator/test/example.yaml -t /home/aatmaj/CENT/experiments/dda_full_sweep/traces/32_channels_per_device/30_devices/pipeline_parallel/Llama2-7B/trace_16_channels_per_block_seqlen_2176.txt
/home/aatmaj/CENT/aim_simulator/build/ramulator2 -f /home/aatmaj/CENT/aim_simulator/test/example.yaml -t /home/aatmaj/CENT/experiments/dda_full_sweep/traces/32_channels_per_device/30_devices/pipeline_parallel/Llama2-7B/trace_16_channels_per_block_seqlen_2304.txt
/home/aatmaj/CENT/aim_simulator/build/ramulator2 -f /home/aatmaj/CENT/aim_simulator/test/example.yaml -t /home/aatmaj/CENT/experiments/dda_full_sweep/traces/32_channels_per_device/30_devices/pipeline_parallel/Llama2-7B/trace_16_channels_per_block_seqlen_2432.txt
/home/aatmaj/CENT/aim_simulator/build/ramulator2 -f /home/aatmaj/CENT/aim_simulator/test/example.yaml -t /home/aatmaj/CENT/experiments/dda_full_sweep/traces/32_channels_per_device/30_devices/pipeline_parallel/Llama2-7B/trace_16_channels_per_block_seqlen_2560.txt
/home/aatmaj/CENT/aim_simulator/build/ramulator2 -f /home/aatmaj/CENT/aim_simulator/test/example.yaml -t /home/aatmaj/CENT/experiments/dda_full_sweep/traces/32_channels_per_device/30_devices/pipeline_parallel/Llama2-7B/trace_16_channels_per_block_seqlen_2688.txt
/home/aatmaj/CENT/aim_simulator/build/ramulator2 -f /home/aatmaj/CENT/aim_simulator/test/example.yaml -t /home/aatmaj/CENT/experiments/dda_full_sweep/traces/32_channels_per_device/30_devices/pipeline_parallel/Llama2-7B/trace_16_channels_per_block_seqlen_2816.txt
/home/aatmaj/CENT/aim_simulator/build/ramulator2 -f /home/aatmaj/CENT/aim_simulator/test/example.yaml -t /home/aatmaj/CENT/experiments/dda_full_sweep/traces/32_channels_per_device/30_devices/pipeline_parallel/Llama2-7B/trace_16_channels_per_block_seqlen_2944.txt
/home/aatmaj/CENT/aim_simulator/build/ramulator2 -f /home/aatmaj/CENT/aim_simulator/test/example.yaml -t /home/aatmaj/CENT/experiments/dda_full_sweep/traces/32_channels_per_device/30_devices/pipeline_parallel/Llama2-7B/trace_16_channels_per_block_seqlen_3072.txt
/home/aatmaj/CENT/aim_simulator/build/ramulator2 -f /home/aatmaj/CENT/aim_simulator/test/example.yaml -t /home/aatmaj/CENT/experiments/dda_full_sweep/traces/32_channels_per_device/30_devices/pipeline_parallel/Llama2-7B/trace_16_channels_per_block_seqlen_3200.txt
/home/aatmaj/CENT/aim_simulator/build/ramulator2 -f /home/aatmaj/CENT/aim_simulator/test/example.yaml -t /home/aatmaj/CENT/experiments/dda_full_sweep/traces/32_channels_per_device/30_devices/pipeline_parallel/Llama2-7B/trace_16_channels_per_block_seqlen_3328.txt
/home/aatmaj/CENT/aim_simulator/build/ramulator2 -f /home/aatmaj/CENT/aim_simulator/test/example.yaml -t /home/aatmaj/CENT/experiments/dda_full_sweep/traces/32_channels_per_device/30_devices/pipeline_parallel/Llama2-7B/trace_16_channels_per_block_seqlen_3456.txt
/home/aatmaj/CENT/aim_simulator/build/ramulator2 -f /home/aatmaj/CENT/aim_simulator/test/example.yaml -t /home/aatmaj/CENT/experiments/dda_full_sweep/traces/32_channels_per_device/30_devices/pipeline_parallel/Llama2-7B/trace_16_channels_per_block_seqlen_3584.txt
/home/aatmaj/CENT/aim_simulator/build/ramulator2 -f /home/aatmaj/CENT/aim_simulator/test/example.yaml -t /home/aatmaj/CENT/experiments/dda_full_sweep/traces/32_channels_per_device/30_devices/pipeline_parallel/Llama2-7B/trace_16_channels_per_block_seqlen_3712.txt
/home/aatmaj/CENT/experiments/dda_full_sweep/simulation/run_sim_full32.py:460: FutureWarning: The behavior of DataFrame concatenation with empty or all-NA entries is deprecated. In a future version, this will no longer exclude empty or all-NA columns when determining the result dtypes. To retain the old behavior, exclude the relevant entries before the concat operation.
  results_df = pd.concat([results_df, new_df], ignore_index=True)
/home/aatmaj/CENT/aim_simulator/build/ramulator2 -f /home/aatmaj/CENT/aim_simulator/test/example.yaml -t /home/aatmaj/CENT/experiments/dda_full_sweep/traces/32_channels_per_device/30_devices/pipeline_parallel/Llama2-7B/trace_16_channels_per_block_seqlen_3840.txt
/home/aatmaj/CENT/aim_simulator/build/ramulator2 -f /home/aatmaj/CENT/aim_simulator/test/example.yaml -t /home/aatmaj/CENT/experiments/dda_full_sweep/traces/32_channels_per_device/30_devices/pipeline_parallel/Llama2-7B/trace_16_channels_per_block_seqlen_3968.txt
/home/aatmaj/CENT/aim_simulator/build/ramulator2 -f /home/aatmaj/CENT/aim_simulator/test/example.yaml -t /home/aatmaj/CENT/experiments/dda_full_sweep/traces/32_channels_per_device/30_devices/pipeline_parallel/Llama2-7B/trace_16_channels_per_block_seqlen_4096.txt
Processing results...
Updating simulation results to CSV...

=== Pool L | Llama2-7B | N_L=4 / 32 | TP=4, PP=1 ===
Generating traces for Llama2-7B (4 devices) ...
/home/aatmaj/CENT/aim_simulator/build/ramulator2 -f /home/aatmaj/CENT/aim_simulator/test/example.yaml -t /home/aatmaj/CENT/experiments/dda_full_sweep/traces/32_channels_per_device/4_devices/model_parallel_embedding/Llama2-7B/trace_4_FC_devices_seqlen_4096.txt
/home/aatmaj/CENT/aim_simulator/build/ramulator2 -f /home/aatmaj/CENT/aim_simulator/test/example.yaml -t /home/aatmaj/CENT/experiments/dda_full_sweep/traces/32_channels_per_device/4_devices/model_parallel/Llama2-7B/trace_4_FC_devices_seqlen_128.txt
/home/aatmaj/CENT/aim_simulator/build/ramulator2 -f /home/aatmaj/CENT/aim_simulator/test/example.yaml -t /home/aatmaj/CENT/experiments/dda_full_sweep/traces/32_channels_per_device/4_devices/model_parallel_FC/Llama2-7B/trace_4_FC_devices_seqlen_128.txt
/home/aatmaj/CENT/aim_simulator/build/ramulator2 -f /home/aatmaj/CENT/aim_simulator/test/example.yaml -t /home/aatmaj/CENT/experiments/dda_full_sweep/traces/32_channels_per_device/4_devices/model_parallel/Llama2-7B/trace_4_FC_devices_seqlen_256.txt
/home/aatmaj/CENT/aim_simulator/build/ramulator2 -f /home/aatmaj/CENT/aim_simulator/test/example.yaml -t /home/aatmaj/CENT/experiments/dda_full_sweep/traces/32_channels_per_device/4_devices/model_parallel_FC/Llama2-7B/trace_4_FC_devices_seqlen_256.txt
/home/aatmaj/CENT/aim_simulator/build/ramulator2 -f /home/aatmaj/CENT/aim_simulator/test/example.yaml -t /home/aatmaj/CENT/experiments/dda_full_sweep/traces/32_channels_per_device/4_devices/model_parallel/Llama2-7B/trace_4_FC_devices_seqlen_384.txt
/home/aatmaj/CENT/aim_simulator/build/ramulator2 -f /home/aatmaj/CENT/aim_simulator/test/example.yaml -t /home/aatmaj/CENT/experiments/dda_full_sweep/traces/32_channels_per_device/4_devices/model_parallel_FC/Llama2-7B/trace_4_FC_devices_seqlen_384.txt
/home/aatmaj/CENT/aim_simulator/build/ramulator2 -f /home/aatmaj/CENT/aim_simulator/test/example.yaml -t /home/aatmaj/CENT/experiments/dda_full_sweep/traces/32_channels_per_device/4_devices/model_parallel/Llama2-7B/trace_4_FC_devices_seqlen_512.txt
/home/aatmaj/CENT/aim_simulator/build/ramulator2 -f /home/aatmaj/CENT/aim_simulator/test/example.yaml -t /home/aatmaj/CENT/experiments/dda_full_sweep/traces/32_channels_per_device/4_devices/model_parallel_FC/Llama2-7B/trace_4_FC_devices_seqlen_512.txt
/home/aatmaj/CENT/aim_simulator/build/ramulator2 -f /home/aatmaj/CENT/aim_simulator/test/example.yaml -t /home/aatmaj/CENT/experiments/dda_full_sweep/traces/32_channels_per_device/4_devices/model_parallel/Llama2-7B/trace_4_FC_devices_seqlen_640.txt
/home/aatmaj/CENT/aim_simulator/build/ramulator2 -f /home/aatmaj/CENT/aim_simulator/test/example.yaml -t /home/aatmaj/CENT/experiments/dda_full_sweep/traces/32_channels_per_device/4_devices/model_parallel_FC/Llama2-7B/trace_4_FC_devices_seqlen_640.txt
/home/aatmaj/CENT/aim_simulator/build/ramulator2 -f /home/aatmaj/CENT/aim_simulator/test/example.yaml -t /home/aatmaj/CENT/experiments/dda_full_sweep/traces/32_channels_per_device/4_devices/model_parallel/Llama2-7B/trace_4_FC_devices_seqlen_768.txt
/home/aatmaj/CENT/aim_simulator/build/ramulator2 -f /home/aatmaj/CENT/aim_simulator/test/example.yaml -t /home/aatmaj/CENT/experiments/dda_full_sweep/traces/32_channels_per_device/4_devices/model_parallel_FC/Llama2-7B/trace_4_FC_devices_seqlen_768.txt
/home/aatmaj/CENT/aim_simulator/build/ramulator2 -f /home/aatmaj/CENT/aim_simulator/test/example.yaml -t /home/aatmaj/CENT/experiments/dda_full_sweep/traces/32_channels_per_device/4_devices/model_parallel/Llama2-7B/trace_4_FC_devices_seqlen_896.txt
/home/aatmaj/CENT/aim_simulator/build/ramulator2 -f /home/aatmaj/CENT/aim_simulator/test/example.yaml -t /home/aatmaj/CENT/experiments/dda_full_sweep/traces/32_channels_per_device/4_devices/model_parallel_FC/Llama2-7B/trace_4_FC_devices_seqlen_896.txt
/home/aatmaj/CENT/aim_simulator/build/ramulator2 -f /home/aatmaj/CENT/aim_simulator/test/example.yaml -t /home/aatmaj/CENT/experiments/dda_full_sweep/traces/32_channels_per_device/4_devices/model_parallel/Llama2-7B/trace_4_FC_devices_seqlen_1024.txt
/home/aatmaj/CENT/aim_simulator/build/ramulator2 -f /home/aatmaj/CENT/aim_simulator/test/example.yaml -t /home/aatmaj/CENT/experiments/dda_full_sweep/traces/32_channels_per_device/4_devices/model_parallel_FC/Llama2-7B/trace_4_FC_devices_seqlen_1024.txt
/home/aatmaj/CENT/aim_simulator/build/ramulator2 -f /home/aatmaj/CENT/aim_simulator/test/example.yaml -t /home/aatmaj/CENT/experiments/dda_full_sweep/traces/32_channels_per_device/4_devices/model_parallel/Llama2-7B/trace_4_FC_devices_seqlen_1152.txt
/home/aatmaj/CENT/aim_simulator/build/ramulator2 -f /home/aatmaj/CENT/aim_simulator/test/example.yaml -t /home/aatmaj/CENT/experiments/dda_full_sweep/traces/32_channels_per_device/4_devices/model_parallel_FC/Llama2-7B/trace_4_FC_devices_seqlen_1152.txt
/home/aatmaj/CENT/aim_simulator/build/ramulator2 -f /home/aatmaj/CENT/aim_simulator/test/example.yaml -t /home/aatmaj/CENT/experiments/dda_full_sweep/traces/32_channels_per_device/4_devices/model_parallel/Llama2-7B/trace_4_FC_devices_seqlen_1280.txt
/home/aatmaj/CENT/aim_simulator/build/ramulator2 -f /home/aatmaj/CENT/aim_simulator/test/example.yaml -t /home/aatmaj/CENT/experiments/dda_full_sweep/traces/32_channels_per_device/4_devices/model_parallel_FC/Llama2-7B/trace_4_FC_devices_seqlen_1280.txt
/home/aatmaj/CENT/aim_simulator/build/ramulator2 -f /home/aatmaj/CENT/aim_simulator/test/example.yaml -t /home/aatmaj/CENT/experiments/dda_full_sweep/traces/32_channels_per_device/4_devices/model_parallel/Llama2-7B/trace_4_FC_devices_seqlen_1408.txt
/home/aatmaj/CENT/aim_simulator/build/ramulator2 -f /home/aatmaj/CENT/aim_simulator/test/example.yaml -t /home/aatmaj/CENT/experiments/dda_full_sweep/traces/32_channels_per_device/4_devices/model_parallel_FC/Llama2-7B/trace_4_FC_devices_seqlen_1408.txt
/home/aatmaj/CENT/aim_simulator/build/ramulator2 -f /home/aatmaj/CENT/aim_simulator/test/example.yaml -t /home/aatmaj/CENT/experiments/dda_full_sweep/traces/32_channels_per_device/4_devices/model_parallel/Llama2-7B/trace_4_FC_devices_seqlen_1536.txt
/home/aatmaj/CENT/aim_simulator/build/ramulator2 -f /home/aatmaj/CENT/aim_simulator/test/example.yaml -t /home/aatmaj/CENT/experiments/dda_full_sweep/traces/32_channels_per_device/4_devices/model_parallel_FC/Llama2-7B/trace_4_FC_devices_seqlen_1536.txt
/home/aatmaj/CENT/aim_simulator/build/ramulator2 -f /home/aatmaj/CENT/aim_simulator/test/example.yaml -t /home/aatmaj/CENT/experiments/dda_full_sweep/traces/32_channels_per_device/4_devices/model_parallel/Llama2-7B/trace_4_FC_devices_seqlen_1664.txt
/home/aatmaj/CENT/aim_simulator/build/ramulator2 -f /home/aatmaj/CENT/aim_simulator/test/example.yaml -t /home/aatmaj/CENT/experiments/dda_full_sweep/traces/32_channels_per_device/4_devices/model_parallel_FC/Llama2-7B/trace_4_FC_devices_seqlen_1664.txt
/home/aatmaj/CENT/aim_simulator/build/ramulator2 -f /home/aatmaj/CENT/aim_simulator/test/example.yaml -t /home/aatmaj/CENT/experiments/dda_full_sweep/traces/32_channels_per_device/4_devices/model_parallel/Llama2-7B/trace_4_FC_devices_seqlen_1792.txt
/home/aatmaj/CENT/aim_simulator/build/ramulator2 -f /home/aatmaj/CENT/aim_simulator/test/example.yaml -t /home/aatmaj/CENT/experiments/dda_full_sweep/traces/32_channels_per_device/4_devices/model_parallel_FC/Llama2-7B/trace_4_FC_devices_seqlen_1792.txt
/home/aatmaj/CENT/aim_simulator/build/ramulator2 -f /home/aatmaj/CENT/aim_simulator/test/example.yaml -t /home/aatmaj/CENT/experiments/dda_full_sweep/traces/32_channels_per_device/4_devices/model_parallel/Llama2-7B/trace_4_FC_devices_seqlen_1920.txt
/home/aatmaj/CENT/aim_simulator/build/ramulator2 -f /home/aatmaj/CENT/aim_simulator/test/example.yaml -t /home/aatmaj/CENT/experiments/dda_full_sweep/traces/32_channels_per_device/4_devices/model_parallel_FC/Llama2-7B/trace_4_FC_devices_seqlen_1920.txt
/home/aatmaj/CENT/aim_simulator/build/ramulator2 -f /home/aatmaj/CENT/aim_simulator/test/example.yaml -t /home/aatmaj/CENT/experiments/dda_full_sweep/traces/32_channels_per_device/4_devices/model_parallel/Llama2-7B/trace_4_FC_devices_seqlen_2048.txt
/home/aatmaj/CENT/aim_simulator/build/ramulator2 -f /home/aatmaj/CENT/aim_simulator/test/example.yaml -t /home/aatmaj/CENT/experiments/dda_full_sweep/traces/32_channels_per_device/4_devices/model_parallel_FC/Llama2-7B/trace_4_FC_devices_seqlen_2048.txt
/home/aatmaj/CENT/aim_simulator/build/ramulator2 -f /home/aatmaj/CENT/aim_simulator/test/example.yaml -t /home/aatmaj/CENT/experiments/dda_full_sweep/traces/32_channels_per_device/4_devices/model_parallel/Llama2-7B/trace_4_FC_devices_seqlen_2176.txt
/home/aatmaj/CENT/aim_simulator/build/ramulator2 -f /home/aatmaj/CENT/aim_simulator/test/example.yaml -t /home/aatmaj/CENT/experiments/dda_full_sweep/traces/32_channels_per_device/4_devices/model_parallel_FC/Llama2-7B/trace_4_FC_devices_seqlen_2176.txt
/home/aatmaj/CENT/aim_simulator/build/ramulator2 -f /home/aatmaj/CENT/aim_simulator/test/example.yaml -t /home/aatmaj/CENT/experiments/dda_full_sweep/traces/32_channels_per_device/4_devices/model_parallel/Llama2-7B/trace_4_FC_devices_seqlen_2304.txt
/home/aatmaj/CENT/aim_simulator/build/ramulator2 -f /home/aatmaj/CENT/aim_simulator/test/example.yaml -t /home/aatmaj/CENT/experiments/dda_full_sweep/traces/32_channels_per_device/4_devices/model_parallel_FC/Llama2-7B/trace_4_FC_devices_seqlen_2304.txt
/home/aatmaj/CENT/aim_simulator/build/ramulator2 -f /home/aatmaj/CENT/aim_simulator/test/example.yaml -t /home/aatmaj/CENT/experiments/dda_full_sweep/traces/32_channels_per_device/4_devices/model_parallel/Llama2-7B/trace_4_FC_devices_seqlen_2432.txt
/home/aatmaj/CENT/aim_simulator/build/ramulator2 -f /home/aatmaj/CENT/aim_simulator/test/example.yaml -t /home/aatmaj/CENT/experiments/dda_full_sweep/traces/32_channels_per_device/4_devices/model_parallel_FC/Llama2-7B/trace_4_FC_devices_seqlen_2432.txt
/home/aatmaj/CENT/aim_simulator/build/ramulator2 -f /home/aatmaj/CENT/aim_simulator/test/example.yaml -t /home/aatmaj/CENT/experiments/dda_full_sweep/traces/32_channels_per_device/4_devices/model_parallel/Llama2-7B/trace_4_FC_devices_seqlen_2560.txt
/home/aatmaj/CENT/aim_simulator/build/ramulator2 -f /home/aatmaj/CENT/aim_simulator/test/example.yaml -t /home/aatmaj/CENT/experiments/dda_full_sweep/traces/32_channels_per_device/4_devices/model_parallel_FC/Llama2-7B/trace_4_FC_devices_seqlen_2560.txt
/home/aatmaj/CENT/aim_simulator/build/ramulator2 -f /home/aatmaj/CENT/aim_simulator/test/example.yaml -t /home/aatmaj/CENT/experiments/dda_full_sweep/traces/32_channels_per_device/4_devices/model_parallel/Llama2-7B/trace_4_FC_devices_seqlen_2688.txt
/home/aatmaj/CENT/aim_simulator/build/ramulator2 -f /home/aatmaj/CENT/aim_simulator/test/example.yaml -t /home/aatmaj/CENT/experiments/dda_full_sweep/traces/32_channels_per_device/4_devices/model_parallel_FC/Llama2-7B/trace_4_FC_devices_seqlen_2688.txt
/home/aatmaj/CENT/aim_simulator/build/ramulator2 -f /home/aatmaj/CENT/aim_simulator/test/example.yaml -t /home/aatmaj/CENT/experiments/dda_full_sweep/traces/32_channels_per_device/4_devices/model_parallel/Llama2-7B/trace_4_FC_devices_seqlen_2816.txt
/home/aatmaj/CENT/aim_simulator/build/ramulator2 -f /home/aatmaj/CENT/aim_simulator/test/example.yaml -t /home/aatmaj/CENT/experiments/dda_full_sweep/traces/32_channels_per_device/4_devices/model_parallel_FC/Llama2-7B/trace_4_FC_devices_seqlen_2816.txt
/home/aatmaj/CENT/aim_simulator/build/ramulator2 -f /home/aatmaj/CENT/aim_simulator/test/example.yaml -t /home/aatmaj/CENT/experiments/dda_full_sweep/traces/32_channels_per_device/4_devices/model_parallel/Llama2-7B/trace_4_FC_devices_seqlen_2944.txt
/home/aatmaj/CENT/aim_simulator/build/ramulator2 -f /home/aatmaj/CENT/aim_simulator/test/example.yaml -t /home/aatmaj/CENT/experiments/dda_full_sweep/traces/32_channels_per_device/4_devices/model_parallel_FC/Llama2-7B/trace_4_FC_devices_seqlen_2944.txt
/home/aatmaj/CENT/aim_simulator/build/ramulator2 -f /home/aatmaj/CENT/aim_simulator/test/example.yaml -t /home/aatmaj/CENT/experiments/dda_full_sweep/traces/32_channels_per_device/4_devices/model_parallel/Llama2-7B/trace_4_FC_devices_seqlen_3072.txt
/home/aatmaj/CENT/aim_simulator/build/ramulator2 -f /home/aatmaj/CENT/aim_simulator/test/example.yaml -t /home/aatmaj/CENT/experiments/dda_full_sweep/traces/32_channels_per_device/4_devices/model_parallel_FC/Llama2-7B/trace_4_FC_devices_seqlen_3072.txt
/home/aatmaj/CENT/aim_simulator/build/ramulator2 -f /home/aatmaj/CENT/aim_simulator/test/example.yaml -t /home/aatmaj/CENT/experiments/dda_full_sweep/traces/32_channels_per_device/4_devices/model_parallel/Llama2-7B/trace_4_FC_devices_seqlen_3200.txt
/home/aatmaj/CENT/aim_simulator/build/ramulator2 -f /home/aatmaj/CENT/aim_simulator/test/example.yaml -t /home/aatmaj/CENT/experiments/dda_full_sweep/traces/32_channels_per_device/4_devices/model_parallel_FC/Llama2-7B/trace_4_FC_devices_seqlen_3200.txt
/home/aatmaj/CENT/aim_simulator/build/ramulator2 -f /home/aatmaj/CENT/aim_simulator/test/example.yaml -t /home/aatmaj/CENT/experiments/dda_full_sweep/traces/32_channels_per_device/4_devices/model_parallel/Llama2-7B/trace_4_FC_devices_seqlen_3328.txt
/home/aatmaj/CENT/aim_simulator/build/ramulator2 -f /home/aatmaj/CENT/aim_simulator/test/example.yaml -t /home/aatmaj/CENT/experiments/dda_full_sweep/traces/32_channels_per_device/4_devices/model_parallel_FC/Llama2-7B/trace_4_FC_devices_seqlen_3328.txt
/home/aatmaj/CENT/aim_simulator/build/ramulator2 -f /home/aatmaj/CENT/aim_simulator/test/example.yaml -t /home/aatmaj/CENT/experiments/dda_full_sweep/traces/32_channels_per_device/4_devices/model_parallel/Llama2-7B/trace_4_FC_devices_seqlen_3456.txt
/home/aatmaj/CENT/aim_simulator/build/ramulator2 -f /home/aatmaj/CENT/aim_simulator/test/example.yaml -t /home/aatmaj/CENT/experiments/dda_full_sweep/traces/32_channels_per_device/4_devices/model_parallel_FC/Llama2-7B/trace_4_FC_devices_seqlen_3456.txt
/home/aatmaj/CENT/aim_simulator/build/ramulator2 -f /home/aatmaj/CENT/aim_simulator/test/example.yaml -t /home/aatmaj/CENT/experiments/dda_full_sweep/traces/32_channels_per_device/4_devices/model_parallel/Llama2-7B/trace_4_FC_devices_seqlen_3584.txt
/home/aatmaj/CENT/aim_simulator/build/ramulator2 -f /home/aatmaj/CENT/aim_simulator/test/example.yaml -t /home/aatmaj/CENT/experiments/dda_full_sweep/traces/32_channels_per_device/4_devices/model_parallel_FC/Llama2-7B/trace_4_FC_devices_seqlen_3584.txt
/home/aatmaj/CENT/aim_simulator/build/ramulator2 -f /home/aatmaj/CENT/aim_simulator/test/example.yaml -t /home/aatmaj/CENT/experiments/dda_full_sweep/traces/32_channels_per_device/4_devices/model_parallel/Llama2-7B/trace_4_FC_devices_seqlen_3712.txt
/home/aatmaj/CENT/aim_simulator/build/ramulator2 -f /home/aatmaj/CENT/aim_simulator/test/example.yaml -t /home/aatmaj/CENT/experiments/dda_full_sweep/traces/32_channels_per_device/4_devices/model_parallel_FC/Llama2-7B/trace_4_FC_devices_seqlen_3712.txt
/home/aatmaj/CENT/aim_simulator/build/ramulator2 -f /home/aatmaj/CENT/aim_simulator/test/example.yaml -t /home/aatmaj/CENT/experiments/dda_full_sweep/traces/32_channels_per_device/4_devices/model_parallel/Llama2-7B/trace_4_FC_devices_seqlen_3840.txt
/home/aatmaj/CENT/aim_simulator/build/ramulator2 -f /home/aatmaj/CENT/aim_simulator/test/example.yaml -t /home/aatmaj/CENT/experiments/dda_full_sweep/traces/32_channels_per_device/4_devices/model_parallel_FC/Llama2-7B/trace_4_FC_devices_seqlen_3840.txt
/home/aatmaj/CENT/aim_simulator/build/ramulator2 -f /home/aatmaj/CENT/aim_simulator/test/example.yaml -t /home/aatmaj/CENT/experiments/dda_full_sweep/traces/32_channels_per_device/4_devices/model_parallel/Llama2-7B/trace_4_FC_devices_seqlen_3968.txt
/home/aatmaj/CENT/aim_simulator/build/ramulator2 -f /home/aatmaj/CENT/aim_simulator/test/example.yaml -t /home/aatmaj/CENT/experiments/dda_full_sweep/traces/32_channels_per_device/4_devices/model_parallel_FC/Llama2-7B/trace_4_FC_devices_seqlen_3968.txt
/home/aatmaj/CENT/aim_simulator/build/ramulator2 -f /home/aatmaj/CENT/aim_simulator/test/example.yaml -t /home/aatmaj/CENT/experiments/dda_full_sweep/traces/32_channels_per_device/4_devices/model_parallel/Llama2-7B/trace_4_FC_devices_seqlen_4096.txt
/home/aatmaj/CENT/experiments/dda_full_sweep/simulation/run_sim_full32.py:447: FutureWarning: The behavior of DataFrame concatenation with empty or all-NA entries is deprecated. In a future version, this will no longer exclude empty or all-NA columns when determining the result dtypes. To retain the old behavior, exclude the relevant entries before the concat operation.
  results_df = pd.concat([results_df, new_df], ignore_index=True)
/home/aatmaj/CENT/aim_simulator/build/ramulator2 -f /home/aatmaj/CENT/aim_simulator/test/example.yaml -t /home/aatmaj/CENT/experiments/dda_full_sweep/traces/32_channels_per_device/4_devices/model_parallel_FC/Llama2-7B/trace_4_FC_devices_seqlen_4096.txt
Processing results...
Updating simulation results to CSV...

=== Pool T | Llama2-7B | N_T=28 / 32 | TP=1, PP=layers ===
Generating traces for Llama2-7B (28 devices) ...
/home/aatmaj/CENT/aim_simulator/build/ramulator2 -f /home/aatmaj/CENT/aim_simulator/test/example.yaml -t /home/aatmaj/CENT/experiments/dda_full_sweep/traces/32_channels_per_device/28_devices/pipeline_parallel_embedding/Llama2-7B/trace_16_channels_per_block_seqlen_4096.txt
/home/aatmaj/CENT/aim_simulator/build/ramulator2 -f /home/aatmaj/CENT/aim_simulator/test/example.yaml -t /home/aatmaj/CENT/experiments/dda_full_sweep/traces/32_channels_per_device/28_devices/pipeline_parallel/Llama2-7B/trace_16_channels_per_block_seqlen_128.txt
/home/aatmaj/CENT/aim_simulator/build/ramulator2 -f /home/aatmaj/CENT/aim_simulator/test/example.yaml -t /home/aatmaj/CENT/experiments/dda_full_sweep/traces/32_channels_per_device/28_devices/pipeline_parallel/Llama2-7B/trace_16_channels_per_block_seqlen_256.txt
/home/aatmaj/CENT/aim_simulator/build/ramulator2 -f /home/aatmaj/CENT/aim_simulator/test/example.yaml -t /home/aatmaj/CENT/experiments/dda_full_sweep/traces/32_channels_per_device/28_devices/pipeline_parallel/Llama2-7B/trace_16_channels_per_block_seqlen_384.txt
/home/aatmaj/CENT/aim_simulator/build/ramulator2 -f /home/aatmaj/CENT/aim_simulator/test/example.yaml -t /home/aatmaj/CENT/experiments/dda_full_sweep/traces/32_channels_per_device/28_devices/pipeline_parallel/Llama2-7B/trace_16_channels_per_block_seqlen_512.txt
/home/aatmaj/CENT/aim_simulator/build/ramulator2 -f /home/aatmaj/CENT/aim_simulator/test/example.yaml -t /home/aatmaj/CENT/experiments/dda_full_sweep/traces/32_channels_per_device/28_devices/pipeline_parallel/Llama2-7B/trace_16_channels_per_block_seqlen_640.txt
/home/aatmaj/CENT/aim_simulator/build/ramulator2 -f /home/aatmaj/CENT/aim_simulator/test/example.yaml -t /home/aatmaj/CENT/experiments/dda_full_sweep/traces/32_channels_per_device/28_devices/pipeline_parallel/Llama2-7B/trace_16_channels_per_block_seqlen_768.txt
/home/aatmaj/CENT/aim_simulator/build/ramulator2 -f /home/aatmaj/CENT/aim_simulator/test/example.yaml -t /home/aatmaj/CENT/experiments/dda_full_sweep/traces/32_channels_per_device/28_devices/pipeline_parallel/Llama2-7B/trace_16_channels_per_block_seqlen_896.txt
/home/aatmaj/CENT/aim_simulator/build/ramulator2 -f /home/aatmaj/CENT/aim_simulator/test/example.yaml -t /home/aatmaj/CENT/experiments/dda_full_sweep/traces/32_channels_per_device/28_devices/pipeline_parallel/Llama2-7B/trace_16_channels_per_block_seqlen_1024.txt
/home/aatmaj/CENT/aim_simulator/build/ramulator2 -f /home/aatmaj/CENT/aim_simulator/test/example.yaml -t /home/aatmaj/CENT/experiments/dda_full_sweep/traces/32_channels_per_device/28_devices/pipeline_parallel/Llama2-7B/trace_16_channels_per_block_seqlen_1152.txt
/home/aatmaj/CENT/aim_simulator/build/ramulator2 -f /home/aatmaj/CENT/aim_simulator/test/example.yaml -t /home/aatmaj/CENT/experiments/dda_full_sweep/traces/32_channels_per_device/28_devices/pipeline_parallel/Llama2-7B/trace_16_channels_per_block_seqlen_1280.txt
/home/aatmaj/CENT/aim_simulator/build/ramulator2 -f /home/aatmaj/CENT/aim_simulator/test/example.yaml -t /home/aatmaj/CENT/experiments/dda_full_sweep/traces/32_channels_per_device/28_devices/pipeline_parallel/Llama2-7B/trace_16_channels_per_block_seqlen_1408.txt
/home/aatmaj/CENT/aim_simulator/build/ramulator2 -f /home/aatmaj/CENT/aim_simulator/test/example.yaml -t /home/aatmaj/CENT/experiments/dda_full_sweep/traces/32_channels_per_device/28_devices/pipeline_parallel/Llama2-7B/trace_16_channels_per_block_seqlen_1536.txt
/home/aatmaj/CENT/aim_simulator/build/ramulator2 -f /home/aatmaj/CENT/aim_simulator/test/example.yaml -t /home/aatmaj/CENT/experiments/dda_full_sweep/traces/32_channels_per_device/28_devices/pipeline_parallel/Llama2-7B/trace_16_channels_per_block_seqlen_1664.txt
/home/aatmaj/CENT/aim_simulator/build/ramulator2 -f /home/aatmaj/CENT/aim_simulator/test/example.yaml -t /home/aatmaj/CENT/experiments/dda_full_sweep/traces/32_channels_per_device/28_devices/pipeline_parallel/Llama2-7B/trace_16_channels_per_block_seqlen_1792.txt
/home/aatmaj/CENT/aim_simulator/build/ramulator2 -f /home/aatmaj/CENT/aim_simulator/test/example.yaml -t /home/aatmaj/CENT/experiments/dda_full_sweep/traces/32_channels_per_device/28_devices/pipeline_parallel/Llama2-7B/trace_16_channels_per_block_seqlen_1920.txt
/home/aatmaj/CENT/aim_simulator/build/ramulator2 -f /home/aatmaj/CENT/aim_simulator/test/example.yaml -t /home/aatmaj/CENT/experiments/dda_full_sweep/traces/32_channels_per_device/28_devices/pipeline_parallel/Llama2-7B/trace_16_channels_per_block_seqlen_2048.txt
/home/aatmaj/CENT/aim_simulator/build/ramulator2 -f /home/aatmaj/CENT/aim_simulator/test/example.yaml -t /home/aatmaj/CENT/experiments/dda_full_sweep/traces/32_channels_per_device/28_devices/pipeline_parallel/Llama2-7B/trace_16_channels_per_block_seqlen_2176.txt
/home/aatmaj/CENT/aim_simulator/build/ramulator2 -f /home/aatmaj/CENT/aim_simulator/test/example.yaml -t /home/aatmaj/CENT/experiments/dda_full_sweep/traces/32_channels_per_device/28_devices/pipeline_parallel/Llama2-7B/trace_16_channels_per_block_seqlen_2304.txt
/home/aatmaj/CENT/aim_simulator/build/ramulator2 -f /home/aatmaj/CENT/aim_simulator/test/example.yaml -t /home/aatmaj/CENT/experiments/dda_full_sweep/traces/32_channels_per_device/28_devices/pipeline_parallel/Llama2-7B/trace_16_channels_per_block_seqlen_2432.txt
/home/aatmaj/CENT/aim_simulator/build/ramulator2 -f /home/aatmaj/CENT/aim_simulator/test/example.yaml -t /home/aatmaj/CENT/experiments/dda_full_sweep/traces/32_channels_per_device/28_devices/pipeline_parallel/Llama2-7B/trace_16_channels_per_block_seqlen_2560.txt
/home/aatmaj/CENT/aim_simulator/build/ramulator2 -f /home/aatmaj/CENT/aim_simulator/test/example.yaml -t /home/aatmaj/CENT/experiments/dda_full_sweep/traces/32_channels_per_device/28_devices/pipeline_parallel/Llama2-7B/trace_16_channels_per_block_seqlen_2688.txt
/home/aatmaj/CENT/aim_simulator/build/ramulator2 -f /home/aatmaj/CENT/aim_simulator/test/example.yaml -t /home/aatmaj/CENT/experiments/dda_full_sweep/traces/32_channels_per_device/28_devices/pipeline_parallel/Llama2-7B/trace_16_channels_per_block_seqlen_2816.txt
/home/aatmaj/CENT/aim_simulator/build/ramulator2 -f /home/aatmaj/CENT/aim_simulator/test/example.yaml -t /home/aatmaj/CENT/experiments/dda_full_sweep/traces/32_channels_per_device/28_devices/pipeline_parallel/Llama2-7B/trace_16_channels_per_block_seqlen_2944.txt
/home/aatmaj/CENT/aim_simulator/build/ramulator2 -f /home/aatmaj/CENT/aim_simulator/test/example.yaml -t /home/aatmaj/CENT/experiments/dda_full_sweep/traces/32_channels_per_device/28_devices/pipeline_parallel/Llama2-7B/trace_16_channels_per_block_seqlen_3072.txt
/home/aatmaj/CENT/aim_simulator/build/ramulator2 -f /home/aatmaj/CENT/aim_simulator/test/example.yaml -t /home/aatmaj/CENT/experiments/dda_full_sweep/traces/32_channels_per_device/28_devices/pipeline_parallel/Llama2-7B/trace_16_channels_per_block_seqlen_3200.txt
/home/aatmaj/CENT/aim_simulator/build/ramulator2 -f /home/aatmaj/CENT/aim_simulator/test/example.yaml -t /home/aatmaj/CENT/experiments/dda_full_sweep/traces/32_channels_per_device/28_devices/pipeline_parallel/Llama2-7B/trace_16_channels_per_block_seqlen_3328.txt
/home/aatmaj/CENT/aim_simulator/build/ramulator2 -f /home/aatmaj/CENT/aim_simulator/test/example.yaml -t /home/aatmaj/CENT/experiments/dda_full_sweep/traces/32_channels_per_device/28_devices/pipeline_parallel/Llama2-7B/trace_16_channels_per_block_seqlen_3456.txt
/home/aatmaj/CENT/aim_simulator/build/ramulator2 -f /home/aatmaj/CENT/aim_simulator/test/example.yaml -t /home/aatmaj/CENT/experiments/dda_full_sweep/traces/32_channels_per_device/28_devices/pipeline_parallel/Llama2-7B/trace_16_channels_per_block_seqlen_3584.txt
/home/aatmaj/CENT/aim_simulator/build/ramulator2 -f /home/aatmaj/CENT/aim_simulator/test/example.yaml -t /home/aatmaj/CENT/experiments/dda_full_sweep/traces/32_channels_per_device/28_devices/pipeline_parallel/Llama2-7B/trace_16_channels_per_block_seqlen_3712.txt
/home/aatmaj/CENT/experiments/dda_full_sweep/simulation/run_sim_full32.py:460: FutureWarning: The behavior of DataFrame concatenation with empty or all-NA entries is deprecated. In a future version, this will no longer exclude empty or all-NA columns when determining the result dtypes. To retain the old behavior, exclude the relevant entries before the concat operation.
  results_df = pd.concat([results_df, new_df], ignore_index=True)
/home/aatmaj/CENT/aim_simulator/build/ramulator2 -f /home/aatmaj/CENT/aim_simulator/test/example.yaml -t /home/aatmaj/CENT/experiments/dda_full_sweep/traces/32_channels_per_device/28_devices/pipeline_parallel/Llama2-7B/trace_16_channels_per_block_seqlen_3840.txt
/home/aatmaj/CENT/aim_simulator/build/ramulator2 -f /home/aatmaj/CENT/aim_simulator/test/example.yaml -t /home/aatmaj/CENT/experiments/dda_full_sweep/traces/32_channels_per_device/28_devices/pipeline_parallel/Llama2-7B/trace_16_channels_per_block_seqlen_3968.txt
/home/aatmaj/CENT/aim_simulator/build/ramulator2 -f /home/aatmaj/CENT/aim_simulator/test/example.yaml -t /home/aatmaj/CENT/experiments/dda_full_sweep/traces/32_channels_per_device/28_devices/pipeline_parallel/Llama2-7B/trace_16_channels_per_block_seqlen_4096.txt
Processing results...
Updating simulation results to CSV...

=== Pool L | Llama2-7B | N_L=6 / 32 | TP=6, PP=1 ===
Generating traces for Llama2-7B (6 devices) ...
/home/aatmaj/CENT/aim_simulator/build/ramulator2 -f /home/aatmaj/CENT/aim_simulator/test/example.yaml -t /home/aatmaj/CENT/experiments/dda_full_sweep/traces/32_channels_per_device/6_devices/model_parallel_embedding/Llama2-7B/trace_6_FC_devices_seqlen_4096.txt
/home/aatmaj/CENT/aim_simulator/build/ramulator2 -f /home/aatmaj/CENT/aim_simulator/test/example.yaml -t /home/aatmaj/CENT/experiments/dda_full_sweep/traces/32_channels_per_device/6_devices/model_parallel/Llama2-7B/trace_6_FC_devices_seqlen_128.txt
/home/aatmaj/CENT/aim_simulator/build/ramulator2 -f /home/aatmaj/CENT/aim_simulator/test/example.yaml -t /home/aatmaj/CENT/experiments/dda_full_sweep/traces/32_channels_per_device/6_devices/model_parallel_FC/Llama2-7B/trace_6_FC_devices_seqlen_128.txt
/home/aatmaj/CENT/aim_simulator/build/ramulator2 -f /home/aatmaj/CENT/aim_simulator/test/example.yaml -t /home/aatmaj/CENT/experiments/dda_full_sweep/traces/32_channels_per_device/6_devices/model_parallel/Llama2-7B/trace_6_FC_devices_seqlen_256.txt
/home/aatmaj/CENT/aim_simulator/build/ramulator2 -f /home/aatmaj/CENT/aim_simulator/test/example.yaml -t /home/aatmaj/CENT/experiments/dda_full_sweep/traces/32_channels_per_device/6_devices/model_parallel_FC/Llama2-7B/trace_6_FC_devices_seqlen_256.txt
/home/aatmaj/CENT/aim_simulator/build/ramulator2 -f /home/aatmaj/CENT/aim_simulator/test/example.yaml -t /home/aatmaj/CENT/experiments/dda_full_sweep/traces/32_channels_per_device/6_devices/model_parallel/Llama2-7B/trace_6_FC_devices_seqlen_384.txt
/home/aatmaj/CENT/aim_simulator/build/ramulator2 -f /home/aatmaj/CENT/aim_simulator/test/example.yaml -t /home/aatmaj/CENT/experiments/dda_full_sweep/traces/32_channels_per_device/6_devices/model_parallel_FC/Llama2-7B/trace_6_FC_devices_seqlen_384.txt
/home/aatmaj/CENT/aim_simulator/build/ramulator2 -f /home/aatmaj/CENT/aim_simulator/test/example.yaml -t /home/aatmaj/CENT/experiments/dda_full_sweep/traces/32_channels_per_device/6_devices/model_parallel/Llama2-7B/trace_6_FC_devices_seqlen_512.txt
/home/aatmaj/CENT/aim_simulator/build/ramulator2 -f /home/aatmaj/CENT/aim_simulator/test/example.yaml -t /home/aatmaj/CENT/experiments/dda_full_sweep/traces/32_channels_per_device/6_devices/model_parallel_FC/Llama2-7B/trace_6_FC_devices_seqlen_512.txt
/home/aatmaj/CENT/aim_simulator/build/ramulator2 -f /home/aatmaj/CENT/aim_simulator/test/example.yaml -t /home/aatmaj/CENT/experiments/dda_full_sweep/traces/32_channels_per_device/6_devices/model_parallel/Llama2-7B/trace_6_FC_devices_seqlen_640.txt
/home/aatmaj/CENT/aim_simulator/build/ramulator2 -f /home/aatmaj/CENT/aim_simulator/test/example.yaml -t /home/aatmaj/CENT/experiments/dda_full_sweep/traces/32_channels_per_device/6_devices/model_parallel_FC/Llama2-7B/trace_6_FC_devices_seqlen_640.txt
/home/aatmaj/CENT/aim_simulator/build/ramulator2 -f /home/aatmaj/CENT/aim_simulator/test/example.yaml -t /home/aatmaj/CENT/experiments/dda_full_sweep/traces/32_channels_per_device/6_devices/model_parallel/Llama2-7B/trace_6_FC_devices_seqlen_768.txt
/home/aatmaj/CENT/aim_simulator/build/ramulator2 -f /home/aatmaj/CENT/aim_simulator/test/example.yaml -t /home/aatmaj/CENT/experiments/dda_full_sweep/traces/32_channels_per_device/6_devices/model_parallel_FC/Llama2-7B/trace_6_FC_devices_seqlen_768.txt
/home/aatmaj/CENT/aim_simulator/build/ramulator2 -f /home/aatmaj/CENT/aim_simulator/test/example.yaml -t /home/aatmaj/CENT/experiments/dda_full_sweep/traces/32_channels_per_device/6_devices/model_parallel/Llama2-7B/trace_6_FC_devices_seqlen_896.txt
/home/aatmaj/CENT/aim_simulator/build/ramulator2 -f /home/aatmaj/CENT/aim_simulator/test/example.yaml -t /home/aatmaj/CENT/experiments/dda_full_sweep/traces/32_channels_per_device/6_devices/model_parallel_FC/Llama2-7B/trace_6_FC_devices_seqlen_896.txt
/home/aatmaj/CENT/aim_simulator/build/ramulator2 -f /home/aatmaj/CENT/aim_simulator/test/example.yaml -t /home/aatmaj/CENT/experiments/dda_full_sweep/traces/32_channels_per_device/6_devices/model_parallel/Llama2-7B/trace_6_FC_devices_seqlen_1024.txt
/home/aatmaj/CENT/aim_simulator/build/ramulator2 -f /home/aatmaj/CENT/aim_simulator/test/example.yaml -t /home/aatmaj/CENT/experiments/dda_full_sweep/traces/32_channels_per_device/6_devices/model_parallel_FC/Llama2-7B/trace_6_FC_devices_seqlen_1024.txt
/home/aatmaj/CENT/aim_simulator/build/ramulator2 -f /home/aatmaj/CENT/aim_simulator/test/example.yaml -t /home/aatmaj/CENT/experiments/dda_full_sweep/traces/32_channels_per_device/6_devices/model_parallel/Llama2-7B/trace_6_FC_devices_seqlen_1152.txt
/home/aatmaj/CENT/aim_simulator/build/ramulator2 -f /home/aatmaj/CENT/aim_simulator/test/example.yaml -t /home/aatmaj/CENT/experiments/dda_full_sweep/traces/32_channels_per_device/6_devices/model_parallel_FC/Llama2-7B/trace_6_FC_devices_seqlen_1152.txt
/home/aatmaj/CENT/aim_simulator/build/ramulator2 -f /home/aatmaj/CENT/aim_simulator/test/example.yaml -t /home/aatmaj/CENT/experiments/dda_full_sweep/traces/32_channels_per_device/6_devices/model_parallel/Llama2-7B/trace_6_FC_devices_seqlen_1280.txt
/home/aatmaj/CENT/aim_simulator/build/ramulator2 -f /home/aatmaj/CENT/aim_simulator/test/example.yaml -t /home/aatmaj/CENT/experiments/dda_full_sweep/traces/32_channels_per_device/6_devices/model_parallel_FC/Llama2-7B/trace_6_FC_devices_seqlen_1280.txt
/home/aatmaj/CENT/aim_simulator/build/ramulator2 -f /home/aatmaj/CENT/aim_simulator/test/example.yaml -t /home/aatmaj/CENT/experiments/dda_full_sweep/traces/32_channels_per_device/6_devices/model_parallel/Llama2-7B/trace_6_FC_devices_seqlen_1408.txt
/home/aatmaj/CENT/aim_simulator/build/ramulator2 -f /home/aatmaj/CENT/aim_simulator/test/example.yaml -t /home/aatmaj/CENT/experiments/dda_full_sweep/traces/32_channels_per_device/6_devices/model_parallel_FC/Llama2-7B/trace_6_FC_devices_seqlen_1408.txt
/home/aatmaj/CENT/aim_simulator/build/ramulator2 -f /home/aatmaj/CENT/aim_simulator/test/example.yaml -t /home/aatmaj/CENT/experiments/dda_full_sweep/traces/32_channels_per_device/6_devices/model_parallel/Llama2-7B/trace_6_FC_devices_seqlen_1536.txt
/home/aatmaj/CENT/aim_simulator/build/ramulator2 -f /home/aatmaj/CENT/aim_simulator/test/example.yaml -t /home/aatmaj/CENT/experiments/dda_full_sweep/traces/32_channels_per_device/6_devices/model_parallel_FC/Llama2-7B/trace_6_FC_devices_seqlen_1536.txt
/home/aatmaj/CENT/aim_simulator/build/ramulator2 -f /home/aatmaj/CENT/aim_simulator/test/example.yaml -t /home/aatmaj/CENT/experiments/dda_full_sweep/traces/32_channels_per_device/6_devices/model_parallel/Llama2-7B/trace_6_FC_devices_seqlen_1664.txt
/home/aatmaj/CENT/aim_simulator/build/ramulator2 -f /home/aatmaj/CENT/aim_simulator/test/example.yaml -t /home/aatmaj/CENT/experiments/dda_full_sweep/traces/32_channels_per_device/6_devices/model_parallel_FC/Llama2-7B/trace_6_FC_devices_seqlen_1664.txt
/home/aatmaj/CENT/aim_simulator/build/ramulator2 -f /home/aatmaj/CENT/aim_simulator/test/example.yaml -t /home/aatmaj/CENT/experiments/dda_full_sweep/traces/32_channels_per_device/6_devices/model_parallel/Llama2-7B/trace_6_FC_devices_seqlen_1792.txt
/home/aatmaj/CENT/aim_simulator/build/ramulator2 -f /home/aatmaj/CENT/aim_simulator/test/example.yaml -t /home/aatmaj/CENT/experiments/dda_full_sweep/traces/32_channels_per_device/6_devices/model_parallel_FC/Llama2-7B/trace_6_FC_devices_seqlen_1792.txt
/home/aatmaj/CENT/aim_simulator/build/ramulator2 -f /home/aatmaj/CENT/aim_simulator/test/example.yaml -t /home/aatmaj/CENT/experiments/dda_full_sweep/traces/32_channels_per_device/6_devices/model_parallel/Llama2-7B/trace_6_FC_devices_seqlen_1920.txt
/home/aatmaj/CENT/aim_simulator/build/ramulator2 -f /home/aatmaj/CENT/aim_simulator/test/example.yaml -t /home/aatmaj/CENT/experiments/dda_full_sweep/traces/32_channels_per_device/6_devices/model_parallel_FC/Llama2-7B/trace_6_FC_devices_seqlen_1920.txt
/home/aatmaj/CENT/aim_simulator/build/ramulator2 -f /home/aatmaj/CENT/aim_simulator/test/example.yaml -t /home/aatmaj/CENT/experiments/dda_full_sweep/traces/32_channels_per_device/6_devices/model_parallel/Llama2-7B/trace_6_FC_devices_seqlen_2048.txt
/home/aatmaj/CENT/aim_simulator/build/ramulator2 -f /home/aatmaj/CENT/aim_simulator/test/example.yaml -t /home/aatmaj/CENT/experiments/dda_full_sweep/traces/32_channels_per_device/6_devices/model_parallel_FC/Llama2-7B/trace_6_FC_devices_seqlen_2048.txt
/home/aatmaj/CENT/aim_simulator/build/ramulator2 -f /home/aatmaj/CENT/aim_simulator/test/example.yaml -t /home/aatmaj/CENT/experiments/dda_full_sweep/traces/32_channels_per_device/6_devices/model_parallel/Llama2-7B/trace_6_FC_devices_seqlen_2176.txt
/home/aatmaj/CENT/aim_simulator/build/ramulator2 -f /home/aatmaj/CENT/aim_simulator/test/example.yaml -t /home/aatmaj/CENT/experiments/dda_full_sweep/traces/32_channels_per_device/6_devices/model_parallel_FC/Llama2-7B/trace_6_FC_devices_seqlen_2176.txt
/home/aatmaj/CENT/aim_simulator/build/ramulator2 -f /home/aatmaj/CENT/aim_simulator/test/example.yaml -t /home/aatmaj/CENT/experiments/dda_full_sweep/traces/32_channels_per_device/6_devices/model_parallel/Llama2-7B/trace_6_FC_devices_seqlen_2304.txt
/home/aatmaj/CENT/aim_simulator/build/ramulator2 -f /home/aatmaj/CENT/aim_simulator/test/example.yaml -t /home/aatmaj/CENT/experiments/dda_full_sweep/traces/32_channels_per_device/6_devices/model_parallel_FC/Llama2-7B/trace_6_FC_devices_seqlen_2304.txt
/home/aatmaj/CENT/aim_simulator/build/ramulator2 -f /home/aatmaj/CENT/aim_simulator/test/example.yaml -t /home/aatmaj/CENT/experiments/dda_full_sweep/traces/32_channels_per_device/6_devices/model_parallel/Llama2-7B/trace_6_FC_devices_seqlen_2432.txt
/home/aatmaj/CENT/aim_simulator/build/ramulator2 -f /home/aatmaj/CENT/aim_simulator/test/example.yaml -t /home/aatmaj/CENT/experiments/dda_full_sweep/traces/32_channels_per_device/6_devices/model_parallel_FC/Llama2-7B/trace_6_FC_devices_seqlen_2432.txt
/home/aatmaj/CENT/aim_simulator/build/ramulator2 -f /home/aatmaj/CENT/aim_simulator/test/example.yaml -t /home/aatmaj/CENT/experiments/dda_full_sweep/traces/32_channels_per_device/6_devices/model_parallel/Llama2-7B/trace_6_FC_devices_seqlen_2560.txt
/home/aatmaj/CENT/aim_simulator/build/ramulator2 -f /home/aatmaj/CENT/aim_simulator/test/example.yaml -t /home/aatmaj/CENT/experiments/dda_full_sweep/traces/32_channels_per_device/6_devices/model_parallel_FC/Llama2-7B/trace_6_FC_devices_seqlen_2560.txt
/home/aatmaj/CENT/aim_simulator/build/ramulator2 -f /home/aatmaj/CENT/aim_simulator/test/example.yaml -t /home/aatmaj/CENT/experiments/dda_full_sweep/traces/32_channels_per_device/6_devices/model_parallel/Llama2-7B/trace_6_FC_devices_seqlen_2688.txt
/home/aatmaj/CENT/aim_simulator/build/ramulator2 -f /home/aatmaj/CENT/aim_simulator/test/example.yaml -t /home/aatmaj/CENT/experiments/dda_full_sweep/traces/32_channels_per_device/6_devices/model_parallel_FC/Llama2-7B/trace_6_FC_devices_seqlen_2688.txt
/home/aatmaj/CENT/aim_simulator/build/ramulator2 -f /home/aatmaj/CENT/aim_simulator/test/example.yaml -t /home/aatmaj/CENT/experiments/dda_full_sweep/traces/32_channels_per_device/6_devices/model_parallel/Llama2-7B/trace_6_FC_devices_seqlen_2816.txt
/home/aatmaj/CENT/aim_simulator/build/ramulator2 -f /home/aatmaj/CENT/aim_simulator/test/example.yaml -t /home/aatmaj/CENT/experiments/dda_full_sweep/traces/32_channels_per_device/6_devices/model_parallel_FC/Llama2-7B/trace_6_FC_devices_seqlen_2816.txt
/home/aatmaj/CENT/aim_simulator/build/ramulator2 -f /home/aatmaj/CENT/aim_simulator/test/example.yaml -t /home/aatmaj/CENT/experiments/dda_full_sweep/traces/32_channels_per_device/6_devices/model_parallel/Llama2-7B/trace_6_FC_devices_seqlen_2944.txt
/home/aatmaj/CENT/aim_simulator/build/ramulator2 -f /home/aatmaj/CENT/aim_simulator/test/example.yaml -t /home/aatmaj/CENT/experiments/dda_full_sweep/traces/32_channels_per_device/6_devices/model_parallel_FC/Llama2-7B/trace_6_FC_devices_seqlen_2944.txt
/home/aatmaj/CENT/aim_simulator/build/ramulator2 -f /home/aatmaj/CENT/aim_simulator/test/example.yaml -t /home/aatmaj/CENT/experiments/dda_full_sweep/traces/32_channels_per_device/6_devices/model_parallel/Llama2-7B/trace_6_FC_devices_seqlen_3072.txt
/home/aatmaj/CENT/aim_simulator/build/ramulator2 -f /home/aatmaj/CENT/aim_simulator/test/example.yaml -t /home/aatmaj/CENT/experiments/dda_full_sweep/traces/32_channels_per_device/6_devices/model_parallel_FC/Llama2-7B/trace_6_FC_devices_seqlen_3072.txt
/home/aatmaj/CENT/aim_simulator/build/ramulator2 -f /home/aatmaj/CENT/aim_simulator/test/example.yaml -t /home/aatmaj/CENT/experiments/dda_full_sweep/traces/32_channels_per_device/6_devices/model_parallel/Llama2-7B/trace_6_FC_devices_seqlen_3200.txt
/home/aatmaj/CENT/aim_simulator/build/ramulator2 -f /home/aatmaj/CENT/aim_simulator/test/example.yaml -t /home/aatmaj/CENT/experiments/dda_full_sweep/traces/32_channels_per_device/6_devices/model_parallel_FC/Llama2-7B/trace_6_FC_devices_seqlen_3200.txt
/home/aatmaj/CENT/aim_simulator/build/ramulator2 -f /home/aatmaj/CENT/aim_simulator/test/example.yaml -t /home/aatmaj/CENT/experiments/dda_full_sweep/traces/32_channels_per_device/6_devices/model_parallel/Llama2-7B/trace_6_FC_devices_seqlen_3328.txt
/home/aatmaj/CENT/aim_simulator/build/ramulator2 -f /home/aatmaj/CENT/aim_simulator/test/example.yaml -t /home/aatmaj/CENT/experiments/dda_full_sweep/traces/32_channels_per_device/6_devices/model_parallel_FC/Llama2-7B/trace_6_FC_devices_seqlen_3328.txt
/home/aatmaj/CENT/aim_simulator/build/ramulator2 -f /home/aatmaj/CENT/aim_simulator/test/example.yaml -t /home/aatmaj/CENT/experiments/dda_full_sweep/traces/32_channels_per_device/6_devices/model_parallel/Llama2-7B/trace_6_FC_devices_seqlen_3456.txt
/home/aatmaj/CENT/aim_simulator/build/ramulator2 -f /home/aatmaj/CENT/aim_simulator/test/example.yaml -t /home/aatmaj/CENT/experiments/dda_full_sweep/traces/32_channels_per_device/6_devices/model_parallel_FC/Llama2-7B/trace_6_FC_devices_seqlen_3456.txt
/home/aatmaj/CENT/aim_simulator/build/ramulator2 -f /home/aatmaj/CENT/aim_simulator/test/example.yaml -t /home/aatmaj/CENT/experiments/dda_full_sweep/traces/32_channels_per_device/6_devices/model_parallel/Llama2-7B/trace_6_FC_devices_seqlen_3584.txt
/home/aatmaj/CENT/aim_simulator/build/ramulator2 -f /home/aatmaj/CENT/aim_simulator/test/example.yaml -t /home/aatmaj/CENT/experiments/dda_full_sweep/traces/32_channels_per_device/6_devices/model_parallel_FC/Llama2-7B/trace_6_FC_devices_seqlen_3584.txt
/home/aatmaj/CENT/aim_simulator/build/ramulator2 -f /home/aatmaj/CENT/aim_simulator/test/example.yaml -t /home/aatmaj/CENT/experiments/dda_full_sweep/traces/32_channels_per_device/6_devices/model_parallel/Llama2-7B/trace_6_FC_devices_seqlen_3712.txt
/home/aatmaj/CENT/aim_simulator/build/ramulator2 -f /home/aatmaj/CENT/aim_simulator/test/example.yaml -t /home/aatmaj/CENT/experiments/dda_full_sweep/traces/32_channels_per_device/6_devices/model_parallel_FC/Llama2-7B/trace_6_FC_devices_seqlen_3712.txt
/home/aatmaj/CENT/aim_simulator/build/ramulator2 -f /home/aatmaj/CENT/aim_simulator/test/example.yaml -t /home/aatmaj/CENT/experiments/dda_full_sweep/traces/32_channels_per_device/6_devices/model_parallel/Llama2-7B/trace_6_FC_devices_seqlen_3840.txt
/home/aatmaj/CENT/aim_simulator/build/ramulator2 -f /home/aatmaj/CENT/aim_simulator/test/example.yaml -t /home/aatmaj/CENT/experiments/dda_full_sweep/traces/32_channels_per_device/6_devices/model_parallel_FC/Llama2-7B/trace_6_FC_devices_seqlen_3840.txt
/home/aatmaj/CENT/aim_simulator/build/ramulator2 -f /home/aatmaj/CENT/aim_simulator/test/example.yaml -t /home/aatmaj/CENT/experiments/dda_full_sweep/traces/32_channels_per_device/6_devices/model_parallel/Llama2-7B/trace_6_FC_devices_seqlen_3968.txt
/home/aatmaj/CENT/aim_simulator/build/ramulator2 -f /home/aatmaj/CENT/aim_simulator/test/example.yaml -t /home/aatmaj/CENT/experiments/dda_full_sweep/traces/32_channels_per_device/6_devices/model_parallel_FC/Llama2-7B/trace_6_FC_devices_seqlen_3968.txt
/home/aatmaj/CENT/aim_simulator/build/ramulator2 -f /home/aatmaj/CENT/aim_simulator/test/example.yaml -t /home/aatmaj/CENT/experiments/dda_full_sweep/traces/32_channels_per_device/6_devices/model_parallel/Llama2-7B/trace_6_FC_devices_seqlen_4096.txt
/home/aatmaj/CENT/experiments/dda_full_sweep/simulation/run_sim_full32.py:447: FutureWarning: The behavior of DataFrame concatenation with empty or all-NA entries is deprecated. In a future version, this will no longer exclude empty or all-NA columns when determining the result dtypes. To retain the old behavior, exclude the relevant entries before the concat operation.
  results_df = pd.concat([results_df, new_df], ignore_index=True)
/home/aatmaj/CENT/aim_simulator/build/ramulator2 -f /home/aatmaj/CENT/aim_simulator/test/example.yaml -t /home/aatmaj/CENT/experiments/dda_full_sweep/traces/32_channels_per_device/6_devices/model_parallel_FC/Llama2-7B/trace_6_FC_devices_seqlen_4096.txt
Processing results...
Updating simulation results to CSV...

=== Pool T | Llama2-7B | N_T=26 / 32 | TP=1, PP=layers ===
Generating traces for Llama2-7B (26 devices) ...
/home/aatmaj/CENT/aim_simulator/build/ramulator2 -f /home/aatmaj/CENT/aim_simulator/test/example.yaml -t /home/aatmaj/CENT/experiments/dda_full_sweep/traces/32_channels_per_device/26_devices/pipeline_parallel_embedding/Llama2-7B/trace_16_channels_per_block_seqlen_4096.txt
/home/aatmaj/CENT/aim_simulator/build/ramulator2 -f /home/aatmaj/CENT/aim_simulator/test/example.yaml -t /home/aatmaj/CENT/experiments/dda_full_sweep/traces/32_channels_per_device/26_devices/pipeline_parallel/Llama2-7B/trace_16_channels_per_block_seqlen_128.txt
/home/aatmaj/CENT/aim_simulator/build/ramulator2 -f /home/aatmaj/CENT/aim_simulator/test/example.yaml -t /home/aatmaj/CENT/experiments/dda_full_sweep/traces/32_channels_per_device/26_devices/pipeline_parallel/Llama2-7B/trace_16_channels_per_block_seqlen_256.txt
/home/aatmaj/CENT/aim_simulator/build/ramulator2 -f /home/aatmaj/CENT/aim_simulator/test/example.yaml -t /home/aatmaj/CENT/experiments/dda_full_sweep/traces/32_channels_per_device/26_devices/pipeline_parallel/Llama2-7B/trace_16_channels_per_block_seqlen_384.txt
/home/aatmaj/CENT/aim_simulator/build/ramulator2 -f /home/aatmaj/CENT/aim_simulator/test/example.yaml -t /home/aatmaj/CENT/experiments/dda_full_sweep/traces/32_channels_per_device/26_devices/pipeline_parallel/Llama2-7B/trace_16_channels_per_block_seqlen_512.txt
/home/aatmaj/CENT/aim_simulator/build/ramulator2 -f /home/aatmaj/CENT/aim_simulator/test/example.yaml -t /home/aatmaj/CENT/experiments/dda_full_sweep/traces/32_channels_per_device/26_devices/pipeline_parallel/Llama2-7B/trace_16_channels_per_block_seqlen_640.txt
/home/aatmaj/CENT/aim_simulator/build/ramulator2 -f /home/aatmaj/CENT/aim_simulator/test/example.yaml -t /home/aatmaj/CENT/experiments/dda_full_sweep/traces/32_channels_per_device/26_devices/pipeline_parallel/Llama2-7B/trace_16_channels_per_block_seqlen_768.txt
/home/aatmaj/CENT/aim_simulator/build/ramulator2 -f /home/aatmaj/CENT/aim_simulator/test/example.yaml -t /home/aatmaj/CENT/experiments/dda_full_sweep/traces/32_channels_per_device/26_devices/pipeline_parallel/Llama2-7B/trace_16_channels_per_block_seqlen_896.txt
/home/aatmaj/CENT/aim_simulator/build/ramulator2 -f /home/aatmaj/CENT/aim_simulator/test/example.yaml -t /home/aatmaj/CENT/experiments/dda_full_sweep/traces/32_channels_per_device/26_devices/pipeline_parallel/Llama2-7B/trace_16_channels_per_block_seqlen_1024.txt
/home/aatmaj/CENT/aim_simulator/build/ramulator2 -f /home/aatmaj/CENT/aim_simulator/test/example.yaml -t /home/aatmaj/CENT/experiments/dda_full_sweep/traces/32_channels_per_device/26_devices/pipeline_parallel/Llama2-7B/trace_16_channels_per_block_seqlen_1152.txt
/home/aatmaj/CENT/aim_simulator/build/ramulator2 -f /home/aatmaj/CENT/aim_simulator/test/example.yaml -t /home/aatmaj/CENT/experiments/dda_full_sweep/traces/32_channels_per_device/26_devices/pipeline_parallel/Llama2-7B/trace_16_channels_per_block_seqlen_1280.txt
/home/aatmaj/CENT/aim_simulator/build/ramulator2 -f /home/aatmaj/CENT/aim_simulator/test/example.yaml -t /home/aatmaj/CENT/experiments/dda_full_sweep/traces/32_channels_per_device/26_devices/pipeline_parallel/Llama2-7B/trace_16_channels_per_block_seqlen_1408.txt
/home/aatmaj/CENT/aim_simulator/build/ramulator2 -f /home/aatmaj/CENT/aim_simulator/test/example.yaml -t /home/aatmaj/CENT/experiments/dda_full_sweep/traces/32_channels_per_device/26_devices/pipeline_parallel/Llama2-7B/trace_16_channels_per_block_seqlen_1536.txt
/home/aatmaj/CENT/aim_simulator/build/ramulator2 -f /home/aatmaj/CENT/aim_simulator/test/example.yaml -t /home/aatmaj/CENT/experiments/dda_full_sweep/traces/32_channels_per_device/26_devices/pipeline_parallel/Llama2-7B/trace_16_channels_per_block_seqlen_1664.txt
/home/aatmaj/CENT/aim_simulator/build/ramulator2 -f /home/aatmaj/CENT/aim_simulator/test/example.yaml -t /home/aatmaj/CENT/experiments/dda_full_sweep/traces/32_channels_per_device/26_devices/pipeline_parallel/Llama2-7B/trace_16_channels_per_block_seqlen_1792.txt
/home/aatmaj/CENT/aim_simulator/build/ramulator2 -f /home/aatmaj/CENT/aim_simulator/test/example.yaml -t /home/aatmaj/CENT/experiments/dda_full_sweep/traces/32_channels_per_device/26_devices/pipeline_parallel/Llama2-7B/trace_16_channels_per_block_seqlen_1920.txt
/home/aatmaj/CENT/aim_simulator/build/ramulator2 -f /home/aatmaj/CENT/aim_simulator/test/example.yaml -t /home/aatmaj/CENT/experiments/dda_full_sweep/traces/32_channels_per_device/26_devices/pipeline_parallel/Llama2-7B/trace_16_channels_per_block_seqlen_2048.txt
/home/aatmaj/CENT/aim_simulator/build/ramulator2 -f /home/aatmaj/CENT/aim_simulator/test/example.yaml -t /home/aatmaj/CENT/experiments/dda_full_sweep/traces/32_channels_per_device/26_devices/pipeline_parallel/Llama2-7B/trace_16_channels_per_block_seqlen_2176.txt
/home/aatmaj/CENT/aim_simulator/build/ramulator2 -f /home/aatmaj/CENT/aim_simulator/test/example.yaml -t /home/aatmaj/CENT/experiments/dda_full_sweep/traces/32_channels_per_device/26_devices/pipeline_parallel/Llama2-7B/trace_16_channels_per_block_seqlen_2304.txt
/home/aatmaj/CENT/aim_simulator/build/ramulator2 -f /home/aatmaj/CENT/aim_simulator/test/example.yaml -t /home/aatmaj/CENT/experiments/dda_full_sweep/traces/32_channels_per_device/26_devices/pipeline_parallel/Llama2-7B/trace_16_channels_per_block_seqlen_2432.txt
/home/aatmaj/CENT/aim_simulator/build/ramulator2 -f /home/aatmaj/CENT/aim_simulator/test/example.yaml -t /home/aatmaj/CENT/experiments/dda_full_sweep/traces/32_channels_per_device/26_devices/pipeline_parallel/Llama2-7B/trace_16_channels_per_block_seqlen_2560.txt
/home/aatmaj/CENT/aim_simulator/build/ramulator2 -f /home/aatmaj/CENT/aim_simulator/test/example.yaml -t /home/aatmaj/CENT/experiments/dda_full_sweep/traces/32_channels_per_device/26_devices/pipeline_parallel/Llama2-7B/trace_16_channels_per_block_seqlen_2688.txt
/home/aatmaj/CENT/aim_simulator/build/ramulator2 -f /home/aatmaj/CENT/aim_simulator/test/example.yaml -t /home/aatmaj/CENT/experiments/dda_full_sweep/traces/32_channels_per_device/26_devices/pipeline_parallel/Llama2-7B/trace_16_channels_per_block_seqlen_2816.txt
/home/aatmaj/CENT/aim_simulator/build/ramulator2 -f /home/aatmaj/CENT/aim_simulator/test/example.yaml -t /home/aatmaj/CENT/experiments/dda_full_sweep/traces/32_channels_per_device/26_devices/pipeline_parallel/Llama2-7B/trace_16_channels_per_block_seqlen_2944.txt
/home/aatmaj/CENT/aim_simulator/build/ramulator2 -f /home/aatmaj/CENT/aim_simulator/test/example.yaml -t /home/aatmaj/CENT/experiments/dda_full_sweep/traces/32_channels_per_device/26_devices/pipeline_parallel/Llama2-7B/trace_16_channels_per_block_seqlen_3072.txt
/home/aatmaj/CENT/aim_simulator/build/ramulator2 -f /home/aatmaj/CENT/aim_simulator/test/example.yaml -t /home/aatmaj/CENT/experiments/dda_full_sweep/traces/32_channels_per_device/26_devices/pipeline_parallel/Llama2-7B/trace_16_channels_per_block_seqlen_3200.txt
/home/aatmaj/CENT/aim_simulator/build/ramulator2 -f /home/aatmaj/CENT/aim_simulator/test/example.yaml -t /home/aatmaj/CENT/experiments/dda_full_sweep/traces/32_channels_per_device/26_devices/pipeline_parallel/Llama2-7B/trace_16_channels_per_block_seqlen_3328.txt
/home/aatmaj/CENT/aim_simulator/build/ramulator2 -f /home/aatmaj/CENT/aim_simulator/test/example.yaml -t /home/aatmaj/CENT/experiments/dda_full_sweep/traces/32_channels_per_device/26_devices/pipeline_parallel/Llama2-7B/trace_16_channels_per_block_seqlen_3456.txt
/home/aatmaj/CENT/aim_simulator/build/ramulator2 -f /home/aatmaj/CENT/aim_simulator/test/example.yaml -t /home/aatmaj/CENT/experiments/dda_full_sweep/traces/32_channels_per_device/26_devices/pipeline_parallel/Llama2-7B/trace_16_channels_per_block_seqlen_3584.txt
/home/aatmaj/CENT/aim_simulator/build/ramulator2 -f /home/aatmaj/CENT/aim_simulator/test/example.yaml -t /home/aatmaj/CENT/experiments/dda_full_sweep/traces/32_channels_per_device/26_devices/pipeline_parallel/Llama2-7B/trace_16_channels_per_block_seqlen_3712.txt
/home/aatmaj/CENT/experiments/dda_full_sweep/simulation/run_sim_full32.py:460: FutureWarning: The behavior of DataFrame concatenation with empty or all-NA entries is deprecated. In a future version, this will no longer exclude empty or all-NA columns when determining the result dtypes. To retain the old behavior, exclude the relevant entries before the concat operation.
  results_df = pd.concat([results_df, new_df], ignore_index=True)
/home/aatmaj/CENT/aim_simulator/build/ramulator2 -f /home/aatmaj/CENT/aim_simulator/test/example.yaml -t /home/aatmaj/CENT/experiments/dda_full_sweep/traces/32_channels_per_device/26_devices/pipeline_parallel/Llama2-7B/trace_16_channels_per_block_seqlen_3840.txt
/home/aatmaj/CENT/aim_simulator/build/ramulator2 -f /home/aatmaj/CENT/aim_simulator/test/example.yaml -t /home/aatmaj/CENT/experiments/dda_full_sweep/traces/32_channels_per_device/26_devices/pipeline_parallel/Llama2-7B/trace_16_channels_per_block_seqlen_3968.txt
/home/aatmaj/CENT/aim_simulator/build/ramulator2 -f /home/aatmaj/CENT/aim_simulator/test/example.yaml -t /home/aatmaj/CENT/experiments/dda_full_sweep/traces/32_channels_per_device/26_devices/pipeline_parallel/Llama2-7B/trace_16_channels_per_block_seqlen_4096.txt
Processing results...
Updating simulation results to CSV...

=== Pool L | Llama2-7B | N_L=8 / 32 | TP=8, PP=1 ===
/home/aatmaj/CENT/experiments/dda_full_sweep/simulation/run_sim_full32.py:447: FutureWarning: The behavior of DataFrame concatenation with empty or all-NA entries is deprecated. In a future version, this will no longer exclude empty or all-NA columns when determining the result dtypes. To retain the old behavior, exclude the relevant entries before the concat operation.
  results_df = pd.concat([results_df, new_df], ignore_index=True)
Generating traces for Llama2-7B (8 devices) ...
Processing results...
Updating simulation results to CSV...

=== Pool T | Llama2-7B | N_T=24 / 32 | TP=1, PP=layers ===
Generating traces for Llama2-7B (24 devices) ...
/home/aatmaj/CENT/aim_simulator/build/ramulator2 -f /home/aatmaj/CENT/aim_simulator/test/example.yaml -t /home/aatmaj/CENT/experiments/dda_full_sweep/traces/32_channels_per_device/24_devices/pipeline_parallel_embedding/Llama2-7B/trace_16_channels_per_block_seqlen_4096.txt
/home/aatmaj/CENT/aim_simulator/build/ramulator2 -f /home/aatmaj/CENT/aim_simulator/test/example.yaml -t /home/aatmaj/CENT/experiments/dda_full_sweep/traces/32_channels_per_device/24_devices/pipeline_parallel/Llama2-7B/trace_16_channels_per_block_seqlen_128.txt
/home/aatmaj/CENT/aim_simulator/build/ramulator2 -f /home/aatmaj/CENT/aim_simulator/test/example.yaml -t /home/aatmaj/CENT/experiments/dda_full_sweep/traces/32_channels_per_device/24_devices/pipeline_parallel/Llama2-7B/trace_16_channels_per_block_seqlen_256.txt
/home/aatmaj/CENT/aim_simulator/build/ramulator2 -f /home/aatmaj/CENT/aim_simulator/test/example.yaml -t /home/aatmaj/CENT/experiments/dda_full_sweep/traces/32_channels_per_device/24_devices/pipeline_parallel/Llama2-7B/trace_16_channels_per_block_seqlen_384.txt
/home/aatmaj/CENT/aim_simulator/build/ramulator2 -f /home/aatmaj/CENT/aim_simulator/test/example.yaml -t /home/aatmaj/CENT/experiments/dda_full_sweep/traces/32_channels_per_device/24_devices/pipeline_parallel/Llama2-7B/trace_16_channels_per_block_seqlen_512.txt
/home/aatmaj/CENT/aim_simulator/build/ramulator2 -f /home/aatmaj/CENT/aim_simulator/test/example.yaml -t /home/aatmaj/CENT/experiments/dda_full_sweep/traces/32_channels_per_device/24_devices/pipeline_parallel/Llama2-7B/trace_16_channels_per_block_seqlen_640.txt
/home/aatmaj/CENT/aim_simulator/build/ramulator2 -f /home/aatmaj/CENT/aim_simulator/test/example.yaml -t /home/aatmaj/CENT/experiments/dda_full_sweep/traces/32_channels_per_device/24_devices/pipeline_parallel/Llama2-7B/trace_16_channels_per_block_seqlen_768.txt
/home/aatmaj/CENT/aim_simulator/build/ramulator2 -f /home/aatmaj/CENT/aim_simulator/test/example.yaml -t /home/aatmaj/CENT/experiments/dda_full_sweep/traces/32_channels_per_device/24_devices/pipeline_parallel/Llama2-7B/trace_16_channels_per_block_seqlen_896.txt
/home/aatmaj/CENT/aim_simulator/build/ramulator2 -f /home/aatmaj/CENT/aim_simulator/test/example.yaml -t /home/aatmaj/CENT/experiments/dda_full_sweep/traces/32_channels_per_device/24_devices/pipeline_parallel/Llama2-7B/trace_16_channels_per_block_seqlen_1024.txt
/home/aatmaj/CENT/aim_simulator/build/ramulator2 -f /home/aatmaj/CENT/aim_simulator/test/example.yaml -t /home/aatmaj/CENT/experiments/dda_full_sweep/traces/32_channels_per_device/24_devices/pipeline_parallel/Llama2-7B/trace_16_channels_per_block_seqlen_1152.txt
/home/aatmaj/CENT/aim_simulator/build/ramulator2 -f /home/aatmaj/CENT/aim_simulator/test/example.yaml -t /home/aatmaj/CENT/experiments/dda_full_sweep/traces/32_channels_per_device/24_devices/pipeline_parallel/Llama2-7B/trace_16_channels_per_block_seqlen_1280.txt
/home/aatmaj/CENT/aim_simulator/build/ramulator2 -f /home/aatmaj/CENT/aim_simulator/test/example.yaml -t /home/aatmaj/CENT/experiments/dda_full_sweep/traces/32_channels_per_device/24_devices/pipeline_parallel/Llama2-7B/trace_16_channels_per_block_seqlen_1408.txt
/home/aatmaj/CENT/aim_simulator/build/ramulator2 -f /home/aatmaj/CENT/aim_simulator/test/example.yaml -t /home/aatmaj/CENT/experiments/dda_full_sweep/traces/32_channels_per_device/24_devices/pipeline_parallel/Llama2-7B/trace_16_channels_per_block_seqlen_1536.txt
/home/aatmaj/CENT/aim_simulator/build/ramulator2 -f /home/aatmaj/CENT/aim_simulator/test/example.yaml -t /home/aatmaj/CENT/experiments/dda_full_sweep/traces/32_channels_per_device/24_devices/pipeline_parallel/Llama2-7B/trace_16_channels_per_block_seqlen_1664.txt
/home/aatmaj/CENT/aim_simulator/build/ramulator2 -f /home/aatmaj/CENT/aim_simulator/test/example.yaml -t /home/aatmaj/CENT/experiments/dda_full_sweep/traces/32_channels_per_device/24_devices/pipeline_parallel/Llama2-7B/trace_16_channels_per_block_seqlen_1792.txt
/home/aatmaj/CENT/aim_simulator/build/ramulator2 -f /home/aatmaj/CENT/aim_simulator/test/example.yaml -t /home/aatmaj/CENT/experiments/dda_full_sweep/traces/32_channels_per_device/24_devices/pipeline_parallel/Llama2-7B/trace_16_channels_per_block_seqlen_1920.txt
/home/aatmaj/CENT/aim_simulator/build/ramulator2 -f /home/aatmaj/CENT/aim_simulator/test/example.yaml -t /home/aatmaj/CENT/experiments/dda_full_sweep/traces/32_channels_per_device/24_devices/pipeline_parallel/Llama2-7B/trace_16_channels_per_block_seqlen_2048.txt
/home/aatmaj/CENT/aim_simulator/build/ramulator2 -f /home/aatmaj/CENT/aim_simulator/test/example.yaml -t /home/aatmaj/CENT/experiments/dda_full_sweep/traces/32_channels_per_device/24_devices/pipeline_parallel/Llama2-7B/trace_16_channels_per_block_seqlen_2176.txt
/home/aatmaj/CENT/aim_simulator/build/ramulator2 -f /home/aatmaj/CENT/aim_simulator/test/example.yaml -t /home/aatmaj/CENT/experiments/dda_full_sweep/traces/32_channels_per_device/24_devices/pipeline_parallel/Llama2-7B/trace_16_channels_per_block_seqlen_2304.txt
/home/aatmaj/CENT/aim_simulator/build/ramulator2 -f /home/aatmaj/CENT/aim_simulator/test/example.yaml -t /home/aatmaj/CENT/experiments/dda_full_sweep/traces/32_channels_per_device/24_devices/pipeline_parallel/Llama2-7B/trace_16_channels_per_block_seqlen_2432.txt
/home/aatmaj/CENT/aim_simulator/build/ramulator2 -f /home/aatmaj/CENT/aim_simulator/test/example.yaml -t /home/aatmaj/CENT/experiments/dda_full_sweep/traces/32_channels_per_device/24_devices/pipeline_parallel/Llama2-7B/trace_16_channels_per_block_seqlen_2560.txt
/home/aatmaj/CENT/aim_simulator/build/ramulator2 -f /home/aatmaj/CENT/aim_simulator/test/example.yaml -t /home/aatmaj/CENT/experiments/dda_full_sweep/traces/32_channels_per_device/24_devices/pipeline_parallel/Llama2-7B/trace_16_channels_per_block_seqlen_2688.txt
/home/aatmaj/CENT/aim_simulator/build/ramulator2 -f /home/aatmaj/CENT/aim_simulator/test/example.yaml -t /home/aatmaj/CENT/experiments/dda_full_sweep/traces/32_channels_per_device/24_devices/pipeline_parallel/Llama2-7B/trace_16_channels_per_block_seqlen_2816.txt
/home/aatmaj/CENT/aim_simulator/build/ramulator2 -f /home/aatmaj/CENT/aim_simulator/test/example.yaml -t /home/aatmaj/CENT/experiments/dda_full_sweep/traces/32_channels_per_device/24_devices/pipeline_parallel/Llama2-7B/trace_16_channels_per_block_seqlen_2944.txt
/home/aatmaj/CENT/aim_simulator/build/ramulator2 -f /home/aatmaj/CENT/aim_simulator/test/example.yaml -t /home/aatmaj/CENT/experiments/dda_full_sweep/traces/32_channels_per_device/24_devices/pipeline_parallel/Llama2-7B/trace_16_channels_per_block_seqlen_3072.txt
/home/aatmaj/CENT/aim_simulator/build/ramulator2 -f /home/aatmaj/CENT/aim_simulator/test/example.yaml -t /home/aatmaj/CENT/experiments/dda_full_sweep/traces/32_channels_per_device/24_devices/pipeline_parallel/Llama2-7B/trace_16_channels_per_block_seqlen_3200.txt
/home/aatmaj/CENT/aim_simulator/build/ramulator2 -f /home/aatmaj/CENT/aim_simulator/test/example.yaml -t /home/aatmaj/CENT/experiments/dda_full_sweep/traces/32_channels_per_device/24_devices/pipeline_parallel/Llama2-7B/trace_16_channels_per_block_seqlen_3328.txt
/home/aatmaj/CENT/aim_simulator/build/ramulator2 -f /home/aatmaj/CENT/aim_simulator/test/example.yaml -t /home/aatmaj/CENT/experiments/dda_full_sweep/traces/32_channels_per_device/24_devices/pipeline_parallel/Llama2-7B/trace_16_channels_per_block_seqlen_3456.txt
/home/aatmaj/CENT/aim_simulator/build/ramulator2 -f /home/aatmaj/CENT/aim_simulator/test/example.yaml -t /home/aatmaj/CENT/experiments/dda_full_sweep/traces/32_channels_per_device/24_devices/pipeline_parallel/Llama2-7B/trace_16_channels_per_block_seqlen_3584.txt
/home/aatmaj/CENT/aim_simulator/build/ramulator2 -f /home/aatmaj/CENT/aim_simulator/test/example.yaml -t /home/aatmaj/CENT/experiments/dda_full_sweep/traces/32_channels_per_device/24_devices/pipeline_parallel/Llama2-7B/trace_16_channels_per_block_seqlen_3712.txt
/home/aatmaj/CENT/experiments/dda_full_sweep/simulation/run_sim_full32.py:460: FutureWarning: The behavior of DataFrame concatenation with empty or all-NA entries is deprecated. In a future version, this will no longer exclude empty or all-NA columns when determining the result dtypes. To retain the old behavior, exclude the relevant entries before the concat operation.
  results_df = pd.concat([results_df, new_df], ignore_index=True)
/home/aatmaj/CENT/aim_simulator/build/ramulator2 -f /home/aatmaj/CENT/aim_simulator/test/example.yaml -t /home/aatmaj/CENT/experiments/dda_full_sweep/traces/32_channels_per_device/24_devices/pipeline_parallel/Llama2-7B/trace_16_channels_per_block_seqlen_3840.txt
/home/aatmaj/CENT/aim_simulator/build/ramulator2 -f /home/aatmaj/CENT/aim_simulator/test/example.yaml -t /home/aatmaj/CENT/experiments/dda_full_sweep/traces/32_channels_per_device/24_devices/pipeline_parallel/Llama2-7B/trace_16_channels_per_block_seqlen_3968.txt
/home/aatmaj/CENT/aim_simulator/build/ramulator2 -f /home/aatmaj/CENT/aim_simulator/test/example.yaml -t /home/aatmaj/CENT/experiments/dda_full_sweep/traces/32_channels_per_device/24_devices/pipeline_parallel/Llama2-7B/trace_16_channels_per_block_seqlen_4096.txt
Processing results...
Updating simulation results to CSV...

=== Pool L | Llama2-7B | N_L=12 / 32 | TP=12, PP=1 ===
Generating traces for Llama2-7B (12 devices) ...
/home/aatmaj/CENT/aim_simulator/build/ramulator2 -f /home/aatmaj/CENT/aim_simulator/test/example.yaml -t /home/aatmaj/CENT/experiments/dda_full_sweep/traces/32_channels_per_device/12_devices/model_parallel_embedding/Llama2-7B/trace_12_FC_devices_seqlen_4096.txt
/home/aatmaj/CENT/aim_simulator/build/ramulator2 -f /home/aatmaj/CENT/aim_simulator/test/example.yaml -t /home/aatmaj/CENT/experiments/dda_full_sweep/traces/32_channels_per_device/12_devices/model_parallel/Llama2-7B/trace_12_FC_devices_seqlen_128.txt
/home/aatmaj/CENT/aim_simulator/build/ramulator2 -f /home/aatmaj/CENT/aim_simulator/test/example.yaml -t /home/aatmaj/CENT/experiments/dda_full_sweep/traces/32_channels_per_device/12_devices/model_parallel_FC/Llama2-7B/trace_12_FC_devices_seqlen_128.txt
/home/aatmaj/CENT/aim_simulator/build/ramulator2 -f /home/aatmaj/CENT/aim_simulator/test/example.yaml -t /home/aatmaj/CENT/experiments/dda_full_sweep/traces/32_channels_per_device/12_devices/model_parallel/Llama2-7B/trace_12_FC_devices_seqlen_256.txt
/home/aatmaj/CENT/aim_simulator/build/ramulator2 -f /home/aatmaj/CENT/aim_simulator/test/example.yaml -t /home/aatmaj/CENT/experiments/dda_full_sweep/traces/32_channels_per_device/12_devices/model_parallel_FC/Llama2-7B/trace_12_FC_devices_seqlen_256.txt
/home/aatmaj/CENT/aim_simulator/build/ramulator2 -f /home/aatmaj/CENT/aim_simulator/test/example.yaml -t /home/aatmaj/CENT/experiments/dda_full_sweep/traces/32_channels_per_device/12_devices/model_parallel/Llama2-7B/trace_12_FC_devices_seqlen_384.txt
/home/aatmaj/CENT/aim_simulator/build/ramulator2 -f /home/aatmaj/CENT/aim_simulator/test/example.yaml -t /home/aatmaj/CENT/experiments/dda_full_sweep/traces/32_channels_per_device/12_devices/model_parallel_FC/Llama2-7B/trace_12_FC_devices_seqlen_384.txt
/home/aatmaj/CENT/aim_simulator/build/ramulator2 -f /home/aatmaj/CENT/aim_simulator/test/example.yaml -t /home/aatmaj/CENT/experiments/dda_full_sweep/traces/32_channels_per_device/12_devices/model_parallel/Llama2-7B/trace_12_FC_devices_seqlen_512.txt
/home/aatmaj/CENT/aim_simulator/build/ramulator2 -f /home/aatmaj/CENT/aim_simulator/test/example.yaml -t /home/aatmaj/CENT/experiments/dda_full_sweep/traces/32_channels_per_device/12_devices/model_parallel_FC/Llama2-7B/trace_12_FC_devices_seqlen_512.txt
/home/aatmaj/CENT/aim_simulator/build/ramulator2 -f /home/aatmaj/CENT/aim_simulator/test/example.yaml -t /home/aatmaj/CENT/experiments/dda_full_sweep/traces/32_channels_per_device/12_devices/model_parallel/Llama2-7B/trace_12_FC_devices_seqlen_640.txt
/home/aatmaj/CENT/aim_simulator/build/ramulator2 -f /home/aatmaj/CENT/aim_simulator/test/example.yaml -t /home/aatmaj/CENT/experiments/dda_full_sweep/traces/32_channels_per_device/12_devices/model_parallel_FC/Llama2-7B/trace_12_FC_devices_seqlen_640.txt
/home/aatmaj/CENT/aim_simulator/build/ramulator2 -f /home/aatmaj/CENT/aim_simulator/test/example.yaml -t /home/aatmaj/CENT/experiments/dda_full_sweep/traces/32_channels_per_device/12_devices/model_parallel/Llama2-7B/trace_12_FC_devices_seqlen_768.txt
/home/aatmaj/CENT/aim_simulator/build/ramulator2 -f /home/aatmaj/CENT/aim_simulator/test/example.yaml -t /home/aatmaj/CENT/experiments/dda_full_sweep/traces/32_channels_per_device/12_devices/model_parallel_FC/Llama2-7B/trace_12_FC_devices_seqlen_768.txt
/home/aatmaj/CENT/aim_simulator/build/ramulator2 -f /home/aatmaj/CENT/aim_simulator/test/example.yaml -t /home/aatmaj/CENT/experiments/dda_full_sweep/traces/32_channels_per_device/12_devices/model_parallel/Llama2-7B/trace_12_FC_devices_seqlen_896.txt
/home/aatmaj/CENT/aim_simulator/build/ramulator2 -f /home/aatmaj/CENT/aim_simulator/test/example.yaml -t /home/aatmaj/CENT/experiments/dda_full_sweep/traces/32_channels_per_device/12_devices/model_parallel_FC/Llama2-7B/trace_12_FC_devices_seqlen_896.txt
/home/aatmaj/CENT/aim_simulator/build/ramulator2 -f /home/aatmaj/CENT/aim_simulator/test/example.yaml -t /home/aatmaj/CENT/experiments/dda_full_sweep/traces/32_channels_per_device/12_devices/model_parallel/Llama2-7B/trace_12_FC_devices_seqlen_1024.txt
/home/aatmaj/CENT/aim_simulator/build/ramulator2 -f /home/aatmaj/CENT/aim_simulator/test/example.yaml -t /home/aatmaj/CENT/experiments/dda_full_sweep/traces/32_channels_per_device/12_devices/model_parallel_FC/Llama2-7B/trace_12_FC_devices_seqlen_1024.txt
/home/aatmaj/CENT/aim_simulator/build/ramulator2 -f /home/aatmaj/CENT/aim_simulator/test/example.yaml -t /home/aatmaj/CENT/experiments/dda_full_sweep/traces/32_channels_per_device/12_devices/model_parallel/Llama2-7B/trace_12_FC_devices_seqlen_1152.txt
/home/aatmaj/CENT/aim_simulator/build/ramulator2 -f /home/aatmaj/CENT/aim_simulator/test/example.yaml -t /home/aatmaj/CENT/experiments/dda_full_sweep/traces/32_channels_per_device/12_devices/model_parallel_FC/Llama2-7B/trace_12_FC_devices_seqlen_1152.txt
/home/aatmaj/CENT/aim_simulator/build/ramulator2 -f /home/aatmaj/CENT/aim_simulator/test/example.yaml -t /home/aatmaj/CENT/experiments/dda_full_sweep/traces/32_channels_per_device/12_devices/model_parallel/Llama2-7B/trace_12_FC_devices_seqlen_1280.txt
/home/aatmaj/CENT/aim_simulator/build/ramulator2 -f /home/aatmaj/CENT/aim_simulator/test/example.yaml -t /home/aatmaj/CENT/experiments/dda_full_sweep/traces/32_channels_per_device/12_devices/model_parallel_FC/Llama2-7B/trace_12_FC_devices_seqlen_1280.txt
/home/aatmaj/CENT/aim_simulator/build/ramulator2 -f /home/aatmaj/CENT/aim_simulator/test/example.yaml -t /home/aatmaj/CENT/experiments/dda_full_sweep/traces/32_channels_per_device/12_devices/model_parallel/Llama2-7B/trace_12_FC_devices_seqlen_1408.txt
/home/aatmaj/CENT/aim_simulator/build/ramulator2 -f /home/aatmaj/CENT/aim_simulator/test/example.yaml -t /home/aatmaj/CENT/experiments/dda_full_sweep/traces/32_channels_per_device/12_devices/model_parallel_FC/Llama2-7B/trace_12_FC_devices_seqlen_1408.txt
/home/aatmaj/CENT/aim_simulator/build/ramulator2 -f /home/aatmaj/CENT/aim_simulator/test/example.yaml -t /home/aatmaj/CENT/experiments/dda_full_sweep/traces/32_channels_per_device/12_devices/model_parallel/Llama2-7B/trace_12_FC_devices_seqlen_1536.txt
/home/aatmaj/CENT/aim_simulator/build/ramulator2 -f /home/aatmaj/CENT/aim_simulator/test/example.yaml -t /home/aatmaj/CENT/experiments/dda_full_sweep/traces/32_channels_per_device/12_devices/model_parallel_FC/Llama2-7B/trace_12_FC_devices_seqlen_1536.txt
/home/aatmaj/CENT/aim_simulator/build/ramulator2 -f /home/aatmaj/CENT/aim_simulator/test/example.yaml -t /home/aatmaj/CENT/experiments/dda_full_sweep/traces/32_channels_per_device/12_devices/model_parallel/Llama2-7B/trace_12_FC_devices_seqlen_1664.txt
/home/aatmaj/CENT/aim_simulator/build/ramulator2 -f /home/aatmaj/CENT/aim_simulator/test/example.yaml -t /home/aatmaj/CENT/experiments/dda_full_sweep/traces/32_channels_per_device/12_devices/model_parallel_FC/Llama2-7B/trace_12_FC_devices_seqlen_1664.txt
/home/aatmaj/CENT/aim_simulator/build/ramulator2 -f /home/aatmaj/CENT/aim_simulator/test/example.yaml -t /home/aatmaj/CENT/experiments/dda_full_sweep/traces/32_channels_per_device/12_devices/model_parallel/Llama2-7B/trace_12_FC_devices_seqlen_1792.txt
/home/aatmaj/CENT/aim_simulator/build/ramulator2 -f /home/aatmaj/CENT/aim_simulator/test/example.yaml -t /home/aatmaj/CENT/experiments/dda_full_sweep/traces/32_channels_per_device/12_devices/model_parallel_FC/Llama2-7B/trace_12_FC_devices_seqlen_1792.txt
/home/aatmaj/CENT/aim_simulator/build/ramulator2 -f /home/aatmaj/CENT/aim_simulator/test/example.yaml -t /home/aatmaj/CENT/experiments/dda_full_sweep/traces/32_channels_per_device/12_devices/model_parallel/Llama2-7B/trace_12_FC_devices_seqlen_1920.txt
/home/aatmaj/CENT/aim_simulator/build/ramulator2 -f /home/aatmaj/CENT/aim_simulator/test/example.yaml -t /home/aatmaj/CENT/experiments/dda_full_sweep/traces/32_channels_per_device/12_devices/model_parallel_FC/Llama2-7B/trace_12_FC_devices_seqlen_1920.txt
/home/aatmaj/CENT/aim_simulator/build/ramulator2 -f /home/aatmaj/CENT/aim_simulator/test/example.yaml -t /home/aatmaj/CENT/experiments/dda_full_sweep/traces/32_channels_per_device/12_devices/model_parallel/Llama2-7B/trace_12_FC_devices_seqlen_2048.txt
/home/aatmaj/CENT/aim_simulator/build/ramulator2 -f /home/aatmaj/CENT/aim_simulator/test/example.yaml -t /home/aatmaj/CENT/experiments/dda_full_sweep/traces/32_channels_per_device/12_devices/model_parallel_FC/Llama2-7B/trace_12_FC_devices_seqlen_2048.txt
/home/aatmaj/CENT/aim_simulator/build/ramulator2 -f /home/aatmaj/CENT/aim_simulator/test/example.yaml -t /home/aatmaj/CENT/experiments/dda_full_sweep/traces/32_channels_per_device/12_devices/model_parallel/Llama2-7B/trace_12_FC_devices_seqlen_2176.txt
/home/aatmaj/CENT/aim_simulator/build/ramulator2 -f /home/aatmaj/CENT/aim_simulator/test/example.yaml -t /home/aatmaj/CENT/experiments/dda_full_sweep/traces/32_channels_per_device/12_devices/model_parallel_FC/Llama2-7B/trace_12_FC_devices_seqlen_2176.txt
/home/aatmaj/CENT/aim_simulator/build/ramulator2 -f /home/aatmaj/CENT/aim_simulator/test/example.yaml -t /home/aatmaj/CENT/experiments/dda_full_sweep/traces/32_channels_per_device/12_devices/model_parallel/Llama2-7B/trace_12_FC_devices_seqlen_2304.txt
/home/aatmaj/CENT/aim_simulator/build/ramulator2 -f /home/aatmaj/CENT/aim_simulator/test/example.yaml -t /home/aatmaj/CENT/experiments/dda_full_sweep/traces/32_channels_per_device/12_devices/model_parallel_FC/Llama2-7B/trace_12_FC_devices_seqlen_2304.txt
/home/aatmaj/CENT/aim_simulator/build/ramulator2 -f /home/aatmaj/CENT/aim_simulator/test/example.yaml -t /home/aatmaj/CENT/experiments/dda_full_sweep/traces/32_channels_per_device/12_devices/model_parallel/Llama2-7B/trace_12_FC_devices_seqlen_2432.txt
/home/aatmaj/CENT/aim_simulator/build/ramulator2 -f /home/aatmaj/CENT/aim_simulator/test/example.yaml -t /home/aatmaj/CENT/experiments/dda_full_sweep/traces/32_channels_per_device/12_devices/model_parallel_FC/Llama2-7B/trace_12_FC_devices_seqlen_2432.txt
/home/aatmaj/CENT/aim_simulator/build/ramulator2 -f /home/aatmaj/CENT/aim_simulator/test/example.yaml -t /home/aatmaj/CENT/experiments/dda_full_sweep/traces/32_channels_per_device/12_devices/model_parallel/Llama2-7B/trace_12_FC_devices_seqlen_2560.txt
/home/aatmaj/CENT/aim_simulator/build/ramulator2 -f /home/aatmaj/CENT/aim_simulator/test/example.yaml -t /home/aatmaj/CENT/experiments/dda_full_sweep/traces/32_channels_per_device/12_devices/model_parallel_FC/Llama2-7B/trace_12_FC_devices_seqlen_2560.txt
/home/aatmaj/CENT/aim_simulator/build/ramulator2 -f /home/aatmaj/CENT/aim_simulator/test/example.yaml -t /home/aatmaj/CENT/experiments/dda_full_sweep/traces/32_channels_per_device/12_devices/model_parallel/Llama2-7B/trace_12_FC_devices_seqlen_2688.txt
/home/aatmaj/CENT/aim_simulator/build/ramulator2 -f /home/aatmaj/CENT/aim_simulator/test/example.yaml -t /home/aatmaj/CENT/experiments/dda_full_sweep/traces/32_channels_per_device/12_devices/model_parallel_FC/Llama2-7B/trace_12_FC_devices_seqlen_2688.txt
/home/aatmaj/CENT/aim_simulator/build/ramulator2 -f /home/aatmaj/CENT/aim_simulator/test/example.yaml -t /home/aatmaj/CENT/experiments/dda_full_sweep/traces/32_channels_per_device/12_devices/model_parallel/Llama2-7B/trace_12_FC_devices_seqlen_2816.txt
/home/aatmaj/CENT/aim_simulator/build/ramulator2 -f /home/aatmaj/CENT/aim_simulator/test/example.yaml -t /home/aatmaj/CENT/experiments/dda_full_sweep/traces/32_channels_per_device/12_devices/model_parallel_FC/Llama2-7B/trace_12_FC_devices_seqlen_2816.txt
/home/aatmaj/CENT/aim_simulator/build/ramulator2 -f /home/aatmaj/CENT/aim_simulator/test/example.yaml -t /home/aatmaj/CENT/experiments/dda_full_sweep/traces/32_channels_per_device/12_devices/model_parallel/Llama2-7B/trace_12_FC_devices_seqlen_2944.txt
/home/aatmaj/CENT/aim_simulator/build/ramulator2 -f /home/aatmaj/CENT/aim_simulator/test/example.yaml -t /home/aatmaj/CENT/experiments/dda_full_sweep/traces/32_channels_per_device/12_devices/model_parallel_FC/Llama2-7B/trace_12_FC_devices_seqlen_2944.txt
/home/aatmaj/CENT/aim_simulator/build/ramulator2 -f /home/aatmaj/CENT/aim_simulator/test/example.yaml -t /home/aatmaj/CENT/experiments/dda_full_sweep/traces/32_channels_per_device/12_devices/model_parallel/Llama2-7B/trace_12_FC_devices_seqlen_3072.txt
/home/aatmaj/CENT/aim_simulator/build/ramulator2 -f /home/aatmaj/CENT/aim_simulator/test/example.yaml -t /home/aatmaj/CENT/experiments/dda_full_sweep/traces/32_channels_per_device/12_devices/model_parallel_FC/Llama2-7B/trace_12_FC_devices_seqlen_3072.txt
/home/aatmaj/CENT/aim_simulator/build/ramulator2 -f /home/aatmaj/CENT/aim_simulator/test/example.yaml -t /home/aatmaj/CENT/experiments/dda_full_sweep/traces/32_channels_per_device/12_devices/model_parallel/Llama2-7B/trace_12_FC_devices_seqlen_3200.txt
/home/aatmaj/CENT/aim_simulator/build/ramulator2 -f /home/aatmaj/CENT/aim_simulator/test/example.yaml -t /home/aatmaj/CENT/experiments/dda_full_sweep/traces/32_channels_per_device/12_devices/model_parallel_FC/Llama2-7B/trace_12_FC_devices_seqlen_3200.txt
/home/aatmaj/CENT/aim_simulator/build/ramulator2 -f /home/aatmaj/CENT/aim_simulator/test/example.yaml -t /home/aatmaj/CENT/experiments/dda_full_sweep/traces/32_channels_per_device/12_devices/model_parallel/Llama2-7B/trace_12_FC_devices_seqlen_3328.txt
/home/aatmaj/CENT/aim_simulator/build/ramulator2 -f /home/aatmaj/CENT/aim_simulator/test/example.yaml -t /home/aatmaj/CENT/experiments/dda_full_sweep/traces/32_channels_per_device/12_devices/model_parallel_FC/Llama2-7B/trace_12_FC_devices_seqlen_3328.txt
/home/aatmaj/CENT/aim_simulator/build/ramulator2 -f /home/aatmaj/CENT/aim_simulator/test/example.yaml -t /home/aatmaj/CENT/experiments/dda_full_sweep/traces/32_channels_per_device/12_devices/model_parallel/Llama2-7B/trace_12_FC_devices_seqlen_3456.txt
/home/aatmaj/CENT/aim_simulator/build/ramulator2 -f /home/aatmaj/CENT/aim_simulator/test/example.yaml -t /home/aatmaj/CENT/experiments/dda_full_sweep/traces/32_channels_per_device/12_devices/model_parallel_FC/Llama2-7B/trace_12_FC_devices_seqlen_3456.txt
/home/aatmaj/CENT/aim_simulator/build/ramulator2 -f /home/aatmaj/CENT/aim_simulator/test/example.yaml -t /home/aatmaj/CENT/experiments/dda_full_sweep/traces/32_channels_per_device/12_devices/model_parallel/Llama2-7B/trace_12_FC_devices_seqlen_3584.txt
/home/aatmaj/CENT/aim_simulator/build/ramulator2 -f /home/aatmaj/CENT/aim_simulator/test/example.yaml -t /home/aatmaj/CENT/experiments/dda_full_sweep/traces/32_channels_per_device/12_devices/model_parallel_FC/Llama2-7B/trace_12_FC_devices_seqlen_3584.txt
/home/aatmaj/CENT/aim_simulator/build/ramulator2 -f /home/aatmaj/CENT/aim_simulator/test/example.yaml -t /home/aatmaj/CENT/experiments/dda_full_sweep/traces/32_channels_per_device/12_devices/model_parallel/Llama2-7B/trace_12_FC_devices_seqlen_3712.txt
/home/aatmaj/CENT/aim_simulator/build/ramulator2 -f /home/aatmaj/CENT/aim_simulator/test/example.yaml -t /home/aatmaj/CENT/experiments/dda_full_sweep/traces/32_channels_per_device/12_devices/model_parallel_FC/Llama2-7B/trace_12_FC_devices_seqlen_3712.txt
/home/aatmaj/CENT/aim_simulator/build/ramulator2 -f /home/aatmaj/CENT/aim_simulator/test/example.yaml -t /home/aatmaj/CENT/experiments/dda_full_sweep/traces/32_channels_per_device/12_devices/model_parallel/Llama2-7B/trace_12_FC_devices_seqlen_3840.txt
/home/aatmaj/CENT/aim_simulator/build/ramulator2 -f /home/aatmaj/CENT/aim_simulator/test/example.yaml -t /home/aatmaj/CENT/experiments/dda_full_sweep/traces/32_channels_per_device/12_devices/model_parallel_FC/Llama2-7B/trace_12_FC_devices_seqlen_3840.txt
/home/aatmaj/CENT/aim_simulator/build/ramulator2 -f /home/aatmaj/CENT/aim_simulator/test/example.yaml -t /home/aatmaj/CENT/experiments/dda_full_sweep/traces/32_channels_per_device/12_devices/model_parallel/Llama2-7B/trace_12_FC_devices_seqlen_3968.txt
/home/aatmaj/CENT/aim_simulator/build/ramulator2 -f /home/aatmaj/CENT/aim_simulator/test/example.yaml -t /home/aatmaj/CENT/experiments/dda_full_sweep/traces/32_channels_per_device/12_devices/model_parallel_FC/Llama2-7B/trace_12_FC_devices_seqlen_3968.txt
/home/aatmaj/CENT/aim_simulator/build/ramulator2 -f /home/aatmaj/CENT/aim_simulator/test/example.yaml -t /home/aatmaj/CENT/experiments/dda_full_sweep/traces/32_channels_per_device/12_devices/model_parallel/Llama2-7B/trace_12_FC_devices_seqlen_4096.txt
/home/aatmaj/CENT/experiments/dda_full_sweep/simulation/run_sim_full32.py:447: FutureWarning: The behavior of DataFrame concatenation with empty or all-NA entries is deprecated. In a future version, this will no longer exclude empty or all-NA columns when determining the result dtypes. To retain the old behavior, exclude the relevant entries before the concat operation.
  results_df = pd.concat([results_df, new_df], ignore_index=True)
/home/aatmaj/CENT/aim_simulator/build/ramulator2 -f /home/aatmaj/CENT/aim_simulator/test/example.yaml -t /home/aatmaj/CENT/experiments/dda_full_sweep/traces/32_channels_per_device/12_devices/model_parallel_FC/Llama2-7B/trace_12_FC_devices_seqlen_4096.txt
Processing results...
Updating simulation results to CSV...

=== Pool T | Llama2-7B | N_T=20 / 32 | TP=1, PP=layers ===
Generating traces for Llama2-7B (20 devices) ...
/home/aatmaj/CENT/aim_simulator/build/ramulator2 -f /home/aatmaj/CENT/aim_simulator/test/example.yaml -t /home/aatmaj/CENT/experiments/dda_full_sweep/traces/32_channels_per_device/20_devices/pipeline_parallel_embedding/Llama2-7B/trace_16_channels_per_block_seqlen_4096.txt
/home/aatmaj/CENT/aim_simulator/build/ramulator2 -f /home/aatmaj/CENT/aim_simulator/test/example.yaml -t /home/aatmaj/CENT/experiments/dda_full_sweep/traces/32_channels_per_device/20_devices/pipeline_parallel/Llama2-7B/trace_16_channels_per_block_seqlen_128.txt
/home/aatmaj/CENT/aim_simulator/build/ramulator2 -f /home/aatmaj/CENT/aim_simulator/test/example.yaml -t /home/aatmaj/CENT/experiments/dda_full_sweep/traces/32_channels_per_device/20_devices/pipeline_parallel/Llama2-7B/trace_16_channels_per_block_seqlen_256.txt
/home/aatmaj/CENT/aim_simulator/build/ramulator2 -f /home/aatmaj/CENT/aim_simulator/test/example.yaml -t /home/aatmaj/CENT/experiments/dda_full_sweep/traces/32_channels_per_device/20_devices/pipeline_parallel/Llama2-7B/trace_16_channels_per_block_seqlen_384.txt
/home/aatmaj/CENT/aim_simulator/build/ramulator2 -f /home/aatmaj/CENT/aim_simulator/test/example.yaml -t /home/aatmaj/CENT/experiments/dda_full_sweep/traces/32_channels_per_device/20_devices/pipeline_parallel/Llama2-7B/trace_16_channels_per_block_seqlen_512.txt
/home/aatmaj/CENT/aim_simulator/build/ramulator2 -f /home/aatmaj/CENT/aim_simulator/test/example.yaml -t /home/aatmaj/CENT/experiments/dda_full_sweep/traces/32_channels_per_device/20_devices/pipeline_parallel/Llama2-7B/trace_16_channels_per_block_seqlen_640.txt
/home/aatmaj/CENT/aim_simulator/build/ramulator2 -f /home/aatmaj/CENT/aim_simulator/test/example.yaml -t /home/aatmaj/CENT/experiments/dda_full_sweep/traces/32_channels_per_device/20_devices/pipeline_parallel/Llama2-7B/trace_16_channels_per_block_seqlen_768.txt
/home/aatmaj/CENT/aim_simulator/build/ramulator2 -f /home/aatmaj/CENT/aim_simulator/test/example.yaml -t /home/aatmaj/CENT/experiments/dda_full_sweep/traces/32_channels_per_device/20_devices/pipeline_parallel/Llama2-7B/trace_16_channels_per_block_seqlen_896.txt
/home/aatmaj/CENT/aim_simulator/build/ramulator2 -f /home/aatmaj/CENT/aim_simulator/test/example.yaml -t /home/aatmaj/CENT/experiments/dda_full_sweep/traces/32_channels_per_device/20_devices/pipeline_parallel/Llama2-7B/trace_16_channels_per_block_seqlen_1024.txt
/home/aatmaj/CENT/aim_simulator/build/ramulator2 -f /home/aatmaj/CENT/aim_simulator/test/example.yaml -t /home/aatmaj/CENT/experiments/dda_full_sweep/traces/32_channels_per_device/20_devices/pipeline_parallel/Llama2-7B/trace_16_channels_per_block_seqlen_1152.txt
/home/aatmaj/CENT/aim_simulator/build/ramulator2 -f /home/aatmaj/CENT/aim_simulator/test/example.yaml -t /home/aatmaj/CENT/experiments/dda_full_sweep/traces/32_channels_per_device/20_devices/pipeline_parallel/Llama2-7B/trace_16_channels_per_block_seqlen_1280.txt
/home/aatmaj/CENT/aim_simulator/build/ramulator2 -f /home/aatmaj/CENT/aim_simulator/test/example.yaml -t /home/aatmaj/CENT/experiments/dda_full_sweep/traces/32_channels_per_device/20_devices/pipeline_parallel/Llama2-7B/trace_16_channels_per_block_seqlen_1408.txt
/home/aatmaj/CENT/aim_simulator/build/ramulator2 -f /home/aatmaj/CENT/aim_simulator/test/example.yaml -t /home/aatmaj/CENT/experiments/dda_full_sweep/traces/32_channels_per_device/20_devices/pipeline_parallel/Llama2-7B/trace_16_channels_per_block_seqlen_1536.txt
/home/aatmaj/CENT/aim_simulator/build/ramulator2 -f /home/aatmaj/CENT/aim_simulator/test/example.yaml -t /home/aatmaj/CENT/experiments/dda_full_sweep/traces/32_channels_per_device/20_devices/pipeline_parallel/Llama2-7B/trace_16_channels_per_block_seqlen_1664.txt
/home/aatmaj/CENT/aim_simulator/build/ramulator2 -f /home/aatmaj/CENT/aim_simulator/test/example.yaml -t /home/aatmaj/CENT/experiments/dda_full_sweep/traces/32_channels_per_device/20_devices/pipeline_parallel/Llama2-7B/trace_16_channels_per_block_seqlen_1792.txt
/home/aatmaj/CENT/aim_simulator/build/ramulator2 -f /home/aatmaj/CENT/aim_simulator/test/example.yaml -t /home/aatmaj/CENT/experiments/dda_full_sweep/traces/32_channels_per_device/20_devices/pipeline_parallel/Llama2-7B/trace_16_channels_per_block_seqlen_1920.txt
/home/aatmaj/CENT/aim_simulator/build/ramulator2 -f /home/aatmaj/CENT/aim_simulator/test/example.yaml -t /home/aatmaj/CENT/experiments/dda_full_sweep/traces/32_channels_per_device/20_devices/pipeline_parallel/Llama2-7B/trace_16_channels_per_block_seqlen_2048.txt
/home/aatmaj/CENT/aim_simulator/build/ramulator2 -f /home/aatmaj/CENT/aim_simulator/test/example.yaml -t /home/aatmaj/CENT/experiments/dda_full_sweep/traces/32_channels_per_device/20_devices/pipeline_parallel/Llama2-7B/trace_16_channels_per_block_seqlen_2176.txt
/home/aatmaj/CENT/aim_simulator/build/ramulator2 -f /home/aatmaj/CENT/aim_simulator/test/example.yaml -t /home/aatmaj/CENT/experiments/dda_full_sweep/traces/32_channels_per_device/20_devices/pipeline_parallel/Llama2-7B/trace_16_channels_per_block_seqlen_2304.txt
/home/aatmaj/CENT/aim_simulator/build/ramulator2 -f /home/aatmaj/CENT/aim_simulator/test/example.yaml -t /home/aatmaj/CENT/experiments/dda_full_sweep/traces/32_channels_per_device/20_devices/pipeline_parallel/Llama2-7B/trace_16_channels_per_block_seqlen_2432.txt
/home/aatmaj/CENT/aim_simulator/build/ramulator2 -f /home/aatmaj/CENT/aim_simulator/test/example.yaml -t /home/aatmaj/CENT/experiments/dda_full_sweep/traces/32_channels_per_device/20_devices/pipeline_parallel/Llama2-7B/trace_16_channels_per_block_seqlen_2560.txt
/home/aatmaj/CENT/aim_simulator/build/ramulator2 -f /home/aatmaj/CENT/aim_simulator/test/example.yaml -t /home/aatmaj/CENT/experiments/dda_full_sweep/traces/32_channels_per_device/20_devices/pipeline_parallel/Llama2-7B/trace_16_channels_per_block_seqlen_2688.txt
/home/aatmaj/CENT/aim_simulator/build/ramulator2 -f /home/aatmaj/CENT/aim_simulator/test/example.yaml -t /home/aatmaj/CENT/experiments/dda_full_sweep/traces/32_channels_per_device/20_devices/pipeline_parallel/Llama2-7B/trace_16_channels_per_block_seqlen_2816.txt
/home/aatmaj/CENT/aim_simulator/build/ramulator2 -f /home/aatmaj/CENT/aim_simulator/test/example.yaml -t /home/aatmaj/CENT/experiments/dda_full_sweep/traces/32_channels_per_device/20_devices/pipeline_parallel/Llama2-7B/trace_16_channels_per_block_seqlen_2944.txt
/home/aatmaj/CENT/aim_simulator/build/ramulator2 -f /home/aatmaj/CENT/aim_simulator/test/example.yaml -t /home/aatmaj/CENT/experiments/dda_full_sweep/traces/32_channels_per_device/20_devices/pipeline_parallel/Llama2-7B/trace_16_channels_per_block_seqlen_3072.txt
/home/aatmaj/CENT/aim_simulator/build/ramulator2 -f /home/aatmaj/CENT/aim_simulator/test/example.yaml -t /home/aatmaj/CENT/experiments/dda_full_sweep/traces/32_channels_per_device/20_devices/pipeline_parallel/Llama2-7B/trace_16_channels_per_block_seqlen_3200.txt
/home/aatmaj/CENT/aim_simulator/build/ramulator2 -f /home/aatmaj/CENT/aim_simulator/test/example.yaml -t /home/aatmaj/CENT/experiments/dda_full_sweep/traces/32_channels_per_device/20_devices/pipeline_parallel/Llama2-7B/trace_16_channels_per_block_seqlen_3328.txt
/home/aatmaj/CENT/aim_simulator/build/ramulator2 -f /home/aatmaj/CENT/aim_simulator/test/example.yaml -t /home/aatmaj/CENT/experiments/dda_full_sweep/traces/32_channels_per_device/20_devices/pipeline_parallel/Llama2-7B/trace_16_channels_per_block_seqlen_3456.txt
/home/aatmaj/CENT/aim_simulator/build/ramulator2 -f /home/aatmaj/CENT/aim_simulator/test/example.yaml -t /home/aatmaj/CENT/experiments/dda_full_sweep/traces/32_channels_per_device/20_devices/pipeline_parallel/Llama2-7B/trace_16_channels_per_block_seqlen_3584.txt
/home/aatmaj/CENT/aim_simulator/build/ramulator2 -f /home/aatmaj/CENT/aim_simulator/test/example.yaml -t /home/aatmaj/CENT/experiments/dda_full_sweep/traces/32_channels_per_device/20_devices/pipeline_parallel/Llama2-7B/trace_16_channels_per_block_seqlen_3712.txt
/home/aatmaj/CENT/experiments/dda_full_sweep/simulation/run_sim_full32.py:460: FutureWarning: The behavior of DataFrame concatenation with empty or all-NA entries is deprecated. In a future version, this will no longer exclude empty or all-NA columns when determining the result dtypes. To retain the old behavior, exclude the relevant entries before the concat operation.
  results_df = pd.concat([results_df, new_df], ignore_index=True)
/home/aatmaj/CENT/aim_simulator/build/ramulator2 -f /home/aatmaj/CENT/aim_simulator/test/example.yaml -t /home/aatmaj/CENT/experiments/dda_full_sweep/traces/32_channels_per_device/20_devices/pipeline_parallel/Llama2-7B/trace_16_channels_per_block_seqlen_3840.txt
/home/aatmaj/CENT/aim_simulator/build/ramulator2 -f /home/aatmaj/CENT/aim_simulator/test/example.yaml -t /home/aatmaj/CENT/experiments/dda_full_sweep/traces/32_channels_per_device/20_devices/pipeline_parallel/Llama2-7B/trace_16_channels_per_block_seqlen_3968.txt
/home/aatmaj/CENT/aim_simulator/build/ramulator2 -f /home/aatmaj/CENT/aim_simulator/test/example.yaml -t /home/aatmaj/CENT/experiments/dda_full_sweep/traces/32_channels_per_device/20_devices/pipeline_parallel/Llama2-7B/trace_16_channels_per_block_seqlen_4096.txt
Processing results...
Updating simulation results to CSV...

=== Pool L | Llama2-7B | N_L=16 / 32 | TP=16, PP=1 ===
/home/aatmaj/CENT/experiments/dda_full_sweep/simulation/run_sim_full32.py:447: FutureWarning: The behavior of DataFrame concatenation with empty or all-NA entries is deprecated. In a future version, this will no longer exclude empty or all-NA columns when determining the result dtypes. To retain the old behavior, exclude the relevant entries before the concat operation.
  results_df = pd.concat([results_df, new_df], ignore_index=True)
Generating traces for Llama2-7B (16 devices) ...
Processing results...
Updating simulation results to CSV...

=== Pool T | Llama2-7B | N_T=16 / 32 | TP=1, PP=layers ===
/home/aatmaj/CENT/experiments/dda_full_sweep/simulation/run_sim_full32.py:460: FutureWarning: The behavior of DataFrame concatenation with empty or all-NA entries is deprecated. In a future version, this will no longer exclude empty or all-NA columns when determining the result dtypes. To retain the old behavior, exclude the relevant entries before the concat operation.
  results_df = pd.concat([results_df, new_df], ignore_index=True)
Generating traces for Llama2-7B (16 devices) ...
Processing results...
Updating simulation results to CSV...

=== Pool L | Llama2-7B | N_L=20 / 32 | TP=20, PP=1 ===
Generating traces for Llama2-7B (20 devices) ...
/home/aatmaj/CENT/aim_simulator/build/ramulator2 -f /home/aatmaj/CENT/aim_simulator/test/example.yaml -t /home/aatmaj/CENT/experiments/dda_full_sweep/traces/32_channels_per_device/20_devices/model_parallel_embedding/Llama2-7B/trace_20_FC_devices_seqlen_4096.txt
/home/aatmaj/CENT/aim_simulator/build/ramulator2 -f /home/aatmaj/CENT/aim_simulator/test/example.yaml -t /home/aatmaj/CENT/experiments/dda_full_sweep/traces/32_channels_per_device/20_devices/model_parallel/Llama2-7B/trace_20_FC_devices_seqlen_128.txt
/home/aatmaj/CENT/aim_simulator/build/ramulator2 -f /home/aatmaj/CENT/aim_simulator/test/example.yaml -t /home/aatmaj/CENT/experiments/dda_full_sweep/traces/32_channels_per_device/20_devices/model_parallel_FC/Llama2-7B/trace_20_FC_devices_seqlen_128.txt
/home/aatmaj/CENT/aim_simulator/build/ramulator2 -f /home/aatmaj/CENT/aim_simulator/test/example.yaml -t /home/aatmaj/CENT/experiments/dda_full_sweep/traces/32_channels_per_device/20_devices/model_parallel/Llama2-7B/trace_20_FC_devices_seqlen_256.txt
/home/aatmaj/CENT/aim_simulator/build/ramulator2 -f /home/aatmaj/CENT/aim_simulator/test/example.yaml -t /home/aatmaj/CENT/experiments/dda_full_sweep/traces/32_channels_per_device/20_devices/model_parallel_FC/Llama2-7B/trace_20_FC_devices_seqlen_256.txt
/home/aatmaj/CENT/aim_simulator/build/ramulator2 -f /home/aatmaj/CENT/aim_simulator/test/example.yaml -t /home/aatmaj/CENT/experiments/dda_full_sweep/traces/32_channels_per_device/20_devices/model_parallel/Llama2-7B/trace_20_FC_devices_seqlen_384.txt
/home/aatmaj/CENT/aim_simulator/build/ramulator2 -f /home/aatmaj/CENT/aim_simulator/test/example.yaml -t /home/aatmaj/CENT/experiments/dda_full_sweep/traces/32_channels_per_device/20_devices/model_parallel_FC/Llama2-7B/trace_20_FC_devices_seqlen_384.txt
/home/aatmaj/CENT/aim_simulator/build/ramulator2 -f /home/aatmaj/CENT/aim_simulator/test/example.yaml -t /home/aatmaj/CENT/experiments/dda_full_sweep/traces/32_channels_per_device/20_devices/model_parallel/Llama2-7B/trace_20_FC_devices_seqlen_512.txt
/home/aatmaj/CENT/aim_simulator/build/ramulator2 -f /home/aatmaj/CENT/aim_simulator/test/example.yaml -t /home/aatmaj/CENT/experiments/dda_full_sweep/traces/32_channels_per_device/20_devices/model_parallel_FC/Llama2-7B/trace_20_FC_devices_seqlen_512.txt
/home/aatmaj/CENT/aim_simulator/build/ramulator2 -f /home/aatmaj/CENT/aim_simulator/test/example.yaml -t /home/aatmaj/CENT/experiments/dda_full_sweep/traces/32_channels_per_device/20_devices/model_parallel/Llama2-7B/trace_20_FC_devices_seqlen_640.txt
/home/aatmaj/CENT/aim_simulator/build/ramulator2 -f /home/aatmaj/CENT/aim_simulator/test/example.yaml -t /home/aatmaj/CENT/experiments/dda_full_sweep/traces/32_channels_per_device/20_devices/model_parallel_FC/Llama2-7B/trace_20_FC_devices_seqlen_640.txt
/home/aatmaj/CENT/aim_simulator/build/ramulator2 -f /home/aatmaj/CENT/aim_simulator/test/example.yaml -t /home/aatmaj/CENT/experiments/dda_full_sweep/traces/32_channels_per_device/20_devices/model_parallel/Llama2-7B/trace_20_FC_devices_seqlen_768.txt
/home/aatmaj/CENT/aim_simulator/build/ramulator2 -f /home/aatmaj/CENT/aim_simulator/test/example.yaml -t /home/aatmaj/CENT/experiments/dda_full_sweep/traces/32_channels_per_device/20_devices/model_parallel_FC/Llama2-7B/trace_20_FC_devices_seqlen_768.txt
/home/aatmaj/CENT/aim_simulator/build/ramulator2 -f /home/aatmaj/CENT/aim_simulator/test/example.yaml -t /home/aatmaj/CENT/experiments/dda_full_sweep/traces/32_channels_per_device/20_devices/model_parallel/Llama2-7B/trace_20_FC_devices_seqlen_896.txt
/home/aatmaj/CENT/aim_simulator/build/ramulator2 -f /home/aatmaj/CENT/aim_simulator/test/example.yaml -t /home/aatmaj/CENT/experiments/dda_full_sweep/traces/32_channels_per_device/20_devices/model_parallel_FC/Llama2-7B/trace_20_FC_devices_seqlen_896.txt
/home/aatmaj/CENT/aim_simulator/build/ramulator2 -f /home/aatmaj/CENT/aim_simulator/test/example.yaml -t /home/aatmaj/CENT/experiments/dda_full_sweep/traces/32_channels_per_device/20_devices/model_parallel/Llama2-7B/trace_20_FC_devices_seqlen_1024.txt
/home/aatmaj/CENT/aim_simulator/build/ramulator2 -f /home/aatmaj/CENT/aim_simulator/test/example.yaml -t /home/aatmaj/CENT/experiments/dda_full_sweep/traces/32_channels_per_device/20_devices/model_parallel_FC/Llama2-7B/trace_20_FC_devices_seqlen_1024.txt
/home/aatmaj/CENT/aim_simulator/build/ramulator2 -f /home/aatmaj/CENT/aim_simulator/test/example.yaml -t /home/aatmaj/CENT/experiments/dda_full_sweep/traces/32_channels_per_device/20_devices/model_parallel/Llama2-7B/trace_20_FC_devices_seqlen_1152.txt
/home/aatmaj/CENT/aim_simulator/build/ramulator2 -f /home/aatmaj/CENT/aim_simulator/test/example.yaml -t /home/aatmaj/CENT/experiments/dda_full_sweep/traces/32_channels_per_device/20_devices/model_parallel_FC/Llama2-7B/trace_20_FC_devices_seqlen_1152.txt
/home/aatmaj/CENT/aim_simulator/build/ramulator2 -f /home/aatmaj/CENT/aim_simulator/test/example.yaml -t /home/aatmaj/CENT/experiments/dda_full_sweep/traces/32_channels_per_device/20_devices/model_parallel/Llama2-7B/trace_20_FC_devices_seqlen_1280.txt
/home/aatmaj/CENT/aim_simulator/build/ramulator2 -f /home/aatmaj/CENT/aim_simulator/test/example.yaml -t /home/aatmaj/CENT/experiments/dda_full_sweep/traces/32_channels_per_device/20_devices/model_parallel_FC/Llama2-7B/trace_20_FC_devices_seqlen_1280.txt
/home/aatmaj/CENT/aim_simulator/build/ramulator2 -f /home/aatmaj/CENT/aim_simulator/test/example.yaml -t /home/aatmaj/CENT/experiments/dda_full_sweep/traces/32_channels_per_device/20_devices/model_parallel/Llama2-7B/trace_20_FC_devices_seqlen_1408.txt
/home/aatmaj/CENT/aim_simulator/build/ramulator2 -f /home/aatmaj/CENT/aim_simulator/test/example.yaml -t /home/aatmaj/CENT/experiments/dda_full_sweep/traces/32_channels_per_device/20_devices/model_parallel_FC/Llama2-7B/trace_20_FC_devices_seqlen_1408.txt
/home/aatmaj/CENT/aim_simulator/build/ramulator2 -f /home/aatmaj/CENT/aim_simulator/test/example.yaml -t /home/aatmaj/CENT/experiments/dda_full_sweep/traces/32_channels_per_device/20_devices/model_parallel/Llama2-7B/trace_20_FC_devices_seqlen_1536.txt
/home/aatmaj/CENT/aim_simulator/build/ramulator2 -f /home/aatmaj/CENT/aim_simulator/test/example.yaml -t /home/aatmaj/CENT/experiments/dda_full_sweep/traces/32_channels_per_device/20_devices/model_parallel_FC/Llama2-7B/trace_20_FC_devices_seqlen_1536.txt
/home/aatmaj/CENT/aim_simulator/build/ramulator2 -f /home/aatmaj/CENT/aim_simulator/test/example.yaml -t /home/aatmaj/CENT/experiments/dda_full_sweep/traces/32_channels_per_device/20_devices/model_parallel/Llama2-7B/trace_20_FC_devices_seqlen_1664.txt
/home/aatmaj/CENT/aim_simulator/build/ramulator2 -f /home/aatmaj/CENT/aim_simulator/test/example.yaml -t /home/aatmaj/CENT/experiments/dda_full_sweep/traces/32_channels_per_device/20_devices/model_parallel_FC/Llama2-7B/trace_20_FC_devices_seqlen_1664.txt
/home/aatmaj/CENT/aim_simulator/build/ramulator2 -f /home/aatmaj/CENT/aim_simulator/test/example.yaml -t /home/aatmaj/CENT/experiments/dda_full_sweep/traces/32_channels_per_device/20_devices/model_parallel/Llama2-7B/trace_20_FC_devices_seqlen_1792.txt
/home/aatmaj/CENT/aim_simulator/build/ramulator2 -f /home/aatmaj/CENT/aim_simulator/test/example.yaml -t /home/aatmaj/CENT/experiments/dda_full_sweep/traces/32_channels_per_device/20_devices/model_parallel_FC/Llama2-7B/trace_20_FC_devices_seqlen_1792.txt
/home/aatmaj/CENT/aim_simulator/build/ramulator2 -f /home/aatmaj/CENT/aim_simulator/test/example.yaml -t /home/aatmaj/CENT/experiments/dda_full_sweep/traces/32_channels_per_device/20_devices/model_parallel/Llama2-7B/trace_20_FC_devices_seqlen_1920.txt
/home/aatmaj/CENT/aim_simulator/build/ramulator2 -f /home/aatmaj/CENT/aim_simulator/test/example.yaml -t /home/aatmaj/CENT/experiments/dda_full_sweep/traces/32_channels_per_device/20_devices/model_parallel_FC/Llama2-7B/trace_20_FC_devices_seqlen_1920.txt
/home/aatmaj/CENT/aim_simulator/build/ramulator2 -f /home/aatmaj/CENT/aim_simulator/test/example.yaml -t /home/aatmaj/CENT/experiments/dda_full_sweep/traces/32_channels_per_device/20_devices/model_parallel/Llama2-7B/trace_20_FC_devices_seqlen_2048.txt
/home/aatmaj/CENT/aim_simulator/build/ramulator2 -f /home/aatmaj/CENT/aim_simulator/test/example.yaml -t /home/aatmaj/CENT/experiments/dda_full_sweep/traces/32_channels_per_device/20_devices/model_parallel_FC/Llama2-7B/trace_20_FC_devices_seqlen_2048.txt
/home/aatmaj/CENT/aim_simulator/build/ramulator2 -f /home/aatmaj/CENT/aim_simulator/test/example.yaml -t /home/aatmaj/CENT/experiments/dda_full_sweep/traces/32_channels_per_device/20_devices/model_parallel/Llama2-7B/trace_20_FC_devices_seqlen_2176.txt
/home/aatmaj/CENT/aim_simulator/build/ramulator2 -f /home/aatmaj/CENT/aim_simulator/test/example.yaml -t /home/aatmaj/CENT/experiments/dda_full_sweep/traces/32_channels_per_device/20_devices/model_parallel_FC/Llama2-7B/trace_20_FC_devices_seqlen_2176.txt
/home/aatmaj/CENT/aim_simulator/build/ramulator2 -f /home/aatmaj/CENT/aim_simulator/test/example.yaml -t /home/aatmaj/CENT/experiments/dda_full_sweep/traces/32_channels_per_device/20_devices/model_parallel/Llama2-7B/trace_20_FC_devices_seqlen_2304.txt
/home/aatmaj/CENT/aim_simulator/build/ramulator2 -f /home/aatmaj/CENT/aim_simulator/test/example.yaml -t /home/aatmaj/CENT/experiments/dda_full_sweep/traces/32_channels_per_device/20_devices/model_parallel_FC/Llama2-7B/trace_20_FC_devices_seqlen_2304.txt
/home/aatmaj/CENT/aim_simulator/build/ramulator2 -f /home/aatmaj/CENT/aim_simulator/test/example.yaml -t /home/aatmaj/CENT/experiments/dda_full_sweep/traces/32_channels_per_device/20_devices/model_parallel/Llama2-7B/trace_20_FC_devices_seqlen_2432.txt
/home/aatmaj/CENT/aim_simulator/build/ramulator2 -f /home/aatmaj/CENT/aim_simulator/test/example.yaml -t /home/aatmaj/CENT/experiments/dda_full_sweep/traces/32_channels_per_device/20_devices/model_parallel_FC/Llama2-7B/trace_20_FC_devices_seqlen_2432.txt
/home/aatmaj/CENT/aim_simulator/build/ramulator2 -f /home/aatmaj/CENT/aim_simulator/test/example.yaml -t /home/aatmaj/CENT/experiments/dda_full_sweep/traces/32_channels_per_device/20_devices/model_parallel/Llama2-7B/trace_20_FC_devices_seqlen_2560.txt
/home/aatmaj/CENT/aim_simulator/build/ramulator2 -f /home/aatmaj/CENT/aim_simulator/test/example.yaml -t /home/aatmaj/CENT/experiments/dda_full_sweep/traces/32_channels_per_device/20_devices/model_parallel_FC/Llama2-7B/trace_20_FC_devices_seqlen_2560.txt
/home/aatmaj/CENT/aim_simulator/build/ramulator2 -f /home/aatmaj/CENT/aim_simulator/test/example.yaml -t /home/aatmaj/CENT/experiments/dda_full_sweep/traces/32_channels_per_device/20_devices/model_parallel/Llama2-7B/trace_20_FC_devices_seqlen_2688.txt
/home/aatmaj/CENT/aim_simulator/build/ramulator2 -f /home/aatmaj/CENT/aim_simulator/test/example.yaml -t /home/aatmaj/CENT/experiments/dda_full_sweep/traces/32_channels_per_device/20_devices/model_parallel_FC/Llama2-7B/trace_20_FC_devices_seqlen_2688.txt
/home/aatmaj/CENT/aim_simulator/build/ramulator2 -f /home/aatmaj/CENT/aim_simulator/test/example.yaml -t /home/aatmaj/CENT/experiments/dda_full_sweep/traces/32_channels_per_device/20_devices/model_parallel/Llama2-7B/trace_20_FC_devices_seqlen_2816.txt
/home/aatmaj/CENT/aim_simulator/build/ramulator2 -f /home/aatmaj/CENT/aim_simulator/test/example.yaml -t /home/aatmaj/CENT/experiments/dda_full_sweep/traces/32_channels_per_device/20_devices/model_parallel_FC/Llama2-7B/trace_20_FC_devices_seqlen_2816.txt
/home/aatmaj/CENT/aim_simulator/build/ramulator2 -f /home/aatmaj/CENT/aim_simulator/test/example.yaml -t /home/aatmaj/CENT/experiments/dda_full_sweep/traces/32_channels_per_device/20_devices/model_parallel/Llama2-7B/trace_20_FC_devices_seqlen_2944.txt
/home/aatmaj/CENT/aim_simulator/build/ramulator2 -f /home/aatmaj/CENT/aim_simulator/test/example.yaml -t /home/aatmaj/CENT/experiments/dda_full_sweep/traces/32_channels_per_device/20_devices/model_parallel_FC/Llama2-7B/trace_20_FC_devices_seqlen_2944.txt
/home/aatmaj/CENT/aim_simulator/build/ramulator2 -f /home/aatmaj/CENT/aim_simulator/test/example.yaml -t /home/aatmaj/CENT/experiments/dda_full_sweep/traces/32_channels_per_device/20_devices/model_parallel/Llama2-7B/trace_20_FC_devices_seqlen_3072.txt
/home/aatmaj/CENT/aim_simulator/build/ramulator2 -f /home/aatmaj/CENT/aim_simulator/test/example.yaml -t /home/aatmaj/CENT/experiments/dda_full_sweep/traces/32_channels_per_device/20_devices/model_parallel_FC/Llama2-7B/trace_20_FC_devices_seqlen_3072.txt
/home/aatmaj/CENT/aim_simulator/build/ramulator2 -f /home/aatmaj/CENT/aim_simulator/test/example.yaml -t /home/aatmaj/CENT/experiments/dda_full_sweep/traces/32_channels_per_device/20_devices/model_parallel/Llama2-7B/trace_20_FC_devices_seqlen_3200.txt
/home/aatmaj/CENT/aim_simulator/build/ramulator2 -f /home/aatmaj/CENT/aim_simulator/test/example.yaml -t /home/aatmaj/CENT/experiments/dda_full_sweep/traces/32_channels_per_device/20_devices/model_parallel_FC/Llama2-7B/trace_20_FC_devices_seqlen_3200.txt
/home/aatmaj/CENT/aim_simulator/build/ramulator2 -f /home/aatmaj/CENT/aim_simulator/test/example.yaml -t /home/aatmaj/CENT/experiments/dda_full_sweep/traces/32_channels_per_device/20_devices/model_parallel/Llama2-7B/trace_20_FC_devices_seqlen_3328.txt
/home/aatmaj/CENT/aim_simulator/build/ramulator2 -f /home/aatmaj/CENT/aim_simulator/test/example.yaml -t /home/aatmaj/CENT/experiments/dda_full_sweep/traces/32_channels_per_device/20_devices/model_parallel_FC/Llama2-7B/trace_20_FC_devices_seqlen_3328.txt
/home/aatmaj/CENT/aim_simulator/build/ramulator2 -f /home/aatmaj/CENT/aim_simulator/test/example.yaml -t /home/aatmaj/CENT/experiments/dda_full_sweep/traces/32_channels_per_device/20_devices/model_parallel/Llama2-7B/trace_20_FC_devices_seqlen_3456.txt
/home/aatmaj/CENT/aim_simulator/build/ramulator2 -f /home/aatmaj/CENT/aim_simulator/test/example.yaml -t /home/aatmaj/CENT/experiments/dda_full_sweep/traces/32_channels_per_device/20_devices/model_parallel_FC/Llama2-7B/trace_20_FC_devices_seqlen_3456.txt
/home/aatmaj/CENT/aim_simulator/build/ramulator2 -f /home/aatmaj/CENT/aim_simulator/test/example.yaml -t /home/aatmaj/CENT/experiments/dda_full_sweep/traces/32_channels_per_device/20_devices/model_parallel/Llama2-7B/trace_20_FC_devices_seqlen_3584.txt
/home/aatmaj/CENT/aim_simulator/build/ramulator2 -f /home/aatmaj/CENT/aim_simulator/test/example.yaml -t /home/aatmaj/CENT/experiments/dda_full_sweep/traces/32_channels_per_device/20_devices/model_parallel_FC/Llama2-7B/trace_20_FC_devices_seqlen_3584.txt
/home/aatmaj/CENT/aim_simulator/build/ramulator2 -f /home/aatmaj/CENT/aim_simulator/test/example.yaml -t /home/aatmaj/CENT/experiments/dda_full_sweep/traces/32_channels_per_device/20_devices/model_parallel/Llama2-7B/trace_20_FC_devices_seqlen_3712.txt
/home/aatmaj/CENT/aim_simulator/build/ramulator2 -f /home/aatmaj/CENT/aim_simulator/test/example.yaml -t /home/aatmaj/CENT/experiments/dda_full_sweep/traces/32_channels_per_device/20_devices/model_parallel_FC/Llama2-7B/trace_20_FC_devices_seqlen_3712.txt
/home/aatmaj/CENT/aim_simulator/build/ramulator2 -f /home/aatmaj/CENT/aim_simulator/test/example.yaml -t /home/aatmaj/CENT/experiments/dda_full_sweep/traces/32_channels_per_device/20_devices/model_parallel/Llama2-7B/trace_20_FC_devices_seqlen_3840.txt
/home/aatmaj/CENT/aim_simulator/build/ramulator2 -f /home/aatmaj/CENT/aim_simulator/test/example.yaml -t /home/aatmaj/CENT/experiments/dda_full_sweep/traces/32_channels_per_device/20_devices/model_parallel_FC/Llama2-7B/trace_20_FC_devices_seqlen_3840.txt
/home/aatmaj/CENT/aim_simulator/build/ramulator2 -f /home/aatmaj/CENT/aim_simulator/test/example.yaml -t /home/aatmaj/CENT/experiments/dda_full_sweep/traces/32_channels_per_device/20_devices/model_parallel/Llama2-7B/trace_20_FC_devices_seqlen_3968.txt
/home/aatmaj/CENT/aim_simulator/build/ramulator2 -f /home/aatmaj/CENT/aim_simulator/test/example.yaml -t /home/aatmaj/CENT/experiments/dda_full_sweep/traces/32_channels_per_device/20_devices/model_parallel_FC/Llama2-7B/trace_20_FC_devices_seqlen_3968.txt
/home/aatmaj/CENT/aim_simulator/build/ramulator2 -f /home/aatmaj/CENT/aim_simulator/test/example.yaml -t /home/aatmaj/CENT/experiments/dda_full_sweep/traces/32_channels_per_device/20_devices/model_parallel/Llama2-7B/trace_20_FC_devices_seqlen_4096.txt
/home/aatmaj/CENT/experiments/dda_full_sweep/simulation/run_sim_full32.py:447: FutureWarning: The behavior of DataFrame concatenation with empty or all-NA entries is deprecated. In a future version, this will no longer exclude empty or all-NA columns when determining the result dtypes. To retain the old behavior, exclude the relevant entries before the concat operation.
  results_df = pd.concat([results_df, new_df], ignore_index=True)
/home/aatmaj/CENT/aim_simulator/build/ramulator2 -f /home/aatmaj/CENT/aim_simulator/test/example.yaml -t /home/aatmaj/CENT/experiments/dda_full_sweep/traces/32_channels_per_device/20_devices/model_parallel_FC/Llama2-7B/trace_20_FC_devices_seqlen_4096.txt
Processing results...
Updating simulation results to CSV...

=== Pool T | Llama2-7B | N_T=12 / 32 | TP=1, PP=layers ===
Generating traces for Llama2-7B (12 devices) ...
/home/aatmaj/CENT/aim_simulator/build/ramulator2 -f /home/aatmaj/CENT/aim_simulator/test/example.yaml -t /home/aatmaj/CENT/experiments/dda_full_sweep/traces/32_channels_per_device/12_devices/pipeline_parallel_embedding/Llama2-7B/trace_10_channels_per_block_seqlen_4096.txt
/home/aatmaj/CENT/aim_simulator/build/ramulator2 -f /home/aatmaj/CENT/aim_simulator/test/example.yaml -t /home/aatmaj/CENT/experiments/dda_full_sweep/traces/32_channels_per_device/12_devices/pipeline_parallel/Llama2-7B/trace_10_channels_per_block_seqlen_128.txt
/home/aatmaj/CENT/aim_simulator/build/ramulator2 -f /home/aatmaj/CENT/aim_simulator/test/example.yaml -t /home/aatmaj/CENT/experiments/dda_full_sweep/traces/32_channels_per_device/12_devices/pipeline_parallel/Llama2-7B/trace_10_channels_per_block_seqlen_256.txt
/home/aatmaj/CENT/aim_simulator/build/ramulator2 -f /home/aatmaj/CENT/aim_simulator/test/example.yaml -t /home/aatmaj/CENT/experiments/dda_full_sweep/traces/32_channels_per_device/12_devices/pipeline_parallel/Llama2-7B/trace_10_channels_per_block_seqlen_384.txt
/home/aatmaj/CENT/aim_simulator/build/ramulator2 -f /home/aatmaj/CENT/aim_simulator/test/example.yaml -t /home/aatmaj/CENT/experiments/dda_full_sweep/traces/32_channels_per_device/12_devices/pipeline_parallel/Llama2-7B/trace_10_channels_per_block_seqlen_512.txt
/home/aatmaj/CENT/aim_simulator/build/ramulator2 -f /home/aatmaj/CENT/aim_simulator/test/example.yaml -t /home/aatmaj/CENT/experiments/dda_full_sweep/traces/32_channels_per_device/12_devices/pipeline_parallel/Llama2-7B/trace_10_channels_per_block_seqlen_640.txt
/home/aatmaj/CENT/aim_simulator/build/ramulator2 -f /home/aatmaj/CENT/aim_simulator/test/example.yaml -t /home/aatmaj/CENT/experiments/dda_full_sweep/traces/32_channels_per_device/12_devices/pipeline_parallel/Llama2-7B/trace_10_channels_per_block_seqlen_768.txt
/home/aatmaj/CENT/aim_simulator/build/ramulator2 -f /home/aatmaj/CENT/aim_simulator/test/example.yaml -t /home/aatmaj/CENT/experiments/dda_full_sweep/traces/32_channels_per_device/12_devices/pipeline_parallel/Llama2-7B/trace_10_channels_per_block_seqlen_896.txt
/home/aatmaj/CENT/aim_simulator/build/ramulator2 -f /home/aatmaj/CENT/aim_simulator/test/example.yaml -t /home/aatmaj/CENT/experiments/dda_full_sweep/traces/32_channels_per_device/12_devices/pipeline_parallel/Llama2-7B/trace_10_channels_per_block_seqlen_1024.txt
/home/aatmaj/CENT/aim_simulator/build/ramulator2 -f /home/aatmaj/CENT/aim_simulator/test/example.yaml -t /home/aatmaj/CENT/experiments/dda_full_sweep/traces/32_channels_per_device/12_devices/pipeline_parallel/Llama2-7B/trace_10_channels_per_block_seqlen_1152.txt
/home/aatmaj/CENT/aim_simulator/build/ramulator2 -f /home/aatmaj/CENT/aim_simulator/test/example.yaml -t /home/aatmaj/CENT/experiments/dda_full_sweep/traces/32_channels_per_device/12_devices/pipeline_parallel/Llama2-7B/trace_10_channels_per_block_seqlen_1280.txt
/home/aatmaj/CENT/aim_simulator/build/ramulator2 -f /home/aatmaj/CENT/aim_simulator/test/example.yaml -t /home/aatmaj/CENT/experiments/dda_full_sweep/traces/32_channels_per_device/12_devices/pipeline_parallel/Llama2-7B/trace_10_channels_per_block_seqlen_1408.txt
/home/aatmaj/CENT/aim_simulator/build/ramulator2 -f /home/aatmaj/CENT/aim_simulator/test/example.yaml -t /home/aatmaj/CENT/experiments/dda_full_sweep/traces/32_channels_per_device/12_devices/pipeline_parallel/Llama2-7B/trace_10_channels_per_block_seqlen_1536.txt
/home/aatmaj/CENT/aim_simulator/build/ramulator2 -f /home/aatmaj/CENT/aim_simulator/test/example.yaml -t /home/aatmaj/CENT/experiments/dda_full_sweep/traces/32_channels_per_device/12_devices/pipeline_parallel/Llama2-7B/trace_10_channels_per_block_seqlen_1664.txt
/home/aatmaj/CENT/aim_simulator/build/ramulator2 -f /home/aatmaj/CENT/aim_simulator/test/example.yaml -t /home/aatmaj/CENT/experiments/dda_full_sweep/traces/32_channels_per_device/12_devices/pipeline_parallel/Llama2-7B/trace_10_channels_per_block_seqlen_1792.txt
/home/aatmaj/CENT/aim_simulator/build/ramulator2 -f /home/aatmaj/CENT/aim_simulator/test/example.yaml -t /home/aatmaj/CENT/experiments/dda_full_sweep/traces/32_channels_per_device/12_devices/pipeline_parallel/Llama2-7B/trace_10_channels_per_block_seqlen_1920.txt
/home/aatmaj/CENT/aim_simulator/build/ramulator2 -f /home/aatmaj/CENT/aim_simulator/test/example.yaml -t /home/aatmaj/CENT/experiments/dda_full_sweep/traces/32_channels_per_device/12_devices/pipeline_parallel/Llama2-7B/trace_10_channels_per_block_seqlen_2048.txt
/home/aatmaj/CENT/aim_simulator/build/ramulator2 -f /home/aatmaj/CENT/aim_simulator/test/example.yaml -t /home/aatmaj/CENT/experiments/dda_full_sweep/traces/32_channels_per_device/12_devices/pipeline_parallel/Llama2-7B/trace_10_channels_per_block_seqlen_2176.txt
/home/aatmaj/CENT/aim_simulator/build/ramulator2 -f /home/aatmaj/CENT/aim_simulator/test/example.yaml -t /home/aatmaj/CENT/experiments/dda_full_sweep/traces/32_channels_per_device/12_devices/pipeline_parallel/Llama2-7B/trace_10_channels_per_block_seqlen_2304.txt
/home/aatmaj/CENT/aim_simulator/build/ramulator2 -f /home/aatmaj/CENT/aim_simulator/test/example.yaml -t /home/aatmaj/CENT/experiments/dda_full_sweep/traces/32_channels_per_device/12_devices/pipeline_parallel/Llama2-7B/trace_10_channels_per_block_seqlen_2432.txt
/home/aatmaj/CENT/aim_simulator/build/ramulator2 -f /home/aatmaj/CENT/aim_simulator/test/example.yaml -t /home/aatmaj/CENT/experiments/dda_full_sweep/traces/32_channels_per_device/12_devices/pipeline_parallel/Llama2-7B/trace_10_channels_per_block_seqlen_2560.txt
/home/aatmaj/CENT/aim_simulator/build/ramulator2 -f /home/aatmaj/CENT/aim_simulator/test/example.yaml -t /home/aatmaj/CENT/experiments/dda_full_sweep/traces/32_channels_per_device/12_devices/pipeline_parallel/Llama2-7B/trace_10_channels_per_block_seqlen_2688.txt
/home/aatmaj/CENT/aim_simulator/build/ramulator2 -f /home/aatmaj/CENT/aim_simulator/test/example.yaml -t /home/aatmaj/CENT/experiments/dda_full_sweep/traces/32_channels_per_device/12_devices/pipeline_parallel/Llama2-7B/trace_10_channels_per_block_seqlen_2816.txt
/home/aatmaj/CENT/aim_simulator/build/ramulator2 -f /home/aatmaj/CENT/aim_simulator/test/example.yaml -t /home/aatmaj/CENT/experiments/dda_full_sweep/traces/32_channels_per_device/12_devices/pipeline_parallel/Llama2-7B/trace_10_channels_per_block_seqlen_2944.txt
/home/aatmaj/CENT/aim_simulator/build/ramulator2 -f /home/aatmaj/CENT/aim_simulator/test/example.yaml -t /home/aatmaj/CENT/experiments/dda_full_sweep/traces/32_channels_per_device/12_devices/pipeline_parallel/Llama2-7B/trace_10_channels_per_block_seqlen_3072.txt
/home/aatmaj/CENT/aim_simulator/build/ramulator2 -f /home/aatmaj/CENT/aim_simulator/test/example.yaml -t /home/aatmaj/CENT/experiments/dda_full_sweep/traces/32_channels_per_device/12_devices/pipeline_parallel/Llama2-7B/trace_10_channels_per_block_seqlen_3200.txt
/home/aatmaj/CENT/aim_simulator/build/ramulator2 -f /home/aatmaj/CENT/aim_simulator/test/example.yaml -t /home/aatmaj/CENT/experiments/dda_full_sweep/traces/32_channels_per_device/12_devices/pipeline_parallel/Llama2-7B/trace_10_channels_per_block_seqlen_3328.txt
/home/aatmaj/CENT/aim_simulator/build/ramulator2 -f /home/aatmaj/CENT/aim_simulator/test/example.yaml -t /home/aatmaj/CENT/experiments/dda_full_sweep/traces/32_channels_per_device/12_devices/pipeline_parallel/Llama2-7B/trace_10_channels_per_block_seqlen_3456.txt
/home/aatmaj/CENT/aim_simulator/build/ramulator2 -f /home/aatmaj/CENT/aim_simulator/test/example.yaml -t /home/aatmaj/CENT/experiments/dda_full_sweep/traces/32_channels_per_device/12_devices/pipeline_parallel/Llama2-7B/trace_10_channels_per_block_seqlen_3584.txt
/home/aatmaj/CENT/aim_simulator/build/ramulator2 -f /home/aatmaj/CENT/aim_simulator/test/example.yaml -t /home/aatmaj/CENT/experiments/dda_full_sweep/traces/32_channels_per_device/12_devices/pipeline_parallel/Llama2-7B/trace_10_channels_per_block_seqlen_3712.txt
/home/aatmaj/CENT/experiments/dda_full_sweep/simulation/run_sim_full32.py:460: FutureWarning: The behavior of DataFrame concatenation with empty or all-NA entries is deprecated. In a future version, this will no longer exclude empty or all-NA columns when determining the result dtypes. To retain the old behavior, exclude the relevant entries before the concat operation.
  results_df = pd.concat([results_df, new_df], ignore_index=True)
/home/aatmaj/CENT/aim_simulator/build/ramulator2 -f /home/aatmaj/CENT/aim_simulator/test/example.yaml -t /home/aatmaj/CENT/experiments/dda_full_sweep/traces/32_channels_per_device/12_devices/pipeline_parallel/Llama2-7B/trace_10_channels_per_block_seqlen_3840.txt
/home/aatmaj/CENT/aim_simulator/build/ramulator2 -f /home/aatmaj/CENT/aim_simulator/test/example.yaml -t /home/aatmaj/CENT/experiments/dda_full_sweep/traces/32_channels_per_device/12_devices/pipeline_parallel/Llama2-7B/trace_10_channels_per_block_seqlen_3968.txt
/home/aatmaj/CENT/aim_simulator/build/ramulator2 -f /home/aatmaj/CENT/aim_simulator/test/example.yaml -t /home/aatmaj/CENT/experiments/dda_full_sweep/traces/32_channels_per_device/12_devices/pipeline_parallel/Llama2-7B/trace_10_channels_per_block_seqlen_4096.txt
Processing results...
Updating simulation results to CSV...

=== Pool L | Llama2-7B | N_L=24 / 32 | TP=24, PP=1 ===
Generating traces for Llama2-7B (24 devices) ...
/home/aatmaj/CENT/aim_simulator/build/ramulator2 -f /home/aatmaj/CENT/aim_simulator/test/example.yaml -t /home/aatmaj/CENT/experiments/dda_full_sweep/traces/32_channels_per_device/24_devices/model_parallel_embedding/Llama2-7B/trace_24_FC_devices_seqlen_4096.txt
/home/aatmaj/CENT/aim_simulator/build/ramulator2 -f /home/aatmaj/CENT/aim_simulator/test/example.yaml -t /home/aatmaj/CENT/experiments/dda_full_sweep/traces/32_channels_per_device/24_devices/model_parallel/Llama2-7B/trace_24_FC_devices_seqlen_128.txt
/home/aatmaj/CENT/aim_simulator/build/ramulator2 -f /home/aatmaj/CENT/aim_simulator/test/example.yaml -t /home/aatmaj/CENT/experiments/dda_full_sweep/traces/32_channels_per_device/24_devices/model_parallel_FC/Llama2-7B/trace_24_FC_devices_seqlen_128.txt
/home/aatmaj/CENT/aim_simulator/build/ramulator2 -f /home/aatmaj/CENT/aim_simulator/test/example.yaml -t /home/aatmaj/CENT/experiments/dda_full_sweep/traces/32_channels_per_device/24_devices/model_parallel/Llama2-7B/trace_24_FC_devices_seqlen_256.txt
/home/aatmaj/CENT/aim_simulator/build/ramulator2 -f /home/aatmaj/CENT/aim_simulator/test/example.yaml -t /home/aatmaj/CENT/experiments/dda_full_sweep/traces/32_channels_per_device/24_devices/model_parallel_FC/Llama2-7B/trace_24_FC_devices_seqlen_256.txt
/home/aatmaj/CENT/aim_simulator/build/ramulator2 -f /home/aatmaj/CENT/aim_simulator/test/example.yaml -t /home/aatmaj/CENT/experiments/dda_full_sweep/traces/32_channels_per_device/24_devices/model_parallel/Llama2-7B/trace_24_FC_devices_seqlen_384.txt
/home/aatmaj/CENT/aim_simulator/build/ramulator2 -f /home/aatmaj/CENT/aim_simulator/test/example.yaml -t /home/aatmaj/CENT/experiments/dda_full_sweep/traces/32_channels_per_device/24_devices/model_parallel_FC/Llama2-7B/trace_24_FC_devices_seqlen_384.txt
/home/aatmaj/CENT/aim_simulator/build/ramulator2 -f /home/aatmaj/CENT/aim_simulator/test/example.yaml -t /home/aatmaj/CENT/experiments/dda_full_sweep/traces/32_channels_per_device/24_devices/model_parallel/Llama2-7B/trace_24_FC_devices_seqlen_512.txt
/home/aatmaj/CENT/aim_simulator/build/ramulator2 -f /home/aatmaj/CENT/aim_simulator/test/example.yaml -t /home/aatmaj/CENT/experiments/dda_full_sweep/traces/32_channels_per_device/24_devices/model_parallel_FC/Llama2-7B/trace_24_FC_devices_seqlen_512.txt
/home/aatmaj/CENT/aim_simulator/build/ramulator2 -f /home/aatmaj/CENT/aim_simulator/test/example.yaml -t /home/aatmaj/CENT/experiments/dda_full_sweep/traces/32_channels_per_device/24_devices/model_parallel/Llama2-7B/trace_24_FC_devices_seqlen_640.txt
/home/aatmaj/CENT/aim_simulator/build/ramulator2 -f /home/aatmaj/CENT/aim_simulator/test/example.yaml -t /home/aatmaj/CENT/experiments/dda_full_sweep/traces/32_channels_per_device/24_devices/model_parallel_FC/Llama2-7B/trace_24_FC_devices_seqlen_640.txt
/home/aatmaj/CENT/aim_simulator/build/ramulator2 -f /home/aatmaj/CENT/aim_simulator/test/example.yaml -t /home/aatmaj/CENT/experiments/dda_full_sweep/traces/32_channels_per_device/24_devices/model_parallel/Llama2-7B/trace_24_FC_devices_seqlen_768.txt
/home/aatmaj/CENT/aim_simulator/build/ramulator2 -f /home/aatmaj/CENT/aim_simulator/test/example.yaml -t /home/aatmaj/CENT/experiments/dda_full_sweep/traces/32_channels_per_device/24_devices/model_parallel_FC/Llama2-7B/trace_24_FC_devices_seqlen_768.txt
/home/aatmaj/CENT/aim_simulator/build/ramulator2 -f /home/aatmaj/CENT/aim_simulator/test/example.yaml -t /home/aatmaj/CENT/experiments/dda_full_sweep/traces/32_channels_per_device/24_devices/model_parallel/Llama2-7B/trace_24_FC_devices_seqlen_896.txt
/home/aatmaj/CENT/aim_simulator/build/ramulator2 -f /home/aatmaj/CENT/aim_simulator/test/example.yaml -t /home/aatmaj/CENT/experiments/dda_full_sweep/traces/32_channels_per_device/24_devices/model_parallel_FC/Llama2-7B/trace_24_FC_devices_seqlen_896.txt
/home/aatmaj/CENT/aim_simulator/build/ramulator2 -f /home/aatmaj/CENT/aim_simulator/test/example.yaml -t /home/aatmaj/CENT/experiments/dda_full_sweep/traces/32_channels_per_device/24_devices/model_parallel/Llama2-7B/trace_24_FC_devices_seqlen_1024.txt
/home/aatmaj/CENT/aim_simulator/build/ramulator2 -f /home/aatmaj/CENT/aim_simulator/test/example.yaml -t /home/aatmaj/CENT/experiments/dda_full_sweep/traces/32_channels_per_device/24_devices/model_parallel_FC/Llama2-7B/trace_24_FC_devices_seqlen_1024.txt
/home/aatmaj/CENT/aim_simulator/build/ramulator2 -f /home/aatmaj/CENT/aim_simulator/test/example.yaml -t /home/aatmaj/CENT/experiments/dda_full_sweep/traces/32_channels_per_device/24_devices/model_parallel/Llama2-7B/trace_24_FC_devices_seqlen_1152.txt
/home/aatmaj/CENT/aim_simulator/build/ramulator2 -f /home/aatmaj/CENT/aim_simulator/test/example.yaml -t /home/aatmaj/CENT/experiments/dda_full_sweep/traces/32_channels_per_device/24_devices/model_parallel_FC/Llama2-7B/trace_24_FC_devices_seqlen_1152.txt
/home/aatmaj/CENT/aim_simulator/build/ramulator2 -f /home/aatmaj/CENT/aim_simulator/test/example.yaml -t /home/aatmaj/CENT/experiments/dda_full_sweep/traces/32_channels_per_device/24_devices/model_parallel/Llama2-7B/trace_24_FC_devices_seqlen_1280.txt
/home/aatmaj/CENT/aim_simulator/build/ramulator2 -f /home/aatmaj/CENT/aim_simulator/test/example.yaml -t /home/aatmaj/CENT/experiments/dda_full_sweep/traces/32_channels_per_device/24_devices/model_parallel_FC/Llama2-7B/trace_24_FC_devices_seqlen_1280.txt
/home/aatmaj/CENT/aim_simulator/build/ramulator2 -f /home/aatmaj/CENT/aim_simulator/test/example.yaml -t /home/aatmaj/CENT/experiments/dda_full_sweep/traces/32_channels_per_device/24_devices/model_parallel/Llama2-7B/trace_24_FC_devices_seqlen_1408.txt
/home/aatmaj/CENT/aim_simulator/build/ramulator2 -f /home/aatmaj/CENT/aim_simulator/test/example.yaml -t /home/aatmaj/CENT/experiments/dda_full_sweep/traces/32_channels_per_device/24_devices/model_parallel_FC/Llama2-7B/trace_24_FC_devices_seqlen_1408.txt
/home/aatmaj/CENT/aim_simulator/build/ramulator2 -f /home/aatmaj/CENT/aim_simulator/test/example.yaml -t /home/aatmaj/CENT/experiments/dda_full_sweep/traces/32_channels_per_device/24_devices/model_parallel/Llama2-7B/trace_24_FC_devices_seqlen_1536.txt
/home/aatmaj/CENT/aim_simulator/build/ramulator2 -f /home/aatmaj/CENT/aim_simulator/test/example.yaml -t /home/aatmaj/CENT/experiments/dda_full_sweep/traces/32_channels_per_device/24_devices/model_parallel_FC/Llama2-7B/trace_24_FC_devices_seqlen_1536.txt
/home/aatmaj/CENT/aim_simulator/build/ramulator2 -f /home/aatmaj/CENT/aim_simulator/test/example.yaml -t /home/aatmaj/CENT/experiments/dda_full_sweep/traces/32_channels_per_device/24_devices/model_parallel/Llama2-7B/trace_24_FC_devices_seqlen_1664.txt
/home/aatmaj/CENT/aim_simulator/build/ramulator2 -f /home/aatmaj/CENT/aim_simulator/test/example.yaml -t /home/aatmaj/CENT/experiments/dda_full_sweep/traces/32_channels_per_device/24_devices/model_parallel_FC/Llama2-7B/trace_24_FC_devices_seqlen_1664.txt
/home/aatmaj/CENT/aim_simulator/build/ramulator2 -f /home/aatmaj/CENT/aim_simulator/test/example.yaml -t /home/aatmaj/CENT/experiments/dda_full_sweep/traces/32_channels_per_device/24_devices/model_parallel/Llama2-7B/trace_24_FC_devices_seqlen_1792.txt
/home/aatmaj/CENT/aim_simulator/build/ramulator2 -f /home/aatmaj/CENT/aim_simulator/test/example.yaml -t /home/aatmaj/CENT/experiments/dda_full_sweep/traces/32_channels_per_device/24_devices/model_parallel_FC/Llama2-7B/trace_24_FC_devices_seqlen_1792.txt
/home/aatmaj/CENT/aim_simulator/build/ramulator2 -f /home/aatmaj/CENT/aim_simulator/test/example.yaml -t /home/aatmaj/CENT/experiments/dda_full_sweep/traces/32_channels_per_device/24_devices/model_parallel/Llama2-7B/trace_24_FC_devices_seqlen_1920.txt
/home/aatmaj/CENT/aim_simulator/build/ramulator2 -f /home/aatmaj/CENT/aim_simulator/test/example.yaml -t /home/aatmaj/CENT/experiments/dda_full_sweep/traces/32_channels_per_device/24_devices/model_parallel_FC/Llama2-7B/trace_24_FC_devices_seqlen_1920.txt
/home/aatmaj/CENT/aim_simulator/build/ramulator2 -f /home/aatmaj/CENT/aim_simulator/test/example.yaml -t /home/aatmaj/CENT/experiments/dda_full_sweep/traces/32_channels_per_device/24_devices/model_parallel/Llama2-7B/trace_24_FC_devices_seqlen_2048.txt
/home/aatmaj/CENT/aim_simulator/build/ramulator2 -f /home/aatmaj/CENT/aim_simulator/test/example.yaml -t /home/aatmaj/CENT/experiments/dda_full_sweep/traces/32_channels_per_device/24_devices/model_parallel_FC/Llama2-7B/trace_24_FC_devices_seqlen_2048.txt
/home/aatmaj/CENT/aim_simulator/build/ramulator2 -f /home/aatmaj/CENT/aim_simulator/test/example.yaml -t /home/aatmaj/CENT/experiments/dda_full_sweep/traces/32_channels_per_device/24_devices/model_parallel/Llama2-7B/trace_24_FC_devices_seqlen_2176.txt
/home/aatmaj/CENT/aim_simulator/build/ramulator2 -f /home/aatmaj/CENT/aim_simulator/test/example.yaml -t /home/aatmaj/CENT/experiments/dda_full_sweep/traces/32_channels_per_device/24_devices/model_parallel_FC/Llama2-7B/trace_24_FC_devices_seqlen_2176.txt
/home/aatmaj/CENT/aim_simulator/build/ramulator2 -f /home/aatmaj/CENT/aim_simulator/test/example.yaml -t /home/aatmaj/CENT/experiments/dda_full_sweep/traces/32_channels_per_device/24_devices/model_parallel/Llama2-7B/trace_24_FC_devices_seqlen_2304.txt
/home/aatmaj/CENT/aim_simulator/build/ramulator2 -f /home/aatmaj/CENT/aim_simulator/test/example.yaml -t /home/aatmaj/CENT/experiments/dda_full_sweep/traces/32_channels_per_device/24_devices/model_parallel_FC/Llama2-7B/trace_24_FC_devices_seqlen_2304.txt
/home/aatmaj/CENT/aim_simulator/build/ramulator2 -f /home/aatmaj/CENT/aim_simulator/test/example.yaml -t /home/aatmaj/CENT/experiments/dda_full_sweep/traces/32_channels_per_device/24_devices/model_parallel/Llama2-7B/trace_24_FC_devices_seqlen_2432.txt
/home/aatmaj/CENT/aim_simulator/build/ramulator2 -f /home/aatmaj/CENT/aim_simulator/test/example.yaml -t /home/aatmaj/CENT/experiments/dda_full_sweep/traces/32_channels_per_device/24_devices/model_parallel_FC/Llama2-7B/trace_24_FC_devices_seqlen_2432.txt
/home/aatmaj/CENT/aim_simulator/build/ramulator2 -f /home/aatmaj/CENT/aim_simulator/test/example.yaml -t /home/aatmaj/CENT/experiments/dda_full_sweep/traces/32_channels_per_device/24_devices/model_parallel/Llama2-7B/trace_24_FC_devices_seqlen_2560.txt
/home/aatmaj/CENT/aim_simulator/build/ramulator2 -f /home/aatmaj/CENT/aim_simulator/test/example.yaml -t /home/aatmaj/CENT/experiments/dda_full_sweep/traces/32_channels_per_device/24_devices/model_parallel_FC/Llama2-7B/trace_24_FC_devices_seqlen_2560.txt
/home/aatmaj/CENT/aim_simulator/build/ramulator2 -f /home/aatmaj/CENT/aim_simulator/test/example.yaml -t /home/aatmaj/CENT/experiments/dda_full_sweep/traces/32_channels_per_device/24_devices/model_parallel/Llama2-7B/trace_24_FC_devices_seqlen_2688.txt
/home/aatmaj/CENT/aim_simulator/build/ramulator2 -f /home/aatmaj/CENT/aim_simulator/test/example.yaml -t /home/aatmaj/CENT/experiments/dda_full_sweep/traces/32_channels_per_device/24_devices/model_parallel_FC/Llama2-7B/trace_24_FC_devices_seqlen_2688.txt
/home/aatmaj/CENT/aim_simulator/build/ramulator2 -f /home/aatmaj/CENT/aim_simulator/test/example.yaml -t /home/aatmaj/CENT/experiments/dda_full_sweep/traces/32_channels_per_device/24_devices/model_parallel/Llama2-7B/trace_24_FC_devices_seqlen_2816.txt
/home/aatmaj/CENT/aim_simulator/build/ramulator2 -f /home/aatmaj/CENT/aim_simulator/test/example.yaml -t /home/aatmaj/CENT/experiments/dda_full_sweep/traces/32_channels_per_device/24_devices/model_parallel_FC/Llama2-7B/trace_24_FC_devices_seqlen_2816.txt
/home/aatmaj/CENT/aim_simulator/build/ramulator2 -f /home/aatmaj/CENT/aim_simulator/test/example.yaml -t /home/aatmaj/CENT/experiments/dda_full_sweep/traces/32_channels_per_device/24_devices/model_parallel/Llama2-7B/trace_24_FC_devices_seqlen_2944.txt
/home/aatmaj/CENT/aim_simulator/build/ramulator2 -f /home/aatmaj/CENT/aim_simulator/test/example.yaml -t /home/aatmaj/CENT/experiments/dda_full_sweep/traces/32_channels_per_device/24_devices/model_parallel_FC/Llama2-7B/trace_24_FC_devices_seqlen_2944.txt
/home/aatmaj/CENT/aim_simulator/build/ramulator2 -f /home/aatmaj/CENT/aim_simulator/test/example.yaml -t /home/aatmaj/CENT/experiments/dda_full_sweep/traces/32_channels_per_device/24_devices/model_parallel/Llama2-7B/trace_24_FC_devices_seqlen_3072.txt
/home/aatmaj/CENT/aim_simulator/build/ramulator2 -f /home/aatmaj/CENT/aim_simulator/test/example.yaml -t /home/aatmaj/CENT/experiments/dda_full_sweep/traces/32_channels_per_device/24_devices/model_parallel_FC/Llama2-7B/trace_24_FC_devices_seqlen_3072.txt
/home/aatmaj/CENT/aim_simulator/build/ramulator2 -f /home/aatmaj/CENT/aim_simulator/test/example.yaml -t /home/aatmaj/CENT/experiments/dda_full_sweep/traces/32_channels_per_device/24_devices/model_parallel/Llama2-7B/trace_24_FC_devices_seqlen_3200.txt
/home/aatmaj/CENT/aim_simulator/build/ramulator2 -f /home/aatmaj/CENT/aim_simulator/test/example.yaml -t /home/aatmaj/CENT/experiments/dda_full_sweep/traces/32_channels_per_device/24_devices/model_parallel_FC/Llama2-7B/trace_24_FC_devices_seqlen_3200.txt
/home/aatmaj/CENT/aim_simulator/build/ramulator2 -f /home/aatmaj/CENT/aim_simulator/test/example.yaml -t /home/aatmaj/CENT/experiments/dda_full_sweep/traces/32_channels_per_device/24_devices/model_parallel/Llama2-7B/trace_24_FC_devices_seqlen_3328.txt
/home/aatmaj/CENT/aim_simulator/build/ramulator2 -f /home/aatmaj/CENT/aim_simulator/test/example.yaml -t /home/aatmaj/CENT/experiments/dda_full_sweep/traces/32_channels_per_device/24_devices/model_parallel_FC/Llama2-7B/trace_24_FC_devices_seqlen_3328.txt
/home/aatmaj/CENT/aim_simulator/build/ramulator2 -f /home/aatmaj/CENT/aim_simulator/test/example.yaml -t /home/aatmaj/CENT/experiments/dda_full_sweep/traces/32_channels_per_device/24_devices/model_parallel/Llama2-7B/trace_24_FC_devices_seqlen_3456.txt
/home/aatmaj/CENT/aim_simulator/build/ramulator2 -f /home/aatmaj/CENT/aim_simulator/test/example.yaml -t /home/aatmaj/CENT/experiments/dda_full_sweep/traces/32_channels_per_device/24_devices/model_parallel_FC/Llama2-7B/trace_24_FC_devices_seqlen_3456.txt
/home/aatmaj/CENT/aim_simulator/build/ramulator2 -f /home/aatmaj/CENT/aim_simulator/test/example.yaml -t /home/aatmaj/CENT/experiments/dda_full_sweep/traces/32_channels_per_device/24_devices/model_parallel/Llama2-7B/trace_24_FC_devices_seqlen_3584.txt
/home/aatmaj/CENT/aim_simulator/build/ramulator2 -f /home/aatmaj/CENT/aim_simulator/test/example.yaml -t /home/aatmaj/CENT/experiments/dda_full_sweep/traces/32_channels_per_device/24_devices/model_parallel_FC/Llama2-7B/trace_24_FC_devices_seqlen_3584.txt
/home/aatmaj/CENT/aim_simulator/build/ramulator2 -f /home/aatmaj/CENT/aim_simulator/test/example.yaml -t /home/aatmaj/CENT/experiments/dda_full_sweep/traces/32_channels_per_device/24_devices/model_parallel/Llama2-7B/trace_24_FC_devices_seqlen_3712.txt
/home/aatmaj/CENT/aim_simulator/build/ramulator2 -f /home/aatmaj/CENT/aim_simulator/test/example.yaml -t /home/aatmaj/CENT/experiments/dda_full_sweep/traces/32_channels_per_device/24_devices/model_parallel_FC/Llama2-7B/trace_24_FC_devices_seqlen_3712.txt
/home/aatmaj/CENT/aim_simulator/build/ramulator2 -f /home/aatmaj/CENT/aim_simulator/test/example.yaml -t /home/aatmaj/CENT/experiments/dda_full_sweep/traces/32_channels_per_device/24_devices/model_parallel/Llama2-7B/trace_24_FC_devices_seqlen_3840.txt
/home/aatmaj/CENT/aim_simulator/build/ramulator2 -f /home/aatmaj/CENT/aim_simulator/test/example.yaml -t /home/aatmaj/CENT/experiments/dda_full_sweep/traces/32_channels_per_device/24_devices/model_parallel_FC/Llama2-7B/trace_24_FC_devices_seqlen_3840.txt
/home/aatmaj/CENT/aim_simulator/build/ramulator2 -f /home/aatmaj/CENT/aim_simulator/test/example.yaml -t /home/aatmaj/CENT/experiments/dda_full_sweep/traces/32_channels_per_device/24_devices/model_parallel/Llama2-7B/trace_24_FC_devices_seqlen_3968.txt
/home/aatmaj/CENT/aim_simulator/build/ramulator2 -f /home/aatmaj/CENT/aim_simulator/test/example.yaml -t /home/aatmaj/CENT/experiments/dda_full_sweep/traces/32_channels_per_device/24_devices/model_parallel_FC/Llama2-7B/trace_24_FC_devices_seqlen_3968.txt
/home/aatmaj/CENT/aim_simulator/build/ramulator2 -f /home/aatmaj/CENT/aim_simulator/test/example.yaml -t /home/aatmaj/CENT/experiments/dda_full_sweep/traces/32_channels_per_device/24_devices/model_parallel/Llama2-7B/trace_24_FC_devices_seqlen_4096.txt
/home/aatmaj/CENT/experiments/dda_full_sweep/simulation/run_sim_full32.py:447: FutureWarning: The behavior of DataFrame concatenation with empty or all-NA entries is deprecated. In a future version, this will no longer exclude empty or all-NA columns when determining the result dtypes. To retain the old behavior, exclude the relevant entries before the concat operation.
  results_df = pd.concat([results_df, new_df], ignore_index=True)
/home/aatmaj/CENT/aim_simulator/build/ramulator2 -f /home/aatmaj/CENT/aim_simulator/test/example.yaml -t /home/aatmaj/CENT/experiments/dda_full_sweep/traces/32_channels_per_device/24_devices/model_parallel_FC/Llama2-7B/trace_24_FC_devices_seqlen_4096.txt
Processing results...
Updating simulation results to CSV...

=== Pool T | Llama2-7B | N_T=8 / 32 | TP=1, PP=layers ===
/home/aatmaj/CENT/experiments/dda_full_sweep/simulation/run_sim_full32.py:460: FutureWarning: The behavior of DataFrame concatenation with empty or all-NA entries is deprecated. In a future version, this will no longer exclude empty or all-NA columns when determining the result dtypes. To retain the old behavior, exclude the relevant entries before the concat operation.
  results_df = pd.concat([results_df, new_df], ignore_index=True)
Generating traces for Llama2-7B (8 devices) ...
Processing results...
Updating simulation results to CSV...

=== Pool L | Llama2-13B | N_L=2 / 32 | TP=2, PP=1 ===
Generating traces for Llama2-13B (2 devices) ...
/home/aatmaj/CENT/aim_simulator/build/ramulator2 -f /home/aatmaj/CENT/aim_simulator/test/example.yaml -t /home/aatmaj/CENT/experiments/dda_full_sweep/traces/32_channels_per_device/2_devices/model_parallel_embedding/Llama2-13B/trace_2_FC_devices_seqlen_4096.txt
/home/aatmaj/CENT/aim_simulator/build/ramulator2 -f /home/aatmaj/CENT/aim_simulator/test/example.yaml -t /home/aatmaj/CENT/experiments/dda_full_sweep/traces/32_channels_per_device/2_devices/model_parallel/Llama2-13B/trace_2_FC_devices_seqlen_128.txt
/home/aatmaj/CENT/aim_simulator/build/ramulator2 -f /home/aatmaj/CENT/aim_simulator/test/example.yaml -t /home/aatmaj/CENT/experiments/dda_full_sweep/traces/32_channels_per_device/2_devices/model_parallel_FC/Llama2-13B/trace_2_FC_devices_seqlen_128.txt
/home/aatmaj/CENT/aim_simulator/build/ramulator2 -f /home/aatmaj/CENT/aim_simulator/test/example.yaml -t /home/aatmaj/CENT/experiments/dda_full_sweep/traces/32_channels_per_device/2_devices/model_parallel/Llama2-13B/trace_2_FC_devices_seqlen_256.txt
/home/aatmaj/CENT/aim_simulator/build/ramulator2 -f /home/aatmaj/CENT/aim_simulator/test/example.yaml -t /home/aatmaj/CENT/experiments/dda_full_sweep/traces/32_channels_per_device/2_devices/model_parallel_FC/Llama2-13B/trace_2_FC_devices_seqlen_256.txt
/home/aatmaj/CENT/aim_simulator/build/ramulator2 -f /home/aatmaj/CENT/aim_simulator/test/example.yaml -t /home/aatmaj/CENT/experiments/dda_full_sweep/traces/32_channels_per_device/2_devices/model_parallel/Llama2-13B/trace_2_FC_devices_seqlen_384.txt
/home/aatmaj/CENT/aim_simulator/build/ramulator2 -f /home/aatmaj/CENT/aim_simulator/test/example.yaml -t /home/aatmaj/CENT/experiments/dda_full_sweep/traces/32_channels_per_device/2_devices/model_parallel_FC/Llama2-13B/trace_2_FC_devices_seqlen_384.txt
/home/aatmaj/CENT/aim_simulator/build/ramulator2 -f /home/aatmaj/CENT/aim_simulator/test/example.yaml -t /home/aatmaj/CENT/experiments/dda_full_sweep/traces/32_channels_per_device/2_devices/model_parallel/Llama2-13B/trace_2_FC_devices_seqlen_512.txt
/home/aatmaj/CENT/aim_simulator/build/ramulator2 -f /home/aatmaj/CENT/aim_simulator/test/example.yaml -t /home/aatmaj/CENT/experiments/dda_full_sweep/traces/32_channels_per_device/2_devices/model_parallel_FC/Llama2-13B/trace_2_FC_devices_seqlen_512.txt
/home/aatmaj/CENT/aim_simulator/build/ramulator2 -f /home/aatmaj/CENT/aim_simulator/test/example.yaml -t /home/aatmaj/CENT/experiments/dda_full_sweep/traces/32_channels_per_device/2_devices/model_parallel/Llama2-13B/trace_2_FC_devices_seqlen_640.txt
/home/aatmaj/CENT/aim_simulator/build/ramulator2 -f /home/aatmaj/CENT/aim_simulator/test/example.yaml -t /home/aatmaj/CENT/experiments/dda_full_sweep/traces/32_channels_per_device/2_devices/model_parallel_FC/Llama2-13B/trace_2_FC_devices_seqlen_640.txt
/home/aatmaj/CENT/aim_simulator/build/ramulator2 -f /home/aatmaj/CENT/aim_simulator/test/example.yaml -t /home/aatmaj/CENT/experiments/dda_full_sweep/traces/32_channels_per_device/2_devices/model_parallel/Llama2-13B/trace_2_FC_devices_seqlen_768.txt
/home/aatmaj/CENT/aim_simulator/build/ramulator2 -f /home/aatmaj/CENT/aim_simulator/test/example.yaml -t /home/aatmaj/CENT/experiments/dda_full_sweep/traces/32_channels_per_device/2_devices/model_parallel_FC/Llama2-13B/trace_2_FC_devices_seqlen_768.txt
/home/aatmaj/CENT/aim_simulator/build/ramulator2 -f /home/aatmaj/CENT/aim_simulator/test/example.yaml -t /home/aatmaj/CENT/experiments/dda_full_sweep/traces/32_channels_per_device/2_devices/model_parallel/Llama2-13B/trace_2_FC_devices_seqlen_896.txt
/home/aatmaj/CENT/aim_simulator/build/ramulator2 -f /home/aatmaj/CENT/aim_simulator/test/example.yaml -t /home/aatmaj/CENT/experiments/dda_full_sweep/traces/32_channels_per_device/2_devices/model_parallel_FC/Llama2-13B/trace_2_FC_devices_seqlen_896.txt
/home/aatmaj/CENT/aim_simulator/build/ramulator2 -f /home/aatmaj/CENT/aim_simulator/test/example.yaml -t /home/aatmaj/CENT/experiments/dda_full_sweep/traces/32_channels_per_device/2_devices/model_parallel/Llama2-13B/trace_2_FC_devices_seqlen_1024.txt
/home/aatmaj/CENT/aim_simulator/build/ramulator2 -f /home/aatmaj/CENT/aim_simulator/test/example.yaml -t /home/aatmaj/CENT/experiments/dda_full_sweep/traces/32_channels_per_device/2_devices/model_parallel_FC/Llama2-13B/trace_2_FC_devices_seqlen_1024.txt
/home/aatmaj/CENT/aim_simulator/build/ramulator2 -f /home/aatmaj/CENT/aim_simulator/test/example.yaml -t /home/aatmaj/CENT/experiments/dda_full_sweep/traces/32_channels_per_device/2_devices/model_parallel/Llama2-13B/trace_2_FC_devices_seqlen_1152.txt
/home/aatmaj/CENT/aim_simulator/build/ramulator2 -f /home/aatmaj/CENT/aim_simulator/test/example.yaml -t /home/aatmaj/CENT/experiments/dda_full_sweep/traces/32_channels_per_device/2_devices/model_parallel_FC/Llama2-13B/trace_2_FC_devices_seqlen_1152.txt
/home/aatmaj/CENT/aim_simulator/build/ramulator2 -f /home/aatmaj/CENT/aim_simulator/test/example.yaml -t /home/aatmaj/CENT/experiments/dda_full_sweep/traces/32_channels_per_device/2_devices/model_parallel/Llama2-13B/trace_2_FC_devices_seqlen_1280.txt
/home/aatmaj/CENT/aim_simulator/build/ramulator2 -f /home/aatmaj/CENT/aim_simulator/test/example.yaml -t /home/aatmaj/CENT/experiments/dda_full_sweep/traces/32_channels_per_device/2_devices/model_parallel_FC/Llama2-13B/trace_2_FC_devices_seqlen_1280.txt
/home/aatmaj/CENT/aim_simulator/build/ramulator2 -f /home/aatmaj/CENT/aim_simulator/test/example.yaml -t /home/aatmaj/CENT/experiments/dda_full_sweep/traces/32_channels_per_device/2_devices/model_parallel/Llama2-13B/trace_2_FC_devices_seqlen_1408.txt
/home/aatmaj/CENT/aim_simulator/build/ramulator2 -f /home/aatmaj/CENT/aim_simulator/test/example.yaml -t /home/aatmaj/CENT/experiments/dda_full_sweep/traces/32_channels_per_device/2_devices/model_parallel_FC/Llama2-13B/trace_2_FC_devices_seqlen_1408.txt
/home/aatmaj/CENT/aim_simulator/build/ramulator2 -f /home/aatmaj/CENT/aim_simulator/test/example.yaml -t /home/aatmaj/CENT/experiments/dda_full_sweep/traces/32_channels_per_device/2_devices/model_parallel/Llama2-13B/trace_2_FC_devices_seqlen_1536.txt
/home/aatmaj/CENT/aim_simulator/build/ramulator2 -f /home/aatmaj/CENT/aim_simulator/test/example.yaml -t /home/aatmaj/CENT/experiments/dda_full_sweep/traces/32_channels_per_device/2_devices/model_parallel_FC/Llama2-13B/trace_2_FC_devices_seqlen_1536.txt
/home/aatmaj/CENT/aim_simulator/build/ramulator2 -f /home/aatmaj/CENT/aim_simulator/test/example.yaml -t /home/aatmaj/CENT/experiments/dda_full_sweep/traces/32_channels_per_device/2_devices/model_parallel/Llama2-13B/trace_2_FC_devices_seqlen_1664.txt
/home/aatmaj/CENT/aim_simulator/build/ramulator2 -f /home/aatmaj/CENT/aim_simulator/test/example.yaml -t /home/aatmaj/CENT/experiments/dda_full_sweep/traces/32_channels_per_device/2_devices/model_parallel_FC/Llama2-13B/trace_2_FC_devices_seqlen_1664.txt
/home/aatmaj/CENT/aim_simulator/build/ramulator2 -f /home/aatmaj/CENT/aim_simulator/test/example.yaml -t /home/aatmaj/CENT/experiments/dda_full_sweep/traces/32_channels_per_device/2_devices/model_parallel/Llama2-13B/trace_2_FC_devices_seqlen_1792.txt
/home/aatmaj/CENT/aim_simulator/build/ramulator2 -f /home/aatmaj/CENT/aim_simulator/test/example.yaml -t /home/aatmaj/CENT/experiments/dda_full_sweep/traces/32_channels_per_device/2_devices/model_parallel_FC/Llama2-13B/trace_2_FC_devices_seqlen_1792.txt
/home/aatmaj/CENT/aim_simulator/build/ramulator2 -f /home/aatmaj/CENT/aim_simulator/test/example.yaml -t /home/aatmaj/CENT/experiments/dda_full_sweep/traces/32_channels_per_device/2_devices/model_parallel/Llama2-13B/trace_2_FC_devices_seqlen_1920.txt
/home/aatmaj/CENT/aim_simulator/build/ramulator2 -f /home/aatmaj/CENT/aim_simulator/test/example.yaml -t /home/aatmaj/CENT/experiments/dda_full_sweep/traces/32_channels_per_device/2_devices/model_parallel_FC/Llama2-13B/trace_2_FC_devices_seqlen_1920.txt
/home/aatmaj/CENT/aim_simulator/build/ramulator2 -f /home/aatmaj/CENT/aim_simulator/test/example.yaml -t /home/aatmaj/CENT/experiments/dda_full_sweep/traces/32_channels_per_device/2_devices/model_parallel/Llama2-13B/trace_2_FC_devices_seqlen_2048.txt
/home/aatmaj/CENT/aim_simulator/build/ramulator2 -f /home/aatmaj/CENT/aim_simulator/test/example.yaml -t /home/aatmaj/CENT/experiments/dda_full_sweep/traces/32_channels_per_device/2_devices/model_parallel_FC/Llama2-13B/trace_2_FC_devices_seqlen_2048.txt
/home/aatmaj/CENT/aim_simulator/build/ramulator2 -f /home/aatmaj/CENT/aim_simulator/test/example.yaml -t /home/aatmaj/CENT/experiments/dda_full_sweep/traces/32_channels_per_device/2_devices/model_parallel/Llama2-13B/trace_2_FC_devices_seqlen_2176.txt
/home/aatmaj/CENT/aim_simulator/build/ramulator2 -f /home/aatmaj/CENT/aim_simulator/test/example.yaml -t /home/aatmaj/CENT/experiments/dda_full_sweep/traces/32_channels_per_device/2_devices/model_parallel_FC/Llama2-13B/trace_2_FC_devices_seqlen_2176.txt
/home/aatmaj/CENT/aim_simulator/build/ramulator2 -f /home/aatmaj/CENT/aim_simulator/test/example.yaml -t /home/aatmaj/CENT/experiments/dda_full_sweep/traces/32_channels_per_device/2_devices/model_parallel/Llama2-13B/trace_2_FC_devices_seqlen_2304.txt
/home/aatmaj/CENT/aim_simulator/build/ramulator2 -f /home/aatmaj/CENT/aim_simulator/test/example.yaml -t /home/aatmaj/CENT/experiments/dda_full_sweep/traces/32_channels_per_device/2_devices/model_parallel_FC/Llama2-13B/trace_2_FC_devices_seqlen_2304.txt
/home/aatmaj/CENT/aim_simulator/build/ramulator2 -f /home/aatmaj/CENT/aim_simulator/test/example.yaml -t /home/aatmaj/CENT/experiments/dda_full_sweep/traces/32_channels_per_device/2_devices/model_parallel/Llama2-13B/trace_2_FC_devices_seqlen_2432.txt
/home/aatmaj/CENT/aim_simulator/build/ramulator2 -f /home/aatmaj/CENT/aim_simulator/test/example.yaml -t /home/aatmaj/CENT/experiments/dda_full_sweep/traces/32_channels_per_device/2_devices/model_parallel_FC/Llama2-13B/trace_2_FC_devices_seqlen_2432.txt
/home/aatmaj/CENT/aim_simulator/build/ramulator2 -f /home/aatmaj/CENT/aim_simulator/test/example.yaml -t /home/aatmaj/CENT/experiments/dda_full_sweep/traces/32_channels_per_device/2_devices/model_parallel/Llama2-13B/trace_2_FC_devices_seqlen_2560.txt
/home/aatmaj/CENT/aim_simulator/build/ramulator2 -f /home/aatmaj/CENT/aim_simulator/test/example.yaml -t /home/aatmaj/CENT/experiments/dda_full_sweep/traces/32_channels_per_device/2_devices/model_parallel_FC/Llama2-13B/trace_2_FC_devices_seqlen_2560.txt
/home/aatmaj/CENT/aim_simulator/build/ramulator2 -f /home/aatmaj/CENT/aim_simulator/test/example.yaml -t /home/aatmaj/CENT/experiments/dda_full_sweep/traces/32_channels_per_device/2_devices/model_parallel/Llama2-13B/trace_2_FC_devices_seqlen_2688.txt
/home/aatmaj/CENT/aim_simulator/build/ramulator2 -f /home/aatmaj/CENT/aim_simulator/test/example.yaml -t /home/aatmaj/CENT/experiments/dda_full_sweep/traces/32_channels_per_device/2_devices/model_parallel_FC/Llama2-13B/trace_2_FC_devices_seqlen_2688.txt
/home/aatmaj/CENT/aim_simulator/build/ramulator2 -f /home/aatmaj/CENT/aim_simulator/test/example.yaml -t /home/aatmaj/CENT/experiments/dda_full_sweep/traces/32_channels_per_device/2_devices/model_parallel/Llama2-13B/trace_2_FC_devices_seqlen_2816.txt
/home/aatmaj/CENT/aim_simulator/build/ramulator2 -f /home/aatmaj/CENT/aim_simulator/test/example.yaml -t /home/aatmaj/CENT/experiments/dda_full_sweep/traces/32_channels_per_device/2_devices/model_parallel_FC/Llama2-13B/trace_2_FC_devices_seqlen_2816.txt
/home/aatmaj/CENT/aim_simulator/build/ramulator2 -f /home/aatmaj/CENT/aim_simulator/test/example.yaml -t /home/aatmaj/CENT/experiments/dda_full_sweep/traces/32_channels_per_device/2_devices/model_parallel/Llama2-13B/trace_2_FC_devices_seqlen_2944.txt
/home/aatmaj/CENT/aim_simulator/build/ramulator2 -f /home/aatmaj/CENT/aim_simulator/test/example.yaml -t /home/aatmaj/CENT/experiments/dda_full_sweep/traces/32_channels_per_device/2_devices/model_parallel_FC/Llama2-13B/trace_2_FC_devices_seqlen_2944.txt
/home/aatmaj/CENT/aim_simulator/build/ramulator2 -f /home/aatmaj/CENT/aim_simulator/test/example.yaml -t /home/aatmaj/CENT/experiments/dda_full_sweep/traces/32_channels_per_device/2_devices/model_parallel/Llama2-13B/trace_2_FC_devices_seqlen_3072.txt
/home/aatmaj/CENT/aim_simulator/build/ramulator2 -f /home/aatmaj/CENT/aim_simulator/test/example.yaml -t /home/aatmaj/CENT/experiments/dda_full_sweep/traces/32_channels_per_device/2_devices/model_parallel_FC/Llama2-13B/trace_2_FC_devices_seqlen_3072.txt
/home/aatmaj/CENT/aim_simulator/build/ramulator2 -f /home/aatmaj/CENT/aim_simulator/test/example.yaml -t /home/aatmaj/CENT/experiments/dda_full_sweep/traces/32_channels_per_device/2_devices/model_parallel/Llama2-13B/trace_2_FC_devices_seqlen_3200.txt
/home/aatmaj/CENT/aim_simulator/build/ramulator2 -f /home/aatmaj/CENT/aim_simulator/test/example.yaml -t /home/aatmaj/CENT/experiments/dda_full_sweep/traces/32_channels_per_device/2_devices/model_parallel_FC/Llama2-13B/trace_2_FC_devices_seqlen_3200.txt
/home/aatmaj/CENT/aim_simulator/build/ramulator2 -f /home/aatmaj/CENT/aim_simulator/test/example.yaml -t /home/aatmaj/CENT/experiments/dda_full_sweep/traces/32_channels_per_device/2_devices/model_parallel/Llama2-13B/trace_2_FC_devices_seqlen_3328.txt
/home/aatmaj/CENT/aim_simulator/build/ramulator2 -f /home/aatmaj/CENT/aim_simulator/test/example.yaml -t /home/aatmaj/CENT/experiments/dda_full_sweep/traces/32_channels_per_device/2_devices/model_parallel_FC/Llama2-13B/trace_2_FC_devices_seqlen_3328.txt
/home/aatmaj/CENT/aim_simulator/build/ramulator2 -f /home/aatmaj/CENT/aim_simulator/test/example.yaml -t /home/aatmaj/CENT/experiments/dda_full_sweep/traces/32_channels_per_device/2_devices/model_parallel/Llama2-13B/trace_2_FC_devices_seqlen_3456.txt
/home/aatmaj/CENT/aim_simulator/build/ramulator2 -f /home/aatmaj/CENT/aim_simulator/test/example.yaml -t /home/aatmaj/CENT/experiments/dda_full_sweep/traces/32_channels_per_device/2_devices/model_parallel_FC/Llama2-13B/trace_2_FC_devices_seqlen_3456.txt
/home/aatmaj/CENT/aim_simulator/build/ramulator2 -f /home/aatmaj/CENT/aim_simulator/test/example.yaml -t /home/aatmaj/CENT/experiments/dda_full_sweep/traces/32_channels_per_device/2_devices/model_parallel/Llama2-13B/trace_2_FC_devices_seqlen_3584.txt
/home/aatmaj/CENT/aim_simulator/build/ramulator2 -f /home/aatmaj/CENT/aim_simulator/test/example.yaml -t /home/aatmaj/CENT/experiments/dda_full_sweep/traces/32_channels_per_device/2_devices/model_parallel_FC/Llama2-13B/trace_2_FC_devices_seqlen_3584.txt
/home/aatmaj/CENT/aim_simulator/build/ramulator2 -f /home/aatmaj/CENT/aim_simulator/test/example.yaml -t /home/aatmaj/CENT/experiments/dda_full_sweep/traces/32_channels_per_device/2_devices/model_parallel/Llama2-13B/trace_2_FC_devices_seqlen_3712.txt
/home/aatmaj/CENT/aim_simulator/build/ramulator2 -f /home/aatmaj/CENT/aim_simulator/test/example.yaml -t /home/aatmaj/CENT/experiments/dda_full_sweep/traces/32_channels_per_device/2_devices/model_parallel_FC/Llama2-13B/trace_2_FC_devices_seqlen_3712.txt
/home/aatmaj/CENT/aim_simulator/build/ramulator2 -f /home/aatmaj/CENT/aim_simulator/test/example.yaml -t /home/aatmaj/CENT/experiments/dda_full_sweep/traces/32_channels_per_device/2_devices/model_parallel/Llama2-13B/trace_2_FC_devices_seqlen_3840.txt
/home/aatmaj/CENT/aim_simulator/build/ramulator2 -f /home/aatmaj/CENT/aim_simulator/test/example.yaml -t /home/aatmaj/CENT/experiments/dda_full_sweep/traces/32_channels_per_device/2_devices/model_parallel_FC/Llama2-13B/trace_2_FC_devices_seqlen_3840.txt
/home/aatmaj/CENT/aim_simulator/build/ramulator2 -f /home/aatmaj/CENT/aim_simulator/test/example.yaml -t /home/aatmaj/CENT/experiments/dda_full_sweep/traces/32_channels_per_device/2_devices/model_parallel/Llama2-13B/trace_2_FC_devices_seqlen_3968.txt
/home/aatmaj/CENT/aim_simulator/build/ramulator2 -f /home/aatmaj/CENT/aim_simulator/test/example.yaml -t /home/aatmaj/CENT/experiments/dda_full_sweep/traces/32_channels_per_device/2_devices/model_parallel_FC/Llama2-13B/trace_2_FC_devices_seqlen_3968.txt
/home/aatmaj/CENT/aim_simulator/build/ramulator2 -f /home/aatmaj/CENT/aim_simulator/test/example.yaml -t /home/aatmaj/CENT/experiments/dda_full_sweep/traces/32_channels_per_device/2_devices/model_parallel/Llama2-13B/trace_2_FC_devices_seqlen_4096.txt
/home/aatmaj/CENT/experiments/dda_full_sweep/simulation/run_sim_full32.py:447: FutureWarning: The behavior of DataFrame concatenation with empty or all-NA entries is deprecated. In a future version, this will no longer exclude empty or all-NA columns when determining the result dtypes. To retain the old behavior, exclude the relevant entries before the concat operation.
  results_df = pd.concat([results_df, new_df], ignore_index=True)
/home/aatmaj/CENT/aim_simulator/build/ramulator2 -f /home/aatmaj/CENT/aim_simulator/test/example.yaml -t /home/aatmaj/CENT/experiments/dda_full_sweep/traces/32_channels_per_device/2_devices/model_parallel_FC/Llama2-13B/trace_2_FC_devices_seqlen_4096.txt
Processing results...
Updating simulation results to CSV...

=== Pool T | Llama2-13B | N_T=30 / 32 | TP=1, PP=layers ===
Generating traces for Llama2-13B (30 devices) ...
/home/aatmaj/CENT/aim_simulator/build/ramulator2 -f /home/aatmaj/CENT/aim_simulator/test/example.yaml -t /home/aatmaj/CENT/experiments/dda_full_sweep/traces/32_channels_per_device/30_devices/pipeline_parallel_embedding/Llama2-13B/trace_16_channels_per_block_seqlen_4096.txt
/home/aatmaj/CENT/aim_simulator/build/ramulator2 -f /home/aatmaj/CENT/aim_simulator/test/example.yaml -t /home/aatmaj/CENT/experiments/dda_full_sweep/traces/32_channels_per_device/30_devices/pipeline_parallel/Llama2-13B/trace_16_channels_per_block_seqlen_128.txt
/home/aatmaj/CENT/aim_simulator/build/ramulator2 -f /home/aatmaj/CENT/aim_simulator/test/example.yaml -t /home/aatmaj/CENT/experiments/dda_full_sweep/traces/32_channels_per_device/30_devices/pipeline_parallel/Llama2-13B/trace_16_channels_per_block_seqlen_256.txt
/home/aatmaj/CENT/aim_simulator/build/ramulator2 -f /home/aatmaj/CENT/aim_simulator/test/example.yaml -t /home/aatmaj/CENT/experiments/dda_full_sweep/traces/32_channels_per_device/30_devices/pipeline_parallel/Llama2-13B/trace_16_channels_per_block_seqlen_384.txt
/home/aatmaj/CENT/aim_simulator/build/ramulator2 -f /home/aatmaj/CENT/aim_simulator/test/example.yaml -t /home/aatmaj/CENT/experiments/dda_full_sweep/traces/32_channels_per_device/30_devices/pipeline_parallel/Llama2-13B/trace_16_channels_per_block_seqlen_512.txt
/home/aatmaj/CENT/aim_simulator/build/ramulator2 -f /home/aatmaj/CENT/aim_simulator/test/example.yaml -t /home/aatmaj/CENT/experiments/dda_full_sweep/traces/32_channels_per_device/30_devices/pipeline_parallel/Llama2-13B/trace_16_channels_per_block_seqlen_640.txt
/home/aatmaj/CENT/aim_simulator/build/ramulator2 -f /home/aatmaj/CENT/aim_simulator/test/example.yaml -t /home/aatmaj/CENT/experiments/dda_full_sweep/traces/32_channels_per_device/30_devices/pipeline_parallel/Llama2-13B/trace_16_channels_per_block_seqlen_768.txt
/home/aatmaj/CENT/aim_simulator/build/ramulator2 -f /home/aatmaj/CENT/aim_simulator/test/example.yaml -t /home/aatmaj/CENT/experiments/dda_full_sweep/traces/32_channels_per_device/30_devices/pipeline_parallel/Llama2-13B/trace_16_channels_per_block_seqlen_896.txt
/home/aatmaj/CENT/aim_simulator/build/ramulator2 -f /home/aatmaj/CENT/aim_simulator/test/example.yaml -t /home/aatmaj/CENT/experiments/dda_full_sweep/traces/32_channels_per_device/30_devices/pipeline_parallel/Llama2-13B/trace_16_channels_per_block_seqlen_1024.txt
/home/aatmaj/CENT/aim_simulator/build/ramulator2 -f /home/aatmaj/CENT/aim_simulator/test/example.yaml -t /home/aatmaj/CENT/experiments/dda_full_sweep/traces/32_channels_per_device/30_devices/pipeline_parallel/Llama2-13B/trace_16_channels_per_block_seqlen_1152.txt
/home/aatmaj/CENT/aim_simulator/build/ramulator2 -f /home/aatmaj/CENT/aim_simulator/test/example.yaml -t /home/aatmaj/CENT/experiments/dda_full_sweep/traces/32_channels_per_device/30_devices/pipeline_parallel/Llama2-13B/trace_16_channels_per_block_seqlen_1280.txt
/home/aatmaj/CENT/aim_simulator/build/ramulator2 -f /home/aatmaj/CENT/aim_simulator/test/example.yaml -t /home/aatmaj/CENT/experiments/dda_full_sweep/traces/32_channels_per_device/30_devices/pipeline_parallel/Llama2-13B/trace_16_channels_per_block_seqlen_1408.txt
/home/aatmaj/CENT/aim_simulator/build/ramulator2 -f /home/aatmaj/CENT/aim_simulator/test/example.yaml -t /home/aatmaj/CENT/experiments/dda_full_sweep/traces/32_channels_per_device/30_devices/pipeline_parallel/Llama2-13B/trace_16_channels_per_block_seqlen_1536.txt
/home/aatmaj/CENT/aim_simulator/build/ramulator2 -f /home/aatmaj/CENT/aim_simulator/test/example.yaml -t /home/aatmaj/CENT/experiments/dda_full_sweep/traces/32_channels_per_device/30_devices/pipeline_parallel/Llama2-13B/trace_16_channels_per_block_seqlen_1664.txt
/home/aatmaj/CENT/aim_simulator/build/ramulator2 -f /home/aatmaj/CENT/aim_simulator/test/example.yaml -t /home/aatmaj/CENT/experiments/dda_full_sweep/traces/32_channels_per_device/30_devices/pipeline_parallel/Llama2-13B/trace_16_channels_per_block_seqlen_1792.txt
/home/aatmaj/CENT/aim_simulator/build/ramulator2 -f /home/aatmaj/CENT/aim_simulator/test/example.yaml -t /home/aatmaj/CENT/experiments/dda_full_sweep/traces/32_channels_per_device/30_devices/pipeline_parallel/Llama2-13B/trace_16_channels_per_block_seqlen_1920.txt
/home/aatmaj/CENT/aim_simulator/build/ramulator2 -f /home/aatmaj/CENT/aim_simulator/test/example.yaml -t /home/aatmaj/CENT/experiments/dda_full_sweep/traces/32_channels_per_device/30_devices/pipeline_parallel/Llama2-13B/trace_16_channels_per_block_seqlen_2048.txt
/home/aatmaj/CENT/aim_simulator/build/ramulator2 -f /home/aatmaj/CENT/aim_simulator/test/example.yaml -t /home/aatmaj/CENT/experiments/dda_full_sweep/traces/32_channels_per_device/30_devices/pipeline_parallel/Llama2-13B/trace_16_channels_per_block_seqlen_2176.txt
/home/aatmaj/CENT/aim_simulator/build/ramulator2 -f /home/aatmaj/CENT/aim_simulator/test/example.yaml -t /home/aatmaj/CENT/experiments/dda_full_sweep/traces/32_channels_per_device/30_devices/pipeline_parallel/Llama2-13B/trace_16_channels_per_block_seqlen_2304.txt
/home/aatmaj/CENT/aim_simulator/build/ramulator2 -f /home/aatmaj/CENT/aim_simulator/test/example.yaml -t /home/aatmaj/CENT/experiments/dda_full_sweep/traces/32_channels_per_device/30_devices/pipeline_parallel/Llama2-13B/trace_16_channels_per_block_seqlen_2432.txt
/home/aatmaj/CENT/aim_simulator/build/ramulator2 -f /home/aatmaj/CENT/aim_simulator/test/example.yaml -t /home/aatmaj/CENT/experiments/dda_full_sweep/traces/32_channels_per_device/30_devices/pipeline_parallel/Llama2-13B/trace_16_channels_per_block_seqlen_2560.txt
/home/aatmaj/CENT/aim_simulator/build/ramulator2 -f /home/aatmaj/CENT/aim_simulator/test/example.yaml -t /home/aatmaj/CENT/experiments/dda_full_sweep/traces/32_channels_per_device/30_devices/pipeline_parallel/Llama2-13B/trace_16_channels_per_block_seqlen_2688.txt
/home/aatmaj/CENT/aim_simulator/build/ramulator2 -f /home/aatmaj/CENT/aim_simulator/test/example.yaml -t /home/aatmaj/CENT/experiments/dda_full_sweep/traces/32_channels_per_device/30_devices/pipeline_parallel/Llama2-13B/trace_16_channels_per_block_seqlen_2816.txt
/home/aatmaj/CENT/aim_simulator/build/ramulator2 -f /home/aatmaj/CENT/aim_simulator/test/example.yaml -t /home/aatmaj/CENT/experiments/dda_full_sweep/traces/32_channels_per_device/30_devices/pipeline_parallel/Llama2-13B/trace_16_channels_per_block_seqlen_2944.txt
/home/aatmaj/CENT/aim_simulator/build/ramulator2 -f /home/aatmaj/CENT/aim_simulator/test/example.yaml -t /home/aatmaj/CENT/experiments/dda_full_sweep/traces/32_channels_per_device/30_devices/pipeline_parallel/Llama2-13B/trace_16_channels_per_block_seqlen_3072.txt
/home/aatmaj/CENT/aim_simulator/build/ramulator2 -f /home/aatmaj/CENT/aim_simulator/test/example.yaml -t /home/aatmaj/CENT/experiments/dda_full_sweep/traces/32_channels_per_device/30_devices/pipeline_parallel/Llama2-13B/trace_16_channels_per_block_seqlen_3200.txt
/home/aatmaj/CENT/aim_simulator/build/ramulator2 -f /home/aatmaj/CENT/aim_simulator/test/example.yaml -t /home/aatmaj/CENT/experiments/dda_full_sweep/traces/32_channels_per_device/30_devices/pipeline_parallel/Llama2-13B/trace_16_channels_per_block_seqlen_3328.txt
/home/aatmaj/CENT/aim_simulator/build/ramulator2 -f /home/aatmaj/CENT/aim_simulator/test/example.yaml -t /home/aatmaj/CENT/experiments/dda_full_sweep/traces/32_channels_per_device/30_devices/pipeline_parallel/Llama2-13B/trace_16_channels_per_block_seqlen_3456.txt
/home/aatmaj/CENT/aim_simulator/build/ramulator2 -f /home/aatmaj/CENT/aim_simulator/test/example.yaml -t /home/aatmaj/CENT/experiments/dda_full_sweep/traces/32_channels_per_device/30_devices/pipeline_parallel/Llama2-13B/trace_16_channels_per_block_seqlen_3584.txt
/home/aatmaj/CENT/aim_simulator/build/ramulator2 -f /home/aatmaj/CENT/aim_simulator/test/example.yaml -t /home/aatmaj/CENT/experiments/dda_full_sweep/traces/32_channels_per_device/30_devices/pipeline_parallel/Llama2-13B/trace_16_channels_per_block_seqlen_3712.txt
/home/aatmaj/CENT/experiments/dda_full_sweep/simulation/run_sim_full32.py:460: FutureWarning: The behavior of DataFrame concatenation with empty or all-NA entries is deprecated. In a future version, this will no longer exclude empty or all-NA columns when determining the result dtypes. To retain the old behavior, exclude the relevant entries before the concat operation.
  results_df = pd.concat([results_df, new_df], ignore_index=True)
/home/aatmaj/CENT/aim_simulator/build/ramulator2 -f /home/aatmaj/CENT/aim_simulator/test/example.yaml -t /home/aatmaj/CENT/experiments/dda_full_sweep/traces/32_channels_per_device/30_devices/pipeline_parallel/Llama2-13B/trace_16_channels_per_block_seqlen_3840.txt
/home/aatmaj/CENT/aim_simulator/build/ramulator2 -f /home/aatmaj/CENT/aim_simulator/test/example.yaml -t /home/aatmaj/CENT/experiments/dda_full_sweep/traces/32_channels_per_device/30_devices/pipeline_parallel/Llama2-13B/trace_16_channels_per_block_seqlen_3968.txt
/home/aatmaj/CENT/aim_simulator/build/ramulator2 -f /home/aatmaj/CENT/aim_simulator/test/example.yaml -t /home/aatmaj/CENT/experiments/dda_full_sweep/traces/32_channels_per_device/30_devices/pipeline_parallel/Llama2-13B/trace_16_channels_per_block_seqlen_4096.txt
Processing results...
Updating simulation results to CSV...

=== Pool L | Llama2-13B | N_L=4 / 32 | TP=4, PP=1 ===
Generating traces for Llama2-13B (4 devices) ...
/home/aatmaj/CENT/aim_simulator/build/ramulator2 -f /home/aatmaj/CENT/aim_simulator/test/example.yaml -t /home/aatmaj/CENT/experiments/dda_full_sweep/traces/32_channels_per_device/4_devices/model_parallel_embedding/Llama2-13B/trace_4_FC_devices_seqlen_4096.txt
/home/aatmaj/CENT/aim_simulator/build/ramulator2 -f /home/aatmaj/CENT/aim_simulator/test/example.yaml -t /home/aatmaj/CENT/experiments/dda_full_sweep/traces/32_channels_per_device/4_devices/model_parallel/Llama2-13B/trace_4_FC_devices_seqlen_128.txt
/home/aatmaj/CENT/aim_simulator/build/ramulator2 -f /home/aatmaj/CENT/aim_simulator/test/example.yaml -t /home/aatmaj/CENT/experiments/dda_full_sweep/traces/32_channels_per_device/4_devices/model_parallel_FC/Llama2-13B/trace_4_FC_devices_seqlen_128.txt
/home/aatmaj/CENT/aim_simulator/build/ramulator2 -f /home/aatmaj/CENT/aim_simulator/test/example.yaml -t /home/aatmaj/CENT/experiments/dda_full_sweep/traces/32_channels_per_device/4_devices/model_parallel/Llama2-13B/trace_4_FC_devices_seqlen_256.txt
/home/aatmaj/CENT/aim_simulator/build/ramulator2 -f /home/aatmaj/CENT/aim_simulator/test/example.yaml -t /home/aatmaj/CENT/experiments/dda_full_sweep/traces/32_channels_per_device/4_devices/model_parallel_FC/Llama2-13B/trace_4_FC_devices_seqlen_256.txt
/home/aatmaj/CENT/aim_simulator/build/ramulator2 -f /home/aatmaj/CENT/aim_simulator/test/example.yaml -t /home/aatmaj/CENT/experiments/dda_full_sweep/traces/32_channels_per_device/4_devices/model_parallel/Llama2-13B/trace_4_FC_devices_seqlen_384.txt
/home/aatmaj/CENT/aim_simulator/build/ramulator2 -f /home/aatmaj/CENT/aim_simulator/test/example.yaml -t /home/aatmaj/CENT/experiments/dda_full_sweep/traces/32_channels_per_device/4_devices/model_parallel_FC/Llama2-13B/trace_4_FC_devices_seqlen_384.txt
/home/aatmaj/CENT/aim_simulator/build/ramulator2 -f /home/aatmaj/CENT/aim_simulator/test/example.yaml -t /home/aatmaj/CENT/experiments/dda_full_sweep/traces/32_channels_per_device/4_devices/model_parallel/Llama2-13B/trace_4_FC_devices_seqlen_512.txt
/home/aatmaj/CENT/aim_simulator/build/ramulator2 -f /home/aatmaj/CENT/aim_simulator/test/example.yaml -t /home/aatmaj/CENT/experiments/dda_full_sweep/traces/32_channels_per_device/4_devices/model_parallel_FC/Llama2-13B/trace_4_FC_devices_seqlen_512.txt
/home/aatmaj/CENT/aim_simulator/build/ramulator2 -f /home/aatmaj/CENT/aim_simulator/test/example.yaml -t /home/aatmaj/CENT/experiments/dda_full_sweep/traces/32_channels_per_device/4_devices/model_parallel/Llama2-13B/trace_4_FC_devices_seqlen_640.txt
/home/aatmaj/CENT/aim_simulator/build/ramulator2 -f /home/aatmaj/CENT/aim_simulator/test/example.yaml -t /home/aatmaj/CENT/experiments/dda_full_sweep/traces/32_channels_per_device/4_devices/model_parallel_FC/Llama2-13B/trace_4_FC_devices_seqlen_640.txt
/home/aatmaj/CENT/aim_simulator/build/ramulator2 -f /home/aatmaj/CENT/aim_simulator/test/example.yaml -t /home/aatmaj/CENT/experiments/dda_full_sweep/traces/32_channels_per_device/4_devices/model_parallel/Llama2-13B/trace_4_FC_devices_seqlen_768.txt
/home/aatmaj/CENT/aim_simulator/build/ramulator2 -f /home/aatmaj/CENT/aim_simulator/test/example.yaml -t /home/aatmaj/CENT/experiments/dda_full_sweep/traces/32_channels_per_device/4_devices/model_parallel_FC/Llama2-13B/trace_4_FC_devices_seqlen_768.txt
/home/aatmaj/CENT/aim_simulator/build/ramulator2 -f /home/aatmaj/CENT/aim_simulator/test/example.yaml -t /home/aatmaj/CENT/experiments/dda_full_sweep/traces/32_channels_per_device/4_devices/model_parallel/Llama2-13B/trace_4_FC_devices_seqlen_896.txt
/home/aatmaj/CENT/aim_simulator/build/ramulator2 -f /home/aatmaj/CENT/aim_simulator/test/example.yaml -t /home/aatmaj/CENT/experiments/dda_full_sweep/traces/32_channels_per_device/4_devices/model_parallel_FC/Llama2-13B/trace_4_FC_devices_seqlen_896.txt
/home/aatmaj/CENT/aim_simulator/build/ramulator2 -f /home/aatmaj/CENT/aim_simulator/test/example.yaml -t /home/aatmaj/CENT/experiments/dda_full_sweep/traces/32_channels_per_device/4_devices/model_parallel/Llama2-13B/trace_4_FC_devices_seqlen_1024.txt
/home/aatmaj/CENT/aim_simulator/build/ramulator2 -f /home/aatmaj/CENT/aim_simulator/test/example.yaml -t /home/aatmaj/CENT/experiments/dda_full_sweep/traces/32_channels_per_device/4_devices/model_parallel_FC/Llama2-13B/trace_4_FC_devices_seqlen_1024.txt
/home/aatmaj/CENT/aim_simulator/build/ramulator2 -f /home/aatmaj/CENT/aim_simulator/test/example.yaml -t /home/aatmaj/CENT/experiments/dda_full_sweep/traces/32_channels_per_device/4_devices/model_parallel/Llama2-13B/trace_4_FC_devices_seqlen_1152.txt
/home/aatmaj/CENT/aim_simulator/build/ramulator2 -f /home/aatmaj/CENT/aim_simulator/test/example.yaml -t /home/aatmaj/CENT/experiments/dda_full_sweep/traces/32_channels_per_device/4_devices/model_parallel_FC/Llama2-13B/trace_4_FC_devices_seqlen_1152.txt
/home/aatmaj/CENT/aim_simulator/build/ramulator2 -f /home/aatmaj/CENT/aim_simulator/test/example.yaml -t /home/aatmaj/CENT/experiments/dda_full_sweep/traces/32_channels_per_device/4_devices/model_parallel/Llama2-13B/trace_4_FC_devices_seqlen_1280.txt
/home/aatmaj/CENT/aim_simulator/build/ramulator2 -f /home/aatmaj/CENT/aim_simulator/test/example.yaml -t /home/aatmaj/CENT/experiments/dda_full_sweep/traces/32_channels_per_device/4_devices/model_parallel_FC/Llama2-13B/trace_4_FC_devices_seqlen_1280.txt
/home/aatmaj/CENT/aim_simulator/build/ramulator2 -f /home/aatmaj/CENT/aim_simulator/test/example.yaml -t /home/aatmaj/CENT/experiments/dda_full_sweep/traces/32_channels_per_device/4_devices/model_parallel/Llama2-13B/trace_4_FC_devices_seqlen_1408.txt
/home/aatmaj/CENT/aim_simulator/build/ramulator2 -f /home/aatmaj/CENT/aim_simulator/test/example.yaml -t /home/aatmaj/CENT/experiments/dda_full_sweep/traces/32_channels_per_device/4_devices/model_parallel_FC/Llama2-13B/trace_4_FC_devices_seqlen_1408.txt
/home/aatmaj/CENT/aim_simulator/build/ramulator2 -f /home/aatmaj/CENT/aim_simulator/test/example.yaml -t /home/aatmaj/CENT/experiments/dda_full_sweep/traces/32_channels_per_device/4_devices/model_parallel/Llama2-13B/trace_4_FC_devices_seqlen_1536.txt
/home/aatmaj/CENT/aim_simulator/build/ramulator2 -f /home/aatmaj/CENT/aim_simulator/test/example.yaml -t /home/aatmaj/CENT/experiments/dda_full_sweep/traces/32_channels_per_device/4_devices/model_parallel_FC/Llama2-13B/trace_4_FC_devices_seqlen_1536.txt
/home/aatmaj/CENT/aim_simulator/build/ramulator2 -f /home/aatmaj/CENT/aim_simulator/test/example.yaml -t /home/aatmaj/CENT/experiments/dda_full_sweep/traces/32_channels_per_device/4_devices/model_parallel/Llama2-13B/trace_4_FC_devices_seqlen_1664.txt
/home/aatmaj/CENT/aim_simulator/build/ramulator2 -f /home/aatmaj/CENT/aim_simulator/test/example.yaml -t /home/aatmaj/CENT/experiments/dda_full_sweep/traces/32_channels_per_device/4_devices/model_parallel_FC/Llama2-13B/trace_4_FC_devices_seqlen_1664.txt
/home/aatmaj/CENT/aim_simulator/build/ramulator2 -f /home/aatmaj/CENT/aim_simulator/test/example.yaml -t /home/aatmaj/CENT/experiments/dda_full_sweep/traces/32_channels_per_device/4_devices/model_parallel/Llama2-13B/trace_4_FC_devices_seqlen_1792.txt
/home/aatmaj/CENT/aim_simulator/build/ramulator2 -f /home/aatmaj/CENT/aim_simulator/test/example.yaml -t /home/aatmaj/CENT/experiments/dda_full_sweep/traces/32_channels_per_device/4_devices/model_parallel_FC/Llama2-13B/trace_4_FC_devices_seqlen_1792.txt
/home/aatmaj/CENT/aim_simulator/build/ramulator2 -f /home/aatmaj/CENT/aim_simulator/test/example.yaml -t /home/aatmaj/CENT/experiments/dda_full_sweep/traces/32_channels_per_device/4_devices/model_parallel/Llama2-13B/trace_4_FC_devices_seqlen_1920.txt
/home/aatmaj/CENT/aim_simulator/build/ramulator2 -f /home/aatmaj/CENT/aim_simulator/test/example.yaml -t /home/aatmaj/CENT/experiments/dda_full_sweep/traces/32_channels_per_device/4_devices/model_parallel_FC/Llama2-13B/trace_4_FC_devices_seqlen_1920.txt
/home/aatmaj/CENT/aim_simulator/build/ramulator2 -f /home/aatmaj/CENT/aim_simulator/test/example.yaml -t /home/aatmaj/CENT/experiments/dda_full_sweep/traces/32_channels_per_device/4_devices/model_parallel/Llama2-13B/trace_4_FC_devices_seqlen_2048.txt
/home/aatmaj/CENT/aim_simulator/build/ramulator2 -f /home/aatmaj/CENT/aim_simulator/test/example.yaml -t /home/aatmaj/CENT/experiments/dda_full_sweep/traces/32_channels_per_device/4_devices/model_parallel_FC/Llama2-13B/trace_4_FC_devices_seqlen_2048.txt
/home/aatmaj/CENT/aim_simulator/build/ramulator2 -f /home/aatmaj/CENT/aim_simulator/test/example.yaml -t /home/aatmaj/CENT/experiments/dda_full_sweep/traces/32_channels_per_device/4_devices/model_parallel/Llama2-13B/trace_4_FC_devices_seqlen_2176.txt
/home/aatmaj/CENT/aim_simulator/build/ramulator2 -f /home/aatmaj/CENT/aim_simulator/test/example.yaml -t /home/aatmaj/CENT/experiments/dda_full_sweep/traces/32_channels_per_device/4_devices/model_parallel_FC/Llama2-13B/trace_4_FC_devices_seqlen_2176.txt
/home/aatmaj/CENT/aim_simulator/build/ramulator2 -f /home/aatmaj/CENT/aim_simulator/test/example.yaml -t /home/aatmaj/CENT/experiments/dda_full_sweep/traces/32_channels_per_device/4_devices/model_parallel/Llama2-13B/trace_4_FC_devices_seqlen_2304.txt
/home/aatmaj/CENT/aim_simulator/build/ramulator2 -f /home/aatmaj/CENT/aim_simulator/test/example.yaml -t /home/aatmaj/CENT/experiments/dda_full_sweep/traces/32_channels_per_device/4_devices/model_parallel_FC/Llama2-13B/trace_4_FC_devices_seqlen_2304.txt
/home/aatmaj/CENT/aim_simulator/build/ramulator2 -f /home/aatmaj/CENT/aim_simulator/test/example.yaml -t /home/aatmaj/CENT/experiments/dda_full_sweep/traces/32_channels_per_device/4_devices/model_parallel/Llama2-13B/trace_4_FC_devices_seqlen_2432.txt
/home/aatmaj/CENT/aim_simulator/build/ramulator2 -f /home/aatmaj/CENT/aim_simulator/test/example.yaml -t /home/aatmaj/CENT/experiments/dda_full_sweep/traces/32_channels_per_device/4_devices/model_parallel_FC/Llama2-13B/trace_4_FC_devices_seqlen_2432.txt
/home/aatmaj/CENT/aim_simulator/build/ramulator2 -f /home/aatmaj/CENT/aim_simulator/test/example.yaml -t /home/aatmaj/CENT/experiments/dda_full_sweep/traces/32_channels_per_device/4_devices/model_parallel/Llama2-13B/trace_4_FC_devices_seqlen_2560.txt
/home/aatmaj/CENT/aim_simulator/build/ramulator2 -f /home/aatmaj/CENT/aim_simulator/test/example.yaml -t /home/aatmaj/CENT/experiments/dda_full_sweep/traces/32_channels_per_device/4_devices/model_parallel_FC/Llama2-13B/trace_4_FC_devices_seqlen_2560.txt
/home/aatmaj/CENT/aim_simulator/build/ramulator2 -f /home/aatmaj/CENT/aim_simulator/test/example.yaml -t /home/aatmaj/CENT/experiments/dda_full_sweep/traces/32_channels_per_device/4_devices/model_parallel/Llama2-13B/trace_4_FC_devices_seqlen_2688.txt
/home/aatmaj/CENT/aim_simulator/build/ramulator2 -f /home/aatmaj/CENT/aim_simulator/test/example.yaml -t /home/aatmaj/CENT/experiments/dda_full_sweep/traces/32_channels_per_device/4_devices/model_parallel_FC/Llama2-13B/trace_4_FC_devices_seqlen_2688.txt
/home/aatmaj/CENT/aim_simulator/build/ramulator2 -f /home/aatmaj/CENT/aim_simulator/test/example.yaml -t /home/aatmaj/CENT/experiments/dda_full_sweep/traces/32_channels_per_device/4_devices/model_parallel/Llama2-13B/trace_4_FC_devices_seqlen_2816.txt
/home/aatmaj/CENT/aim_simulator/build/ramulator2 -f /home/aatmaj/CENT/aim_simulator/test/example.yaml -t /home/aatmaj/CENT/experiments/dda_full_sweep/traces/32_channels_per_device/4_devices/model_parallel_FC/Llama2-13B/trace_4_FC_devices_seqlen_2816.txt
/home/aatmaj/CENT/aim_simulator/build/ramulator2 -f /home/aatmaj/CENT/aim_simulator/test/example.yaml -t /home/aatmaj/CENT/experiments/dda_full_sweep/traces/32_channels_per_device/4_devices/model_parallel/Llama2-13B/trace_4_FC_devices_seqlen_2944.txt
/home/aatmaj/CENT/aim_simulator/build/ramulator2 -f /home/aatmaj/CENT/aim_simulator/test/example.yaml -t /home/aatmaj/CENT/experiments/dda_full_sweep/traces/32_channels_per_device/4_devices/model_parallel_FC/Llama2-13B/trace_4_FC_devices_seqlen_2944.txt
/home/aatmaj/CENT/aim_simulator/build/ramulator2 -f /home/aatmaj/CENT/aim_simulator/test/example.yaml -t /home/aatmaj/CENT/experiments/dda_full_sweep/traces/32_channels_per_device/4_devices/model_parallel/Llama2-13B/trace_4_FC_devices_seqlen_3072.txt
/home/aatmaj/CENT/aim_simulator/build/ramulator2 -f /home/aatmaj/CENT/aim_simulator/test/example.yaml -t /home/aatmaj/CENT/experiments/dda_full_sweep/traces/32_channels_per_device/4_devices/model_parallel_FC/Llama2-13B/trace_4_FC_devices_seqlen_3072.txt
/home/aatmaj/CENT/aim_simulator/build/ramulator2 -f /home/aatmaj/CENT/aim_simulator/test/example.yaml -t /home/aatmaj/CENT/experiments/dda_full_sweep/traces/32_channels_per_device/4_devices/model_parallel/Llama2-13B/trace_4_FC_devices_seqlen_3200.txt
/home/aatmaj/CENT/aim_simulator/build/ramulator2 -f /home/aatmaj/CENT/aim_simulator/test/example.yaml -t /home/aatmaj/CENT/experiments/dda_full_sweep/traces/32_channels_per_device/4_devices/model_parallel_FC/Llama2-13B/trace_4_FC_devices_seqlen_3200.txt
/home/aatmaj/CENT/aim_simulator/build/ramulator2 -f /home/aatmaj/CENT/aim_simulator/test/example.yaml -t /home/aatmaj/CENT/experiments/dda_full_sweep/traces/32_channels_per_device/4_devices/model_parallel/Llama2-13B/trace_4_FC_devices_seqlen_3328.txt
/home/aatmaj/CENT/aim_simulator/build/ramulator2 -f /home/aatmaj/CENT/aim_simulator/test/example.yaml -t /home/aatmaj/CENT/experiments/dda_full_sweep/traces/32_channels_per_device/4_devices/model_parallel_FC/Llama2-13B/trace_4_FC_devices_seqlen_3328.txt
/home/aatmaj/CENT/aim_simulator/build/ramulator2 -f /home/aatmaj/CENT/aim_simulator/test/example.yaml -t /home/aatmaj/CENT/experiments/dda_full_sweep/traces/32_channels_per_device/4_devices/model_parallel/Llama2-13B/trace_4_FC_devices_seqlen_3456.txt
/home/aatmaj/CENT/aim_simulator/build/ramulator2 -f /home/aatmaj/CENT/aim_simulator/test/example.yaml -t /home/aatmaj/CENT/experiments/dda_full_sweep/traces/32_channels_per_device/4_devices/model_parallel_FC/Llama2-13B/trace_4_FC_devices_seqlen_3456.txt
/home/aatmaj/CENT/aim_simulator/build/ramulator2 -f /home/aatmaj/CENT/aim_simulator/test/example.yaml -t /home/aatmaj/CENT/experiments/dda_full_sweep/traces/32_channels_per_device/4_devices/model_parallel/Llama2-13B/trace_4_FC_devices_seqlen_3584.txt
/home/aatmaj/CENT/aim_simulator/build/ramulator2 -f /home/aatmaj/CENT/aim_simulator/test/example.yaml -t /home/aatmaj/CENT/experiments/dda_full_sweep/traces/32_channels_per_device/4_devices/model_parallel_FC/Llama2-13B/trace_4_FC_devices_seqlen_3584.txt
/home/aatmaj/CENT/aim_simulator/build/ramulator2 -f /home/aatmaj/CENT/aim_simulator/test/example.yaml -t /home/aatmaj/CENT/experiments/dda_full_sweep/traces/32_channels_per_device/4_devices/model_parallel/Llama2-13B/trace_4_FC_devices_seqlen_3712.txt
/home/aatmaj/CENT/aim_simulator/build/ramulator2 -f /home/aatmaj/CENT/aim_simulator/test/example.yaml -t /home/aatmaj/CENT/experiments/dda_full_sweep/traces/32_channels_per_device/4_devices/model_parallel_FC/Llama2-13B/trace_4_FC_devices_seqlen_3712.txt
/home/aatmaj/CENT/aim_simulator/build/ramulator2 -f /home/aatmaj/CENT/aim_simulator/test/example.yaml -t /home/aatmaj/CENT/experiments/dda_full_sweep/traces/32_channels_per_device/4_devices/model_parallel/Llama2-13B/trace_4_FC_devices_seqlen_3840.txt
/home/aatmaj/CENT/aim_simulator/build/ramulator2 -f /home/aatmaj/CENT/aim_simulator/test/example.yaml -t /home/aatmaj/CENT/experiments/dda_full_sweep/traces/32_channels_per_device/4_devices/model_parallel_FC/Llama2-13B/trace_4_FC_devices_seqlen_3840.txt
/home/aatmaj/CENT/aim_simulator/build/ramulator2 -f /home/aatmaj/CENT/aim_simulator/test/example.yaml -t /home/aatmaj/CENT/experiments/dda_full_sweep/traces/32_channels_per_device/4_devices/model_parallel/Llama2-13B/trace_4_FC_devices_seqlen_3968.txt
/home/aatmaj/CENT/aim_simulator/build/ramulator2 -f /home/aatmaj/CENT/aim_simulator/test/example.yaml -t /home/aatmaj/CENT/experiments/dda_full_sweep/traces/32_channels_per_device/4_devices/model_parallel_FC/Llama2-13B/trace_4_FC_devices_seqlen_3968.txt
/home/aatmaj/CENT/aim_simulator/build/ramulator2 -f /home/aatmaj/CENT/aim_simulator/test/example.yaml -t /home/aatmaj/CENT/experiments/dda_full_sweep/traces/32_channels_per_device/4_devices/model_parallel/Llama2-13B/trace_4_FC_devices_seqlen_4096.txt
/home/aatmaj/CENT/experiments/dda_full_sweep/simulation/run_sim_full32.py:447: FutureWarning: The behavior of DataFrame concatenation with empty or all-NA entries is deprecated. In a future version, this will no longer exclude empty or all-NA columns when determining the result dtypes. To retain the old behavior, exclude the relevant entries before the concat operation.
  results_df = pd.concat([results_df, new_df], ignore_index=True)
/home/aatmaj/CENT/aim_simulator/build/ramulator2 -f /home/aatmaj/CENT/aim_simulator/test/example.yaml -t /home/aatmaj/CENT/experiments/dda_full_sweep/traces/32_channels_per_device/4_devices/model_parallel_FC/Llama2-13B/trace_4_FC_devices_seqlen_4096.txt
Processing results...
Updating simulation results to CSV...

=== Pool T | Llama2-13B | N_T=28 / 32 | TP=1, PP=layers ===
Generating traces for Llama2-13B (28 devices) ...
/home/aatmaj/CENT/aim_simulator/build/ramulator2 -f /home/aatmaj/CENT/aim_simulator/test/example.yaml -t /home/aatmaj/CENT/experiments/dda_full_sweep/traces/32_channels_per_device/28_devices/pipeline_parallel_embedding/Llama2-13B/trace_16_channels_per_block_seqlen_4096.txt
/home/aatmaj/CENT/aim_simulator/build/ramulator2 -f /home/aatmaj/CENT/aim_simulator/test/example.yaml -t /home/aatmaj/CENT/experiments/dda_full_sweep/traces/32_channels_per_device/28_devices/pipeline_parallel/Llama2-13B/trace_16_channels_per_block_seqlen_128.txt
/home/aatmaj/CENT/aim_simulator/build/ramulator2 -f /home/aatmaj/CENT/aim_simulator/test/example.yaml -t /home/aatmaj/CENT/experiments/dda_full_sweep/traces/32_channels_per_device/28_devices/pipeline_parallel/Llama2-13B/trace_16_channels_per_block_seqlen_256.txt
/home/aatmaj/CENT/aim_simulator/build/ramulator2 -f /home/aatmaj/CENT/aim_simulator/test/example.yaml -t /home/aatmaj/CENT/experiments/dda_full_sweep/traces/32_channels_per_device/28_devices/pipeline_parallel/Llama2-13B/trace_16_channels_per_block_seqlen_384.txt
/home/aatmaj/CENT/aim_simulator/build/ramulator2 -f /home/aatmaj/CENT/aim_simulator/test/example.yaml -t /home/aatmaj/CENT/experiments/dda_full_sweep/traces/32_channels_per_device/28_devices/pipeline_parallel/Llama2-13B/trace_16_channels_per_block_seqlen_512.txt
/home/aatmaj/CENT/aim_simulator/build/ramulator2 -f /home/aatmaj/CENT/aim_simulator/test/example.yaml -t /home/aatmaj/CENT/experiments/dda_full_sweep/traces/32_channels_per_device/28_devices/pipeline_parallel/Llama2-13B/trace_16_channels_per_block_seqlen_640.txt
/home/aatmaj/CENT/aim_simulator/build/ramulator2 -f /home/aatmaj/CENT/aim_simulator/test/example.yaml -t /home/aatmaj/CENT/experiments/dda_full_sweep/traces/32_channels_per_device/28_devices/pipeline_parallel/Llama2-13B/trace_16_channels_per_block_seqlen_768.txt
/home/aatmaj/CENT/aim_simulator/build/ramulator2 -f /home/aatmaj/CENT/aim_simulator/test/example.yaml -t /home/aatmaj/CENT/experiments/dda_full_sweep/traces/32_channels_per_device/28_devices/pipeline_parallel/Llama2-13B/trace_16_channels_per_block_seqlen_896.txt
/home/aatmaj/CENT/aim_simulator/build/ramulator2 -f /home/aatmaj/CENT/aim_simulator/test/example.yaml -t /home/aatmaj/CENT/experiments/dda_full_sweep/traces/32_channels_per_device/28_devices/pipeline_parallel/Llama2-13B/trace_16_channels_per_block_seqlen_1024.txt
/home/aatmaj/CENT/aim_simulator/build/ramulator2 -f /home/aatmaj/CENT/aim_simulator/test/example.yaml -t /home/aatmaj/CENT/experiments/dda_full_sweep/traces/32_channels_per_device/28_devices/pipeline_parallel/Llama2-13B/trace_16_channels_per_block_seqlen_1152.txt
/home/aatmaj/CENT/aim_simulator/build/ramulator2 -f /home/aatmaj/CENT/aim_simulator/test/example.yaml -t /home/aatmaj/CENT/experiments/dda_full_sweep/traces/32_channels_per_device/28_devices/pipeline_parallel/Llama2-13B/trace_16_channels_per_block_seqlen_1280.txt
/home/aatmaj/CENT/aim_simulator/build/ramulator2 -f /home/aatmaj/CENT/aim_simulator/test/example.yaml -t /home/aatmaj/CENT/experiments/dda_full_sweep/traces/32_channels_per_device/28_devices/pipeline_parallel/Llama2-13B/trace_16_channels_per_block_seqlen_1408.txt
/home/aatmaj/CENT/aim_simulator/build/ramulator2 -f /home/aatmaj/CENT/aim_simulator/test/example.yaml -t /home/aatmaj/CENT/experiments/dda_full_sweep/traces/32_channels_per_device/28_devices/pipeline_parallel/Llama2-13B/trace_16_channels_per_block_seqlen_1536.txt
/home/aatmaj/CENT/aim_simulator/build/ramulator2 -f /home/aatmaj/CENT/aim_simulator/test/example.yaml -t /home/aatmaj/CENT/experiments/dda_full_sweep/traces/32_channels_per_device/28_devices/pipeline_parallel/Llama2-13B/trace_16_channels_per_block_seqlen_1664.txt
/home/aatmaj/CENT/aim_simulator/build/ramulator2 -f /home/aatmaj/CENT/aim_simulator/test/example.yaml -t /home/aatmaj/CENT/experiments/dda_full_sweep/traces/32_channels_per_device/28_devices/pipeline_parallel/Llama2-13B/trace_16_channels_per_block_seqlen_1792.txt
/home/aatmaj/CENT/aim_simulator/build/ramulator2 -f /home/aatmaj/CENT/aim_simulator/test/example.yaml -t /home/aatmaj/CENT/experiments/dda_full_sweep/traces/32_channels_per_device/28_devices/pipeline_parallel/Llama2-13B/trace_16_channels_per_block_seqlen_1920.txt
/home/aatmaj/CENT/aim_simulator/build/ramulator2 -f /home/aatmaj/CENT/aim_simulator/test/example.yaml -t /home/aatmaj/CENT/experiments/dda_full_sweep/traces/32_channels_per_device/28_devices/pipeline_parallel/Llama2-13B/trace_16_channels_per_block_seqlen_2048.txt
/home/aatmaj/CENT/aim_simulator/build/ramulator2 -f /home/aatmaj/CENT/aim_simulator/test/example.yaml -t /home/aatmaj/CENT/experiments/dda_full_sweep/traces/32_channels_per_device/28_devices/pipeline_parallel/Llama2-13B/trace_16_channels_per_block_seqlen_2176.txt
/home/aatmaj/CENT/aim_simulator/build/ramulator2 -f /home/aatmaj/CENT/aim_simulator/test/example.yaml -t /home/aatmaj/CENT/experiments/dda_full_sweep/traces/32_channels_per_device/28_devices/pipeline_parallel/Llama2-13B/trace_16_channels_per_block_seqlen_2304.txt
/home/aatmaj/CENT/aim_simulator/build/ramulator2 -f /home/aatmaj/CENT/aim_simulator/test/example.yaml -t /home/aatmaj/CENT/experiments/dda_full_sweep/traces/32_channels_per_device/28_devices/pipeline_parallel/Llama2-13B/trace_16_channels_per_block_seqlen_2432.txt
/home/aatmaj/CENT/aim_simulator/build/ramulator2 -f /home/aatmaj/CENT/aim_simulator/test/example.yaml -t /home/aatmaj/CENT/experiments/dda_full_sweep/traces/32_channels_per_device/28_devices/pipeline_parallel/Llama2-13B/trace_16_channels_per_block_seqlen_2560.txt
/home/aatmaj/CENT/aim_simulator/build/ramulator2 -f /home/aatmaj/CENT/aim_simulator/test/example.yaml -t /home/aatmaj/CENT/experiments/dda_full_sweep/traces/32_channels_per_device/28_devices/pipeline_parallel/Llama2-13B/trace_16_channels_per_block_seqlen_2688.txt
/home/aatmaj/CENT/aim_simulator/build/ramulator2 -f /home/aatmaj/CENT/aim_simulator/test/example.yaml -t /home/aatmaj/CENT/experiments/dda_full_sweep/traces/32_channels_per_device/28_devices/pipeline_parallel/Llama2-13B/trace_16_channels_per_block_seqlen_2816.txt
/home/aatmaj/CENT/aim_simulator/build/ramulator2 -f /home/aatmaj/CENT/aim_simulator/test/example.yaml -t /home/aatmaj/CENT/experiments/dda_full_sweep/traces/32_channels_per_device/28_devices/pipeline_parallel/Llama2-13B/trace_16_channels_per_block_seqlen_2944.txt
/home/aatmaj/CENT/aim_simulator/build/ramulator2 -f /home/aatmaj/CENT/aim_simulator/test/example.yaml -t /home/aatmaj/CENT/experiments/dda_full_sweep/traces/32_channels_per_device/28_devices/pipeline_parallel/Llama2-13B/trace_16_channels_per_block_seqlen_3072.txt
/home/aatmaj/CENT/aim_simulator/build/ramulator2 -f /home/aatmaj/CENT/aim_simulator/test/example.yaml -t /home/aatmaj/CENT/experiments/dda_full_sweep/traces/32_channels_per_device/28_devices/pipeline_parallel/Llama2-13B/trace_16_channels_per_block_seqlen_3200.txt
/home/aatmaj/CENT/aim_simulator/build/ramulator2 -f /home/aatmaj/CENT/aim_simulator/test/example.yaml -t /home/aatmaj/CENT/experiments/dda_full_sweep/traces/32_channels_per_device/28_devices/pipeline_parallel/Llama2-13B/trace_16_channels_per_block_seqlen_3328.txt
/home/aatmaj/CENT/aim_simulator/build/ramulator2 -f /home/aatmaj/CENT/aim_simulator/test/example.yaml -t /home/aatmaj/CENT/experiments/dda_full_sweep/traces/32_channels_per_device/28_devices/pipeline_parallel/Llama2-13B/trace_16_channels_per_block_seqlen_3456.txt
/home/aatmaj/CENT/aim_simulator/build/ramulator2 -f /home/aatmaj/CENT/aim_simulator/test/example.yaml -t /home/aatmaj/CENT/experiments/dda_full_sweep/traces/32_channels_per_device/28_devices/pipeline_parallel/Llama2-13B/trace_16_channels_per_block_seqlen_3584.txt
/home/aatmaj/CENT/aim_simulator/build/ramulator2 -f /home/aatmaj/CENT/aim_simulator/test/example.yaml -t /home/aatmaj/CENT/experiments/dda_full_sweep/traces/32_channels_per_device/28_devices/pipeline_parallel/Llama2-13B/trace_16_channels_per_block_seqlen_3712.txt
/home/aatmaj/CENT/experiments/dda_full_sweep/simulation/run_sim_full32.py:460: FutureWarning: The behavior of DataFrame concatenation with empty or all-NA entries is deprecated. In a future version, this will no longer exclude empty or all-NA columns when determining the result dtypes. To retain the old behavior, exclude the relevant entries before the concat operation.
  results_df = pd.concat([results_df, new_df], ignore_index=True)
/home/aatmaj/CENT/aim_simulator/build/ramulator2 -f /home/aatmaj/CENT/aim_simulator/test/example.yaml -t /home/aatmaj/CENT/experiments/dda_full_sweep/traces/32_channels_per_device/28_devices/pipeline_parallel/Llama2-13B/trace_16_channels_per_block_seqlen_3840.txt
/home/aatmaj/CENT/aim_simulator/build/ramulator2 -f /home/aatmaj/CENT/aim_simulator/test/example.yaml -t /home/aatmaj/CENT/experiments/dda_full_sweep/traces/32_channels_per_device/28_devices/pipeline_parallel/Llama2-13B/trace_16_channels_per_block_seqlen_3968.txt
/home/aatmaj/CENT/aim_simulator/build/ramulator2 -f /home/aatmaj/CENT/aim_simulator/test/example.yaml -t /home/aatmaj/CENT/experiments/dda_full_sweep/traces/32_channels_per_device/28_devices/pipeline_parallel/Llama2-13B/trace_16_channels_per_block_seqlen_4096.txt
Processing results...
Updating simulation results to CSV...

=== Pool L | Llama2-13B | N_L=6 / 32 | TP=6, PP=1 ===
Generating traces for Llama2-13B (6 devices) ...
/home/aatmaj/CENT/aim_simulator/build/ramulator2 -f /home/aatmaj/CENT/aim_simulator/test/example.yaml -t /home/aatmaj/CENT/experiments/dda_full_sweep/traces/32_channels_per_device/6_devices/model_parallel_embedding/Llama2-13B/trace_6_FC_devices_seqlen_4096.txt
/home/aatmaj/CENT/aim_simulator/build/ramulator2 -f /home/aatmaj/CENT/aim_simulator/test/example.yaml -t /home/aatmaj/CENT/experiments/dda_full_sweep/traces/32_channels_per_device/6_devices/model_parallel/Llama2-13B/trace_6_FC_devices_seqlen_128.txt
/home/aatmaj/CENT/aim_simulator/build/ramulator2 -f /home/aatmaj/CENT/aim_simulator/test/example.yaml -t /home/aatmaj/CENT/experiments/dda_full_sweep/traces/32_channels_per_device/6_devices/model_parallel_FC/Llama2-13B/trace_6_FC_devices_seqlen_128.txt
/home/aatmaj/CENT/aim_simulator/build/ramulator2 -f /home/aatmaj/CENT/aim_simulator/test/example.yaml -t /home/aatmaj/CENT/experiments/dda_full_sweep/traces/32_channels_per_device/6_devices/model_parallel/Llama2-13B/trace_6_FC_devices_seqlen_256.txt
/home/aatmaj/CENT/aim_simulator/build/ramulator2 -f /home/aatmaj/CENT/aim_simulator/test/example.yaml -t /home/aatmaj/CENT/experiments/dda_full_sweep/traces/32_channels_per_device/6_devices/model_parallel_FC/Llama2-13B/trace_6_FC_devices_seqlen_256.txt
/home/aatmaj/CENT/aim_simulator/build/ramulator2 -f /home/aatmaj/CENT/aim_simulator/test/example.yaml -t /home/aatmaj/CENT/experiments/dda_full_sweep/traces/32_channels_per_device/6_devices/model_parallel/Llama2-13B/trace_6_FC_devices_seqlen_384.txt
/home/aatmaj/CENT/aim_simulator/build/ramulator2 -f /home/aatmaj/CENT/aim_simulator/test/example.yaml -t /home/aatmaj/CENT/experiments/dda_full_sweep/traces/32_channels_per_device/6_devices/model_parallel_FC/Llama2-13B/trace_6_FC_devices_seqlen_384.txt
/home/aatmaj/CENT/aim_simulator/build/ramulator2 -f /home/aatmaj/CENT/aim_simulator/test/example.yaml -t /home/aatmaj/CENT/experiments/dda_full_sweep/traces/32_channels_per_device/6_devices/model_parallel/Llama2-13B/trace_6_FC_devices_seqlen_512.txt
/home/aatmaj/CENT/aim_simulator/build/ramulator2 -f /home/aatmaj/CENT/aim_simulator/test/example.yaml -t /home/aatmaj/CENT/experiments/dda_full_sweep/traces/32_channels_per_device/6_devices/model_parallel_FC/Llama2-13B/trace_6_FC_devices_seqlen_512.txt
/home/aatmaj/CENT/aim_simulator/build/ramulator2 -f /home/aatmaj/CENT/aim_simulator/test/example.yaml -t /home/aatmaj/CENT/experiments/dda_full_sweep/traces/32_channels_per_device/6_devices/model_parallel/Llama2-13B/trace_6_FC_devices_seqlen_640.txt
/home/aatmaj/CENT/aim_simulator/build/ramulator2 -f /home/aatmaj/CENT/aim_simulator/test/example.yaml -t /home/aatmaj/CENT/experiments/dda_full_sweep/traces/32_channels_per_device/6_devices/model_parallel_FC/Llama2-13B/trace_6_FC_devices_seqlen_640.txt
/home/aatmaj/CENT/aim_simulator/build/ramulator2 -f /home/aatmaj/CENT/aim_simulator/test/example.yaml -t /home/aatmaj/CENT/experiments/dda_full_sweep/traces/32_channels_per_device/6_devices/model_parallel/Llama2-13B/trace_6_FC_devices_seqlen_768.txt
/home/aatmaj/CENT/aim_simulator/build/ramulator2 -f /home/aatmaj/CENT/aim_simulator/test/example.yaml -t /home/aatmaj/CENT/experiments/dda_full_sweep/traces/32_channels_per_device/6_devices/model_parallel_FC/Llama2-13B/trace_6_FC_devices_seqlen_768.txt
/home/aatmaj/CENT/aim_simulator/build/ramulator2 -f /home/aatmaj/CENT/aim_simulator/test/example.yaml -t /home/aatmaj/CENT/experiments/dda_full_sweep/traces/32_channels_per_device/6_devices/model_parallel/Llama2-13B/trace_6_FC_devices_seqlen_896.txt
/home/aatmaj/CENT/aim_simulator/build/ramulator2 -f /home/aatmaj/CENT/aim_simulator/test/example.yaml -t /home/aatmaj/CENT/experiments/dda_full_sweep/traces/32_channels_per_device/6_devices/model_parallel_FC/Llama2-13B/trace_6_FC_devices_seqlen_896.txt
/home/aatmaj/CENT/aim_simulator/build/ramulator2 -f /home/aatmaj/CENT/aim_simulator/test/example.yaml -t /home/aatmaj/CENT/experiments/dda_full_sweep/traces/32_channels_per_device/6_devices/model_parallel/Llama2-13B/trace_6_FC_devices_seqlen_1024.txt
/home/aatmaj/CENT/aim_simulator/build/ramulator2 -f /home/aatmaj/CENT/aim_simulator/test/example.yaml -t /home/aatmaj/CENT/experiments/dda_full_sweep/traces/32_channels_per_device/6_devices/model_parallel_FC/Llama2-13B/trace_6_FC_devices_seqlen_1024.txt
/home/aatmaj/CENT/aim_simulator/build/ramulator2 -f /home/aatmaj/CENT/aim_simulator/test/example.yaml -t /home/aatmaj/CENT/experiments/dda_full_sweep/traces/32_channels_per_device/6_devices/model_parallel/Llama2-13B/trace_6_FC_devices_seqlen_1152.txt
/home/aatmaj/CENT/aim_simulator/build/ramulator2 -f /home/aatmaj/CENT/aim_simulator/test/example.yaml -t /home/aatmaj/CENT/experiments/dda_full_sweep/traces/32_channels_per_device/6_devices/model_parallel_FC/Llama2-13B/trace_6_FC_devices_seqlen_1152.txt
/home/aatmaj/CENT/aim_simulator/build/ramulator2 -f /home/aatmaj/CENT/aim_simulator/test/example.yaml -t /home/aatmaj/CENT/experiments/dda_full_sweep/traces/32_channels_per_device/6_devices/model_parallel/Llama2-13B/trace_6_FC_devices_seqlen_1280.txt
/home/aatmaj/CENT/aim_simulator/build/ramulator2 -f /home/aatmaj/CENT/aim_simulator/test/example.yaml -t /home/aatmaj/CENT/experiments/dda_full_sweep/traces/32_channels_per_device/6_devices/model_parallel_FC/Llama2-13B/trace_6_FC_devices_seqlen_1280.txt
/home/aatmaj/CENT/aim_simulator/build/ramulator2 -f /home/aatmaj/CENT/aim_simulator/test/example.yaml -t /home/aatmaj/CENT/experiments/dda_full_sweep/traces/32_channels_per_device/6_devices/model_parallel/Llama2-13B/trace_6_FC_devices_seqlen_1408.txt
/home/aatmaj/CENT/aim_simulator/build/ramulator2 -f /home/aatmaj/CENT/aim_simulator/test/example.yaml -t /home/aatmaj/CENT/experiments/dda_full_sweep/traces/32_channels_per_device/6_devices/model_parallel_FC/Llama2-13B/trace_6_FC_devices_seqlen_1408.txt
/home/aatmaj/CENT/aim_simulator/build/ramulator2 -f /home/aatmaj/CENT/aim_simulator/test/example.yaml -t /home/aatmaj/CENT/experiments/dda_full_sweep/traces/32_channels_per_device/6_devices/model_parallel/Llama2-13B/trace_6_FC_devices_seqlen_1536.txt
/home/aatmaj/CENT/aim_simulator/build/ramulator2 -f /home/aatmaj/CENT/aim_simulator/test/example.yaml -t /home/aatmaj/CENT/experiments/dda_full_sweep/traces/32_channels_per_device/6_devices/model_parallel_FC/Llama2-13B/trace_6_FC_devices_seqlen_1536.txt
/home/aatmaj/CENT/aim_simulator/build/ramulator2 -f /home/aatmaj/CENT/aim_simulator/test/example.yaml -t /home/aatmaj/CENT/experiments/dda_full_sweep/traces/32_channels_per_device/6_devices/model_parallel/Llama2-13B/trace_6_FC_devices_seqlen_1664.txt
/home/aatmaj/CENT/aim_simulator/build/ramulator2 -f /home/aatmaj/CENT/aim_simulator/test/example.yaml -t /home/aatmaj/CENT/experiments/dda_full_sweep/traces/32_channels_per_device/6_devices/model_parallel_FC/Llama2-13B/trace_6_FC_devices_seqlen_1664.txt
/home/aatmaj/CENT/aim_simulator/build/ramulator2 -f /home/aatmaj/CENT/aim_simulator/test/example.yaml -t /home/aatmaj/CENT/experiments/dda_full_sweep/traces/32_channels_per_device/6_devices/model_parallel/Llama2-13B/trace_6_FC_devices_seqlen_1792.txt
/home/aatmaj/CENT/aim_simulator/build/ramulator2 -f /home/aatmaj/CENT/aim_simulator/test/example.yaml -t /home/aatmaj/CENT/experiments/dda_full_sweep/traces/32_channels_per_device/6_devices/model_parallel_FC/Llama2-13B/trace_6_FC_devices_seqlen_1792.txt
/home/aatmaj/CENT/aim_simulator/build/ramulator2 -f /home/aatmaj/CENT/aim_simulator/test/example.yaml -t /home/aatmaj/CENT/experiments/dda_full_sweep/traces/32_channels_per_device/6_devices/model_parallel/Llama2-13B/trace_6_FC_devices_seqlen_1920.txt
/home/aatmaj/CENT/aim_simulator/build/ramulator2 -f /home/aatmaj/CENT/aim_simulator/test/example.yaml -t /home/aatmaj/CENT/experiments/dda_full_sweep/traces/32_channels_per_device/6_devices/model_parallel_FC/Llama2-13B/trace_6_FC_devices_seqlen_1920.txt
/home/aatmaj/CENT/aim_simulator/build/ramulator2 -f /home/aatmaj/CENT/aim_simulator/test/example.yaml -t /home/aatmaj/CENT/experiments/dda_full_sweep/traces/32_channels_per_device/6_devices/model_parallel/Llama2-13B/trace_6_FC_devices_seqlen_2048.txt
/home/aatmaj/CENT/aim_simulator/build/ramulator2 -f /home/aatmaj/CENT/aim_simulator/test/example.yaml -t /home/aatmaj/CENT/experiments/dda_full_sweep/traces/32_channels_per_device/6_devices/model_parallel_FC/Llama2-13B/trace_6_FC_devices_seqlen_2048.txt
/home/aatmaj/CENT/aim_simulator/build/ramulator2 -f /home/aatmaj/CENT/aim_simulator/test/example.yaml -t /home/aatmaj/CENT/experiments/dda_full_sweep/traces/32_channels_per_device/6_devices/model_parallel/Llama2-13B/trace_6_FC_devices_seqlen_2176.txt
/home/aatmaj/CENT/aim_simulator/build/ramulator2 -f /home/aatmaj/CENT/aim_simulator/test/example.yaml -t /home/aatmaj/CENT/experiments/dda_full_sweep/traces/32_channels_per_device/6_devices/model_parallel_FC/Llama2-13B/trace_6_FC_devices_seqlen_2176.txt
/home/aatmaj/CENT/aim_simulator/build/ramulator2 -f /home/aatmaj/CENT/aim_simulator/test/example.yaml -t /home/aatmaj/CENT/experiments/dda_full_sweep/traces/32_channels_per_device/6_devices/model_parallel/Llama2-13B/trace_6_FC_devices_seqlen_2304.txt
/home/aatmaj/CENT/aim_simulator/build/ramulator2 -f /home/aatmaj/CENT/aim_simulator/test/example.yaml -t /home/aatmaj/CENT/experiments/dda_full_sweep/traces/32_channels_per_device/6_devices/model_parallel_FC/Llama2-13B/trace_6_FC_devices_seqlen_2304.txt
/home/aatmaj/CENT/aim_simulator/build/ramulator2 -f /home/aatmaj/CENT/aim_simulator/test/example.yaml -t /home/aatmaj/CENT/experiments/dda_full_sweep/traces/32_channels_per_device/6_devices/model_parallel/Llama2-13B/trace_6_FC_devices_seqlen_2432.txt
/home/aatmaj/CENT/aim_simulator/build/ramulator2 -f /home/aatmaj/CENT/aim_simulator/test/example.yaml -t /home/aatmaj/CENT/experiments/dda_full_sweep/traces/32_channels_per_device/6_devices/model_parallel_FC/Llama2-13B/trace_6_FC_devices_seqlen_2432.txt
/home/aatmaj/CENT/aim_simulator/build/ramulator2 -f /home/aatmaj/CENT/aim_simulator/test/example.yaml -t /home/aatmaj/CENT/experiments/dda_full_sweep/traces/32_channels_per_device/6_devices/model_parallel/Llama2-13B/trace_6_FC_devices_seqlen_2560.txt
/home/aatmaj/CENT/aim_simulator/build/ramulator2 -f /home/aatmaj/CENT/aim_simulator/test/example.yaml -t /home/aatmaj/CENT/experiments/dda_full_sweep/traces/32_channels_per_device/6_devices/model_parallel_FC/Llama2-13B/trace_6_FC_devices_seqlen_2560.txt
/home/aatmaj/CENT/aim_simulator/build/ramulator2 -f /home/aatmaj/CENT/aim_simulator/test/example.yaml -t /home/aatmaj/CENT/experiments/dda_full_sweep/traces/32_channels_per_device/6_devices/model_parallel/Llama2-13B/trace_6_FC_devices_seqlen_2688.txt
/home/aatmaj/CENT/aim_simulator/build/ramulator2 -f /home/aatmaj/CENT/aim_simulator/test/example.yaml -t /home/aatmaj/CENT/experiments/dda_full_sweep/traces/32_channels_per_device/6_devices/model_parallel_FC/Llama2-13B/trace_6_FC_devices_seqlen_2688.txt
/home/aatmaj/CENT/aim_simulator/build/ramulator2 -f /home/aatmaj/CENT/aim_simulator/test/example.yaml -t /home/aatmaj/CENT/experiments/dda_full_sweep/traces/32_channels_per_device/6_devices/model_parallel/Llama2-13B/trace_6_FC_devices_seqlen_2816.txt
/home/aatmaj/CENT/aim_simulator/build/ramulator2 -f /home/aatmaj/CENT/aim_simulator/test/example.yaml -t /home/aatmaj/CENT/experiments/dda_full_sweep/traces/32_channels_per_device/6_devices/model_parallel_FC/Llama2-13B/trace_6_FC_devices_seqlen_2816.txt
/home/aatmaj/CENT/aim_simulator/build/ramulator2 -f /home/aatmaj/CENT/aim_simulator/test/example.yaml -t /home/aatmaj/CENT/experiments/dda_full_sweep/traces/32_channels_per_device/6_devices/model_parallel/Llama2-13B/trace_6_FC_devices_seqlen_2944.txt
/home/aatmaj/CENT/aim_simulator/build/ramulator2 -f /home/aatmaj/CENT/aim_simulator/test/example.yaml -t /home/aatmaj/CENT/experiments/dda_full_sweep/traces/32_channels_per_device/6_devices/model_parallel_FC/Llama2-13B/trace_6_FC_devices_seqlen_2944.txt
/home/aatmaj/CENT/aim_simulator/build/ramulator2 -f /home/aatmaj/CENT/aim_simulator/test/example.yaml -t /home/aatmaj/CENT/experiments/dda_full_sweep/traces/32_channels_per_device/6_devices/model_parallel/Llama2-13B/trace_6_FC_devices_seqlen_3072.txt
/home/aatmaj/CENT/aim_simulator/build/ramulator2 -f /home/aatmaj/CENT/aim_simulator/test/example.yaml -t /home/aatmaj/CENT/experiments/dda_full_sweep/traces/32_channels_per_device/6_devices/model_parallel_FC/Llama2-13B/trace_6_FC_devices_seqlen_3072.txt
/home/aatmaj/CENT/aim_simulator/build/ramulator2 -f /home/aatmaj/CENT/aim_simulator/test/example.yaml -t /home/aatmaj/CENT/experiments/dda_full_sweep/traces/32_channels_per_device/6_devices/model_parallel/Llama2-13B/trace_6_FC_devices_seqlen_3200.txt
/home/aatmaj/CENT/aim_simulator/build/ramulator2 -f /home/aatmaj/CENT/aim_simulator/test/example.yaml -t /home/aatmaj/CENT/experiments/dda_full_sweep/traces/32_channels_per_device/6_devices/model_parallel_FC/Llama2-13B/trace_6_FC_devices_seqlen_3200.txt
/home/aatmaj/CENT/aim_simulator/build/ramulator2 -f /home/aatmaj/CENT/aim_simulator/test/example.yaml -t /home/aatmaj/CENT/experiments/dda_full_sweep/traces/32_channels_per_device/6_devices/model_parallel/Llama2-13B/trace_6_FC_devices_seqlen_3328.txt
/home/aatmaj/CENT/aim_simulator/build/ramulator2 -f /home/aatmaj/CENT/aim_simulator/test/example.yaml -t /home/aatmaj/CENT/experiments/dda_full_sweep/traces/32_channels_per_device/6_devices/model_parallel_FC/Llama2-13B/trace_6_FC_devices_seqlen_3328.txt
/home/aatmaj/CENT/aim_simulator/build/ramulator2 -f /home/aatmaj/CENT/aim_simulator/test/example.yaml -t /home/aatmaj/CENT/experiments/dda_full_sweep/traces/32_channels_per_device/6_devices/model_parallel/Llama2-13B/trace_6_FC_devices_seqlen_3456.txt
/home/aatmaj/CENT/aim_simulator/build/ramulator2 -f /home/aatmaj/CENT/aim_simulator/test/example.yaml -t /home/aatmaj/CENT/experiments/dda_full_sweep/traces/32_channels_per_device/6_devices/model_parallel_FC/Llama2-13B/trace_6_FC_devices_seqlen_3456.txt
/home/aatmaj/CENT/aim_simulator/build/ramulator2 -f /home/aatmaj/CENT/aim_simulator/test/example.yaml -t /home/aatmaj/CENT/experiments/dda_full_sweep/traces/32_channels_per_device/6_devices/model_parallel/Llama2-13B/trace_6_FC_devices_seqlen_3584.txt
/home/aatmaj/CENT/aim_simulator/build/ramulator2 -f /home/aatmaj/CENT/aim_simulator/test/example.yaml -t /home/aatmaj/CENT/experiments/dda_full_sweep/traces/32_channels_per_device/6_devices/model_parallel_FC/Llama2-13B/trace_6_FC_devices_seqlen_3584.txt
/home/aatmaj/CENT/aim_simulator/build/ramulator2 -f /home/aatmaj/CENT/aim_simulator/test/example.yaml -t /home/aatmaj/CENT/experiments/dda_full_sweep/traces/32_channels_per_device/6_devices/model_parallel/Llama2-13B/trace_6_FC_devices_seqlen_3712.txt
/home/aatmaj/CENT/aim_simulator/build/ramulator2 -f /home/aatmaj/CENT/aim_simulator/test/example.yaml -t /home/aatmaj/CENT/experiments/dda_full_sweep/traces/32_channels_per_device/6_devices/model_parallel_FC/Llama2-13B/trace_6_FC_devices_seqlen_3712.txt
/home/aatmaj/CENT/aim_simulator/build/ramulator2 -f /home/aatmaj/CENT/aim_simulator/test/example.yaml -t /home/aatmaj/CENT/experiments/dda_full_sweep/traces/32_channels_per_device/6_devices/model_parallel/Llama2-13B/trace_6_FC_devices_seqlen_3840.txt
/home/aatmaj/CENT/aim_simulator/build/ramulator2 -f /home/aatmaj/CENT/aim_simulator/test/example.yaml -t /home/aatmaj/CENT/experiments/dda_full_sweep/traces/32_channels_per_device/6_devices/model_parallel_FC/Llama2-13B/trace_6_FC_devices_seqlen_3840.txt
/home/aatmaj/CENT/aim_simulator/build/ramulator2 -f /home/aatmaj/CENT/aim_simulator/test/example.yaml -t /home/aatmaj/CENT/experiments/dda_full_sweep/traces/32_channels_per_device/6_devices/model_parallel/Llama2-13B/trace_6_FC_devices_seqlen_3968.txt
/home/aatmaj/CENT/aim_simulator/build/ramulator2 -f /home/aatmaj/CENT/aim_simulator/test/example.yaml -t /home/aatmaj/CENT/experiments/dda_full_sweep/traces/32_channels_per_device/6_devices/model_parallel_FC/Llama2-13B/trace_6_FC_devices_seqlen_3968.txt
/home/aatmaj/CENT/aim_simulator/build/ramulator2 -f /home/aatmaj/CENT/aim_simulator/test/example.yaml -t /home/aatmaj/CENT/experiments/dda_full_sweep/traces/32_channels_per_device/6_devices/model_parallel/Llama2-13B/trace_6_FC_devices_seqlen_4096.txt
/home/aatmaj/CENT/experiments/dda_full_sweep/simulation/run_sim_full32.py:447: FutureWarning: The behavior of DataFrame concatenation with empty or all-NA entries is deprecated. In a future version, this will no longer exclude empty or all-NA columns when determining the result dtypes. To retain the old behavior, exclude the relevant entries before the concat operation.
  results_df = pd.concat([results_df, new_df], ignore_index=True)
/home/aatmaj/CENT/aim_simulator/build/ramulator2 -f /home/aatmaj/CENT/aim_simulator/test/example.yaml -t /home/aatmaj/CENT/experiments/dda_full_sweep/traces/32_channels_per_device/6_devices/model_parallel_FC/Llama2-13B/trace_6_FC_devices_seqlen_4096.txt
Processing results...
Updating simulation results to CSV...

=== Pool T | Llama2-13B | N_T=26 / 32 | TP=1, PP=layers ===
Generating traces for Llama2-13B (26 devices) ...
/home/aatmaj/CENT/aim_simulator/build/ramulator2 -f /home/aatmaj/CENT/aim_simulator/test/example.yaml -t /home/aatmaj/CENT/experiments/dda_full_sweep/traces/32_channels_per_device/26_devices/pipeline_parallel_embedding/Llama2-13B/trace_16_channels_per_block_seqlen_4096.txt
/home/aatmaj/CENT/aim_simulator/build/ramulator2 -f /home/aatmaj/CENT/aim_simulator/test/example.yaml -t /home/aatmaj/CENT/experiments/dda_full_sweep/traces/32_channels_per_device/26_devices/pipeline_parallel/Llama2-13B/trace_16_channels_per_block_seqlen_128.txt
/home/aatmaj/CENT/aim_simulator/build/ramulator2 -f /home/aatmaj/CENT/aim_simulator/test/example.yaml -t /home/aatmaj/CENT/experiments/dda_full_sweep/traces/32_channels_per_device/26_devices/pipeline_parallel/Llama2-13B/trace_16_channels_per_block_seqlen_256.txt
/home/aatmaj/CENT/aim_simulator/build/ramulator2 -f /home/aatmaj/CENT/aim_simulator/test/example.yaml -t /home/aatmaj/CENT/experiments/dda_full_sweep/traces/32_channels_per_device/26_devices/pipeline_parallel/Llama2-13B/trace_16_channels_per_block_seqlen_384.txt
/home/aatmaj/CENT/aim_simulator/build/ramulator2 -f /home/aatmaj/CENT/aim_simulator/test/example.yaml -t /home/aatmaj/CENT/experiments/dda_full_sweep/traces/32_channels_per_device/26_devices/pipeline_parallel/Llama2-13B/trace_16_channels_per_block_seqlen_512.txt
/home/aatmaj/CENT/aim_simulator/build/ramulator2 -f /home/aatmaj/CENT/aim_simulator/test/example.yaml -t /home/aatmaj/CENT/experiments/dda_full_sweep/traces/32_channels_per_device/26_devices/pipeline_parallel/Llama2-13B/trace_16_channels_per_block_seqlen_640.txt
/home/aatmaj/CENT/aim_simulator/build/ramulator2 -f /home/aatmaj/CENT/aim_simulator/test/example.yaml -t /home/aatmaj/CENT/experiments/dda_full_sweep/traces/32_channels_per_device/26_devices/pipeline_parallel/Llama2-13B/trace_16_channels_per_block_seqlen_768.txt
/home/aatmaj/CENT/aim_simulator/build/ramulator2 -f /home/aatmaj/CENT/aim_simulator/test/example.yaml -t /home/aatmaj/CENT/experiments/dda_full_sweep/traces/32_channels_per_device/26_devices/pipeline_parallel/Llama2-13B/trace_16_channels_per_block_seqlen_896.txt
/home/aatmaj/CENT/aim_simulator/build/ramulator2 -f /home/aatmaj/CENT/aim_simulator/test/example.yaml -t /home/aatmaj/CENT/experiments/dda_full_sweep/traces/32_channels_per_device/26_devices/pipeline_parallel/Llama2-13B/trace_16_channels_per_block_seqlen_1024.txt
/home/aatmaj/CENT/aim_simulator/build/ramulator2 -f /home/aatmaj/CENT/aim_simulator/test/example.yaml -t /home/aatmaj/CENT/experiments/dda_full_sweep/traces/32_channels_per_device/26_devices/pipeline_parallel/Llama2-13B/trace_16_channels_per_block_seqlen_1152.txt
/home/aatmaj/CENT/aim_simulator/build/ramulator2 -f /home/aatmaj/CENT/aim_simulator/test/example.yaml -t /home/aatmaj/CENT/experiments/dda_full_sweep/traces/32_channels_per_device/26_devices/pipeline_parallel/Llama2-13B/trace_16_channels_per_block_seqlen_1280.txt
/home/aatmaj/CENT/aim_simulator/build/ramulator2 -f /home/aatmaj/CENT/aim_simulator/test/example.yaml -t /home/aatmaj/CENT/experiments/dda_full_sweep/traces/32_channels_per_device/26_devices/pipeline_parallel/Llama2-13B/trace_16_channels_per_block_seqlen_1408.txt
/home/aatmaj/CENT/aim_simulator/build/ramulator2 -f /home/aatmaj/CENT/aim_simulator/test/example.yaml -t /home/aatmaj/CENT/experiments/dda_full_sweep/traces/32_channels_per_device/26_devices/pipeline_parallel/Llama2-13B/trace_16_channels_per_block_seqlen_1536.txt
/home/aatmaj/CENT/aim_simulator/build/ramulator2 -f /home/aatmaj/CENT/aim_simulator/test/example.yaml -t /home/aatmaj/CENT/experiments/dda_full_sweep/traces/32_channels_per_device/26_devices/pipeline_parallel/Llama2-13B/trace_16_channels_per_block_seqlen_1664.txt
/home/aatmaj/CENT/aim_simulator/build/ramulator2 -f /home/aatmaj/CENT/aim_simulator/test/example.yaml -t /home/aatmaj/CENT/experiments/dda_full_sweep/traces/32_channels_per_device/26_devices/pipeline_parallel/Llama2-13B/trace_16_channels_per_block_seqlen_1792.txt
/home/aatmaj/CENT/aim_simulator/build/ramulator2 -f /home/aatmaj/CENT/aim_simulator/test/example.yaml -t /home/aatmaj/CENT/experiments/dda_full_sweep/traces/32_channels_per_device/26_devices/pipeline_parallel/Llama2-13B/trace_16_channels_per_block_seqlen_1920.txt
/home/aatmaj/CENT/aim_simulator/build/ramulator2 -f /home/aatmaj/CENT/aim_simulator/test/example.yaml -t /home/aatmaj/CENT/experiments/dda_full_sweep/traces/32_channels_per_device/26_devices/pipeline_parallel/Llama2-13B/trace_16_channels_per_block_seqlen_2048.txt
/home/aatmaj/CENT/aim_simulator/build/ramulator2 -f /home/aatmaj/CENT/aim_simulator/test/example.yaml -t /home/aatmaj/CENT/experiments/dda_full_sweep/traces/32_channels_per_device/26_devices/pipeline_parallel/Llama2-13B/trace_16_channels_per_block_seqlen_2176.txt
/home/aatmaj/CENT/aim_simulator/build/ramulator2 -f /home/aatmaj/CENT/aim_simulator/test/example.yaml -t /home/aatmaj/CENT/experiments/dda_full_sweep/traces/32_channels_per_device/26_devices/pipeline_parallel/Llama2-13B/trace_16_channels_per_block_seqlen_2304.txt
/home/aatmaj/CENT/aim_simulator/build/ramulator2 -f /home/aatmaj/CENT/aim_simulator/test/example.yaml -t /home/aatmaj/CENT/experiments/dda_full_sweep/traces/32_channels_per_device/26_devices/pipeline_parallel/Llama2-13B/trace_16_channels_per_block_seqlen_2432.txt
/home/aatmaj/CENT/aim_simulator/build/ramulator2 -f /home/aatmaj/CENT/aim_simulator/test/example.yaml -t /home/aatmaj/CENT/experiments/dda_full_sweep/traces/32_channels_per_device/26_devices/pipeline_parallel/Llama2-13B/trace_16_channels_per_block_seqlen_2560.txt
/home/aatmaj/CENT/aim_simulator/build/ramulator2 -f /home/aatmaj/CENT/aim_simulator/test/example.yaml -t /home/aatmaj/CENT/experiments/dda_full_sweep/traces/32_channels_per_device/26_devices/pipeline_parallel/Llama2-13B/trace_16_channels_per_block_seqlen_2688.txt
/home/aatmaj/CENT/aim_simulator/build/ramulator2 -f /home/aatmaj/CENT/aim_simulator/test/example.yaml -t /home/aatmaj/CENT/experiments/dda_full_sweep/traces/32_channels_per_device/26_devices/pipeline_parallel/Llama2-13B/trace_16_channels_per_block_seqlen_2816.txt
/home/aatmaj/CENT/aim_simulator/build/ramulator2 -f /home/aatmaj/CENT/aim_simulator/test/example.yaml -t /home/aatmaj/CENT/experiments/dda_full_sweep/traces/32_channels_per_device/26_devices/pipeline_parallel/Llama2-13B/trace_16_channels_per_block_seqlen_2944.txt
/home/aatmaj/CENT/aim_simulator/build/ramulator2 -f /home/aatmaj/CENT/aim_simulator/test/example.yaml -t /home/aatmaj/CENT/experiments/dda_full_sweep/traces/32_channels_per_device/26_devices/pipeline_parallel/Llama2-13B/trace_16_channels_per_block_seqlen_3072.txt
/home/aatmaj/CENT/aim_simulator/build/ramulator2 -f /home/aatmaj/CENT/aim_simulator/test/example.yaml -t /home/aatmaj/CENT/experiments/dda_full_sweep/traces/32_channels_per_device/26_devices/pipeline_parallel/Llama2-13B/trace_16_channels_per_block_seqlen_3200.txt
/home/aatmaj/CENT/aim_simulator/build/ramulator2 -f /home/aatmaj/CENT/aim_simulator/test/example.yaml -t /home/aatmaj/CENT/experiments/dda_full_sweep/traces/32_channels_per_device/26_devices/pipeline_parallel/Llama2-13B/trace_16_channels_per_block_seqlen_3328.txt
/home/aatmaj/CENT/aim_simulator/build/ramulator2 -f /home/aatmaj/CENT/aim_simulator/test/example.yaml -t /home/aatmaj/CENT/experiments/dda_full_sweep/traces/32_channels_per_device/26_devices/pipeline_parallel/Llama2-13B/trace_16_channels_per_block_seqlen_3456.txt
/home/aatmaj/CENT/aim_simulator/build/ramulator2 -f /home/aatmaj/CENT/aim_simulator/test/example.yaml -t /home/aatmaj/CENT/experiments/dda_full_sweep/traces/32_channels_per_device/26_devices/pipeline_parallel/Llama2-13B/trace_16_channels_per_block_seqlen_3584.txt
/home/aatmaj/CENT/aim_simulator/build/ramulator2 -f /home/aatmaj/CENT/aim_simulator/test/example.yaml -t /home/aatmaj/CENT/experiments/dda_full_sweep/traces/32_channels_per_device/26_devices/pipeline_parallel/Llama2-13B/trace_16_channels_per_block_seqlen_3712.txt
/home/aatmaj/CENT/experiments/dda_full_sweep/simulation/run_sim_full32.py:460: FutureWarning: The behavior of DataFrame concatenation with empty or all-NA entries is deprecated. In a future version, this will no longer exclude empty or all-NA columns when determining the result dtypes. To retain the old behavior, exclude the relevant entries before the concat operation.
  results_df = pd.concat([results_df, new_df], ignore_index=True)
/home/aatmaj/CENT/aim_simulator/build/ramulator2 -f /home/aatmaj/CENT/aim_simulator/test/example.yaml -t /home/aatmaj/CENT/experiments/dda_full_sweep/traces/32_channels_per_device/26_devices/pipeline_parallel/Llama2-13B/trace_16_channels_per_block_seqlen_3840.txt
/home/aatmaj/CENT/aim_simulator/build/ramulator2 -f /home/aatmaj/CENT/aim_simulator/test/example.yaml -t /home/aatmaj/CENT/experiments/dda_full_sweep/traces/32_channels_per_device/26_devices/pipeline_parallel/Llama2-13B/trace_16_channels_per_block_seqlen_3968.txt
/home/aatmaj/CENT/aim_simulator/build/ramulator2 -f /home/aatmaj/CENT/aim_simulator/test/example.yaml -t /home/aatmaj/CENT/experiments/dda_full_sweep/traces/32_channels_per_device/26_devices/pipeline_parallel/Llama2-13B/trace_16_channels_per_block_seqlen_4096.txt
Processing results...
Updating simulation results to CSV...

=== Pool L | Llama2-13B | N_L=8 / 32 | TP=8, PP=1 ===
Generating traces for Llama2-13B (8 devices) ...
/home/aatmaj/CENT/aim_simulator/build/ramulator2 -f /home/aatmaj/CENT/aim_simulator/test/example.yaml -t /home/aatmaj/CENT/experiments/dda_full_sweep/traces/32_channels_per_device/8_devices/model_parallel_embedding/Llama2-13B/trace_8_FC_devices_seqlen_4096.txt
/home/aatmaj/CENT/aim_simulator/build/ramulator2 -f /home/aatmaj/CENT/aim_simulator/test/example.yaml -t /home/aatmaj/CENT/experiments/dda_full_sweep/traces/32_channels_per_device/8_devices/model_parallel/Llama2-13B/trace_8_FC_devices_seqlen_128.txt
/home/aatmaj/CENT/aim_simulator/build/ramulator2 -f /home/aatmaj/CENT/aim_simulator/test/example.yaml -t /home/aatmaj/CENT/experiments/dda_full_sweep/traces/32_channels_per_device/8_devices/model_parallel_FC/Llama2-13B/trace_8_FC_devices_seqlen_128.txt
/home/aatmaj/CENT/aim_simulator/build/ramulator2 -f /home/aatmaj/CENT/aim_simulator/test/example.yaml -t /home/aatmaj/CENT/experiments/dda_full_sweep/traces/32_channels_per_device/8_devices/model_parallel/Llama2-13B/trace_8_FC_devices_seqlen_256.txt
/home/aatmaj/CENT/aim_simulator/build/ramulator2 -f /home/aatmaj/CENT/aim_simulator/test/example.yaml -t /home/aatmaj/CENT/experiments/dda_full_sweep/traces/32_channels_per_device/8_devices/model_parallel_FC/Llama2-13B/trace_8_FC_devices_seqlen_256.txt
/home/aatmaj/CENT/aim_simulator/build/ramulator2 -f /home/aatmaj/CENT/aim_simulator/test/example.yaml -t /home/aatmaj/CENT/experiments/dda_full_sweep/traces/32_channels_per_device/8_devices/model_parallel/Llama2-13B/trace_8_FC_devices_seqlen_384.txt
/home/aatmaj/CENT/aim_simulator/build/ramulator2 -f /home/aatmaj/CENT/aim_simulator/test/example.yaml -t /home/aatmaj/CENT/experiments/dda_full_sweep/traces/32_channels_per_device/8_devices/model_parallel_FC/Llama2-13B/trace_8_FC_devices_seqlen_384.txt
/home/aatmaj/CENT/aim_simulator/build/ramulator2 -f /home/aatmaj/CENT/aim_simulator/test/example.yaml -t /home/aatmaj/CENT/experiments/dda_full_sweep/traces/32_channels_per_device/8_devices/model_parallel/Llama2-13B/trace_8_FC_devices_seqlen_512.txt
/home/aatmaj/CENT/aim_simulator/build/ramulator2 -f /home/aatmaj/CENT/aim_simulator/test/example.yaml -t /home/aatmaj/CENT/experiments/dda_full_sweep/traces/32_channels_per_device/8_devices/model_parallel_FC/Llama2-13B/trace_8_FC_devices_seqlen_512.txt
/home/aatmaj/CENT/aim_simulator/build/ramulator2 -f /home/aatmaj/CENT/aim_simulator/test/example.yaml -t /home/aatmaj/CENT/experiments/dda_full_sweep/traces/32_channels_per_device/8_devices/model_parallel/Llama2-13B/trace_8_FC_devices_seqlen_640.txt
/home/aatmaj/CENT/aim_simulator/build/ramulator2 -f /home/aatmaj/CENT/aim_simulator/test/example.yaml -t /home/aatmaj/CENT/experiments/dda_full_sweep/traces/32_channels_per_device/8_devices/model_parallel_FC/Llama2-13B/trace_8_FC_devices_seqlen_640.txt
/home/aatmaj/CENT/aim_simulator/build/ramulator2 -f /home/aatmaj/CENT/aim_simulator/test/example.yaml -t /home/aatmaj/CENT/experiments/dda_full_sweep/traces/32_channels_per_device/8_devices/model_parallel/Llama2-13B/trace_8_FC_devices_seqlen_768.txt
/home/aatmaj/CENT/aim_simulator/build/ramulator2 -f /home/aatmaj/CENT/aim_simulator/test/example.yaml -t /home/aatmaj/CENT/experiments/dda_full_sweep/traces/32_channels_per_device/8_devices/model_parallel_FC/Llama2-13B/trace_8_FC_devices_seqlen_768.txt
/home/aatmaj/CENT/aim_simulator/build/ramulator2 -f /home/aatmaj/CENT/aim_simulator/test/example.yaml -t /home/aatmaj/CENT/experiments/dda_full_sweep/traces/32_channels_per_device/8_devices/model_parallel/Llama2-13B/trace_8_FC_devices_seqlen_896.txt
/home/aatmaj/CENT/aim_simulator/build/ramulator2 -f /home/aatmaj/CENT/aim_simulator/test/example.yaml -t /home/aatmaj/CENT/experiments/dda_full_sweep/traces/32_channels_per_device/8_devices/model_parallel_FC/Llama2-13B/trace_8_FC_devices_seqlen_896.txt
/home/aatmaj/CENT/aim_simulator/build/ramulator2 -f /home/aatmaj/CENT/aim_simulator/test/example.yaml -t /home/aatmaj/CENT/experiments/dda_full_sweep/traces/32_channels_per_device/8_devices/model_parallel/Llama2-13B/trace_8_FC_devices_seqlen_1024.txt
/home/aatmaj/CENT/aim_simulator/build/ramulator2 -f /home/aatmaj/CENT/aim_simulator/test/example.yaml -t /home/aatmaj/CENT/experiments/dda_full_sweep/traces/32_channels_per_device/8_devices/model_parallel_FC/Llama2-13B/trace_8_FC_devices_seqlen_1024.txt
/home/aatmaj/CENT/aim_simulator/build/ramulator2 -f /home/aatmaj/CENT/aim_simulator/test/example.yaml -t /home/aatmaj/CENT/experiments/dda_full_sweep/traces/32_channels_per_device/8_devices/model_parallel/Llama2-13B/trace_8_FC_devices_seqlen_1152.txt
/home/aatmaj/CENT/aim_simulator/build/ramulator2 -f /home/aatmaj/CENT/aim_simulator/test/example.yaml -t /home/aatmaj/CENT/experiments/dda_full_sweep/traces/32_channels_per_device/8_devices/model_parallel_FC/Llama2-13B/trace_8_FC_devices_seqlen_1152.txt
/home/aatmaj/CENT/aim_simulator/build/ramulator2 -f /home/aatmaj/CENT/aim_simulator/test/example.yaml -t /home/aatmaj/CENT/experiments/dda_full_sweep/traces/32_channels_per_device/8_devices/model_parallel/Llama2-13B/trace_8_FC_devices_seqlen_1280.txt
/home/aatmaj/CENT/aim_simulator/build/ramulator2 -f /home/aatmaj/CENT/aim_simulator/test/example.yaml -t /home/aatmaj/CENT/experiments/dda_full_sweep/traces/32_channels_per_device/8_devices/model_parallel_FC/Llama2-13B/trace_8_FC_devices_seqlen_1280.txt
/home/aatmaj/CENT/aim_simulator/build/ramulator2 -f /home/aatmaj/CENT/aim_simulator/test/example.yaml -t /home/aatmaj/CENT/experiments/dda_full_sweep/traces/32_channels_per_device/8_devices/model_parallel/Llama2-13B/trace_8_FC_devices_seqlen_1408.txt
/home/aatmaj/CENT/aim_simulator/build/ramulator2 -f /home/aatmaj/CENT/aim_simulator/test/example.yaml -t /home/aatmaj/CENT/experiments/dda_full_sweep/traces/32_channels_per_device/8_devices/model_parallel_FC/Llama2-13B/trace_8_FC_devices_seqlen_1408.txt
/home/aatmaj/CENT/aim_simulator/build/ramulator2 -f /home/aatmaj/CENT/aim_simulator/test/example.yaml -t /home/aatmaj/CENT/experiments/dda_full_sweep/traces/32_channels_per_device/8_devices/model_parallel/Llama2-13B/trace_8_FC_devices_seqlen_1536.txt
/home/aatmaj/CENT/aim_simulator/build/ramulator2 -f /home/aatmaj/CENT/aim_simulator/test/example.yaml -t /home/aatmaj/CENT/experiments/dda_full_sweep/traces/32_channels_per_device/8_devices/model_parallel_FC/Llama2-13B/trace_8_FC_devices_seqlen_1536.txt
/home/aatmaj/CENT/aim_simulator/build/ramulator2 -f /home/aatmaj/CENT/aim_simulator/test/example.yaml -t /home/aatmaj/CENT/experiments/dda_full_sweep/traces/32_channels_per_device/8_devices/model_parallel/Llama2-13B/trace_8_FC_devices_seqlen_1664.txt
/home/aatmaj/CENT/aim_simulator/build/ramulator2 -f /home/aatmaj/CENT/aim_simulator/test/example.yaml -t /home/aatmaj/CENT/experiments/dda_full_sweep/traces/32_channels_per_device/8_devices/model_parallel_FC/Llama2-13B/trace_8_FC_devices_seqlen_1664.txt
/home/aatmaj/CENT/aim_simulator/build/ramulator2 -f /home/aatmaj/CENT/aim_simulator/test/example.yaml -t /home/aatmaj/CENT/experiments/dda_full_sweep/traces/32_channels_per_device/8_devices/model_parallel/Llama2-13B/trace_8_FC_devices_seqlen_1792.txt
/home/aatmaj/CENT/aim_simulator/build/ramulator2 -f /home/aatmaj/CENT/aim_simulator/test/example.yaml -t /home/aatmaj/CENT/experiments/dda_full_sweep/traces/32_channels_per_device/8_devices/model_parallel_FC/Llama2-13B/trace_8_FC_devices_seqlen_1792.txt
/home/aatmaj/CENT/aim_simulator/build/ramulator2 -f /home/aatmaj/CENT/aim_simulator/test/example.yaml -t /home/aatmaj/CENT/experiments/dda_full_sweep/traces/32_channels_per_device/8_devices/model_parallel/Llama2-13B/trace_8_FC_devices_seqlen_1920.txt
/home/aatmaj/CENT/aim_simulator/build/ramulator2 -f /home/aatmaj/CENT/aim_simulator/test/example.yaml -t /home/aatmaj/CENT/experiments/dda_full_sweep/traces/32_channels_per_device/8_devices/model_parallel_FC/Llama2-13B/trace_8_FC_devices_seqlen_1920.txt
/home/aatmaj/CENT/aim_simulator/build/ramulator2 -f /home/aatmaj/CENT/aim_simulator/test/example.yaml -t /home/aatmaj/CENT/experiments/dda_full_sweep/traces/32_channels_per_device/8_devices/model_parallel/Llama2-13B/trace_8_FC_devices_seqlen_2048.txt
/home/aatmaj/CENT/aim_simulator/build/ramulator2 -f /home/aatmaj/CENT/aim_simulator/test/example.yaml -t /home/aatmaj/CENT/experiments/dda_full_sweep/traces/32_channels_per_device/8_devices/model_parallel_FC/Llama2-13B/trace_8_FC_devices_seqlen_2048.txt
/home/aatmaj/CENT/aim_simulator/build/ramulator2 -f /home/aatmaj/CENT/aim_simulator/test/example.yaml -t /home/aatmaj/CENT/experiments/dda_full_sweep/traces/32_channels_per_device/8_devices/model_parallel/Llama2-13B/trace_8_FC_devices_seqlen_2176.txt
/home/aatmaj/CENT/aim_simulator/build/ramulator2 -f /home/aatmaj/CENT/aim_simulator/test/example.yaml -t /home/aatmaj/CENT/experiments/dda_full_sweep/traces/32_channels_per_device/8_devices/model_parallel_FC/Llama2-13B/trace_8_FC_devices_seqlen_2176.txt
/home/aatmaj/CENT/aim_simulator/build/ramulator2 -f /home/aatmaj/CENT/aim_simulator/test/example.yaml -t /home/aatmaj/CENT/experiments/dda_full_sweep/traces/32_channels_per_device/8_devices/model_parallel/Llama2-13B/trace_8_FC_devices_seqlen_2304.txt
/home/aatmaj/CENT/aim_simulator/build/ramulator2 -f /home/aatmaj/CENT/aim_simulator/test/example.yaml -t /home/aatmaj/CENT/experiments/dda_full_sweep/traces/32_channels_per_device/8_devices/model_parallel_FC/Llama2-13B/trace_8_FC_devices_seqlen_2304.txt
/home/aatmaj/CENT/aim_simulator/build/ramulator2 -f /home/aatmaj/CENT/aim_simulator/test/example.yaml -t /home/aatmaj/CENT/experiments/dda_full_sweep/traces/32_channels_per_device/8_devices/model_parallel/Llama2-13B/trace_8_FC_devices_seqlen_2432.txt
/home/aatmaj/CENT/aim_simulator/build/ramulator2 -f /home/aatmaj/CENT/aim_simulator/test/example.yaml -t /home/aatmaj/CENT/experiments/dda_full_sweep/traces/32_channels_per_device/8_devices/model_parallel_FC/Llama2-13B/trace_8_FC_devices_seqlen_2432.txt
/home/aatmaj/CENT/aim_simulator/build/ramulator2 -f /home/aatmaj/CENT/aim_simulator/test/example.yaml -t /home/aatmaj/CENT/experiments/dda_full_sweep/traces/32_channels_per_device/8_devices/model_parallel/Llama2-13B/trace_8_FC_devices_seqlen_2560.txt
/home/aatmaj/CENT/aim_simulator/build/ramulator2 -f /home/aatmaj/CENT/aim_simulator/test/example.yaml -t /home/aatmaj/CENT/experiments/dda_full_sweep/traces/32_channels_per_device/8_devices/model_parallel_FC/Llama2-13B/trace_8_FC_devices_seqlen_2560.txt
/home/aatmaj/CENT/aim_simulator/build/ramulator2 -f /home/aatmaj/CENT/aim_simulator/test/example.yaml -t /home/aatmaj/CENT/experiments/dda_full_sweep/traces/32_channels_per_device/8_devices/model_parallel/Llama2-13B/trace_8_FC_devices_seqlen_2688.txt
/home/aatmaj/CENT/aim_simulator/build/ramulator2 -f /home/aatmaj/CENT/aim_simulator/test/example.yaml -t /home/aatmaj/CENT/experiments/dda_full_sweep/traces/32_channels_per_device/8_devices/model_parallel_FC/Llama2-13B/trace_8_FC_devices_seqlen_2688.txt
/home/aatmaj/CENT/aim_simulator/build/ramulator2 -f /home/aatmaj/CENT/aim_simulator/test/example.yaml -t /home/aatmaj/CENT/experiments/dda_full_sweep/traces/32_channels_per_device/8_devices/model_parallel/Llama2-13B/trace_8_FC_devices_seqlen_2816.txt
/home/aatmaj/CENT/aim_simulator/build/ramulator2 -f /home/aatmaj/CENT/aim_simulator/test/example.yaml -t /home/aatmaj/CENT/experiments/dda_full_sweep/traces/32_channels_per_device/8_devices/model_parallel_FC/Llama2-13B/trace_8_FC_devices_seqlen_2816.txt
/home/aatmaj/CENT/aim_simulator/build/ramulator2 -f /home/aatmaj/CENT/aim_simulator/test/example.yaml -t /home/aatmaj/CENT/experiments/dda_full_sweep/traces/32_channels_per_device/8_devices/model_parallel/Llama2-13B/trace_8_FC_devices_seqlen_2944.txt
/home/aatmaj/CENT/aim_simulator/build/ramulator2 -f /home/aatmaj/CENT/aim_simulator/test/example.yaml -t /home/aatmaj/CENT/experiments/dda_full_sweep/traces/32_channels_per_device/8_devices/model_parallel_FC/Llama2-13B/trace_8_FC_devices_seqlen_2944.txt
/home/aatmaj/CENT/aim_simulator/build/ramulator2 -f /home/aatmaj/CENT/aim_simulator/test/example.yaml -t /home/aatmaj/CENT/experiments/dda_full_sweep/traces/32_channels_per_device/8_devices/model_parallel/Llama2-13B/trace_8_FC_devices_seqlen_3072.txt
/home/aatmaj/CENT/aim_simulator/build/ramulator2 -f /home/aatmaj/CENT/aim_simulator/test/example.yaml -t /home/aatmaj/CENT/experiments/dda_full_sweep/traces/32_channels_per_device/8_devices/model_parallel_FC/Llama2-13B/trace_8_FC_devices_seqlen_3072.txt
/home/aatmaj/CENT/aim_simulator/build/ramulator2 -f /home/aatmaj/CENT/aim_simulator/test/example.yaml -t /home/aatmaj/CENT/experiments/dda_full_sweep/traces/32_channels_per_device/8_devices/model_parallel/Llama2-13B/trace_8_FC_devices_seqlen_3200.txt
/home/aatmaj/CENT/aim_simulator/build/ramulator2 -f /home/aatmaj/CENT/aim_simulator/test/example.yaml -t /home/aatmaj/CENT/experiments/dda_full_sweep/traces/32_channels_per_device/8_devices/model_parallel_FC/Llama2-13B/trace_8_FC_devices_seqlen_3200.txt
/home/aatmaj/CENT/aim_simulator/build/ramulator2 -f /home/aatmaj/CENT/aim_simulator/test/example.yaml -t /home/aatmaj/CENT/experiments/dda_full_sweep/traces/32_channels_per_device/8_devices/model_parallel/Llama2-13B/trace_8_FC_devices_seqlen_3328.txt
/home/aatmaj/CENT/aim_simulator/build/ramulator2 -f /home/aatmaj/CENT/aim_simulator/test/example.yaml -t /home/aatmaj/CENT/experiments/dda_full_sweep/traces/32_channels_per_device/8_devices/model_parallel_FC/Llama2-13B/trace_8_FC_devices_seqlen_3328.txt
/home/aatmaj/CENT/aim_simulator/build/ramulator2 -f /home/aatmaj/CENT/aim_simulator/test/example.yaml -t /home/aatmaj/CENT/experiments/dda_full_sweep/traces/32_channels_per_device/8_devices/model_parallel/Llama2-13B/trace_8_FC_devices_seqlen_3456.txt
/home/aatmaj/CENT/aim_simulator/build/ramulator2 -f /home/aatmaj/CENT/aim_simulator/test/example.yaml -t /home/aatmaj/CENT/experiments/dda_full_sweep/traces/32_channels_per_device/8_devices/model_parallel_FC/Llama2-13B/trace_8_FC_devices_seqlen_3456.txt
/home/aatmaj/CENT/aim_simulator/build/ramulator2 -f /home/aatmaj/CENT/aim_simulator/test/example.yaml -t /home/aatmaj/CENT/experiments/dda_full_sweep/traces/32_channels_per_device/8_devices/model_parallel/Llama2-13B/trace_8_FC_devices_seqlen_3584.txt
/home/aatmaj/CENT/aim_simulator/build/ramulator2 -f /home/aatmaj/CENT/aim_simulator/test/example.yaml -t /home/aatmaj/CENT/experiments/dda_full_sweep/traces/32_channels_per_device/8_devices/model_parallel_FC/Llama2-13B/trace_8_FC_devices_seqlen_3584.txt
/home/aatmaj/CENT/aim_simulator/build/ramulator2 -f /home/aatmaj/CENT/aim_simulator/test/example.yaml -t /home/aatmaj/CENT/experiments/dda_full_sweep/traces/32_channels_per_device/8_devices/model_parallel/Llama2-13B/trace_8_FC_devices_seqlen_3712.txt
/home/aatmaj/CENT/aim_simulator/build/ramulator2 -f /home/aatmaj/CENT/aim_simulator/test/example.yaml -t /home/aatmaj/CENT/experiments/dda_full_sweep/traces/32_channels_per_device/8_devices/model_parallel_FC/Llama2-13B/trace_8_FC_devices_seqlen_3712.txt
/home/aatmaj/CENT/aim_simulator/build/ramulator2 -f /home/aatmaj/CENT/aim_simulator/test/example.yaml -t /home/aatmaj/CENT/experiments/dda_full_sweep/traces/32_channels_per_device/8_devices/model_parallel/Llama2-13B/trace_8_FC_devices_seqlen_3840.txt
/home/aatmaj/CENT/aim_simulator/build/ramulator2 -f /home/aatmaj/CENT/aim_simulator/test/example.yaml -t /home/aatmaj/CENT/experiments/dda_full_sweep/traces/32_channels_per_device/8_devices/model_parallel_FC/Llama2-13B/trace_8_FC_devices_seqlen_3840.txt
/home/aatmaj/CENT/aim_simulator/build/ramulator2 -f /home/aatmaj/CENT/aim_simulator/test/example.yaml -t /home/aatmaj/CENT/experiments/dda_full_sweep/traces/32_channels_per_device/8_devices/model_parallel/Llama2-13B/trace_8_FC_devices_seqlen_3968.txt
/home/aatmaj/CENT/aim_simulator/build/ramulator2 -f /home/aatmaj/CENT/aim_simulator/test/example.yaml -t /home/aatmaj/CENT/experiments/dda_full_sweep/traces/32_channels_per_device/8_devices/model_parallel_FC/Llama2-13B/trace_8_FC_devices_seqlen_3968.txt
/home/aatmaj/CENT/aim_simulator/build/ramulator2 -f /home/aatmaj/CENT/aim_simulator/test/example.yaml -t /home/aatmaj/CENT/experiments/dda_full_sweep/traces/32_channels_per_device/8_devices/model_parallel/Llama2-13B/trace_8_FC_devices_seqlen_4096.txt
/home/aatmaj/CENT/experiments/dda_full_sweep/simulation/run_sim_full32.py:447: FutureWarning: The behavior of DataFrame concatenation with empty or all-NA entries is deprecated. In a future version, this will no longer exclude empty or all-NA columns when determining the result dtypes. To retain the old behavior, exclude the relevant entries before the concat operation.
  results_df = pd.concat([results_df, new_df], ignore_index=True)
/home/aatmaj/CENT/aim_simulator/build/ramulator2 -f /home/aatmaj/CENT/aim_simulator/test/example.yaml -t /home/aatmaj/CENT/experiments/dda_full_sweep/traces/32_channels_per_device/8_devices/model_parallel_FC/Llama2-13B/trace_8_FC_devices_seqlen_4096.txt
Processing results...
Updating simulation results to CSV...

=== Pool T | Llama2-13B | N_T=24 / 32 | TP=1, PP=layers ===
Generating traces for Llama2-13B (24 devices) ...
/home/aatmaj/CENT/aim_simulator/build/ramulator2 -f /home/aatmaj/CENT/aim_simulator/test/example.yaml -t /home/aatmaj/CENT/experiments/dda_full_sweep/traces/32_channels_per_device/24_devices/pipeline_parallel_embedding/Llama2-13B/trace_16_channels_per_block_seqlen_4096.txt
/home/aatmaj/CENT/aim_simulator/build/ramulator2 -f /home/aatmaj/CENT/aim_simulator/test/example.yaml -t /home/aatmaj/CENT/experiments/dda_full_sweep/traces/32_channels_per_device/24_devices/pipeline_parallel/Llama2-13B/trace_16_channels_per_block_seqlen_128.txt
/home/aatmaj/CENT/aim_simulator/build/ramulator2 -f /home/aatmaj/CENT/aim_simulator/test/example.yaml -t /home/aatmaj/CENT/experiments/dda_full_sweep/traces/32_channels_per_device/24_devices/pipeline_parallel/Llama2-13B/trace_16_channels_per_block_seqlen_256.txt
/home/aatmaj/CENT/aim_simulator/build/ramulator2 -f /home/aatmaj/CENT/aim_simulator/test/example.yaml -t /home/aatmaj/CENT/experiments/dda_full_sweep/traces/32_channels_per_device/24_devices/pipeline_parallel/Llama2-13B/trace_16_channels_per_block_seqlen_384.txt
/home/aatmaj/CENT/aim_simulator/build/ramulator2 -f /home/aatmaj/CENT/aim_simulator/test/example.yaml -t /home/aatmaj/CENT/experiments/dda_full_sweep/traces/32_channels_per_device/24_devices/pipeline_parallel/Llama2-13B/trace_16_channels_per_block_seqlen_512.txt
/home/aatmaj/CENT/aim_simulator/build/ramulator2 -f /home/aatmaj/CENT/aim_simulator/test/example.yaml -t /home/aatmaj/CENT/experiments/dda_full_sweep/traces/32_channels_per_device/24_devices/pipeline_parallel/Llama2-13B/trace_16_channels_per_block_seqlen_640.txt
/home/aatmaj/CENT/aim_simulator/build/ramulator2 -f /home/aatmaj/CENT/aim_simulator/test/example.yaml -t /home/aatmaj/CENT/experiments/dda_full_sweep/traces/32_channels_per_device/24_devices/pipeline_parallel/Llama2-13B/trace_16_channels_per_block_seqlen_768.txt
/home/aatmaj/CENT/aim_simulator/build/ramulator2 -f /home/aatmaj/CENT/aim_simulator/test/example.yaml -t /home/aatmaj/CENT/experiments/dda_full_sweep/traces/32_channels_per_device/24_devices/pipeline_parallel/Llama2-13B/trace_16_channels_per_block_seqlen_896.txt
/home/aatmaj/CENT/aim_simulator/build/ramulator2 -f /home/aatmaj/CENT/aim_simulator/test/example.yaml -t /home/aatmaj/CENT/experiments/dda_full_sweep/traces/32_channels_per_device/24_devices/pipeline_parallel/Llama2-13B/trace_16_channels_per_block_seqlen_1024.txt
/home/aatmaj/CENT/aim_simulator/build/ramulator2 -f /home/aatmaj/CENT/aim_simulator/test/example.yaml -t /home/aatmaj/CENT/experiments/dda_full_sweep/traces/32_channels_per_device/24_devices/pipeline_parallel/Llama2-13B/trace_16_channels_per_block_seqlen_1152.txt
/home/aatmaj/CENT/aim_simulator/build/ramulator2 -f /home/aatmaj/CENT/aim_simulator/test/example.yaml -t /home/aatmaj/CENT/experiments/dda_full_sweep/traces/32_channels_per_device/24_devices/pipeline_parallel/Llama2-13B/trace_16_channels_per_block_seqlen_1280.txt
/home/aatmaj/CENT/aim_simulator/build/ramulator2 -f /home/aatmaj/CENT/aim_simulator/test/example.yaml -t /home/aatmaj/CENT/experiments/dda_full_sweep/traces/32_channels_per_device/24_devices/pipeline_parallel/Llama2-13B/trace_16_channels_per_block_seqlen_1408.txt
/home/aatmaj/CENT/aim_simulator/build/ramulator2 -f /home/aatmaj/CENT/aim_simulator/test/example.yaml -t /home/aatmaj/CENT/experiments/dda_full_sweep/traces/32_channels_per_device/24_devices/pipeline_parallel/Llama2-13B/trace_16_channels_per_block_seqlen_1536.txt
/home/aatmaj/CENT/aim_simulator/build/ramulator2 -f /home/aatmaj/CENT/aim_simulator/test/example.yaml -t /home/aatmaj/CENT/experiments/dda_full_sweep/traces/32_channels_per_device/24_devices/pipeline_parallel/Llama2-13B/trace_16_channels_per_block_seqlen_1664.txt
/home/aatmaj/CENT/aim_simulator/build/ramulator2 -f /home/aatmaj/CENT/aim_simulator/test/example.yaml -t /home/aatmaj/CENT/experiments/dda_full_sweep/traces/32_channels_per_device/24_devices/pipeline_parallel/Llama2-13B/trace_16_channels_per_block_seqlen_1792.txt
/home/aatmaj/CENT/aim_simulator/build/ramulator2 -f /home/aatmaj/CENT/aim_simulator/test/example.yaml -t /home/aatmaj/CENT/experiments/dda_full_sweep/traces/32_channels_per_device/24_devices/pipeline_parallel/Llama2-13B/trace_16_channels_per_block_seqlen_1920.txt
/home/aatmaj/CENT/aim_simulator/build/ramulator2 -f /home/aatmaj/CENT/aim_simulator/test/example.yaml -t /home/aatmaj/CENT/experiments/dda_full_sweep/traces/32_channels_per_device/24_devices/pipeline_parallel/Llama2-13B/trace_16_channels_per_block_seqlen_2048.txt
/home/aatmaj/CENT/aim_simulator/build/ramulator2 -f /home/aatmaj/CENT/aim_simulator/test/example.yaml -t /home/aatmaj/CENT/experiments/dda_full_sweep/traces/32_channels_per_device/24_devices/pipeline_parallel/Llama2-13B/trace_16_channels_per_block_seqlen_2176.txt
/home/aatmaj/CENT/aim_simulator/build/ramulator2 -f /home/aatmaj/CENT/aim_simulator/test/example.yaml -t /home/aatmaj/CENT/experiments/dda_full_sweep/traces/32_channels_per_device/24_devices/pipeline_parallel/Llama2-13B/trace_16_channels_per_block_seqlen_2304.txt
/home/aatmaj/CENT/aim_simulator/build/ramulator2 -f /home/aatmaj/CENT/aim_simulator/test/example.yaml -t /home/aatmaj/CENT/experiments/dda_full_sweep/traces/32_channels_per_device/24_devices/pipeline_parallel/Llama2-13B/trace_16_channels_per_block_seqlen_2432.txt
/home/aatmaj/CENT/aim_simulator/build/ramulator2 -f /home/aatmaj/CENT/aim_simulator/test/example.yaml -t /home/aatmaj/CENT/experiments/dda_full_sweep/traces/32_channels_per_device/24_devices/pipeline_parallel/Llama2-13B/trace_16_channels_per_block_seqlen_2560.txt
/home/aatmaj/CENT/aim_simulator/build/ramulator2 -f /home/aatmaj/CENT/aim_simulator/test/example.yaml -t /home/aatmaj/CENT/experiments/dda_full_sweep/traces/32_channels_per_device/24_devices/pipeline_parallel/Llama2-13B/trace_16_channels_per_block_seqlen_2688.txt
/home/aatmaj/CENT/aim_simulator/build/ramulator2 -f /home/aatmaj/CENT/aim_simulator/test/example.yaml -t /home/aatmaj/CENT/experiments/dda_full_sweep/traces/32_channels_per_device/24_devices/pipeline_parallel/Llama2-13B/trace_16_channels_per_block_seqlen_2816.txt
/home/aatmaj/CENT/aim_simulator/build/ramulator2 -f /home/aatmaj/CENT/aim_simulator/test/example.yaml -t /home/aatmaj/CENT/experiments/dda_full_sweep/traces/32_channels_per_device/24_devices/pipeline_parallel/Llama2-13B/trace_16_channels_per_block_seqlen_2944.txt
/home/aatmaj/CENT/aim_simulator/build/ramulator2 -f /home/aatmaj/CENT/aim_simulator/test/example.yaml -t /home/aatmaj/CENT/experiments/dda_full_sweep/traces/32_channels_per_device/24_devices/pipeline_parallel/Llama2-13B/trace_16_channels_per_block_seqlen_3072.txt
/home/aatmaj/CENT/aim_simulator/build/ramulator2 -f /home/aatmaj/CENT/aim_simulator/test/example.yaml -t /home/aatmaj/CENT/experiments/dda_full_sweep/traces/32_channels_per_device/24_devices/pipeline_parallel/Llama2-13B/trace_16_channels_per_block_seqlen_3200.txt
/home/aatmaj/CENT/aim_simulator/build/ramulator2 -f /home/aatmaj/CENT/aim_simulator/test/example.yaml -t /home/aatmaj/CENT/experiments/dda_full_sweep/traces/32_channels_per_device/24_devices/pipeline_parallel/Llama2-13B/trace_16_channels_per_block_seqlen_3328.txt
/home/aatmaj/CENT/aim_simulator/build/ramulator2 -f /home/aatmaj/CENT/aim_simulator/test/example.yaml -t /home/aatmaj/CENT/experiments/dda_full_sweep/traces/32_channels_per_device/24_devices/pipeline_parallel/Llama2-13B/trace_16_channels_per_block_seqlen_3456.txt
/home/aatmaj/CENT/aim_simulator/build/ramulator2 -f /home/aatmaj/CENT/aim_simulator/test/example.yaml -t /home/aatmaj/CENT/experiments/dda_full_sweep/traces/32_channels_per_device/24_devices/pipeline_parallel/Llama2-13B/trace_16_channels_per_block_seqlen_3584.txt
/home/aatmaj/CENT/aim_simulator/build/ramulator2 -f /home/aatmaj/CENT/aim_simulator/test/example.yaml -t /home/aatmaj/CENT/experiments/dda_full_sweep/traces/32_channels_per_device/24_devices/pipeline_parallel/Llama2-13B/trace_16_channels_per_block_seqlen_3712.txt
/home/aatmaj/CENT/experiments/dda_full_sweep/simulation/run_sim_full32.py:460: FutureWarning: The behavior of DataFrame concatenation with empty or all-NA entries is deprecated. In a future version, this will no longer exclude empty or all-NA columns when determining the result dtypes. To retain the old behavior, exclude the relevant entries before the concat operation.
  results_df = pd.concat([results_df, new_df], ignore_index=True)
/home/aatmaj/CENT/aim_simulator/build/ramulator2 -f /home/aatmaj/CENT/aim_simulator/test/example.yaml -t /home/aatmaj/CENT/experiments/dda_full_sweep/traces/32_channels_per_device/24_devices/pipeline_parallel/Llama2-13B/trace_16_channels_per_block_seqlen_3840.txt
/home/aatmaj/CENT/aim_simulator/build/ramulator2 -f /home/aatmaj/CENT/aim_simulator/test/example.yaml -t /home/aatmaj/CENT/experiments/dda_full_sweep/traces/32_channels_per_device/24_devices/pipeline_parallel/Llama2-13B/trace_16_channels_per_block_seqlen_3968.txt
/home/aatmaj/CENT/aim_simulator/build/ramulator2 -f /home/aatmaj/CENT/aim_simulator/test/example.yaml -t /home/aatmaj/CENT/experiments/dda_full_sweep/traces/32_channels_per_device/24_devices/pipeline_parallel/Llama2-13B/trace_16_channels_per_block_seqlen_4096.txt
Processing results...
Updating simulation results to CSV...

=== Pool L | Llama2-13B | N_L=12 / 32 | TP=12, PP=1 ===
Generating traces for Llama2-13B (12 devices) ...
/home/aatmaj/CENT/aim_simulator/build/ramulator2 -f /home/aatmaj/CENT/aim_simulator/test/example.yaml -t /home/aatmaj/CENT/experiments/dda_full_sweep/traces/32_channels_per_device/12_devices/model_parallel_embedding/Llama2-13B/trace_12_FC_devices_seqlen_4096.txt
/home/aatmaj/CENT/aim_simulator/build/ramulator2 -f /home/aatmaj/CENT/aim_simulator/test/example.yaml -t /home/aatmaj/CENT/experiments/dda_full_sweep/traces/32_channels_per_device/12_devices/model_parallel/Llama2-13B/trace_12_FC_devices_seqlen_128.txt
/home/aatmaj/CENT/aim_simulator/build/ramulator2 -f /home/aatmaj/CENT/aim_simulator/test/example.yaml -t /home/aatmaj/CENT/experiments/dda_full_sweep/traces/32_channels_per_device/12_devices/model_parallel_FC/Llama2-13B/trace_12_FC_devices_seqlen_128.txt
/home/aatmaj/CENT/aim_simulator/build/ramulator2 -f /home/aatmaj/CENT/aim_simulator/test/example.yaml -t /home/aatmaj/CENT/experiments/dda_full_sweep/traces/32_channels_per_device/12_devices/model_parallel/Llama2-13B/trace_12_FC_devices_seqlen_256.txt
/home/aatmaj/CENT/aim_simulator/build/ramulator2 -f /home/aatmaj/CENT/aim_simulator/test/example.yaml -t /home/aatmaj/CENT/experiments/dda_full_sweep/traces/32_channels_per_device/12_devices/model_parallel_FC/Llama2-13B/trace_12_FC_devices_seqlen_256.txt
/home/aatmaj/CENT/aim_simulator/build/ramulator2 -f /home/aatmaj/CENT/aim_simulator/test/example.yaml -t /home/aatmaj/CENT/experiments/dda_full_sweep/traces/32_channels_per_device/12_devices/model_parallel/Llama2-13B/trace_12_FC_devices_seqlen_384.txt
/home/aatmaj/CENT/aim_simulator/build/ramulator2 -f /home/aatmaj/CENT/aim_simulator/test/example.yaml -t /home/aatmaj/CENT/experiments/dda_full_sweep/traces/32_channels_per_device/12_devices/model_parallel_FC/Llama2-13B/trace_12_FC_devices_seqlen_384.txt
/home/aatmaj/CENT/aim_simulator/build/ramulator2 -f /home/aatmaj/CENT/aim_simulator/test/example.yaml -t /home/aatmaj/CENT/experiments/dda_full_sweep/traces/32_channels_per_device/12_devices/model_parallel/Llama2-13B/trace_12_FC_devices_seqlen_512.txt
/home/aatmaj/CENT/aim_simulator/build/ramulator2 -f /home/aatmaj/CENT/aim_simulator/test/example.yaml -t /home/aatmaj/CENT/experiments/dda_full_sweep/traces/32_channels_per_device/12_devices/model_parallel_FC/Llama2-13B/trace_12_FC_devices_seqlen_512.txt
/home/aatmaj/CENT/aim_simulator/build/ramulator2 -f /home/aatmaj/CENT/aim_simulator/test/example.yaml -t /home/aatmaj/CENT/experiments/dda_full_sweep/traces/32_channels_per_device/12_devices/model_parallel/Llama2-13B/trace_12_FC_devices_seqlen_640.txt
/home/aatmaj/CENT/aim_simulator/build/ramulator2 -f /home/aatmaj/CENT/aim_simulator/test/example.yaml -t /home/aatmaj/CENT/experiments/dda_full_sweep/traces/32_channels_per_device/12_devices/model_parallel_FC/Llama2-13B/trace_12_FC_devices_seqlen_640.txt
/home/aatmaj/CENT/aim_simulator/build/ramulator2 -f /home/aatmaj/CENT/aim_simulator/test/example.yaml -t /home/aatmaj/CENT/experiments/dda_full_sweep/traces/32_channels_per_device/12_devices/model_parallel/Llama2-13B/trace_12_FC_devices_seqlen_768.txt
/home/aatmaj/CENT/aim_simulator/build/ramulator2 -f /home/aatmaj/CENT/aim_simulator/test/example.yaml -t /home/aatmaj/CENT/experiments/dda_full_sweep/traces/32_channels_per_device/12_devices/model_parallel_FC/Llama2-13B/trace_12_FC_devices_seqlen_768.txt
/home/aatmaj/CENT/aim_simulator/build/ramulator2 -f /home/aatmaj/CENT/aim_simulator/test/example.yaml -t /home/aatmaj/CENT/experiments/dda_full_sweep/traces/32_channels_per_device/12_devices/model_parallel/Llama2-13B/trace_12_FC_devices_seqlen_896.txt
/home/aatmaj/CENT/aim_simulator/build/ramulator2 -f /home/aatmaj/CENT/aim_simulator/test/example.yaml -t /home/aatmaj/CENT/experiments/dda_full_sweep/traces/32_channels_per_device/12_devices/model_parallel_FC/Llama2-13B/trace_12_FC_devices_seqlen_896.txt
/home/aatmaj/CENT/aim_simulator/build/ramulator2 -f /home/aatmaj/CENT/aim_simulator/test/example.yaml -t /home/aatmaj/CENT/experiments/dda_full_sweep/traces/32_channels_per_device/12_devices/model_parallel/Llama2-13B/trace_12_FC_devices_seqlen_1024.txt
/home/aatmaj/CENT/aim_simulator/build/ramulator2 -f /home/aatmaj/CENT/aim_simulator/test/example.yaml -t /home/aatmaj/CENT/experiments/dda_full_sweep/traces/32_channels_per_device/12_devices/model_parallel_FC/Llama2-13B/trace_12_FC_devices_seqlen_1024.txt
/home/aatmaj/CENT/aim_simulator/build/ramulator2 -f /home/aatmaj/CENT/aim_simulator/test/example.yaml -t /home/aatmaj/CENT/experiments/dda_full_sweep/traces/32_channels_per_device/12_devices/model_parallel/Llama2-13B/trace_12_FC_devices_seqlen_1152.txt
/home/aatmaj/CENT/aim_simulator/build/ramulator2 -f /home/aatmaj/CENT/aim_simulator/test/example.yaml -t /home/aatmaj/CENT/experiments/dda_full_sweep/traces/32_channels_per_device/12_devices/model_parallel_FC/Llama2-13B/trace_12_FC_devices_seqlen_1152.txt
/home/aatmaj/CENT/aim_simulator/build/ramulator2 -f /home/aatmaj/CENT/aim_simulator/test/example.yaml -t /home/aatmaj/CENT/experiments/dda_full_sweep/traces/32_channels_per_device/12_devices/model_parallel/Llama2-13B/trace_12_FC_devices_seqlen_1280.txt
/home/aatmaj/CENT/aim_simulator/build/ramulator2 -f /home/aatmaj/CENT/aim_simulator/test/example.yaml -t /home/aatmaj/CENT/experiments/dda_full_sweep/traces/32_channels_per_device/12_devices/model_parallel_FC/Llama2-13B/trace_12_FC_devices_seqlen_1280.txt
/home/aatmaj/CENT/aim_simulator/build/ramulator2 -f /home/aatmaj/CENT/aim_simulator/test/example.yaml -t /home/aatmaj/CENT/experiments/dda_full_sweep/traces/32_channels_per_device/12_devices/model_parallel/Llama2-13B/trace_12_FC_devices_seqlen_1408.txt
/home/aatmaj/CENT/aim_simulator/build/ramulator2 -f /home/aatmaj/CENT/aim_simulator/test/example.yaml -t /home/aatmaj/CENT/experiments/dda_full_sweep/traces/32_channels_per_device/12_devices/model_parallel_FC/Llama2-13B/trace_12_FC_devices_seqlen_1408.txt
/home/aatmaj/CENT/aim_simulator/build/ramulator2 -f /home/aatmaj/CENT/aim_simulator/test/example.yaml -t /home/aatmaj/CENT/experiments/dda_full_sweep/traces/32_channels_per_device/12_devices/model_parallel/Llama2-13B/trace_12_FC_devices_seqlen_1536.txt
/home/aatmaj/CENT/aim_simulator/build/ramulator2 -f /home/aatmaj/CENT/aim_simulator/test/example.yaml -t /home/aatmaj/CENT/experiments/dda_full_sweep/traces/32_channels_per_device/12_devices/model_parallel_FC/Llama2-13B/trace_12_FC_devices_seqlen_1536.txt
/home/aatmaj/CENT/aim_simulator/build/ramulator2 -f /home/aatmaj/CENT/aim_simulator/test/example.yaml -t /home/aatmaj/CENT/experiments/dda_full_sweep/traces/32_channels_per_device/12_devices/model_parallel/Llama2-13B/trace_12_FC_devices_seqlen_1664.txt
/home/aatmaj/CENT/aim_simulator/build/ramulator2 -f /home/aatmaj/CENT/aim_simulator/test/example.yaml -t /home/aatmaj/CENT/experiments/dda_full_sweep/traces/32_channels_per_device/12_devices/model_parallel_FC/Llama2-13B/trace_12_FC_devices_seqlen_1664.txt
/home/aatmaj/CENT/aim_simulator/build/ramulator2 -f /home/aatmaj/CENT/aim_simulator/test/example.yaml -t /home/aatmaj/CENT/experiments/dda_full_sweep/traces/32_channels_per_device/12_devices/model_parallel/Llama2-13B/trace_12_FC_devices_seqlen_1792.txt
/home/aatmaj/CENT/aim_simulator/build/ramulator2 -f /home/aatmaj/CENT/aim_simulator/test/example.yaml -t /home/aatmaj/CENT/experiments/dda_full_sweep/traces/32_channels_per_device/12_devices/model_parallel_FC/Llama2-13B/trace_12_FC_devices_seqlen_1792.txt
/home/aatmaj/CENT/aim_simulator/build/ramulator2 -f /home/aatmaj/CENT/aim_simulator/test/example.yaml -t /home/aatmaj/CENT/experiments/dda_full_sweep/traces/32_channels_per_device/12_devices/model_parallel/Llama2-13B/trace_12_FC_devices_seqlen_1920.txt
/home/aatmaj/CENT/aim_simulator/build/ramulator2 -f /home/aatmaj/CENT/aim_simulator/test/example.yaml -t /home/aatmaj/CENT/experiments/dda_full_sweep/traces/32_channels_per_device/12_devices/model_parallel_FC/Llama2-13B/trace_12_FC_devices_seqlen_1920.txt
/home/aatmaj/CENT/aim_simulator/build/ramulator2 -f /home/aatmaj/CENT/aim_simulator/test/example.yaml -t /home/aatmaj/CENT/experiments/dda_full_sweep/traces/32_channels_per_device/12_devices/model_parallel/Llama2-13B/trace_12_FC_devices_seqlen_2048.txt
/home/aatmaj/CENT/aim_simulator/build/ramulator2 -f /home/aatmaj/CENT/aim_simulator/test/example.yaml -t /home/aatmaj/CENT/experiments/dda_full_sweep/traces/32_channels_per_device/12_devices/model_parallel_FC/Llama2-13B/trace_12_FC_devices_seqlen_2048.txt
/home/aatmaj/CENT/aim_simulator/build/ramulator2 -f /home/aatmaj/CENT/aim_simulator/test/example.yaml -t /home/aatmaj/CENT/experiments/dda_full_sweep/traces/32_channels_per_device/12_devices/model_parallel/Llama2-13B/trace_12_FC_devices_seqlen_2176.txt
/home/aatmaj/CENT/aim_simulator/build/ramulator2 -f /home/aatmaj/CENT/aim_simulator/test/example.yaml -t /home/aatmaj/CENT/experiments/dda_full_sweep/traces/32_channels_per_device/12_devices/model_parallel_FC/Llama2-13B/trace_12_FC_devices_seqlen_2176.txt
/home/aatmaj/CENT/aim_simulator/build/ramulator2 -f /home/aatmaj/CENT/aim_simulator/test/example.yaml -t /home/aatmaj/CENT/experiments/dda_full_sweep/traces/32_channels_per_device/12_devices/model_parallel/Llama2-13B/trace_12_FC_devices_seqlen_2304.txt
/home/aatmaj/CENT/aim_simulator/build/ramulator2 -f /home/aatmaj/CENT/aim_simulator/test/example.yaml -t /home/aatmaj/CENT/experiments/dda_full_sweep/traces/32_channels_per_device/12_devices/model_parallel_FC/Llama2-13B/trace_12_FC_devices_seqlen_2304.txt
/home/aatmaj/CENT/aim_simulator/build/ramulator2 -f /home/aatmaj/CENT/aim_simulator/test/example.yaml -t /home/aatmaj/CENT/experiments/dda_full_sweep/traces/32_channels_per_device/12_devices/model_parallel/Llama2-13B/trace_12_FC_devices_seqlen_2432.txt
/home/aatmaj/CENT/aim_simulator/build/ramulator2 -f /home/aatmaj/CENT/aim_simulator/test/example.yaml -t /home/aatmaj/CENT/experiments/dda_full_sweep/traces/32_channels_per_device/12_devices/model_parallel_FC/Llama2-13B/trace_12_FC_devices_seqlen_2432.txt
/home/aatmaj/CENT/aim_simulator/build/ramulator2 -f /home/aatmaj/CENT/aim_simulator/test/example.yaml -t /home/aatmaj/CENT/experiments/dda_full_sweep/traces/32_channels_per_device/12_devices/model_parallel/Llama2-13B/trace_12_FC_devices_seqlen_2560.txt
/home/aatmaj/CENT/aim_simulator/build/ramulator2 -f /home/aatmaj/CENT/aim_simulator/test/example.yaml -t /home/aatmaj/CENT/experiments/dda_full_sweep/traces/32_channels_per_device/12_devices/model_parallel_FC/Llama2-13B/trace_12_FC_devices_seqlen_2560.txt
/home/aatmaj/CENT/aim_simulator/build/ramulator2 -f /home/aatmaj/CENT/aim_simulator/test/example.yaml -t /home/aatmaj/CENT/experiments/dda_full_sweep/traces/32_channels_per_device/12_devices/model_parallel/Llama2-13B/trace_12_FC_devices_seqlen_2688.txt
/home/aatmaj/CENT/aim_simulator/build/ramulator2 -f /home/aatmaj/CENT/aim_simulator/test/example.yaml -t /home/aatmaj/CENT/experiments/dda_full_sweep/traces/32_channels_per_device/12_devices/model_parallel_FC/Llama2-13B/trace_12_FC_devices_seqlen_2688.txt
/home/aatmaj/CENT/aim_simulator/build/ramulator2 -f /home/aatmaj/CENT/aim_simulator/test/example.yaml -t /home/aatmaj/CENT/experiments/dda_full_sweep/traces/32_channels_per_device/12_devices/model_parallel/Llama2-13B/trace_12_FC_devices_seqlen_2816.txt
/home/aatmaj/CENT/aim_simulator/build/ramulator2 -f /home/aatmaj/CENT/aim_simulator/test/example.yaml -t /home/aatmaj/CENT/experiments/dda_full_sweep/traces/32_channels_per_device/12_devices/model_parallel_FC/Llama2-13B/trace_12_FC_devices_seqlen_2816.txt
/home/aatmaj/CENT/aim_simulator/build/ramulator2 -f /home/aatmaj/CENT/aim_simulator/test/example.yaml -t /home/aatmaj/CENT/experiments/dda_full_sweep/traces/32_channels_per_device/12_devices/model_parallel/Llama2-13B/trace_12_FC_devices_seqlen_2944.txt
/home/aatmaj/CENT/aim_simulator/build/ramulator2 -f /home/aatmaj/CENT/aim_simulator/test/example.yaml -t /home/aatmaj/CENT/experiments/dda_full_sweep/traces/32_channels_per_device/12_devices/model_parallel_FC/Llama2-13B/trace_12_FC_devices_seqlen_2944.txt
/home/aatmaj/CENT/aim_simulator/build/ramulator2 -f /home/aatmaj/CENT/aim_simulator/test/example.yaml -t /home/aatmaj/CENT/experiments/dda_full_sweep/traces/32_channels_per_device/12_devices/model_parallel/Llama2-13B/trace_12_FC_devices_seqlen_3072.txt
/home/aatmaj/CENT/aim_simulator/build/ramulator2 -f /home/aatmaj/CENT/aim_simulator/test/example.yaml -t /home/aatmaj/CENT/experiments/dda_full_sweep/traces/32_channels_per_device/12_devices/model_parallel_FC/Llama2-13B/trace_12_FC_devices_seqlen_3072.txt
/home/aatmaj/CENT/aim_simulator/build/ramulator2 -f /home/aatmaj/CENT/aim_simulator/test/example.yaml -t /home/aatmaj/CENT/experiments/dda_full_sweep/traces/32_channels_per_device/12_devices/model_parallel/Llama2-13B/trace_12_FC_devices_seqlen_3200.txt
/home/aatmaj/CENT/aim_simulator/build/ramulator2 -f /home/aatmaj/CENT/aim_simulator/test/example.yaml -t /home/aatmaj/CENT/experiments/dda_full_sweep/traces/32_channels_per_device/12_devices/model_parallel_FC/Llama2-13B/trace_12_FC_devices_seqlen_3200.txt
/home/aatmaj/CENT/aim_simulator/build/ramulator2 -f /home/aatmaj/CENT/aim_simulator/test/example.yaml -t /home/aatmaj/CENT/experiments/dda_full_sweep/traces/32_channels_per_device/12_devices/model_parallel/Llama2-13B/trace_12_FC_devices_seqlen_3328.txt
/home/aatmaj/CENT/aim_simulator/build/ramulator2 -f /home/aatmaj/CENT/aim_simulator/test/example.yaml -t /home/aatmaj/CENT/experiments/dda_full_sweep/traces/32_channels_per_device/12_devices/model_parallel_FC/Llama2-13B/trace_12_FC_devices_seqlen_3328.txt
/home/aatmaj/CENT/aim_simulator/build/ramulator2 -f /home/aatmaj/CENT/aim_simulator/test/example.yaml -t /home/aatmaj/CENT/experiments/dda_full_sweep/traces/32_channels_per_device/12_devices/model_parallel/Llama2-13B/trace_12_FC_devices_seqlen_3456.txt
/home/aatmaj/CENT/aim_simulator/build/ramulator2 -f /home/aatmaj/CENT/aim_simulator/test/example.yaml -t /home/aatmaj/CENT/experiments/dda_full_sweep/traces/32_channels_per_device/12_devices/model_parallel_FC/Llama2-13B/trace_12_FC_devices_seqlen_3456.txt
/home/aatmaj/CENT/aim_simulator/build/ramulator2 -f /home/aatmaj/CENT/aim_simulator/test/example.yaml -t /home/aatmaj/CENT/experiments/dda_full_sweep/traces/32_channels_per_device/12_devices/model_parallel/Llama2-13B/trace_12_FC_devices_seqlen_3584.txt
/home/aatmaj/CENT/aim_simulator/build/ramulator2 -f /home/aatmaj/CENT/aim_simulator/test/example.yaml -t /home/aatmaj/CENT/experiments/dda_full_sweep/traces/32_channels_per_device/12_devices/model_parallel_FC/Llama2-13B/trace_12_FC_devices_seqlen_3584.txt
/home/aatmaj/CENT/aim_simulator/build/ramulator2 -f /home/aatmaj/CENT/aim_simulator/test/example.yaml -t /home/aatmaj/CENT/experiments/dda_full_sweep/traces/32_channels_per_device/12_devices/model_parallel/Llama2-13B/trace_12_FC_devices_seqlen_3712.txt
/home/aatmaj/CENT/aim_simulator/build/ramulator2 -f /home/aatmaj/CENT/aim_simulator/test/example.yaml -t /home/aatmaj/CENT/experiments/dda_full_sweep/traces/32_channels_per_device/12_devices/model_parallel_FC/Llama2-13B/trace_12_FC_devices_seqlen_3712.txt
/home/aatmaj/CENT/aim_simulator/build/ramulator2 -f /home/aatmaj/CENT/aim_simulator/test/example.yaml -t /home/aatmaj/CENT/experiments/dda_full_sweep/traces/32_channels_per_device/12_devices/model_parallel/Llama2-13B/trace_12_FC_devices_seqlen_3840.txt
/home/aatmaj/CENT/aim_simulator/build/ramulator2 -f /home/aatmaj/CENT/aim_simulator/test/example.yaml -t /home/aatmaj/CENT/experiments/dda_full_sweep/traces/32_channels_per_device/12_devices/model_parallel_FC/Llama2-13B/trace_12_FC_devices_seqlen_3840.txt
/home/aatmaj/CENT/aim_simulator/build/ramulator2 -f /home/aatmaj/CENT/aim_simulator/test/example.yaml -t /home/aatmaj/CENT/experiments/dda_full_sweep/traces/32_channels_per_device/12_devices/model_parallel/Llama2-13B/trace_12_FC_devices_seqlen_3968.txt
/home/aatmaj/CENT/aim_simulator/build/ramulator2 -f /home/aatmaj/CENT/aim_simulator/test/example.yaml -t /home/aatmaj/CENT/experiments/dda_full_sweep/traces/32_channels_per_device/12_devices/model_parallel_FC/Llama2-13B/trace_12_FC_devices_seqlen_3968.txt
/home/aatmaj/CENT/aim_simulator/build/ramulator2 -f /home/aatmaj/CENT/aim_simulator/test/example.yaml -t /home/aatmaj/CENT/experiments/dda_full_sweep/traces/32_channels_per_device/12_devices/model_parallel/Llama2-13B/trace_12_FC_devices_seqlen_4096.txt
/home/aatmaj/CENT/experiments/dda_full_sweep/simulation/run_sim_full32.py:447: FutureWarning: The behavior of DataFrame concatenation with empty or all-NA entries is deprecated. In a future version, this will no longer exclude empty or all-NA columns when determining the result dtypes. To retain the old behavior, exclude the relevant entries before the concat operation.
  results_df = pd.concat([results_df, new_df], ignore_index=True)
/home/aatmaj/CENT/aim_simulator/build/ramulator2 -f /home/aatmaj/CENT/aim_simulator/test/example.yaml -t /home/aatmaj/CENT/experiments/dda_full_sweep/traces/32_channels_per_device/12_devices/model_parallel_FC/Llama2-13B/trace_12_FC_devices_seqlen_4096.txt
Processing results...
Updating simulation results to CSV...

=== Pool T | Llama2-13B | N_T=20 / 32 | TP=1, PP=layers ===
/home/aatmaj/CENT/experiments/dda_full_sweep/simulation/run_sim_full32.py:460: FutureWarning: The behavior of DataFrame concatenation with empty or all-NA entries is deprecated. In a future version, this will no longer exclude empty or all-NA columns when determining the result dtypes. To retain the old behavior, exclude the relevant entries before the concat operation.
  results_df = pd.concat([results_df, new_df], ignore_index=True)
Generating traces for Llama2-13B (20 devices) ...
Processing results...
Updating simulation results to CSV...

=== Pool L | Llama2-13B | N_L=16 / 32 | TP=16, PP=1 ===
/home/aatmaj/CENT/experiments/dda_full_sweep/simulation/run_sim_full32.py:447: FutureWarning: The behavior of DataFrame concatenation with empty or all-NA entries is deprecated. In a future version, this will no longer exclude empty or all-NA columns when determining the result dtypes. To retain the old behavior, exclude the relevant entries before the concat operation.
  results_df = pd.concat([results_df, new_df], ignore_index=True)
Generating traces for Llama2-13B (16 devices) ...
Processing results...
Updating simulation results to CSV...

=== Pool T | Llama2-13B | N_T=16 / 32 | TP=1, PP=layers ===
/home/aatmaj/CENT/experiments/dda_full_sweep/simulation/run_sim_full32.py:460: FutureWarning: The behavior of DataFrame concatenation with empty or all-NA entries is deprecated. In a future version, this will no longer exclude empty or all-NA columns when determining the result dtypes. To retain the old behavior, exclude the relevant entries before the concat operation.
  results_df = pd.concat([results_df, new_df], ignore_index=True)
Generating traces for Llama2-13B (16 devices) ...
Processing results...
Updating simulation results to CSV...

=== Pool L | Llama2-13B | N_L=20 / 32 | TP=20, PP=1 ===
/home/aatmaj/CENT/experiments/dda_full_sweep/simulation/run_sim_full32.py:447: FutureWarning: The behavior of DataFrame concatenation with empty or all-NA entries is deprecated. In a future version, this will no longer exclude empty or all-NA columns when determining the result dtypes. To retain the old behavior, exclude the relevant entries before the concat operation.
  results_df = pd.concat([results_df, new_df], ignore_index=True)
Generating traces for Llama2-13B (20 devices) ...
Processing results...
Updating simulation results to CSV...

=== Pool T | Llama2-13B | N_T=12 / 32 | TP=1, PP=layers ===
Generating traces for Llama2-13B (12 devices) ...
/home/aatmaj/CENT/aim_simulator/build/ramulator2 -f /home/aatmaj/CENT/aim_simulator/test/example.yaml -t /home/aatmaj/CENT/experiments/dda_full_sweep/traces/32_channels_per_device/12_devices/pipeline_parallel_embedding/Llama2-13B/trace_8_channels_per_block_seqlen_4096.txt
/home/aatmaj/CENT/aim_simulator/build/ramulator2 -f /home/aatmaj/CENT/aim_simulator/test/example.yaml -t /home/aatmaj/CENT/experiments/dda_full_sweep/traces/32_channels_per_device/12_devices/pipeline_parallel/Llama2-13B/trace_8_channels_per_block_seqlen_128.txt
/home/aatmaj/CENT/aim_simulator/build/ramulator2 -f /home/aatmaj/CENT/aim_simulator/test/example.yaml -t /home/aatmaj/CENT/experiments/dda_full_sweep/traces/32_channels_per_device/12_devices/pipeline_parallel/Llama2-13B/trace_8_channels_per_block_seqlen_256.txt
/home/aatmaj/CENT/aim_simulator/build/ramulator2 -f /home/aatmaj/CENT/aim_simulator/test/example.yaml -t /home/aatmaj/CENT/experiments/dda_full_sweep/traces/32_channels_per_device/12_devices/pipeline_parallel/Llama2-13B/trace_8_channels_per_block_seqlen_384.txt
/home/aatmaj/CENT/aim_simulator/build/ramulator2 -f /home/aatmaj/CENT/aim_simulator/test/example.yaml -t /home/aatmaj/CENT/experiments/dda_full_sweep/traces/32_channels_per_device/12_devices/pipeline_parallel/Llama2-13B/trace_8_channels_per_block_seqlen_512.txt
/home/aatmaj/CENT/aim_simulator/build/ramulator2 -f /home/aatmaj/CENT/aim_simulator/test/example.yaml -t /home/aatmaj/CENT/experiments/dda_full_sweep/traces/32_channels_per_device/12_devices/pipeline_parallel/Llama2-13B/trace_8_channels_per_block_seqlen_640.txt
/home/aatmaj/CENT/aim_simulator/build/ramulator2 -f /home/aatmaj/CENT/aim_simulator/test/example.yaml -t /home/aatmaj/CENT/experiments/dda_full_sweep/traces/32_channels_per_device/12_devices/pipeline_parallel/Llama2-13B/trace_8_channels_per_block_seqlen_768.txt
/home/aatmaj/CENT/aim_simulator/build/ramulator2 -f /home/aatmaj/CENT/aim_simulator/test/example.yaml -t /home/aatmaj/CENT/experiments/dda_full_sweep/traces/32_channels_per_device/12_devices/pipeline_parallel/Llama2-13B/trace_8_channels_per_block_seqlen_896.txt
/home/aatmaj/CENT/aim_simulator/build/ramulator2 -f /home/aatmaj/CENT/aim_simulator/test/example.yaml -t /home/aatmaj/CENT/experiments/dda_full_sweep/traces/32_channels_per_device/12_devices/pipeline_parallel/Llama2-13B/trace_8_channels_per_block_seqlen_1024.txt
/home/aatmaj/CENT/aim_simulator/build/ramulator2 -f /home/aatmaj/CENT/aim_simulator/test/example.yaml -t /home/aatmaj/CENT/experiments/dda_full_sweep/traces/32_channels_per_device/12_devices/pipeline_parallel/Llama2-13B/trace_8_channels_per_block_seqlen_1152.txt
/home/aatmaj/CENT/aim_simulator/build/ramulator2 -f /home/aatmaj/CENT/aim_simulator/test/example.yaml -t /home/aatmaj/CENT/experiments/dda_full_sweep/traces/32_channels_per_device/12_devices/pipeline_parallel/Llama2-13B/trace_8_channels_per_block_seqlen_1280.txt
/home/aatmaj/CENT/aim_simulator/build/ramulator2 -f /home/aatmaj/CENT/aim_simulator/test/example.yaml -t /home/aatmaj/CENT/experiments/dda_full_sweep/traces/32_channels_per_device/12_devices/pipeline_parallel/Llama2-13B/trace_8_channels_per_block_seqlen_1408.txt
/home/aatmaj/CENT/aim_simulator/build/ramulator2 -f /home/aatmaj/CENT/aim_simulator/test/example.yaml -t /home/aatmaj/CENT/experiments/dda_full_sweep/traces/32_channels_per_device/12_devices/pipeline_parallel/Llama2-13B/trace_8_channels_per_block_seqlen_1536.txt
/home/aatmaj/CENT/aim_simulator/build/ramulator2 -f /home/aatmaj/CENT/aim_simulator/test/example.yaml -t /home/aatmaj/CENT/experiments/dda_full_sweep/traces/32_channels_per_device/12_devices/pipeline_parallel/Llama2-13B/trace_8_channels_per_block_seqlen_1664.txt
/home/aatmaj/CENT/aim_simulator/build/ramulator2 -f /home/aatmaj/CENT/aim_simulator/test/example.yaml -t /home/aatmaj/CENT/experiments/dda_full_sweep/traces/32_channels_per_device/12_devices/pipeline_parallel/Llama2-13B/trace_8_channels_per_block_seqlen_1792.txt
/home/aatmaj/CENT/aim_simulator/build/ramulator2 -f /home/aatmaj/CENT/aim_simulator/test/example.yaml -t /home/aatmaj/CENT/experiments/dda_full_sweep/traces/32_channels_per_device/12_devices/pipeline_parallel/Llama2-13B/trace_8_channels_per_block_seqlen_1920.txt
/home/aatmaj/CENT/aim_simulator/build/ramulator2 -f /home/aatmaj/CENT/aim_simulator/test/example.yaml -t /home/aatmaj/CENT/experiments/dda_full_sweep/traces/32_channels_per_device/12_devices/pipeline_parallel/Llama2-13B/trace_8_channels_per_block_seqlen_2048.txt
/home/aatmaj/CENT/aim_simulator/build/ramulator2 -f /home/aatmaj/CENT/aim_simulator/test/example.yaml -t /home/aatmaj/CENT/experiments/dda_full_sweep/traces/32_channels_per_device/12_devices/pipeline_parallel/Llama2-13B/trace_8_channels_per_block_seqlen_2176.txt
/home/aatmaj/CENT/aim_simulator/build/ramulator2 -f /home/aatmaj/CENT/aim_simulator/test/example.yaml -t /home/aatmaj/CENT/experiments/dda_full_sweep/traces/32_channels_per_device/12_devices/pipeline_parallel/Llama2-13B/trace_8_channels_per_block_seqlen_2304.txt
/home/aatmaj/CENT/aim_simulator/build/ramulator2 -f /home/aatmaj/CENT/aim_simulator/test/example.yaml -t /home/aatmaj/CENT/experiments/dda_full_sweep/traces/32_channels_per_device/12_devices/pipeline_parallel/Llama2-13B/trace_8_channels_per_block_seqlen_2432.txt
/home/aatmaj/CENT/aim_simulator/build/ramulator2 -f /home/aatmaj/CENT/aim_simulator/test/example.yaml -t /home/aatmaj/CENT/experiments/dda_full_sweep/traces/32_channels_per_device/12_devices/pipeline_parallel/Llama2-13B/trace_8_channels_per_block_seqlen_2560.txt
/home/aatmaj/CENT/aim_simulator/build/ramulator2 -f /home/aatmaj/CENT/aim_simulator/test/example.yaml -t /home/aatmaj/CENT/experiments/dda_full_sweep/traces/32_channels_per_device/12_devices/pipeline_parallel/Llama2-13B/trace_8_channels_per_block_seqlen_2688.txt
/home/aatmaj/CENT/aim_simulator/build/ramulator2 -f /home/aatmaj/CENT/aim_simulator/test/example.yaml -t /home/aatmaj/CENT/experiments/dda_full_sweep/traces/32_channels_per_device/12_devices/pipeline_parallel/Llama2-13B/trace_8_channels_per_block_seqlen_2816.txt
/home/aatmaj/CENT/aim_simulator/build/ramulator2 -f /home/aatmaj/CENT/aim_simulator/test/example.yaml -t /home/aatmaj/CENT/experiments/dda_full_sweep/traces/32_channels_per_device/12_devices/pipeline_parallel/Llama2-13B/trace_8_channels_per_block_seqlen_2944.txt
/home/aatmaj/CENT/aim_simulator/build/ramulator2 -f /home/aatmaj/CENT/aim_simulator/test/example.yaml -t /home/aatmaj/CENT/experiments/dda_full_sweep/traces/32_channels_per_device/12_devices/pipeline_parallel/Llama2-13B/trace_8_channels_per_block_seqlen_3072.txt
/home/aatmaj/CENT/aim_simulator/build/ramulator2 -f /home/aatmaj/CENT/aim_simulator/test/example.yaml -t /home/aatmaj/CENT/experiments/dda_full_sweep/traces/32_channels_per_device/12_devices/pipeline_parallel/Llama2-13B/trace_8_channels_per_block_seqlen_3200.txt
/home/aatmaj/CENT/aim_simulator/build/ramulator2 -f /home/aatmaj/CENT/aim_simulator/test/example.yaml -t /home/aatmaj/CENT/experiments/dda_full_sweep/traces/32_channels_per_device/12_devices/pipeline_parallel/Llama2-13B/trace_8_channels_per_block_seqlen_3328.txt
/home/aatmaj/CENT/aim_simulator/build/ramulator2 -f /home/aatmaj/CENT/aim_simulator/test/example.yaml -t /home/aatmaj/CENT/experiments/dda_full_sweep/traces/32_channels_per_device/12_devices/pipeline_parallel/Llama2-13B/trace_8_channels_per_block_seqlen_3456.txt
/home/aatmaj/CENT/aim_simulator/build/ramulator2 -f /home/aatmaj/CENT/aim_simulator/test/example.yaml -t /home/aatmaj/CENT/experiments/dda_full_sweep/traces/32_channels_per_device/12_devices/pipeline_parallel/Llama2-13B/trace_8_channels_per_block_seqlen_3584.txt
/home/aatmaj/CENT/aim_simulator/build/ramulator2 -f /home/aatmaj/CENT/aim_simulator/test/example.yaml -t /home/aatmaj/CENT/experiments/dda_full_sweep/traces/32_channels_per_device/12_devices/pipeline_parallel/Llama2-13B/trace_8_channels_per_block_seqlen_3712.txt
/home/aatmaj/CENT/experiments/dda_full_sweep/simulation/run_sim_full32.py:460: FutureWarning: The behavior of DataFrame concatenation with empty or all-NA entries is deprecated. In a future version, this will no longer exclude empty or all-NA columns when determining the result dtypes. To retain the old behavior, exclude the relevant entries before the concat operation.
  results_df = pd.concat([results_df, new_df], ignore_index=True)
/home/aatmaj/CENT/aim_simulator/build/ramulator2 -f /home/aatmaj/CENT/aim_simulator/test/example.yaml -t /home/aatmaj/CENT/experiments/dda_full_sweep/traces/32_channels_per_device/12_devices/pipeline_parallel/Llama2-13B/trace_8_channels_per_block_seqlen_3840.txt
/home/aatmaj/CENT/aim_simulator/build/ramulator2 -f /home/aatmaj/CENT/aim_simulator/test/example.yaml -t /home/aatmaj/CENT/experiments/dda_full_sweep/traces/32_channels_per_device/12_devices/pipeline_parallel/Llama2-13B/trace_8_channels_per_block_seqlen_3968.txt
/home/aatmaj/CENT/aim_simulator/build/ramulator2 -f /home/aatmaj/CENT/aim_simulator/test/example.yaml -t /home/aatmaj/CENT/experiments/dda_full_sweep/traces/32_channels_per_device/12_devices/pipeline_parallel/Llama2-13B/trace_8_channels_per_block_seqlen_4096.txt
Processing results...
Updating simulation results to CSV...

=== Pool L | Llama2-13B | N_L=22 / 32 | TP=22, PP=1 ===
Generating traces for Llama2-13B (22 devices) ...
/home/aatmaj/CENT/aim_simulator/build/ramulator2 -f /home/aatmaj/CENT/aim_simulator/test/example.yaml -t /home/aatmaj/CENT/experiments/dda_full_sweep/traces/32_channels_per_device/22_devices/model_parallel_embedding/Llama2-13B/trace_22_FC_devices_seqlen_4096.txt
/home/aatmaj/CENT/aim_simulator/build/ramulator2 -f /home/aatmaj/CENT/aim_simulator/test/example.yaml -t /home/aatmaj/CENT/experiments/dda_full_sweep/traces/32_channels_per_device/22_devices/model_parallel/Llama2-13B/trace_22_FC_devices_seqlen_128.txt
/home/aatmaj/CENT/aim_simulator/build/ramulator2 -f /home/aatmaj/CENT/aim_simulator/test/example.yaml -t /home/aatmaj/CENT/experiments/dda_full_sweep/traces/32_channels_per_device/22_devices/model_parallel_FC/Llama2-13B/trace_22_FC_devices_seqlen_128.txt
/home/aatmaj/CENT/aim_simulator/build/ramulator2 -f /home/aatmaj/CENT/aim_simulator/test/example.yaml -t /home/aatmaj/CENT/experiments/dda_full_sweep/traces/32_channels_per_device/22_devices/model_parallel/Llama2-13B/trace_22_FC_devices_seqlen_256.txt
/home/aatmaj/CENT/aim_simulator/build/ramulator2 -f /home/aatmaj/CENT/aim_simulator/test/example.yaml -t /home/aatmaj/CENT/experiments/dda_full_sweep/traces/32_channels_per_device/22_devices/model_parallel_FC/Llama2-13B/trace_22_FC_devices_seqlen_256.txt
/home/aatmaj/CENT/aim_simulator/build/ramulator2 -f /home/aatmaj/CENT/aim_simulator/test/example.yaml -t /home/aatmaj/CENT/experiments/dda_full_sweep/traces/32_channels_per_device/22_devices/model_parallel/Llama2-13B/trace_22_FC_devices_seqlen_384.txt
/home/aatmaj/CENT/aim_simulator/build/ramulator2 -f /home/aatmaj/CENT/aim_simulator/test/example.yaml -t /home/aatmaj/CENT/experiments/dda_full_sweep/traces/32_channels_per_device/22_devices/model_parallel_FC/Llama2-13B/trace_22_FC_devices_seqlen_384.txt
/home/aatmaj/CENT/aim_simulator/build/ramulator2 -f /home/aatmaj/CENT/aim_simulator/test/example.yaml -t /home/aatmaj/CENT/experiments/dda_full_sweep/traces/32_channels_per_device/22_devices/model_parallel/Llama2-13B/trace_22_FC_devices_seqlen_512.txt
/home/aatmaj/CENT/aim_simulator/build/ramulator2 -f /home/aatmaj/CENT/aim_simulator/test/example.yaml -t /home/aatmaj/CENT/experiments/dda_full_sweep/traces/32_channels_per_device/22_devices/model_parallel_FC/Llama2-13B/trace_22_FC_devices_seqlen_512.txt
/home/aatmaj/CENT/aim_simulator/build/ramulator2 -f /home/aatmaj/CENT/aim_simulator/test/example.yaml -t /home/aatmaj/CENT/experiments/dda_full_sweep/traces/32_channels_per_device/22_devices/model_parallel/Llama2-13B/trace_22_FC_devices_seqlen_640.txt
/home/aatmaj/CENT/aim_simulator/build/ramulator2 -f /home/aatmaj/CENT/aim_simulator/test/example.yaml -t /home/aatmaj/CENT/experiments/dda_full_sweep/traces/32_channels_per_device/22_devices/model_parallel_FC/Llama2-13B/trace_22_FC_devices_seqlen_640.txt
/home/aatmaj/CENT/aim_simulator/build/ramulator2 -f /home/aatmaj/CENT/aim_simulator/test/example.yaml -t /home/aatmaj/CENT/experiments/dda_full_sweep/traces/32_channels_per_device/22_devices/model_parallel/Llama2-13B/trace_22_FC_devices_seqlen_768.txt
/home/aatmaj/CENT/aim_simulator/build/ramulator2 -f /home/aatmaj/CENT/aim_simulator/test/example.yaml -t /home/aatmaj/CENT/experiments/dda_full_sweep/traces/32_channels_per_device/22_devices/model_parallel_FC/Llama2-13B/trace_22_FC_devices_seqlen_768.txt
/home/aatmaj/CENT/aim_simulator/build/ramulator2 -f /home/aatmaj/CENT/aim_simulator/test/example.yaml -t /home/aatmaj/CENT/experiments/dda_full_sweep/traces/32_channels_per_device/22_devices/model_parallel/Llama2-13B/trace_22_FC_devices_seqlen_896.txt
/home/aatmaj/CENT/aim_simulator/build/ramulator2 -f /home/aatmaj/CENT/aim_simulator/test/example.yaml -t /home/aatmaj/CENT/experiments/dda_full_sweep/traces/32_channels_per_device/22_devices/model_parallel_FC/Llama2-13B/trace_22_FC_devices_seqlen_896.txt
/home/aatmaj/CENT/aim_simulator/build/ramulator2 -f /home/aatmaj/CENT/aim_simulator/test/example.yaml -t /home/aatmaj/CENT/experiments/dda_full_sweep/traces/32_channels_per_device/22_devices/model_parallel/Llama2-13B/trace_22_FC_devices_seqlen_1024.txt
/home/aatmaj/CENT/aim_simulator/build/ramulator2 -f /home/aatmaj/CENT/aim_simulator/test/example.yaml -t /home/aatmaj/CENT/experiments/dda_full_sweep/traces/32_channels_per_device/22_devices/model_parallel_FC/Llama2-13B/trace_22_FC_devices_seqlen_1024.txt
/home/aatmaj/CENT/aim_simulator/build/ramulator2 -f /home/aatmaj/CENT/aim_simulator/test/example.yaml -t /home/aatmaj/CENT/experiments/dda_full_sweep/traces/32_channels_per_device/22_devices/model_parallel/Llama2-13B/trace_22_FC_devices_seqlen_1152.txt
/home/aatmaj/CENT/aim_simulator/build/ramulator2 -f /home/aatmaj/CENT/aim_simulator/test/example.yaml -t /home/aatmaj/CENT/experiments/dda_full_sweep/traces/32_channels_per_device/22_devices/model_parallel_FC/Llama2-13B/trace_22_FC_devices_seqlen_1152.txt
/home/aatmaj/CENT/aim_simulator/build/ramulator2 -f /home/aatmaj/CENT/aim_simulator/test/example.yaml -t /home/aatmaj/CENT/experiments/dda_full_sweep/traces/32_channels_per_device/22_devices/model_parallel/Llama2-13B/trace_22_FC_devices_seqlen_1280.txt
/home/aatmaj/CENT/aim_simulator/build/ramulator2 -f /home/aatmaj/CENT/aim_simulator/test/example.yaml -t /home/aatmaj/CENT/experiments/dda_full_sweep/traces/32_channels_per_device/22_devices/model_parallel_FC/Llama2-13B/trace_22_FC_devices_seqlen_1280.txt
/home/aatmaj/CENT/aim_simulator/build/ramulator2 -f /home/aatmaj/CENT/aim_simulator/test/example.yaml -t /home/aatmaj/CENT/experiments/dda_full_sweep/traces/32_channels_per_device/22_devices/model_parallel/Llama2-13B/trace_22_FC_devices_seqlen_1408.txt
/home/aatmaj/CENT/aim_simulator/build/ramulator2 -f /home/aatmaj/CENT/aim_simulator/test/example.yaml -t /home/aatmaj/CENT/experiments/dda_full_sweep/traces/32_channels_per_device/22_devices/model_parallel_FC/Llama2-13B/trace_22_FC_devices_seqlen_1408.txt
/home/aatmaj/CENT/aim_simulator/build/ramulator2 -f /home/aatmaj/CENT/aim_simulator/test/example.yaml -t /home/aatmaj/CENT/experiments/dda_full_sweep/traces/32_channels_per_device/22_devices/model_parallel/Llama2-13B/trace_22_FC_devices_seqlen_1536.txt
/home/aatmaj/CENT/aim_simulator/build/ramulator2 -f /home/aatmaj/CENT/aim_simulator/test/example.yaml -t /home/aatmaj/CENT/experiments/dda_full_sweep/traces/32_channels_per_device/22_devices/model_parallel_FC/Llama2-13B/trace_22_FC_devices_seqlen_1536.txt
/home/aatmaj/CENT/aim_simulator/build/ramulator2 -f /home/aatmaj/CENT/aim_simulator/test/example.yaml -t /home/aatmaj/CENT/experiments/dda_full_sweep/traces/32_channels_per_device/22_devices/model_parallel/Llama2-13B/trace_22_FC_devices_seqlen_1664.txt
/home/aatmaj/CENT/aim_simulator/build/ramulator2 -f /home/aatmaj/CENT/aim_simulator/test/example.yaml -t /home/aatmaj/CENT/experiments/dda_full_sweep/traces/32_channels_per_device/22_devices/model_parallel_FC/Llama2-13B/trace_22_FC_devices_seqlen_1664.txt
/home/aatmaj/CENT/aim_simulator/build/ramulator2 -f /home/aatmaj/CENT/aim_simulator/test/example.yaml -t /home/aatmaj/CENT/experiments/dda_full_sweep/traces/32_channels_per_device/22_devices/model_parallel/Llama2-13B/trace_22_FC_devices_seqlen_1792.txt
/home/aatmaj/CENT/aim_simulator/build/ramulator2 -f /home/aatmaj/CENT/aim_simulator/test/example.yaml -t /home/aatmaj/CENT/experiments/dda_full_sweep/traces/32_channels_per_device/22_devices/model_parallel_FC/Llama2-13B/trace_22_FC_devices_seqlen_1792.txt
/home/aatmaj/CENT/aim_simulator/build/ramulator2 -f /home/aatmaj/CENT/aim_simulator/test/example.yaml -t /home/aatmaj/CENT/experiments/dda_full_sweep/traces/32_channels_per_device/22_devices/model_parallel/Llama2-13B/trace_22_FC_devices_seqlen_1920.txt
/home/aatmaj/CENT/aim_simulator/build/ramulator2 -f /home/aatmaj/CENT/aim_simulator/test/example.yaml -t /home/aatmaj/CENT/experiments/dda_full_sweep/traces/32_channels_per_device/22_devices/model_parallel_FC/Llama2-13B/trace_22_FC_devices_seqlen_1920.txt
/home/aatmaj/CENT/aim_simulator/build/ramulator2 -f /home/aatmaj/CENT/aim_simulator/test/example.yaml -t /home/aatmaj/CENT/experiments/dda_full_sweep/traces/32_channels_per_device/22_devices/model_parallel/Llama2-13B/trace_22_FC_devices_seqlen_2048.txt
/home/aatmaj/CENT/aim_simulator/build/ramulator2 -f /home/aatmaj/CENT/aim_simulator/test/example.yaml -t /home/aatmaj/CENT/experiments/dda_full_sweep/traces/32_channels_per_device/22_devices/model_parallel_FC/Llama2-13B/trace_22_FC_devices_seqlen_2048.txt
/home/aatmaj/CENT/aim_simulator/build/ramulator2 -f /home/aatmaj/CENT/aim_simulator/test/example.yaml -t /home/aatmaj/CENT/experiments/dda_full_sweep/traces/32_channels_per_device/22_devices/model_parallel/Llama2-13B/trace_22_FC_devices_seqlen_2176.txt
/home/aatmaj/CENT/aim_simulator/build/ramulator2 -f /home/aatmaj/CENT/aim_simulator/test/example.yaml -t /home/aatmaj/CENT/experiments/dda_full_sweep/traces/32_channels_per_device/22_devices/model_parallel_FC/Llama2-13B/trace_22_FC_devices_seqlen_2176.txt
/home/aatmaj/CENT/aim_simulator/build/ramulator2 -f /home/aatmaj/CENT/aim_simulator/test/example.yaml -t /home/aatmaj/CENT/experiments/dda_full_sweep/traces/32_channels_per_device/22_devices/model_parallel/Llama2-13B/trace_22_FC_devices_seqlen_2304.txt
/home/aatmaj/CENT/aim_simulator/build/ramulator2 -f /home/aatmaj/CENT/aim_simulator/test/example.yaml -t /home/aatmaj/CENT/experiments/dda_full_sweep/traces/32_channels_per_device/22_devices/model_parallel_FC/Llama2-13B/trace_22_FC_devices_seqlen_2304.txt
/home/aatmaj/CENT/aim_simulator/build/ramulator2 -f /home/aatmaj/CENT/aim_simulator/test/example.yaml -t /home/aatmaj/CENT/experiments/dda_full_sweep/traces/32_channels_per_device/22_devices/model_parallel/Llama2-13B/trace_22_FC_devices_seqlen_2432.txt
/home/aatmaj/CENT/aim_simulator/build/ramulator2 -f /home/aatmaj/CENT/aim_simulator/test/example.yaml -t /home/aatmaj/CENT/experiments/dda_full_sweep/traces/32_channels_per_device/22_devices/model_parallel_FC/Llama2-13B/trace_22_FC_devices_seqlen_2432.txt
/home/aatmaj/CENT/aim_simulator/build/ramulator2 -f /home/aatmaj/CENT/aim_simulator/test/example.yaml -t /home/aatmaj/CENT/experiments/dda_full_sweep/traces/32_channels_per_device/22_devices/model_parallel/Llama2-13B/trace_22_FC_devices_seqlen_2560.txt
/home/aatmaj/CENT/aim_simulator/build/ramulator2 -f /home/aatmaj/CENT/aim_simulator/test/example.yaml -t /home/aatmaj/CENT/experiments/dda_full_sweep/traces/32_channels_per_device/22_devices/model_parallel_FC/Llama2-13B/trace_22_FC_devices_seqlen_2560.txt
/home/aatmaj/CENT/aim_simulator/build/ramulator2 -f /home/aatmaj/CENT/aim_simulator/test/example.yaml -t /home/aatmaj/CENT/experiments/dda_full_sweep/traces/32_channels_per_device/22_devices/model_parallel/Llama2-13B/trace_22_FC_devices_seqlen_2688.txt
/home/aatmaj/CENT/aim_simulator/build/ramulator2 -f /home/aatmaj/CENT/aim_simulator/test/example.yaml -t /home/aatmaj/CENT/experiments/dda_full_sweep/traces/32_channels_per_device/22_devices/model_parallel_FC/Llama2-13B/trace_22_FC_devices_seqlen_2688.txt
/home/aatmaj/CENT/aim_simulator/build/ramulator2 -f /home/aatmaj/CENT/aim_simulator/test/example.yaml -t /home/aatmaj/CENT/experiments/dda_full_sweep/traces/32_channels_per_device/22_devices/model_parallel/Llama2-13B/trace_22_FC_devices_seqlen_2816.txt
/home/aatmaj/CENT/aim_simulator/build/ramulator2 -f /home/aatmaj/CENT/aim_simulator/test/example.yaml -t /home/aatmaj/CENT/experiments/dda_full_sweep/traces/32_channels_per_device/22_devices/model_parallel_FC/Llama2-13B/trace_22_FC_devices_seqlen_2816.txt
/home/aatmaj/CENT/aim_simulator/build/ramulator2 -f /home/aatmaj/CENT/aim_simulator/test/example.yaml -t /home/aatmaj/CENT/experiments/dda_full_sweep/traces/32_channels_per_device/22_devices/model_parallel/Llama2-13B/trace_22_FC_devices_seqlen_2944.txt
/home/aatmaj/CENT/aim_simulator/build/ramulator2 -f /home/aatmaj/CENT/aim_simulator/test/example.yaml -t /home/aatmaj/CENT/experiments/dda_full_sweep/traces/32_channels_per_device/22_devices/model_parallel_FC/Llama2-13B/trace_22_FC_devices_seqlen_2944.txt
/home/aatmaj/CENT/aim_simulator/build/ramulator2 -f /home/aatmaj/CENT/aim_simulator/test/example.yaml -t /home/aatmaj/CENT/experiments/dda_full_sweep/traces/32_channels_per_device/22_devices/model_parallel/Llama2-13B/trace_22_FC_devices_seqlen_3072.txt
/home/aatmaj/CENT/aim_simulator/build/ramulator2 -f /home/aatmaj/CENT/aim_simulator/test/example.yaml -t /home/aatmaj/CENT/experiments/dda_full_sweep/traces/32_channels_per_device/22_devices/model_parallel_FC/Llama2-13B/trace_22_FC_devices_seqlen_3072.txt
/home/aatmaj/CENT/aim_simulator/build/ramulator2 -f /home/aatmaj/CENT/aim_simulator/test/example.yaml -t /home/aatmaj/CENT/experiments/dda_full_sweep/traces/32_channels_per_device/22_devices/model_parallel/Llama2-13B/trace_22_FC_devices_seqlen_3200.txt
/home/aatmaj/CENT/aim_simulator/build/ramulator2 -f /home/aatmaj/CENT/aim_simulator/test/example.yaml -t /home/aatmaj/CENT/experiments/dda_full_sweep/traces/32_channels_per_device/22_devices/model_parallel_FC/Llama2-13B/trace_22_FC_devices_seqlen_3200.txt
/home/aatmaj/CENT/aim_simulator/build/ramulator2 -f /home/aatmaj/CENT/aim_simulator/test/example.yaml -t /home/aatmaj/CENT/experiments/dda_full_sweep/traces/32_channels_per_device/22_devices/model_parallel/Llama2-13B/trace_22_FC_devices_seqlen_3328.txt
/home/aatmaj/CENT/aim_simulator/build/ramulator2 -f /home/aatmaj/CENT/aim_simulator/test/example.yaml -t /home/aatmaj/CENT/experiments/dda_full_sweep/traces/32_channels_per_device/22_devices/model_parallel_FC/Llama2-13B/trace_22_FC_devices_seqlen_3328.txt
/home/aatmaj/CENT/aim_simulator/build/ramulator2 -f /home/aatmaj/CENT/aim_simulator/test/example.yaml -t /home/aatmaj/CENT/experiments/dda_full_sweep/traces/32_channels_per_device/22_devices/model_parallel/Llama2-13B/trace_22_FC_devices_seqlen_3456.txt
/home/aatmaj/CENT/aim_simulator/build/ramulator2 -f /home/aatmaj/CENT/aim_simulator/test/example.yaml -t /home/aatmaj/CENT/experiments/dda_full_sweep/traces/32_channels_per_device/22_devices/model_parallel_FC/Llama2-13B/trace_22_FC_devices_seqlen_3456.txt
/home/aatmaj/CENT/aim_simulator/build/ramulator2 -f /home/aatmaj/CENT/aim_simulator/test/example.yaml -t /home/aatmaj/CENT/experiments/dda_full_sweep/traces/32_channels_per_device/22_devices/model_parallel/Llama2-13B/trace_22_FC_devices_seqlen_3584.txt
/home/aatmaj/CENT/aim_simulator/build/ramulator2 -f /home/aatmaj/CENT/aim_simulator/test/example.yaml -t /home/aatmaj/CENT/experiments/dda_full_sweep/traces/32_channels_per_device/22_devices/model_parallel_FC/Llama2-13B/trace_22_FC_devices_seqlen_3584.txt
/home/aatmaj/CENT/aim_simulator/build/ramulator2 -f /home/aatmaj/CENT/aim_simulator/test/example.yaml -t /home/aatmaj/CENT/experiments/dda_full_sweep/traces/32_channels_per_device/22_devices/model_parallel/Llama2-13B/trace_22_FC_devices_seqlen_3712.txt
/home/aatmaj/CENT/aim_simulator/build/ramulator2 -f /home/aatmaj/CENT/aim_simulator/test/example.yaml -t /home/aatmaj/CENT/experiments/dda_full_sweep/traces/32_channels_per_device/22_devices/model_parallel_FC/Llama2-13B/trace_22_FC_devices_seqlen_3712.txt
/home/aatmaj/CENT/aim_simulator/build/ramulator2 -f /home/aatmaj/CENT/aim_simulator/test/example.yaml -t /home/aatmaj/CENT/experiments/dda_full_sweep/traces/32_channels_per_device/22_devices/model_parallel/Llama2-13B/trace_22_FC_devices_seqlen_3840.txt
/home/aatmaj/CENT/aim_simulator/build/ramulator2 -f /home/aatmaj/CENT/aim_simulator/test/example.yaml -t /home/aatmaj/CENT/experiments/dda_full_sweep/traces/32_channels_per_device/22_devices/model_parallel_FC/Llama2-13B/trace_22_FC_devices_seqlen_3840.txt
/home/aatmaj/CENT/aim_simulator/build/ramulator2 -f /home/aatmaj/CENT/aim_simulator/test/example.yaml -t /home/aatmaj/CENT/experiments/dda_full_sweep/traces/32_channels_per_device/22_devices/model_parallel/Llama2-13B/trace_22_FC_devices_seqlen_3968.txt
/home/aatmaj/CENT/aim_simulator/build/ramulator2 -f /home/aatmaj/CENT/aim_simulator/test/example.yaml -t /home/aatmaj/CENT/experiments/dda_full_sweep/traces/32_channels_per_device/22_devices/model_parallel_FC/Llama2-13B/trace_22_FC_devices_seqlen_3968.txt
/home/aatmaj/CENT/aim_simulator/build/ramulator2 -f /home/aatmaj/CENT/aim_simulator/test/example.yaml -t /home/aatmaj/CENT/experiments/dda_full_sweep/traces/32_channels_per_device/22_devices/model_parallel/Llama2-13B/trace_22_FC_devices_seqlen_4096.txt
/home/aatmaj/CENT/experiments/dda_full_sweep/simulation/run_sim_full32.py:447: FutureWarning: The behavior of DataFrame concatenation with empty or all-NA entries is deprecated. In a future version, this will no longer exclude empty or all-NA columns when determining the result dtypes. To retain the old behavior, exclude the relevant entries before the concat operation.
  results_df = pd.concat([results_df, new_df], ignore_index=True)
/home/aatmaj/CENT/aim_simulator/build/ramulator2 -f /home/aatmaj/CENT/aim_simulator/test/example.yaml -t /home/aatmaj/CENT/experiments/dda_full_sweep/traces/32_channels_per_device/22_devices/model_parallel_FC/Llama2-13B/trace_22_FC_devices_seqlen_4096.txt
Processing results...
Updating simulation results to CSV...

=== Pool T | Llama2-13B | N_T=10 / 32 | TP=1, PP=layers ===
Generating traces for Llama2-13B (10 devices) ...
/home/aatmaj/CENT/aim_simulator/build/ramulator2 -f /home/aatmaj/CENT/aim_simulator/test/example.yaml -t /home/aatmaj/CENT/experiments/dda_full_sweep/traces/32_channels_per_device/10_devices/pipeline_parallel_embedding/Llama2-13B/trace_8_channels_per_block_seqlen_4096.txt
/home/aatmaj/CENT/aim_simulator/build/ramulator2 -f /home/aatmaj/CENT/aim_simulator/test/example.yaml -t /home/aatmaj/CENT/experiments/dda_full_sweep/traces/32_channels_per_device/10_devices/pipeline_parallel/Llama2-13B/trace_8_channels_per_block_seqlen_128.txt
/home/aatmaj/CENT/aim_simulator/build/ramulator2 -f /home/aatmaj/CENT/aim_simulator/test/example.yaml -t /home/aatmaj/CENT/experiments/dda_full_sweep/traces/32_channels_per_device/10_devices/pipeline_parallel/Llama2-13B/trace_8_channels_per_block_seqlen_256.txt
/home/aatmaj/CENT/aim_simulator/build/ramulator2 -f /home/aatmaj/CENT/aim_simulator/test/example.yaml -t /home/aatmaj/CENT/experiments/dda_full_sweep/traces/32_channels_per_device/10_devices/pipeline_parallel/Llama2-13B/trace_8_channels_per_block_seqlen_384.txt
/home/aatmaj/CENT/aim_simulator/build/ramulator2 -f /home/aatmaj/CENT/aim_simulator/test/example.yaml -t /home/aatmaj/CENT/experiments/dda_full_sweep/traces/32_channels_per_device/10_devices/pipeline_parallel/Llama2-13B/trace_8_channels_per_block_seqlen_512.txt
/home/aatmaj/CENT/aim_simulator/build/ramulator2 -f /home/aatmaj/CENT/aim_simulator/test/example.yaml -t /home/aatmaj/CENT/experiments/dda_full_sweep/traces/32_channels_per_device/10_devices/pipeline_parallel/Llama2-13B/trace_8_channels_per_block_seqlen_640.txt
/home/aatmaj/CENT/aim_simulator/build/ramulator2 -f /home/aatmaj/CENT/aim_simulator/test/example.yaml -t /home/aatmaj/CENT/experiments/dda_full_sweep/traces/32_channels_per_device/10_devices/pipeline_parallel/Llama2-13B/trace_8_channels_per_block_seqlen_768.txt
/home/aatmaj/CENT/aim_simulator/build/ramulator2 -f /home/aatmaj/CENT/aim_simulator/test/example.yaml -t /home/aatmaj/CENT/experiments/dda_full_sweep/traces/32_channels_per_device/10_devices/pipeline_parallel/Llama2-13B/trace_8_channels_per_block_seqlen_896.txt
/home/aatmaj/CENT/aim_simulator/build/ramulator2 -f /home/aatmaj/CENT/aim_simulator/test/example.yaml -t /home/aatmaj/CENT/experiments/dda_full_sweep/traces/32_channels_per_device/10_devices/pipeline_parallel/Llama2-13B/trace_8_channels_per_block_seqlen_1024.txt
/home/aatmaj/CENT/aim_simulator/build/ramulator2 -f /home/aatmaj/CENT/aim_simulator/test/example.yaml -t /home/aatmaj/CENT/experiments/dda_full_sweep/traces/32_channels_per_device/10_devices/pipeline_parallel/Llama2-13B/trace_8_channels_per_block_seqlen_1152.txt
/home/aatmaj/CENT/aim_simulator/build/ramulator2 -f /home/aatmaj/CENT/aim_simulator/test/example.yaml -t /home/aatmaj/CENT/experiments/dda_full_sweep/traces/32_channels_per_device/10_devices/pipeline_parallel/Llama2-13B/trace_8_channels_per_block_seqlen_1280.txt
/home/aatmaj/CENT/aim_simulator/build/ramulator2 -f /home/aatmaj/CENT/aim_simulator/test/example.yaml -t /home/aatmaj/CENT/experiments/dda_full_sweep/traces/32_channels_per_device/10_devices/pipeline_parallel/Llama2-13B/trace_8_channels_per_block_seqlen_1408.txt
/home/aatmaj/CENT/aim_simulator/build/ramulator2 -f /home/aatmaj/CENT/aim_simulator/test/example.yaml -t /home/aatmaj/CENT/experiments/dda_full_sweep/traces/32_channels_per_device/10_devices/pipeline_parallel/Llama2-13B/trace_8_channels_per_block_seqlen_1536.txt
/home/aatmaj/CENT/aim_simulator/build/ramulator2 -f /home/aatmaj/CENT/aim_simulator/test/example.yaml -t /home/aatmaj/CENT/experiments/dda_full_sweep/traces/32_channels_per_device/10_devices/pipeline_parallel/Llama2-13B/trace_8_channels_per_block_seqlen_1664.txt
/home/aatmaj/CENT/aim_simulator/build/ramulator2 -f /home/aatmaj/CENT/aim_simulator/test/example.yaml -t /home/aatmaj/CENT/experiments/dda_full_sweep/traces/32_channels_per_device/10_devices/pipeline_parallel/Llama2-13B/trace_8_channels_per_block_seqlen_1792.txt
/home/aatmaj/CENT/aim_simulator/build/ramulator2 -f /home/aatmaj/CENT/aim_simulator/test/example.yaml -t /home/aatmaj/CENT/experiments/dda_full_sweep/traces/32_channels_per_device/10_devices/pipeline_parallel/Llama2-13B/trace_8_channels_per_block_seqlen_1920.txt
/home/aatmaj/CENT/aim_simulator/build/ramulator2 -f /home/aatmaj/CENT/aim_simulator/test/example.yaml -t /home/aatmaj/CENT/experiments/dda_full_sweep/traces/32_channels_per_device/10_devices/pipeline_parallel/Llama2-13B/trace_8_channels_per_block_seqlen_2048.txt
/home/aatmaj/CENT/aim_simulator/build/ramulator2 -f /home/aatmaj/CENT/aim_simulator/test/example.yaml -t /home/aatmaj/CENT/experiments/dda_full_sweep/traces/32_channels_per_device/10_devices/pipeline_parallel/Llama2-13B/trace_8_channels_per_block_seqlen_2176.txt
/home/aatmaj/CENT/aim_simulator/build/ramulator2 -f /home/aatmaj/CENT/aim_simulator/test/example.yaml -t /home/aatmaj/CENT/experiments/dda_full_sweep/traces/32_channels_per_device/10_devices/pipeline_parallel/Llama2-13B/trace_8_channels_per_block_seqlen_2304.txt
/home/aatmaj/CENT/aim_simulator/build/ramulator2 -f /home/aatmaj/CENT/aim_simulator/test/example.yaml -t /home/aatmaj/CENT/experiments/dda_full_sweep/traces/32_channels_per_device/10_devices/pipeline_parallel/Llama2-13B/trace_8_channels_per_block_seqlen_2432.txt
/home/aatmaj/CENT/aim_simulator/build/ramulator2 -f /home/aatmaj/CENT/aim_simulator/test/example.yaml -t /home/aatmaj/CENT/experiments/dda_full_sweep/traces/32_channels_per_device/10_devices/pipeline_parallel/Llama2-13B/trace_8_channels_per_block_seqlen_2560.txt
/home/aatmaj/CENT/aim_simulator/build/ramulator2 -f /home/aatmaj/CENT/aim_simulator/test/example.yaml -t /home/aatmaj/CENT/experiments/dda_full_sweep/traces/32_channels_per_device/10_devices/pipeline_parallel/Llama2-13B/trace_8_channels_per_block_seqlen_2688.txt
/home/aatmaj/CENT/aim_simulator/build/ramulator2 -f /home/aatmaj/CENT/aim_simulator/test/example.yaml -t /home/aatmaj/CENT/experiments/dda_full_sweep/traces/32_channels_per_device/10_devices/pipeline_parallel/Llama2-13B/trace_8_channels_per_block_seqlen_2816.txt
/home/aatmaj/CENT/aim_simulator/build/ramulator2 -f /home/aatmaj/CENT/aim_simulator/test/example.yaml -t /home/aatmaj/CENT/experiments/dda_full_sweep/traces/32_channels_per_device/10_devices/pipeline_parallel/Llama2-13B/trace_8_channels_per_block_seqlen_2944.txt
/home/aatmaj/CENT/aim_simulator/build/ramulator2 -f /home/aatmaj/CENT/aim_simulator/test/example.yaml -t /home/aatmaj/CENT/experiments/dda_full_sweep/traces/32_channels_per_device/10_devices/pipeline_parallel/Llama2-13B/trace_8_channels_per_block_seqlen_3072.txt
/home/aatmaj/CENT/aim_simulator/build/ramulator2 -f /home/aatmaj/CENT/aim_simulator/test/example.yaml -t /home/aatmaj/CENT/experiments/dda_full_sweep/traces/32_channels_per_device/10_devices/pipeline_parallel/Llama2-13B/trace_8_channels_per_block_seqlen_3200.txt
/home/aatmaj/CENT/aim_simulator/build/ramulator2 -f /home/aatmaj/CENT/aim_simulator/test/example.yaml -t /home/aatmaj/CENT/experiments/dda_full_sweep/traces/32_channels_per_device/10_devices/pipeline_parallel/Llama2-13B/trace_8_channels_per_block_seqlen_3328.txt
/home/aatmaj/CENT/aim_simulator/build/ramulator2 -f /home/aatmaj/CENT/aim_simulator/test/example.yaml -t /home/aatmaj/CENT/experiments/dda_full_sweep/traces/32_channels_per_device/10_devices/pipeline_parallel/Llama2-13B/trace_8_channels_per_block_seqlen_3456.txt
/home/aatmaj/CENT/aim_simulator/build/ramulator2 -f /home/aatmaj/CENT/aim_simulator/test/example.yaml -t /home/aatmaj/CENT/experiments/dda_full_sweep/traces/32_channels_per_device/10_devices/pipeline_parallel/Llama2-13B/trace_8_channels_per_block_seqlen_3584.txt
/home/aatmaj/CENT/aim_simulator/build/ramulator2 -f /home/aatmaj/CENT/aim_simulator/test/example.yaml -t /home/aatmaj/CENT/experiments/dda_full_sweep/traces/32_channels_per_device/10_devices/pipeline_parallel/Llama2-13B/trace_8_channels_per_block_seqlen_3712.txt
/home/aatmaj/CENT/experiments/dda_full_sweep/simulation/run_sim_full32.py:460: FutureWarning: The behavior of DataFrame concatenation with empty or all-NA entries is deprecated. In a future version, this will no longer exclude empty or all-NA columns when determining the result dtypes. To retain the old behavior, exclude the relevant entries before the concat operation.
  results_df = pd.concat([results_df, new_df], ignore_index=True)
/home/aatmaj/CENT/aim_simulator/build/ramulator2 -f /home/aatmaj/CENT/aim_simulator/test/example.yaml -t /home/aatmaj/CENT/experiments/dda_full_sweep/traces/32_channels_per_device/10_devices/pipeline_parallel/Llama2-13B/trace_8_channels_per_block_seqlen_3840.txt
/home/aatmaj/CENT/aim_simulator/build/ramulator2 -f /home/aatmaj/CENT/aim_simulator/test/example.yaml -t /home/aatmaj/CENT/experiments/dda_full_sweep/traces/32_channels_per_device/10_devices/pipeline_parallel/Llama2-13B/trace_8_channels_per_block_seqlen_3968.txt
/home/aatmaj/CENT/aim_simulator/build/ramulator2 -f /home/aatmaj/CENT/aim_simulator/test/example.yaml -t /home/aatmaj/CENT/experiments/dda_full_sweep/traces/32_channels_per_device/10_devices/pipeline_parallel/Llama2-13B/trace_8_channels_per_block_seqlen_4096.txt
Processing results...
Updating simulation results to CSV...

=== Pool L | Llama2-70B | N_L=2 / 32 | TP=2, PP=1 ===
Generating traces for Llama2-70B (2 devices) ...
/home/aatmaj/CENT/aim_simulator/build/ramulator2 -f /home/aatmaj/CENT/aim_simulator/test/example.yaml -t /home/aatmaj/CENT/experiments/dda_full_sweep/traces/32_channels_per_device/2_devices/model_parallel_embedding/Llama2-70B/trace_2_FC_devices_seqlen_4096.txt
/home/aatmaj/CENT/aim_simulator/build/ramulator2 -f /home/aatmaj/CENT/aim_simulator/test/example.yaml -t /home/aatmaj/CENT/experiments/dda_full_sweep/traces/32_channels_per_device/2_devices/model_parallel/Llama2-70B/trace_2_FC_devices_seqlen_128.txt
/home/aatmaj/CENT/aim_simulator/build/ramulator2 -f /home/aatmaj/CENT/aim_simulator/test/example.yaml -t /home/aatmaj/CENT/experiments/dda_full_sweep/traces/32_channels_per_device/2_devices/model_parallel_FC/Llama2-70B/trace_2_FC_devices_seqlen_128.txt
/home/aatmaj/CENT/aim_simulator/build/ramulator2 -f /home/aatmaj/CENT/aim_simulator/test/example.yaml -t /home/aatmaj/CENT/experiments/dda_full_sweep/traces/32_channels_per_device/2_devices/model_parallel/Llama2-70B/trace_2_FC_devices_seqlen_256.txt
/home/aatmaj/CENT/aim_simulator/build/ramulator2 -f /home/aatmaj/CENT/aim_simulator/test/example.yaml -t /home/aatmaj/CENT/experiments/dda_full_sweep/traces/32_channels_per_device/2_devices/model_parallel_FC/Llama2-70B/trace_2_FC_devices_seqlen_256.txt
/home/aatmaj/CENT/aim_simulator/build/ramulator2 -f /home/aatmaj/CENT/aim_simulator/test/example.yaml -t /home/aatmaj/CENT/experiments/dda_full_sweep/traces/32_channels_per_device/2_devices/model_parallel/Llama2-70B/trace_2_FC_devices_seqlen_384.txt
/home/aatmaj/CENT/aim_simulator/build/ramulator2 -f /home/aatmaj/CENT/aim_simulator/test/example.yaml -t /home/aatmaj/CENT/experiments/dda_full_sweep/traces/32_channels_per_device/2_devices/model_parallel_FC/Llama2-70B/trace_2_FC_devices_seqlen_384.txt
/home/aatmaj/CENT/aim_simulator/build/ramulator2 -f /home/aatmaj/CENT/aim_simulator/test/example.yaml -t /home/aatmaj/CENT/experiments/dda_full_sweep/traces/32_channels_per_device/2_devices/model_parallel/Llama2-70B/trace_2_FC_devices_seqlen_512.txt
/home/aatmaj/CENT/aim_simulator/build/ramulator2 -f /home/aatmaj/CENT/aim_simulator/test/example.yaml -t /home/aatmaj/CENT/experiments/dda_full_sweep/traces/32_channels_per_device/2_devices/model_parallel_FC/Llama2-70B/trace_2_FC_devices_seqlen_512.txt
/home/aatmaj/CENT/aim_simulator/build/ramulator2 -f /home/aatmaj/CENT/aim_simulator/test/example.yaml -t /home/aatmaj/CENT/experiments/dda_full_sweep/traces/32_channels_per_device/2_devices/model_parallel/Llama2-70B/trace_2_FC_devices_seqlen_640.txt
/home/aatmaj/CENT/aim_simulator/build/ramulator2 -f /home/aatmaj/CENT/aim_simulator/test/example.yaml -t /home/aatmaj/CENT/experiments/dda_full_sweep/traces/32_channels_per_device/2_devices/model_parallel_FC/Llama2-70B/trace_2_FC_devices_seqlen_640.txt
/home/aatmaj/CENT/aim_simulator/build/ramulator2 -f /home/aatmaj/CENT/aim_simulator/test/example.yaml -t /home/aatmaj/CENT/experiments/dda_full_sweep/traces/32_channels_per_device/2_devices/model_parallel/Llama2-70B/trace_2_FC_devices_seqlen_768.txt
/home/aatmaj/CENT/aim_simulator/build/ramulator2 -f /home/aatmaj/CENT/aim_simulator/test/example.yaml -t /home/aatmaj/CENT/experiments/dda_full_sweep/traces/32_channels_per_device/2_devices/model_parallel_FC/Llama2-70B/trace_2_FC_devices_seqlen_768.txt
/home/aatmaj/CENT/aim_simulator/build/ramulator2 -f /home/aatmaj/CENT/aim_simulator/test/example.yaml -t /home/aatmaj/CENT/experiments/dda_full_sweep/traces/32_channels_per_device/2_devices/model_parallel/Llama2-70B/trace_2_FC_devices_seqlen_896.txt
/home/aatmaj/CENT/aim_simulator/build/ramulator2 -f /home/aatmaj/CENT/aim_simulator/test/example.yaml -t /home/aatmaj/CENT/experiments/dda_full_sweep/traces/32_channels_per_device/2_devices/model_parallel_FC/Llama2-70B/trace_2_FC_devices_seqlen_896.txt
/home/aatmaj/CENT/aim_simulator/build/ramulator2 -f /home/aatmaj/CENT/aim_simulator/test/example.yaml -t /home/aatmaj/CENT/experiments/dda_full_sweep/traces/32_channels_per_device/2_devices/model_parallel/Llama2-70B/trace_2_FC_devices_seqlen_1024.txt
/home/aatmaj/CENT/aim_simulator/build/ramulator2 -f /home/aatmaj/CENT/aim_simulator/test/example.yaml -t /home/aatmaj/CENT/experiments/dda_full_sweep/traces/32_channels_per_device/2_devices/model_parallel_FC/Llama2-70B/trace_2_FC_devices_seqlen_1024.txt
/home/aatmaj/CENT/aim_simulator/build/ramulator2 -f /home/aatmaj/CENT/aim_simulator/test/example.yaml -t /home/aatmaj/CENT/experiments/dda_full_sweep/traces/32_channels_per_device/2_devices/model_parallel/Llama2-70B/trace_2_FC_devices_seqlen_1152.txt
/home/aatmaj/CENT/aim_simulator/build/ramulator2 -f /home/aatmaj/CENT/aim_simulator/test/example.yaml -t /home/aatmaj/CENT/experiments/dda_full_sweep/traces/32_channels_per_device/2_devices/model_parallel_FC/Llama2-70B/trace_2_FC_devices_seqlen_1152.txt
/home/aatmaj/CENT/aim_simulator/build/ramulator2 -f /home/aatmaj/CENT/aim_simulator/test/example.yaml -t /home/aatmaj/CENT/experiments/dda_full_sweep/traces/32_channels_per_device/2_devices/model_parallel/Llama2-70B/trace_2_FC_devices_seqlen_1280.txt
/home/aatmaj/CENT/aim_simulator/build/ramulator2 -f /home/aatmaj/CENT/aim_simulator/test/example.yaml -t /home/aatmaj/CENT/experiments/dda_full_sweep/traces/32_channels_per_device/2_devices/model_parallel_FC/Llama2-70B/trace_2_FC_devices_seqlen_1280.txt
/home/aatmaj/CENT/aim_simulator/build/ramulator2 -f /home/aatmaj/CENT/aim_simulator/test/example.yaml -t /home/aatmaj/CENT/experiments/dda_full_sweep/traces/32_channels_per_device/2_devices/model_parallel/Llama2-70B/trace_2_FC_devices_seqlen_1408.txt
/home/aatmaj/CENT/aim_simulator/build/ramulator2 -f /home/aatmaj/CENT/aim_simulator/test/example.yaml -t /home/aatmaj/CENT/experiments/dda_full_sweep/traces/32_channels_per_device/2_devices/model_parallel_FC/Llama2-70B/trace_2_FC_devices_seqlen_1408.txt
/home/aatmaj/CENT/aim_simulator/build/ramulator2 -f /home/aatmaj/CENT/aim_simulator/test/example.yaml -t /home/aatmaj/CENT/experiments/dda_full_sweep/traces/32_channels_per_device/2_devices/model_parallel/Llama2-70B/trace_2_FC_devices_seqlen_1536.txt
/home/aatmaj/CENT/aim_simulator/build/ramulator2 -f /home/aatmaj/CENT/aim_simulator/test/example.yaml -t /home/aatmaj/CENT/experiments/dda_full_sweep/traces/32_channels_per_device/2_devices/model_parallel_FC/Llama2-70B/trace_2_FC_devices_seqlen_1536.txt
/home/aatmaj/CENT/aim_simulator/build/ramulator2 -f /home/aatmaj/CENT/aim_simulator/test/example.yaml -t /home/aatmaj/CENT/experiments/dda_full_sweep/traces/32_channels_per_device/2_devices/model_parallel/Llama2-70B/trace_2_FC_devices_seqlen_1664.txt
/home/aatmaj/CENT/aim_simulator/build/ramulator2 -f /home/aatmaj/CENT/aim_simulator/test/example.yaml -t /home/aatmaj/CENT/experiments/dda_full_sweep/traces/32_channels_per_device/2_devices/model_parallel_FC/Llama2-70B/trace_2_FC_devices_seqlen_1664.txt
/home/aatmaj/CENT/aim_simulator/build/ramulator2 -f /home/aatmaj/CENT/aim_simulator/test/example.yaml -t /home/aatmaj/CENT/experiments/dda_full_sweep/traces/32_channels_per_device/2_devices/model_parallel/Llama2-70B/trace_2_FC_devices_seqlen_1792.txt
/home/aatmaj/CENT/aim_simulator/build/ramulator2 -f /home/aatmaj/CENT/aim_simulator/test/example.yaml -t /home/aatmaj/CENT/experiments/dda_full_sweep/traces/32_channels_per_device/2_devices/model_parallel_FC/Llama2-70B/trace_2_FC_devices_seqlen_1792.txt
/home/aatmaj/CENT/aim_simulator/build/ramulator2 -f /home/aatmaj/CENT/aim_simulator/test/example.yaml -t /home/aatmaj/CENT/experiments/dda_full_sweep/traces/32_channels_per_device/2_devices/model_parallel/Llama2-70B/trace_2_FC_devices_seqlen_1920.txt
/home/aatmaj/CENT/aim_simulator/build/ramulator2 -f /home/aatmaj/CENT/aim_simulator/test/example.yaml -t /home/aatmaj/CENT/experiments/dda_full_sweep/traces/32_channels_per_device/2_devices/model_parallel_FC/Llama2-70B/trace_2_FC_devices_seqlen_1920.txt
/home/aatmaj/CENT/aim_simulator/build/ramulator2 -f /home/aatmaj/CENT/aim_simulator/test/example.yaml -t /home/aatmaj/CENT/experiments/dda_full_sweep/traces/32_channels_per_device/2_devices/model_parallel/Llama2-70B/trace_2_FC_devices_seqlen_2048.txt
/home/aatmaj/CENT/aim_simulator/build/ramulator2 -f /home/aatmaj/CENT/aim_simulator/test/example.yaml -t /home/aatmaj/CENT/experiments/dda_full_sweep/traces/32_channels_per_device/2_devices/model_parallel_FC/Llama2-70B/trace_2_FC_devices_seqlen_2048.txt
/home/aatmaj/CENT/aim_simulator/build/ramulator2 -f /home/aatmaj/CENT/aim_simulator/test/example.yaml -t /home/aatmaj/CENT/experiments/dda_full_sweep/traces/32_channels_per_device/2_devices/model_parallel/Llama2-70B/trace_2_FC_devices_seqlen_2176.txt
/home/aatmaj/CENT/aim_simulator/build/ramulator2 -f /home/aatmaj/CENT/aim_simulator/test/example.yaml -t /home/aatmaj/CENT/experiments/dda_full_sweep/traces/32_channels_per_device/2_devices/model_parallel_FC/Llama2-70B/trace_2_FC_devices_seqlen_2176.txt
/home/aatmaj/CENT/aim_simulator/build/ramulator2 -f /home/aatmaj/CENT/aim_simulator/test/example.yaml -t /home/aatmaj/CENT/experiments/dda_full_sweep/traces/32_channels_per_device/2_devices/model_parallel/Llama2-70B/trace_2_FC_devices_seqlen_2304.txt
/home/aatmaj/CENT/aim_simulator/build/ramulator2 -f /home/aatmaj/CENT/aim_simulator/test/example.yaml -t /home/aatmaj/CENT/experiments/dda_full_sweep/traces/32_channels_per_device/2_devices/model_parallel_FC/Llama2-70B/trace_2_FC_devices_seqlen_2304.txt
/home/aatmaj/CENT/aim_simulator/build/ramulator2 -f /home/aatmaj/CENT/aim_simulator/test/example.yaml -t /home/aatmaj/CENT/experiments/dda_full_sweep/traces/32_channels_per_device/2_devices/model_parallel/Llama2-70B/trace_2_FC_devices_seqlen_2432.txt
/home/aatmaj/CENT/aim_simulator/build/ramulator2 -f /home/aatmaj/CENT/aim_simulator/test/example.yaml -t /home/aatmaj/CENT/experiments/dda_full_sweep/traces/32_channels_per_device/2_devices/model_parallel_FC/Llama2-70B/trace_2_FC_devices_seqlen_2432.txt
/home/aatmaj/CENT/aim_simulator/build/ramulator2 -f /home/aatmaj/CENT/aim_simulator/test/example.yaml -t /home/aatmaj/CENT/experiments/dda_full_sweep/traces/32_channels_per_device/2_devices/model_parallel/Llama2-70B/trace_2_FC_devices_seqlen_2560.txt
/home/aatmaj/CENT/aim_simulator/build/ramulator2 -f /home/aatmaj/CENT/aim_simulator/test/example.yaml -t /home/aatmaj/CENT/experiments/dda_full_sweep/traces/32_channels_per_device/2_devices/model_parallel_FC/Llama2-70B/trace_2_FC_devices_seqlen_2560.txt
/home/aatmaj/CENT/aim_simulator/build/ramulator2 -f /home/aatmaj/CENT/aim_simulator/test/example.yaml -t /home/aatmaj/CENT/experiments/dda_full_sweep/traces/32_channels_per_device/2_devices/model_parallel/Llama2-70B/trace_2_FC_devices_seqlen_2688.txt
/home/aatmaj/CENT/aim_simulator/build/ramulator2 -f /home/aatmaj/CENT/aim_simulator/test/example.yaml -t /home/aatmaj/CENT/experiments/dda_full_sweep/traces/32_channels_per_device/2_devices/model_parallel_FC/Llama2-70B/trace_2_FC_devices_seqlen_2688.txt
/home/aatmaj/CENT/aim_simulator/build/ramulator2 -f /home/aatmaj/CENT/aim_simulator/test/example.yaml -t /home/aatmaj/CENT/experiments/dda_full_sweep/traces/32_channels_per_device/2_devices/model_parallel/Llama2-70B/trace_2_FC_devices_seqlen_2816.txt
/home/aatmaj/CENT/aim_simulator/build/ramulator2 -f /home/aatmaj/CENT/aim_simulator/test/example.yaml -t /home/aatmaj/CENT/experiments/dda_full_sweep/traces/32_channels_per_device/2_devices/model_parallel_FC/Llama2-70B/trace_2_FC_devices_seqlen_2816.txt
/home/aatmaj/CENT/aim_simulator/build/ramulator2 -f /home/aatmaj/CENT/aim_simulator/test/example.yaml -t /home/aatmaj/CENT/experiments/dda_full_sweep/traces/32_channels_per_device/2_devices/model_parallel/Llama2-70B/trace_2_FC_devices_seqlen_2944.txt
/home/aatmaj/CENT/aim_simulator/build/ramulator2 -f /home/aatmaj/CENT/aim_simulator/test/example.yaml -t /home/aatmaj/CENT/experiments/dda_full_sweep/traces/32_channels_per_device/2_devices/model_parallel_FC/Llama2-70B/trace_2_FC_devices_seqlen_2944.txt
/home/aatmaj/CENT/aim_simulator/build/ramulator2 -f /home/aatmaj/CENT/aim_simulator/test/example.yaml -t /home/aatmaj/CENT/experiments/dda_full_sweep/traces/32_channels_per_device/2_devices/model_parallel/Llama2-70B/trace_2_FC_devices_seqlen_3072.txt
/home/aatmaj/CENT/aim_simulator/build/ramulator2 -f /home/aatmaj/CENT/aim_simulator/test/example.yaml -t /home/aatmaj/CENT/experiments/dda_full_sweep/traces/32_channels_per_device/2_devices/model_parallel_FC/Llama2-70B/trace_2_FC_devices_seqlen_3072.txt
/home/aatmaj/CENT/aim_simulator/build/ramulator2 -f /home/aatmaj/CENT/aim_simulator/test/example.yaml -t /home/aatmaj/CENT/experiments/dda_full_sweep/traces/32_channels_per_device/2_devices/model_parallel/Llama2-70B/trace_2_FC_devices_seqlen_3200.txt
/home/aatmaj/CENT/aim_simulator/build/ramulator2 -f /home/aatmaj/CENT/aim_simulator/test/example.yaml -t /home/aatmaj/CENT/experiments/dda_full_sweep/traces/32_channels_per_device/2_devices/model_parallel_FC/Llama2-70B/trace_2_FC_devices_seqlen_3200.txt
/home/aatmaj/CENT/aim_simulator/build/ramulator2 -f /home/aatmaj/CENT/aim_simulator/test/example.yaml -t /home/aatmaj/CENT/experiments/dda_full_sweep/traces/32_channels_per_device/2_devices/model_parallel/Llama2-70B/trace_2_FC_devices_seqlen_3328.txt
/home/aatmaj/CENT/aim_simulator/build/ramulator2 -f /home/aatmaj/CENT/aim_simulator/test/example.yaml -t /home/aatmaj/CENT/experiments/dda_full_sweep/traces/32_channels_per_device/2_devices/model_parallel_FC/Llama2-70B/trace_2_FC_devices_seqlen_3328.txt
/home/aatmaj/CENT/aim_simulator/build/ramulator2 -f /home/aatmaj/CENT/aim_simulator/test/example.yaml -t /home/aatmaj/CENT/experiments/dda_full_sweep/traces/32_channels_per_device/2_devices/model_parallel/Llama2-70B/trace_2_FC_devices_seqlen_3456.txt
/home/aatmaj/CENT/aim_simulator/build/ramulator2 -f /home/aatmaj/CENT/aim_simulator/test/example.yaml -t /home/aatmaj/CENT/experiments/dda_full_sweep/traces/32_channels_per_device/2_devices/model_parallel_FC/Llama2-70B/trace_2_FC_devices_seqlen_3456.txt
/home/aatmaj/CENT/aim_simulator/build/ramulator2 -f /home/aatmaj/CENT/aim_simulator/test/example.yaml -t /home/aatmaj/CENT/experiments/dda_full_sweep/traces/32_channels_per_device/2_devices/model_parallel/Llama2-70B/trace_2_FC_devices_seqlen_3584.txt
/home/aatmaj/CENT/aim_simulator/build/ramulator2 -f /home/aatmaj/CENT/aim_simulator/test/example.yaml -t /home/aatmaj/CENT/experiments/dda_full_sweep/traces/32_channels_per_device/2_devices/model_parallel_FC/Llama2-70B/trace_2_FC_devices_seqlen_3584.txt
/home/aatmaj/CENT/aim_simulator/build/ramulator2 -f /home/aatmaj/CENT/aim_simulator/test/example.yaml -t /home/aatmaj/CENT/experiments/dda_full_sweep/traces/32_channels_per_device/2_devices/model_parallel/Llama2-70B/trace_2_FC_devices_seqlen_3712.txt
/home/aatmaj/CENT/aim_simulator/build/ramulator2 -f /home/aatmaj/CENT/aim_simulator/test/example.yaml -t /home/aatmaj/CENT/experiments/dda_full_sweep/traces/32_channels_per_device/2_devices/model_parallel_FC/Llama2-70B/trace_2_FC_devices_seqlen_3712.txt
/home/aatmaj/CENT/aim_simulator/build/ramulator2 -f /home/aatmaj/CENT/aim_simulator/test/example.yaml -t /home/aatmaj/CENT/experiments/dda_full_sweep/traces/32_channels_per_device/2_devices/model_parallel/Llama2-70B/trace_2_FC_devices_seqlen_3840.txt
/home/aatmaj/CENT/aim_simulator/build/ramulator2 -f /home/aatmaj/CENT/aim_simulator/test/example.yaml -t /home/aatmaj/CENT/experiments/dda_full_sweep/traces/32_channels_per_device/2_devices/model_parallel_FC/Llama2-70B/trace_2_FC_devices_seqlen_3840.txt
/home/aatmaj/CENT/aim_simulator/build/ramulator2 -f /home/aatmaj/CENT/aim_simulator/test/example.yaml -t /home/aatmaj/CENT/experiments/dda_full_sweep/traces/32_channels_per_device/2_devices/model_parallel/Llama2-70B/trace_2_FC_devices_seqlen_3968.txt
/home/aatmaj/CENT/aim_simulator/build/ramulator2 -f /home/aatmaj/CENT/aim_simulator/test/example.yaml -t /home/aatmaj/CENT/experiments/dda_full_sweep/traces/32_channels_per_device/2_devices/model_parallel_FC/Llama2-70B/trace_2_FC_devices_seqlen_3968.txt
/home/aatmaj/CENT/aim_simulator/build/ramulator2 -f /home/aatmaj/CENT/aim_simulator/test/example.yaml -t /home/aatmaj/CENT/experiments/dda_full_sweep/traces/32_channels_per_device/2_devices/model_parallel/Llama2-70B/trace_2_FC_devices_seqlen_4096.txt
/home/aatmaj/CENT/experiments/dda_full_sweep/simulation/run_sim_full32.py:447: FutureWarning: The behavior of DataFrame concatenation with empty or all-NA entries is deprecated. In a future version, this will no longer exclude empty or all-NA columns when determining the result dtypes. To retain the old behavior, exclude the relevant entries before the concat operation.
  results_df = pd.concat([results_df, new_df], ignore_index=True)
/home/aatmaj/CENT/aim_simulator/build/ramulator2 -f /home/aatmaj/CENT/aim_simulator/test/example.yaml -t /home/aatmaj/CENT/experiments/dda_full_sweep/traces/32_channels_per_device/2_devices/model_parallel_FC/Llama2-70B/trace_2_FC_devices_seqlen_4096.txt
Processing results...
Updating simulation results to CSV...

=== Pool T | Llama2-70B | N_T=30 / 32 | TP=1, PP=layers ===
Generating traces for Llama2-70B (30 devices) ...
/home/aatmaj/CENT/aim_simulator/build/ramulator2 -f /home/aatmaj/CENT/aim_simulator/test/example.yaml -t /home/aatmaj/CENT/experiments/dda_full_sweep/traces/32_channels_per_device/30_devices/pipeline_parallel_embedding/Llama2-70B/trace_10_channels_per_block_seqlen_4096.txt
/home/aatmaj/CENT/aim_simulator/build/ramulator2 -f /home/aatmaj/CENT/aim_simulator/test/example.yaml -t /home/aatmaj/CENT/experiments/dda_full_sweep/traces/32_channels_per_device/30_devices/pipeline_parallel/Llama2-70B/trace_10_channels_per_block_seqlen_128.txt
/home/aatmaj/CENT/aim_simulator/build/ramulator2 -f /home/aatmaj/CENT/aim_simulator/test/example.yaml -t /home/aatmaj/CENT/experiments/dda_full_sweep/traces/32_channels_per_device/30_devices/pipeline_parallel/Llama2-70B/trace_10_channels_per_block_seqlen_256.txt
/home/aatmaj/CENT/aim_simulator/build/ramulator2 -f /home/aatmaj/CENT/aim_simulator/test/example.yaml -t /home/aatmaj/CENT/experiments/dda_full_sweep/traces/32_channels_per_device/30_devices/pipeline_parallel/Llama2-70B/trace_10_channels_per_block_seqlen_384.txt
/home/aatmaj/CENT/aim_simulator/build/ramulator2 -f /home/aatmaj/CENT/aim_simulator/test/example.yaml -t /home/aatmaj/CENT/experiments/dda_full_sweep/traces/32_channels_per_device/30_devices/pipeline_parallel/Llama2-70B/trace_10_channels_per_block_seqlen_512.txt
/home/aatmaj/CENT/aim_simulator/build/ramulator2 -f /home/aatmaj/CENT/aim_simulator/test/example.yaml -t /home/aatmaj/CENT/experiments/dda_full_sweep/traces/32_channels_per_device/30_devices/pipeline_parallel/Llama2-70B/trace_10_channels_per_block_seqlen_640.txt
/home/aatmaj/CENT/aim_simulator/build/ramulator2 -f /home/aatmaj/CENT/aim_simulator/test/example.yaml -t /home/aatmaj/CENT/experiments/dda_full_sweep/traces/32_channels_per_device/30_devices/pipeline_parallel/Llama2-70B/trace_10_channels_per_block_seqlen_768.txt
/home/aatmaj/CENT/aim_simulator/build/ramulator2 -f /home/aatmaj/CENT/aim_simulator/test/example.yaml -t /home/aatmaj/CENT/experiments/dda_full_sweep/traces/32_channels_per_device/30_devices/pipeline_parallel/Llama2-70B/trace_10_channels_per_block_seqlen_896.txt
/home/aatmaj/CENT/aim_simulator/build/ramulator2 -f /home/aatmaj/CENT/aim_simulator/test/example.yaml -t /home/aatmaj/CENT/experiments/dda_full_sweep/traces/32_channels_per_device/30_devices/pipeline_parallel/Llama2-70B/trace_10_channels_per_block_seqlen_1024.txt
/home/aatmaj/CENT/aim_simulator/build/ramulator2 -f /home/aatmaj/CENT/aim_simulator/test/example.yaml -t /home/aatmaj/CENT/experiments/dda_full_sweep/traces/32_channels_per_device/30_devices/pipeline_parallel/Llama2-70B/trace_10_channels_per_block_seqlen_1152.txt
/home/aatmaj/CENT/aim_simulator/build/ramulator2 -f /home/aatmaj/CENT/aim_simulator/test/example.yaml -t /home/aatmaj/CENT/experiments/dda_full_sweep/traces/32_channels_per_device/30_devices/pipeline_parallel/Llama2-70B/trace_10_channels_per_block_seqlen_1280.txt
/home/aatmaj/CENT/aim_simulator/build/ramulator2 -f /home/aatmaj/CENT/aim_simulator/test/example.yaml -t /home/aatmaj/CENT/experiments/dda_full_sweep/traces/32_channels_per_device/30_devices/pipeline_parallel/Llama2-70B/trace_10_channels_per_block_seqlen_1408.txt
/home/aatmaj/CENT/aim_simulator/build/ramulator2 -f /home/aatmaj/CENT/aim_simulator/test/example.yaml -t /home/aatmaj/CENT/experiments/dda_full_sweep/traces/32_channels_per_device/30_devices/pipeline_parallel/Llama2-70B/trace_10_channels_per_block_seqlen_1536.txt
/home/aatmaj/CENT/aim_simulator/build/ramulator2 -f /home/aatmaj/CENT/aim_simulator/test/example.yaml -t /home/aatmaj/CENT/experiments/dda_full_sweep/traces/32_channels_per_device/30_devices/pipeline_parallel/Llama2-70B/trace_10_channels_per_block_seqlen_1664.txt
/home/aatmaj/CENT/aim_simulator/build/ramulator2 -f /home/aatmaj/CENT/aim_simulator/test/example.yaml -t /home/aatmaj/CENT/experiments/dda_full_sweep/traces/32_channels_per_device/30_devices/pipeline_parallel/Llama2-70B/trace_10_channels_per_block_seqlen_1792.txt
/home/aatmaj/CENT/aim_simulator/build/ramulator2 -f /home/aatmaj/CENT/aim_simulator/test/example.yaml -t /home/aatmaj/CENT/experiments/dda_full_sweep/traces/32_channels_per_device/30_devices/pipeline_parallel/Llama2-70B/trace_10_channels_per_block_seqlen_1920.txt
/home/aatmaj/CENT/aim_simulator/build/ramulator2 -f /home/aatmaj/CENT/aim_simulator/test/example.yaml -t /home/aatmaj/CENT/experiments/dda_full_sweep/traces/32_channels_per_device/30_devices/pipeline_parallel/Llama2-70B/trace_10_channels_per_block_seqlen_2048.txt
/home/aatmaj/CENT/aim_simulator/build/ramulator2 -f /home/aatmaj/CENT/aim_simulator/test/example.yaml -t /home/aatmaj/CENT/experiments/dda_full_sweep/traces/32_channels_per_device/30_devices/pipeline_parallel/Llama2-70B/trace_10_channels_per_block_seqlen_2176.txt
/home/aatmaj/CENT/aim_simulator/build/ramulator2 -f /home/aatmaj/CENT/aim_simulator/test/example.yaml -t /home/aatmaj/CENT/experiments/dda_full_sweep/traces/32_channels_per_device/30_devices/pipeline_parallel/Llama2-70B/trace_10_channels_per_block_seqlen_2304.txt
/home/aatmaj/CENT/aim_simulator/build/ramulator2 -f /home/aatmaj/CENT/aim_simulator/test/example.yaml -t /home/aatmaj/CENT/experiments/dda_full_sweep/traces/32_channels_per_device/30_devices/pipeline_parallel/Llama2-70B/trace_10_channels_per_block_seqlen_2432.txt
/home/aatmaj/CENT/aim_simulator/build/ramulator2 -f /home/aatmaj/CENT/aim_simulator/test/example.yaml -t /home/aatmaj/CENT/experiments/dda_full_sweep/traces/32_channels_per_device/30_devices/pipeline_parallel/Llama2-70B/trace_10_channels_per_block_seqlen_2560.txt
/home/aatmaj/CENT/aim_simulator/build/ramulator2 -f /home/aatmaj/CENT/aim_simulator/test/example.yaml -t /home/aatmaj/CENT/experiments/dda_full_sweep/traces/32_channels_per_device/30_devices/pipeline_parallel/Llama2-70B/trace_10_channels_per_block_seqlen_2688.txt
/home/aatmaj/CENT/aim_simulator/build/ramulator2 -f /home/aatmaj/CENT/aim_simulator/test/example.yaml -t /home/aatmaj/CENT/experiments/dda_full_sweep/traces/32_channels_per_device/30_devices/pipeline_parallel/Llama2-70B/trace_10_channels_per_block_seqlen_2816.txt
/home/aatmaj/CENT/aim_simulator/build/ramulator2 -f /home/aatmaj/CENT/aim_simulator/test/example.yaml -t /home/aatmaj/CENT/experiments/dda_full_sweep/traces/32_channels_per_device/30_devices/pipeline_parallel/Llama2-70B/trace_10_channels_per_block_seqlen_2944.txt
/home/aatmaj/CENT/aim_simulator/build/ramulator2 -f /home/aatmaj/CENT/aim_simulator/test/example.yaml -t /home/aatmaj/CENT/experiments/dda_full_sweep/traces/32_channels_per_device/30_devices/pipeline_parallel/Llama2-70B/trace_10_channels_per_block_seqlen_3072.txt
/home/aatmaj/CENT/aim_simulator/build/ramulator2 -f /home/aatmaj/CENT/aim_simulator/test/example.yaml -t /home/aatmaj/CENT/experiments/dda_full_sweep/traces/32_channels_per_device/30_devices/pipeline_parallel/Llama2-70B/trace_10_channels_per_block_seqlen_3200.txt
/home/aatmaj/CENT/aim_simulator/build/ramulator2 -f /home/aatmaj/CENT/aim_simulator/test/example.yaml -t /home/aatmaj/CENT/experiments/dda_full_sweep/traces/32_channels_per_device/30_devices/pipeline_parallel/Llama2-70B/trace_10_channels_per_block_seqlen_3328.txt
/home/aatmaj/CENT/aim_simulator/build/ramulator2 -f /home/aatmaj/CENT/aim_simulator/test/example.yaml -t /home/aatmaj/CENT/experiments/dda_full_sweep/traces/32_channels_per_device/30_devices/pipeline_parallel/Llama2-70B/trace_10_channels_per_block_seqlen_3456.txt
/home/aatmaj/CENT/aim_simulator/build/ramulator2 -f /home/aatmaj/CENT/aim_simulator/test/example.yaml -t /home/aatmaj/CENT/experiments/dda_full_sweep/traces/32_channels_per_device/30_devices/pipeline_parallel/Llama2-70B/trace_10_channels_per_block_seqlen_3584.txt
/home/aatmaj/CENT/aim_simulator/build/ramulator2 -f /home/aatmaj/CENT/aim_simulator/test/example.yaml -t /home/aatmaj/CENT/experiments/dda_full_sweep/traces/32_channels_per_device/30_devices/pipeline_parallel/Llama2-70B/trace_10_channels_per_block_seqlen_3712.txt
/home/aatmaj/CENT/experiments/dda_full_sweep/simulation/run_sim_full32.py:460: FutureWarning: The behavior of DataFrame concatenation with empty or all-NA entries is deprecated. In a future version, this will no longer exclude empty or all-NA columns when determining the result dtypes. To retain the old behavior, exclude the relevant entries before the concat operation.
  results_df = pd.concat([results_df, new_df], ignore_index=True)
/home/aatmaj/CENT/aim_simulator/build/ramulator2 -f /home/aatmaj/CENT/aim_simulator/test/example.yaml -t /home/aatmaj/CENT/experiments/dda_full_sweep/traces/32_channels_per_device/30_devices/pipeline_parallel/Llama2-70B/trace_10_channels_per_block_seqlen_3840.txt
/home/aatmaj/CENT/aim_simulator/build/ramulator2 -f /home/aatmaj/CENT/aim_simulator/test/example.yaml -t /home/aatmaj/CENT/experiments/dda_full_sweep/traces/32_channels_per_device/30_devices/pipeline_parallel/Llama2-70B/trace_10_channels_per_block_seqlen_3968.txt
/home/aatmaj/CENT/aim_simulator/build/ramulator2 -f /home/aatmaj/CENT/aim_simulator/test/example.yaml -t /home/aatmaj/CENT/experiments/dda_full_sweep/traces/32_channels_per_device/30_devices/pipeline_parallel/Llama2-70B/trace_10_channels_per_block_seqlen_4096.txt
Processing results...
Updating simulation results to CSV...

=== Pool L | Llama2-70B | N_L=4 / 32 | TP=4, PP=1 ===
Generating traces for Llama2-70B (4 devices) ...
/home/aatmaj/CENT/aim_simulator/build/ramulator2 -f /home/aatmaj/CENT/aim_simulator/test/example.yaml -t /home/aatmaj/CENT/experiments/dda_full_sweep/traces/32_channels_per_device/4_devices/model_parallel_embedding/Llama2-70B/trace_4_FC_devices_seqlen_4096.txt
/home/aatmaj/CENT/aim_simulator/build/ramulator2 -f /home/aatmaj/CENT/aim_simulator/test/example.yaml -t /home/aatmaj/CENT/experiments/dda_full_sweep/traces/32_channels_per_device/4_devices/model_parallel/Llama2-70B/trace_4_FC_devices_seqlen_128.txt
/home/aatmaj/CENT/aim_simulator/build/ramulator2 -f /home/aatmaj/CENT/aim_simulator/test/example.yaml -t /home/aatmaj/CENT/experiments/dda_full_sweep/traces/32_channels_per_device/4_devices/model_parallel_FC/Llama2-70B/trace_4_FC_devices_seqlen_128.txt
/home/aatmaj/CENT/aim_simulator/build/ramulator2 -f /home/aatmaj/CENT/aim_simulator/test/example.yaml -t /home/aatmaj/CENT/experiments/dda_full_sweep/traces/32_channels_per_device/4_devices/model_parallel/Llama2-70B/trace_4_FC_devices_seqlen_256.txt
/home/aatmaj/CENT/aim_simulator/build/ramulator2 -f /home/aatmaj/CENT/aim_simulator/test/example.yaml -t /home/aatmaj/CENT/experiments/dda_full_sweep/traces/32_channels_per_device/4_devices/model_parallel_FC/Llama2-70B/trace_4_FC_devices_seqlen_256.txt
/home/aatmaj/CENT/aim_simulator/build/ramulator2 -f /home/aatmaj/CENT/aim_simulator/test/example.yaml -t /home/aatmaj/CENT/experiments/dda_full_sweep/traces/32_channels_per_device/4_devices/model_parallel/Llama2-70B/trace_4_FC_devices_seqlen_384.txt
/home/aatmaj/CENT/aim_simulator/build/ramulator2 -f /home/aatmaj/CENT/aim_simulator/test/example.yaml -t /home/aatmaj/CENT/experiments/dda_full_sweep/traces/32_channels_per_device/4_devices/model_parallel_FC/Llama2-70B/trace_4_FC_devices_seqlen_384.txt
/home/aatmaj/CENT/aim_simulator/build/ramulator2 -f /home/aatmaj/CENT/aim_simulator/test/example.yaml -t /home/aatmaj/CENT/experiments/dda_full_sweep/traces/32_channels_per_device/4_devices/model_parallel/Llama2-70B/trace_4_FC_devices_seqlen_512.txt
/home/aatmaj/CENT/aim_simulator/build/ramulator2 -f /home/aatmaj/CENT/aim_simulator/test/example.yaml -t /home/aatmaj/CENT/experiments/dda_full_sweep/traces/32_channels_per_device/4_devices/model_parallel_FC/Llama2-70B/trace_4_FC_devices_seqlen_512.txt
/home/aatmaj/CENT/aim_simulator/build/ramulator2 -f /home/aatmaj/CENT/aim_simulator/test/example.yaml -t /home/aatmaj/CENT/experiments/dda_full_sweep/traces/32_channels_per_device/4_devices/model_parallel/Llama2-70B/trace_4_FC_devices_seqlen_640.txt
/home/aatmaj/CENT/aim_simulator/build/ramulator2 -f /home/aatmaj/CENT/aim_simulator/test/example.yaml -t /home/aatmaj/CENT/experiments/dda_full_sweep/traces/32_channels_per_device/4_devices/model_parallel_FC/Llama2-70B/trace_4_FC_devices_seqlen_640.txt
/home/aatmaj/CENT/aim_simulator/build/ramulator2 -f /home/aatmaj/CENT/aim_simulator/test/example.yaml -t /home/aatmaj/CENT/experiments/dda_full_sweep/traces/32_channels_per_device/4_devices/model_parallel/Llama2-70B/trace_4_FC_devices_seqlen_768.txt
/home/aatmaj/CENT/aim_simulator/build/ramulator2 -f /home/aatmaj/CENT/aim_simulator/test/example.yaml -t /home/aatmaj/CENT/experiments/dda_full_sweep/traces/32_channels_per_device/4_devices/model_parallel_FC/Llama2-70B/trace_4_FC_devices_seqlen_768.txt
/home/aatmaj/CENT/aim_simulator/build/ramulator2 -f /home/aatmaj/CENT/aim_simulator/test/example.yaml -t /home/aatmaj/CENT/experiments/dda_full_sweep/traces/32_channels_per_device/4_devices/model_parallel/Llama2-70B/trace_4_FC_devices_seqlen_896.txt
/home/aatmaj/CENT/aim_simulator/build/ramulator2 -f /home/aatmaj/CENT/aim_simulator/test/example.yaml -t /home/aatmaj/CENT/experiments/dda_full_sweep/traces/32_channels_per_device/4_devices/model_parallel_FC/Llama2-70B/trace_4_FC_devices_seqlen_896.txt
/home/aatmaj/CENT/aim_simulator/build/ramulator2 -f /home/aatmaj/CENT/aim_simulator/test/example.yaml -t /home/aatmaj/CENT/experiments/dda_full_sweep/traces/32_channels_per_device/4_devices/model_parallel/Llama2-70B/trace_4_FC_devices_seqlen_1024.txt
/home/aatmaj/CENT/aim_simulator/build/ramulator2 -f /home/aatmaj/CENT/aim_simulator/test/example.yaml -t /home/aatmaj/CENT/experiments/dda_full_sweep/traces/32_channels_per_device/4_devices/model_parallel_FC/Llama2-70B/trace_4_FC_devices_seqlen_1024.txt
/home/aatmaj/CENT/aim_simulator/build/ramulator2 -f /home/aatmaj/CENT/aim_simulator/test/example.yaml -t /home/aatmaj/CENT/experiments/dda_full_sweep/traces/32_channels_per_device/4_devices/model_parallel/Llama2-70B/trace_4_FC_devices_seqlen_1152.txt
/home/aatmaj/CENT/aim_simulator/build/ramulator2 -f /home/aatmaj/CENT/aim_simulator/test/example.yaml -t /home/aatmaj/CENT/experiments/dda_full_sweep/traces/32_channels_per_device/4_devices/model_parallel_FC/Llama2-70B/trace_4_FC_devices_seqlen_1152.txt
/home/aatmaj/CENT/aim_simulator/build/ramulator2 -f /home/aatmaj/CENT/aim_simulator/test/example.yaml -t /home/aatmaj/CENT/experiments/dda_full_sweep/traces/32_channels_per_device/4_devices/model_parallel/Llama2-70B/trace_4_FC_devices_seqlen_1280.txt
/home/aatmaj/CENT/aim_simulator/build/ramulator2 -f /home/aatmaj/CENT/aim_simulator/test/example.yaml -t /home/aatmaj/CENT/experiments/dda_full_sweep/traces/32_channels_per_device/4_devices/model_parallel_FC/Llama2-70B/trace_4_FC_devices_seqlen_1280.txt
/home/aatmaj/CENT/aim_simulator/build/ramulator2 -f /home/aatmaj/CENT/aim_simulator/test/example.yaml -t /home/aatmaj/CENT/experiments/dda_full_sweep/traces/32_channels_per_device/4_devices/model_parallel/Llama2-70B/trace_4_FC_devices_seqlen_1408.txt
/home/aatmaj/CENT/aim_simulator/build/ramulator2 -f /home/aatmaj/CENT/aim_simulator/test/example.yaml -t /home/aatmaj/CENT/experiments/dda_full_sweep/traces/32_channels_per_device/4_devices/model_parallel_FC/Llama2-70B/trace_4_FC_devices_seqlen_1408.txt
/home/aatmaj/CENT/aim_simulator/build/ramulator2 -f /home/aatmaj/CENT/aim_simulator/test/example.yaml -t /home/aatmaj/CENT/experiments/dda_full_sweep/traces/32_channels_per_device/4_devices/model_parallel/Llama2-70B/trace_4_FC_devices_seqlen_1536.txt
/home/aatmaj/CENT/aim_simulator/build/ramulator2 -f /home/aatmaj/CENT/aim_simulator/test/example.yaml -t /home/aatmaj/CENT/experiments/dda_full_sweep/traces/32_channels_per_device/4_devices/model_parallel_FC/Llama2-70B/trace_4_FC_devices_seqlen_1536.txt
/home/aatmaj/CENT/aim_simulator/build/ramulator2 -f /home/aatmaj/CENT/aim_simulator/test/example.yaml -t /home/aatmaj/CENT/experiments/dda_full_sweep/traces/32_channels_per_device/4_devices/model_parallel/Llama2-70B/trace_4_FC_devices_seqlen_1664.txt
/home/aatmaj/CENT/aim_simulator/build/ramulator2 -f /home/aatmaj/CENT/aim_simulator/test/example.yaml -t /home/aatmaj/CENT/experiments/dda_full_sweep/traces/32_channels_per_device/4_devices/model_parallel_FC/Llama2-70B/trace_4_FC_devices_seqlen_1664.txt
/home/aatmaj/CENT/aim_simulator/build/ramulator2 -f /home/aatmaj/CENT/aim_simulator/test/example.yaml -t /home/aatmaj/CENT/experiments/dda_full_sweep/traces/32_channels_per_device/4_devices/model_parallel/Llama2-70B/trace_4_FC_devices_seqlen_1792.txt
/home/aatmaj/CENT/aim_simulator/build/ramulator2 -f /home/aatmaj/CENT/aim_simulator/test/example.yaml -t /home/aatmaj/CENT/experiments/dda_full_sweep/traces/32_channels_per_device/4_devices/model_parallel_FC/Llama2-70B/trace_4_FC_devices_seqlen_1792.txt
/home/aatmaj/CENT/aim_simulator/build/ramulator2 -f /home/aatmaj/CENT/aim_simulator/test/example.yaml -t /home/aatmaj/CENT/experiments/dda_full_sweep/traces/32_channels_per_device/4_devices/model_parallel/Llama2-70B/trace_4_FC_devices_seqlen_1920.txt
/home/aatmaj/CENT/aim_simulator/build/ramulator2 -f /home/aatmaj/CENT/aim_simulator/test/example.yaml -t /home/aatmaj/CENT/experiments/dda_full_sweep/traces/32_channels_per_device/4_devices/model_parallel_FC/Llama2-70B/trace_4_FC_devices_seqlen_1920.txt
/home/aatmaj/CENT/aim_simulator/build/ramulator2 -f /home/aatmaj/CENT/aim_simulator/test/example.yaml -t /home/aatmaj/CENT/experiments/dda_full_sweep/traces/32_channels_per_device/4_devices/model_parallel/Llama2-70B/trace_4_FC_devices_seqlen_2048.txt
/home/aatmaj/CENT/aim_simulator/build/ramulator2 -f /home/aatmaj/CENT/aim_simulator/test/example.yaml -t /home/aatmaj/CENT/experiments/dda_full_sweep/traces/32_channels_per_device/4_devices/model_parallel_FC/Llama2-70B/trace_4_FC_devices_seqlen_2048.txt
/home/aatmaj/CENT/aim_simulator/build/ramulator2 -f /home/aatmaj/CENT/aim_simulator/test/example.yaml -t /home/aatmaj/CENT/experiments/dda_full_sweep/traces/32_channels_per_device/4_devices/model_parallel/Llama2-70B/trace_4_FC_devices_seqlen_2176.txt
/home/aatmaj/CENT/aim_simulator/build/ramulator2 -f /home/aatmaj/CENT/aim_simulator/test/example.yaml -t /home/aatmaj/CENT/experiments/dda_full_sweep/traces/32_channels_per_device/4_devices/model_parallel_FC/Llama2-70B/trace_4_FC_devices_seqlen_2176.txt
/home/aatmaj/CENT/aim_simulator/build/ramulator2 -f /home/aatmaj/CENT/aim_simulator/test/example.yaml -t /home/aatmaj/CENT/experiments/dda_full_sweep/traces/32_channels_per_device/4_devices/model_parallel/Llama2-70B/trace_4_FC_devices_seqlen_2304.txt
/home/aatmaj/CENT/aim_simulator/build/ramulator2 -f /home/aatmaj/CENT/aim_simulator/test/example.yaml -t /home/aatmaj/CENT/experiments/dda_full_sweep/traces/32_channels_per_device/4_devices/model_parallel_FC/Llama2-70B/trace_4_FC_devices_seqlen_2304.txt
/home/aatmaj/CENT/aim_simulator/build/ramulator2 -f /home/aatmaj/CENT/aim_simulator/test/example.yaml -t /home/aatmaj/CENT/experiments/dda_full_sweep/traces/32_channels_per_device/4_devices/model_parallel/Llama2-70B/trace_4_FC_devices_seqlen_2432.txt
/home/aatmaj/CENT/aim_simulator/build/ramulator2 -f /home/aatmaj/CENT/aim_simulator/test/example.yaml -t /home/aatmaj/CENT/experiments/dda_full_sweep/traces/32_channels_per_device/4_devices/model_parallel_FC/Llama2-70B/trace_4_FC_devices_seqlen_2432.txt
/home/aatmaj/CENT/aim_simulator/build/ramulator2 -f /home/aatmaj/CENT/aim_simulator/test/example.yaml -t /home/aatmaj/CENT/experiments/dda_full_sweep/traces/32_channels_per_device/4_devices/model_parallel/Llama2-70B/trace_4_FC_devices_seqlen_2560.txt
/home/aatmaj/CENT/aim_simulator/build/ramulator2 -f /home/aatmaj/CENT/aim_simulator/test/example.yaml -t /home/aatmaj/CENT/experiments/dda_full_sweep/traces/32_channels_per_device/4_devices/model_parallel_FC/Llama2-70B/trace_4_FC_devices_seqlen_2560.txt
/home/aatmaj/CENT/aim_simulator/build/ramulator2 -f /home/aatmaj/CENT/aim_simulator/test/example.yaml -t /home/aatmaj/CENT/experiments/dda_full_sweep/traces/32_channels_per_device/4_devices/model_parallel/Llama2-70B/trace_4_FC_devices_seqlen_2688.txt
/home/aatmaj/CENT/aim_simulator/build/ramulator2 -f /home/aatmaj/CENT/aim_simulator/test/example.yaml -t /home/aatmaj/CENT/experiments/dda_full_sweep/traces/32_channels_per_device/4_devices/model_parallel_FC/Llama2-70B/trace_4_FC_devices_seqlen_2688.txt
/home/aatmaj/CENT/aim_simulator/build/ramulator2 -f /home/aatmaj/CENT/aim_simulator/test/example.yaml -t /home/aatmaj/CENT/experiments/dda_full_sweep/traces/32_channels_per_device/4_devices/model_parallel/Llama2-70B/trace_4_FC_devices_seqlen_2816.txt
/home/aatmaj/CENT/aim_simulator/build/ramulator2 -f /home/aatmaj/CENT/aim_simulator/test/example.yaml -t /home/aatmaj/CENT/experiments/dda_full_sweep/traces/32_channels_per_device/4_devices/model_parallel_FC/Llama2-70B/trace_4_FC_devices_seqlen_2816.txt
/home/aatmaj/CENT/aim_simulator/build/ramulator2 -f /home/aatmaj/CENT/aim_simulator/test/example.yaml -t /home/aatmaj/CENT/experiments/dda_full_sweep/traces/32_channels_per_device/4_devices/model_parallel/Llama2-70B/trace_4_FC_devices_seqlen_2944.txt
/home/aatmaj/CENT/aim_simulator/build/ramulator2 -f /home/aatmaj/CENT/aim_simulator/test/example.yaml -t /home/aatmaj/CENT/experiments/dda_full_sweep/traces/32_channels_per_device/4_devices/model_parallel_FC/Llama2-70B/trace_4_FC_devices_seqlen_2944.txt
/home/aatmaj/CENT/aim_simulator/build/ramulator2 -f /home/aatmaj/CENT/aim_simulator/test/example.yaml -t /home/aatmaj/CENT/experiments/dda_full_sweep/traces/32_channels_per_device/4_devices/model_parallel/Llama2-70B/trace_4_FC_devices_seqlen_3072.txt
/home/aatmaj/CENT/aim_simulator/build/ramulator2 -f /home/aatmaj/CENT/aim_simulator/test/example.yaml -t /home/aatmaj/CENT/experiments/dda_full_sweep/traces/32_channels_per_device/4_devices/model_parallel_FC/Llama2-70B/trace_4_FC_devices_seqlen_3072.txt
/home/aatmaj/CENT/aim_simulator/build/ramulator2 -f /home/aatmaj/CENT/aim_simulator/test/example.yaml -t /home/aatmaj/CENT/experiments/dda_full_sweep/traces/32_channels_per_device/4_devices/model_parallel/Llama2-70B/trace_4_FC_devices_seqlen_3200.txt
/home/aatmaj/CENT/aim_simulator/build/ramulator2 -f /home/aatmaj/CENT/aim_simulator/test/example.yaml -t /home/aatmaj/CENT/experiments/dda_full_sweep/traces/32_channels_per_device/4_devices/model_parallel_FC/Llama2-70B/trace_4_FC_devices_seqlen_3200.txt
/home/aatmaj/CENT/aim_simulator/build/ramulator2 -f /home/aatmaj/CENT/aim_simulator/test/example.yaml -t /home/aatmaj/CENT/experiments/dda_full_sweep/traces/32_channels_per_device/4_devices/model_parallel/Llama2-70B/trace_4_FC_devices_seqlen_3328.txt
/home/aatmaj/CENT/aim_simulator/build/ramulator2 -f /home/aatmaj/CENT/aim_simulator/test/example.yaml -t /home/aatmaj/CENT/experiments/dda_full_sweep/traces/32_channels_per_device/4_devices/model_parallel_FC/Llama2-70B/trace_4_FC_devices_seqlen_3328.txt
/home/aatmaj/CENT/aim_simulator/build/ramulator2 -f /home/aatmaj/CENT/aim_simulator/test/example.yaml -t /home/aatmaj/CENT/experiments/dda_full_sweep/traces/32_channels_per_device/4_devices/model_parallel/Llama2-70B/trace_4_FC_devices_seqlen_3456.txt
/home/aatmaj/CENT/aim_simulator/build/ramulator2 -f /home/aatmaj/CENT/aim_simulator/test/example.yaml -t /home/aatmaj/CENT/experiments/dda_full_sweep/traces/32_channels_per_device/4_devices/model_parallel_FC/Llama2-70B/trace_4_FC_devices_seqlen_3456.txt
/home/aatmaj/CENT/aim_simulator/build/ramulator2 -f /home/aatmaj/CENT/aim_simulator/test/example.yaml -t /home/aatmaj/CENT/experiments/dda_full_sweep/traces/32_channels_per_device/4_devices/model_parallel/Llama2-70B/trace_4_FC_devices_seqlen_3584.txt
/home/aatmaj/CENT/aim_simulator/build/ramulator2 -f /home/aatmaj/CENT/aim_simulator/test/example.yaml -t /home/aatmaj/CENT/experiments/dda_full_sweep/traces/32_channels_per_device/4_devices/model_parallel_FC/Llama2-70B/trace_4_FC_devices_seqlen_3584.txt
/home/aatmaj/CENT/aim_simulator/build/ramulator2 -f /home/aatmaj/CENT/aim_simulator/test/example.yaml -t /home/aatmaj/CENT/experiments/dda_full_sweep/traces/32_channels_per_device/4_devices/model_parallel/Llama2-70B/trace_4_FC_devices_seqlen_3712.txt
/home/aatmaj/CENT/aim_simulator/build/ramulator2 -f /home/aatmaj/CENT/aim_simulator/test/example.yaml -t /home/aatmaj/CENT/experiments/dda_full_sweep/traces/32_channels_per_device/4_devices/model_parallel_FC/Llama2-70B/trace_4_FC_devices_seqlen_3712.txt
/home/aatmaj/CENT/aim_simulator/build/ramulator2 -f /home/aatmaj/CENT/aim_simulator/test/example.yaml -t /home/aatmaj/CENT/experiments/dda_full_sweep/traces/32_channels_per_device/4_devices/model_parallel/Llama2-70B/trace_4_FC_devices_seqlen_3840.txt
/home/aatmaj/CENT/aim_simulator/build/ramulator2 -f /home/aatmaj/CENT/aim_simulator/test/example.yaml -t /home/aatmaj/CENT/experiments/dda_full_sweep/traces/32_channels_per_device/4_devices/model_parallel_FC/Llama2-70B/trace_4_FC_devices_seqlen_3840.txt
/home/aatmaj/CENT/aim_simulator/build/ramulator2 -f /home/aatmaj/CENT/aim_simulator/test/example.yaml -t /home/aatmaj/CENT/experiments/dda_full_sweep/traces/32_channels_per_device/4_devices/model_parallel/Llama2-70B/trace_4_FC_devices_seqlen_3968.txt
/home/aatmaj/CENT/aim_simulator/build/ramulator2 -f /home/aatmaj/CENT/aim_simulator/test/example.yaml -t /home/aatmaj/CENT/experiments/dda_full_sweep/traces/32_channels_per_device/4_devices/model_parallel_FC/Llama2-70B/trace_4_FC_devices_seqlen_3968.txt
/home/aatmaj/CENT/aim_simulator/build/ramulator2 -f /home/aatmaj/CENT/aim_simulator/test/example.yaml -t /home/aatmaj/CENT/experiments/dda_full_sweep/traces/32_channels_per_device/4_devices/model_parallel/Llama2-70B/trace_4_FC_devices_seqlen_4096.txt
/home/aatmaj/CENT/experiments/dda_full_sweep/simulation/run_sim_full32.py:447: FutureWarning: The behavior of DataFrame concatenation with empty or all-NA entries is deprecated. In a future version, this will no longer exclude empty or all-NA columns when determining the result dtypes. To retain the old behavior, exclude the relevant entries before the concat operation.
  results_df = pd.concat([results_df, new_df], ignore_index=True)
/home/aatmaj/CENT/aim_simulator/build/ramulator2 -f /home/aatmaj/CENT/aim_simulator/test/example.yaml -t /home/aatmaj/CENT/experiments/dda_full_sweep/traces/32_channels_per_device/4_devices/model_parallel_FC/Llama2-70B/trace_4_FC_devices_seqlen_4096.txt
Processing results...
Updating simulation results to CSV...

=== Pool T | Llama2-70B | N_T=28 / 32 | TP=1, PP=layers ===
Generating traces for Llama2-70B (28 devices) ...
/home/aatmaj/CENT/aim_simulator/build/ramulator2 -f /home/aatmaj/CENT/aim_simulator/test/example.yaml -t /home/aatmaj/CENT/experiments/dda_full_sweep/traces/32_channels_per_device/28_devices/pipeline_parallel_embedding/Llama2-70B/trace_10_channels_per_block_seqlen_4096.txt
/home/aatmaj/CENT/aim_simulator/build/ramulator2 -f /home/aatmaj/CENT/aim_simulator/test/example.yaml -t /home/aatmaj/CENT/experiments/dda_full_sweep/traces/32_channels_per_device/28_devices/pipeline_parallel/Llama2-70B/trace_10_channels_per_block_seqlen_128.txt
/home/aatmaj/CENT/aim_simulator/build/ramulator2 -f /home/aatmaj/CENT/aim_simulator/test/example.yaml -t /home/aatmaj/CENT/experiments/dda_full_sweep/traces/32_channels_per_device/28_devices/pipeline_parallel/Llama2-70B/trace_10_channels_per_block_seqlen_256.txt
/home/aatmaj/CENT/aim_simulator/build/ramulator2 -f /home/aatmaj/CENT/aim_simulator/test/example.yaml -t /home/aatmaj/CENT/experiments/dda_full_sweep/traces/32_channels_per_device/28_devices/pipeline_parallel/Llama2-70B/trace_10_channels_per_block_seqlen_384.txt
/home/aatmaj/CENT/aim_simulator/build/ramulator2 -f /home/aatmaj/CENT/aim_simulator/test/example.yaml -t /home/aatmaj/CENT/experiments/dda_full_sweep/traces/32_channels_per_device/28_devices/pipeline_parallel/Llama2-70B/trace_10_channels_per_block_seqlen_512.txt
/home/aatmaj/CENT/aim_simulator/build/ramulator2 -f /home/aatmaj/CENT/aim_simulator/test/example.yaml -t /home/aatmaj/CENT/experiments/dda_full_sweep/traces/32_channels_per_device/28_devices/pipeline_parallel/Llama2-70B/trace_10_channels_per_block_seqlen_640.txt
/home/aatmaj/CENT/aim_simulator/build/ramulator2 -f /home/aatmaj/CENT/aim_simulator/test/example.yaml -t /home/aatmaj/CENT/experiments/dda_full_sweep/traces/32_channels_per_device/28_devices/pipeline_parallel/Llama2-70B/trace_10_channels_per_block_seqlen_768.txt
/home/aatmaj/CENT/aim_simulator/build/ramulator2 -f /home/aatmaj/CENT/aim_simulator/test/example.yaml -t /home/aatmaj/CENT/experiments/dda_full_sweep/traces/32_channels_per_device/28_devices/pipeline_parallel/Llama2-70B/trace_10_channels_per_block_seqlen_896.txt
/home/aatmaj/CENT/aim_simulator/build/ramulator2 -f /home/aatmaj/CENT/aim_simulator/test/example.yaml -t /home/aatmaj/CENT/experiments/dda_full_sweep/traces/32_channels_per_device/28_devices/pipeline_parallel/Llama2-70B/trace_10_channels_per_block_seqlen_1024.txt
/home/aatmaj/CENT/aim_simulator/build/ramulator2 -f /home/aatmaj/CENT/aim_simulator/test/example.yaml -t /home/aatmaj/CENT/experiments/dda_full_sweep/traces/32_channels_per_device/28_devices/pipeline_parallel/Llama2-70B/trace_10_channels_per_block_seqlen_1152.txt
/home/aatmaj/CENT/aim_simulator/build/ramulator2 -f /home/aatmaj/CENT/aim_simulator/test/example.yaml -t /home/aatmaj/CENT/experiments/dda_full_sweep/traces/32_channels_per_device/28_devices/pipeline_parallel/Llama2-70B/trace_10_channels_per_block_seqlen_1280.txt
/home/aatmaj/CENT/aim_simulator/build/ramulator2 -f /home/aatmaj/CENT/aim_simulator/test/example.yaml -t /home/aatmaj/CENT/experiments/dda_full_sweep/traces/32_channels_per_device/28_devices/pipeline_parallel/Llama2-70B/trace_10_channels_per_block_seqlen_1408.txt
/home/aatmaj/CENT/aim_simulator/build/ramulator2 -f /home/aatmaj/CENT/aim_simulator/test/example.yaml -t /home/aatmaj/CENT/experiments/dda_full_sweep/traces/32_channels_per_device/28_devices/pipeline_parallel/Llama2-70B/trace_10_channels_per_block_seqlen_1536.txt
/home/aatmaj/CENT/aim_simulator/build/ramulator2 -f /home/aatmaj/CENT/aim_simulator/test/example.yaml -t /home/aatmaj/CENT/experiments/dda_full_sweep/traces/32_channels_per_device/28_devices/pipeline_parallel/Llama2-70B/trace_10_channels_per_block_seqlen_1664.txt
/home/aatmaj/CENT/aim_simulator/build/ramulator2 -f /home/aatmaj/CENT/aim_simulator/test/example.yaml -t /home/aatmaj/CENT/experiments/dda_full_sweep/traces/32_channels_per_device/28_devices/pipeline_parallel/Llama2-70B/trace_10_channels_per_block_seqlen_1792.txt
/home/aatmaj/CENT/aim_simulator/build/ramulator2 -f /home/aatmaj/CENT/aim_simulator/test/example.yaml -t /home/aatmaj/CENT/experiments/dda_full_sweep/traces/32_channels_per_device/28_devices/pipeline_parallel/Llama2-70B/trace_10_channels_per_block_seqlen_1920.txt
/home/aatmaj/CENT/aim_simulator/build/ramulator2 -f /home/aatmaj/CENT/aim_simulator/test/example.yaml -t /home/aatmaj/CENT/experiments/dda_full_sweep/traces/32_channels_per_device/28_devices/pipeline_parallel/Llama2-70B/trace_10_channels_per_block_seqlen_2048.txt
/home/aatmaj/CENT/aim_simulator/build/ramulator2 -f /home/aatmaj/CENT/aim_simulator/test/example.yaml -t /home/aatmaj/CENT/experiments/dda_full_sweep/traces/32_channels_per_device/28_devices/pipeline_parallel/Llama2-70B/trace_10_channels_per_block_seqlen_2176.txt
/home/aatmaj/CENT/aim_simulator/build/ramulator2 -f /home/aatmaj/CENT/aim_simulator/test/example.yaml -t /home/aatmaj/CENT/experiments/dda_full_sweep/traces/32_channels_per_device/28_devices/pipeline_parallel/Llama2-70B/trace_10_channels_per_block_seqlen_2304.txt
/home/aatmaj/CENT/aim_simulator/build/ramulator2 -f /home/aatmaj/CENT/aim_simulator/test/example.yaml -t /home/aatmaj/CENT/experiments/dda_full_sweep/traces/32_channels_per_device/28_devices/pipeline_parallel/Llama2-70B/trace_10_channels_per_block_seqlen_2432.txt
/home/aatmaj/CENT/aim_simulator/build/ramulator2 -f /home/aatmaj/CENT/aim_simulator/test/example.yaml -t /home/aatmaj/CENT/experiments/dda_full_sweep/traces/32_channels_per_device/28_devices/pipeline_parallel/Llama2-70B/trace_10_channels_per_block_seqlen_2560.txt
/home/aatmaj/CENT/aim_simulator/build/ramulator2 -f /home/aatmaj/CENT/aim_simulator/test/example.yaml -t /home/aatmaj/CENT/experiments/dda_full_sweep/traces/32_channels_per_device/28_devices/pipeline_parallel/Llama2-70B/trace_10_channels_per_block_seqlen_2688.txt
/home/aatmaj/CENT/aim_simulator/build/ramulator2 -f /home/aatmaj/CENT/aim_simulator/test/example.yaml -t /home/aatmaj/CENT/experiments/dda_full_sweep/traces/32_channels_per_device/28_devices/pipeline_parallel/Llama2-70B/trace_10_channels_per_block_seqlen_2816.txt
/home/aatmaj/CENT/aim_simulator/build/ramulator2 -f /home/aatmaj/CENT/aim_simulator/test/example.yaml -t /home/aatmaj/CENT/experiments/dda_full_sweep/traces/32_channels_per_device/28_devices/pipeline_parallel/Llama2-70B/trace_10_channels_per_block_seqlen_2944.txt
/home/aatmaj/CENT/aim_simulator/build/ramulator2 -f /home/aatmaj/CENT/aim_simulator/test/example.yaml -t /home/aatmaj/CENT/experiments/dda_full_sweep/traces/32_channels_per_device/28_devices/pipeline_parallel/Llama2-70B/trace_10_channels_per_block_seqlen_3072.txt
/home/aatmaj/CENT/aim_simulator/build/ramulator2 -f /home/aatmaj/CENT/aim_simulator/test/example.yaml -t /home/aatmaj/CENT/experiments/dda_full_sweep/traces/32_channels_per_device/28_devices/pipeline_parallel/Llama2-70B/trace_10_channels_per_block_seqlen_3200.txt
/home/aatmaj/CENT/aim_simulator/build/ramulator2 -f /home/aatmaj/CENT/aim_simulator/test/example.yaml -t /home/aatmaj/CENT/experiments/dda_full_sweep/traces/32_channels_per_device/28_devices/pipeline_parallel/Llama2-70B/trace_10_channels_per_block_seqlen_3328.txt
/home/aatmaj/CENT/aim_simulator/build/ramulator2 -f /home/aatmaj/CENT/aim_simulator/test/example.yaml -t /home/aatmaj/CENT/experiments/dda_full_sweep/traces/32_channels_per_device/28_devices/pipeline_parallel/Llama2-70B/trace_10_channels_per_block_seqlen_3456.txt
/home/aatmaj/CENT/aim_simulator/build/ramulator2 -f /home/aatmaj/CENT/aim_simulator/test/example.yaml -t /home/aatmaj/CENT/experiments/dda_full_sweep/traces/32_channels_per_device/28_devices/pipeline_parallel/Llama2-70B/trace_10_channels_per_block_seqlen_3584.txt
/home/aatmaj/CENT/aim_simulator/build/ramulator2 -f /home/aatmaj/CENT/aim_simulator/test/example.yaml -t /home/aatmaj/CENT/experiments/dda_full_sweep/traces/32_channels_per_device/28_devices/pipeline_parallel/Llama2-70B/trace_10_channels_per_block_seqlen_3712.txt
/home/aatmaj/CENT/experiments/dda_full_sweep/simulation/run_sim_full32.py:460: FutureWarning: The behavior of DataFrame concatenation with empty or all-NA entries is deprecated. In a future version, this will no longer exclude empty or all-NA columns when determining the result dtypes. To retain the old behavior, exclude the relevant entries before the concat operation.
  results_df = pd.concat([results_df, new_df], ignore_index=True)
/home/aatmaj/CENT/aim_simulator/build/ramulator2 -f /home/aatmaj/CENT/aim_simulator/test/example.yaml -t /home/aatmaj/CENT/experiments/dda_full_sweep/traces/32_channels_per_device/28_devices/pipeline_parallel/Llama2-70B/trace_10_channels_per_block_seqlen_3840.txt
/home/aatmaj/CENT/aim_simulator/build/ramulator2 -f /home/aatmaj/CENT/aim_simulator/test/example.yaml -t /home/aatmaj/CENT/experiments/dda_full_sweep/traces/32_channels_per_device/28_devices/pipeline_parallel/Llama2-70B/trace_10_channels_per_block_seqlen_3968.txt
/home/aatmaj/CENT/aim_simulator/build/ramulator2 -f /home/aatmaj/CENT/aim_simulator/test/example.yaml -t /home/aatmaj/CENT/experiments/dda_full_sweep/traces/32_channels_per_device/28_devices/pipeline_parallel/Llama2-70B/trace_10_channels_per_block_seqlen_4096.txt
Processing results...
Updating simulation results to CSV...

=== Pool L | Llama2-70B | N_L=6 / 32 | TP=6, PP=1 ===
Generating traces for Llama2-70B (6 devices) ...
/home/aatmaj/CENT/aim_simulator/build/ramulator2 -f /home/aatmaj/CENT/aim_simulator/test/example.yaml -t /home/aatmaj/CENT/experiments/dda_full_sweep/traces/32_channels_per_device/6_devices/model_parallel_embedding/Llama2-70B/trace_6_FC_devices_seqlen_4096.txt
/home/aatmaj/CENT/aim_simulator/build/ramulator2 -f /home/aatmaj/CENT/aim_simulator/test/example.yaml -t /home/aatmaj/CENT/experiments/dda_full_sweep/traces/32_channels_per_device/6_devices/model_parallel/Llama2-70B/trace_6_FC_devices_seqlen_128.txt
/home/aatmaj/CENT/aim_simulator/build/ramulator2 -f /home/aatmaj/CENT/aim_simulator/test/example.yaml -t /home/aatmaj/CENT/experiments/dda_full_sweep/traces/32_channels_per_device/6_devices/model_parallel_FC/Llama2-70B/trace_6_FC_devices_seqlen_128.txt
/home/aatmaj/CENT/aim_simulator/build/ramulator2 -f /home/aatmaj/CENT/aim_simulator/test/example.yaml -t /home/aatmaj/CENT/experiments/dda_full_sweep/traces/32_channels_per_device/6_devices/model_parallel/Llama2-70B/trace_6_FC_devices_seqlen_256.txt
/home/aatmaj/CENT/aim_simulator/build/ramulator2 -f /home/aatmaj/CENT/aim_simulator/test/example.yaml -t /home/aatmaj/CENT/experiments/dda_full_sweep/traces/32_channels_per_device/6_devices/model_parallel_FC/Llama2-70B/trace_6_FC_devices_seqlen_256.txt
/home/aatmaj/CENT/aim_simulator/build/ramulator2 -f /home/aatmaj/CENT/aim_simulator/test/example.yaml -t /home/aatmaj/CENT/experiments/dda_full_sweep/traces/32_channels_per_device/6_devices/model_parallel/Llama2-70B/trace_6_FC_devices_seqlen_384.txt
/home/aatmaj/CENT/aim_simulator/build/ramulator2 -f /home/aatmaj/CENT/aim_simulator/test/example.yaml -t /home/aatmaj/CENT/experiments/dda_full_sweep/traces/32_channels_per_device/6_devices/model_parallel_FC/Llama2-70B/trace_6_FC_devices_seqlen_384.txt
/home/aatmaj/CENT/aim_simulator/build/ramulator2 -f /home/aatmaj/CENT/aim_simulator/test/example.yaml -t /home/aatmaj/CENT/experiments/dda_full_sweep/traces/32_channels_per_device/6_devices/model_parallel/Llama2-70B/trace_6_FC_devices_seqlen_512.txt
/home/aatmaj/CENT/aim_simulator/build/ramulator2 -f /home/aatmaj/CENT/aim_simulator/test/example.yaml -t /home/aatmaj/CENT/experiments/dda_full_sweep/traces/32_channels_per_device/6_devices/model_parallel_FC/Llama2-70B/trace_6_FC_devices_seqlen_512.txt
/home/aatmaj/CENT/aim_simulator/build/ramulator2 -f /home/aatmaj/CENT/aim_simulator/test/example.yaml -t /home/aatmaj/CENT/experiments/dda_full_sweep/traces/32_channels_per_device/6_devices/model_parallel/Llama2-70B/trace_6_FC_devices_seqlen_640.txt
/home/aatmaj/CENT/aim_simulator/build/ramulator2 -f /home/aatmaj/CENT/aim_simulator/test/example.yaml -t /home/aatmaj/CENT/experiments/dda_full_sweep/traces/32_channels_per_device/6_devices/model_parallel_FC/Llama2-70B/trace_6_FC_devices_seqlen_640.txt
/home/aatmaj/CENT/aim_simulator/build/ramulator2 -f /home/aatmaj/CENT/aim_simulator/test/example.yaml -t /home/aatmaj/CENT/experiments/dda_full_sweep/traces/32_channels_per_device/6_devices/model_parallel/Llama2-70B/trace_6_FC_devices_seqlen_768.txt
/home/aatmaj/CENT/aim_simulator/build/ramulator2 -f /home/aatmaj/CENT/aim_simulator/test/example.yaml -t /home/aatmaj/CENT/experiments/dda_full_sweep/traces/32_channels_per_device/6_devices/model_parallel_FC/Llama2-70B/trace_6_FC_devices_seqlen_768.txt
/home/aatmaj/CENT/aim_simulator/build/ramulator2 -f /home/aatmaj/CENT/aim_simulator/test/example.yaml -t /home/aatmaj/CENT/experiments/dda_full_sweep/traces/32_channels_per_device/6_devices/model_parallel/Llama2-70B/trace_6_FC_devices_seqlen_896.txt
/home/aatmaj/CENT/aim_simulator/build/ramulator2 -f /home/aatmaj/CENT/aim_simulator/test/example.yaml -t /home/aatmaj/CENT/experiments/dda_full_sweep/traces/32_channels_per_device/6_devices/model_parallel_FC/Llama2-70B/trace_6_FC_devices_seqlen_896.txt
/home/aatmaj/CENT/aim_simulator/build/ramulator2 -f /home/aatmaj/CENT/aim_simulator/test/example.yaml -t /home/aatmaj/CENT/experiments/dda_full_sweep/traces/32_channels_per_device/6_devices/model_parallel/Llama2-70B/trace_6_FC_devices_seqlen_1024.txt
/home/aatmaj/CENT/aim_simulator/build/ramulator2 -f /home/aatmaj/CENT/aim_simulator/test/example.yaml -t /home/aatmaj/CENT/experiments/dda_full_sweep/traces/32_channels_per_device/6_devices/model_parallel_FC/Llama2-70B/trace_6_FC_devices_seqlen_1024.txt
/home/aatmaj/CENT/aim_simulator/build/ramulator2 -f /home/aatmaj/CENT/aim_simulator/test/example.yaml -t /home/aatmaj/CENT/experiments/dda_full_sweep/traces/32_channels_per_device/6_devices/model_parallel/Llama2-70B/trace_6_FC_devices_seqlen_1152.txt
/home/aatmaj/CENT/aim_simulator/build/ramulator2 -f /home/aatmaj/CENT/aim_simulator/test/example.yaml -t /home/aatmaj/CENT/experiments/dda_full_sweep/traces/32_channels_per_device/6_devices/model_parallel_FC/Llama2-70B/trace_6_FC_devices_seqlen_1152.txt
/home/aatmaj/CENT/aim_simulator/build/ramulator2 -f /home/aatmaj/CENT/aim_simulator/test/example.yaml -t /home/aatmaj/CENT/experiments/dda_full_sweep/traces/32_channels_per_device/6_devices/model_parallel/Llama2-70B/trace_6_FC_devices_seqlen_1280.txt
/home/aatmaj/CENT/aim_simulator/build/ramulator2 -f /home/aatmaj/CENT/aim_simulator/test/example.yaml -t /home/aatmaj/CENT/experiments/dda_full_sweep/traces/32_channels_per_device/6_devices/model_parallel_FC/Llama2-70B/trace_6_FC_devices_seqlen_1280.txt
/home/aatmaj/CENT/aim_simulator/build/ramulator2 -f /home/aatmaj/CENT/aim_simulator/test/example.yaml -t /home/aatmaj/CENT/experiments/dda_full_sweep/traces/32_channels_per_device/6_devices/model_parallel/Llama2-70B/trace_6_FC_devices_seqlen_1408.txt
/home/aatmaj/CENT/aim_simulator/build/ramulator2 -f /home/aatmaj/CENT/aim_simulator/test/example.yaml -t /home/aatmaj/CENT/experiments/dda_full_sweep/traces/32_channels_per_device/6_devices/model_parallel_FC/Llama2-70B/trace_6_FC_devices_seqlen_1408.txt
/home/aatmaj/CENT/aim_simulator/build/ramulator2 -f /home/aatmaj/CENT/aim_simulator/test/example.yaml -t /home/aatmaj/CENT/experiments/dda_full_sweep/traces/32_channels_per_device/6_devices/model_parallel/Llama2-70B/trace_6_FC_devices_seqlen_1536.txt
/home/aatmaj/CENT/aim_simulator/build/ramulator2 -f /home/aatmaj/CENT/aim_simulator/test/example.yaml -t /home/aatmaj/CENT/experiments/dda_full_sweep/traces/32_channels_per_device/6_devices/model_parallel_FC/Llama2-70B/trace_6_FC_devices_seqlen_1536.txt
/home/aatmaj/CENT/aim_simulator/build/ramulator2 -f /home/aatmaj/CENT/aim_simulator/test/example.yaml -t /home/aatmaj/CENT/experiments/dda_full_sweep/traces/32_channels_per_device/6_devices/model_parallel/Llama2-70B/trace_6_FC_devices_seqlen_1664.txt
/home/aatmaj/CENT/aim_simulator/build/ramulator2 -f /home/aatmaj/CENT/aim_simulator/test/example.yaml -t /home/aatmaj/CENT/experiments/dda_full_sweep/traces/32_channels_per_device/6_devices/model_parallel_FC/Llama2-70B/trace_6_FC_devices_seqlen_1664.txt
/home/aatmaj/CENT/aim_simulator/build/ramulator2 -f /home/aatmaj/CENT/aim_simulator/test/example.yaml -t /home/aatmaj/CENT/experiments/dda_full_sweep/traces/32_channels_per_device/6_devices/model_parallel/Llama2-70B/trace_6_FC_devices_seqlen_1792.txt
/home/aatmaj/CENT/aim_simulator/build/ramulator2 -f /home/aatmaj/CENT/aim_simulator/test/example.yaml -t /home/aatmaj/CENT/experiments/dda_full_sweep/traces/32_channels_per_device/6_devices/model_parallel_FC/Llama2-70B/trace_6_FC_devices_seqlen_1792.txt
/home/aatmaj/CENT/aim_simulator/build/ramulator2 -f /home/aatmaj/CENT/aim_simulator/test/example.yaml -t /home/aatmaj/CENT/experiments/dda_full_sweep/traces/32_channels_per_device/6_devices/model_parallel/Llama2-70B/trace_6_FC_devices_seqlen_1920.txt
/home/aatmaj/CENT/aim_simulator/build/ramulator2 -f /home/aatmaj/CENT/aim_simulator/test/example.yaml -t /home/aatmaj/CENT/experiments/dda_full_sweep/traces/32_channels_per_device/6_devices/model_parallel_FC/Llama2-70B/trace_6_FC_devices_seqlen_1920.txt
/home/aatmaj/CENT/aim_simulator/build/ramulator2 -f /home/aatmaj/CENT/aim_simulator/test/example.yaml -t /home/aatmaj/CENT/experiments/dda_full_sweep/traces/32_channels_per_device/6_devices/model_parallel/Llama2-70B/trace_6_FC_devices_seqlen_2048.txt
/home/aatmaj/CENT/aim_simulator/build/ramulator2 -f /home/aatmaj/CENT/aim_simulator/test/example.yaml -t /home/aatmaj/CENT/experiments/dda_full_sweep/traces/32_channels_per_device/6_devices/model_parallel_FC/Llama2-70B/trace_6_FC_devices_seqlen_2048.txt
/home/aatmaj/CENT/aim_simulator/build/ramulator2 -f /home/aatmaj/CENT/aim_simulator/test/example.yaml -t /home/aatmaj/CENT/experiments/dda_full_sweep/traces/32_channels_per_device/6_devices/model_parallel/Llama2-70B/trace_6_FC_devices_seqlen_2176.txt
/home/aatmaj/CENT/aim_simulator/build/ramulator2 -f /home/aatmaj/CENT/aim_simulator/test/example.yaml -t /home/aatmaj/CENT/experiments/dda_full_sweep/traces/32_channels_per_device/6_devices/model_parallel_FC/Llama2-70B/trace_6_FC_devices_seqlen_2176.txt
/home/aatmaj/CENT/aim_simulator/build/ramulator2 -f /home/aatmaj/CENT/aim_simulator/test/example.yaml -t /home/aatmaj/CENT/experiments/dda_full_sweep/traces/32_channels_per_device/6_devices/model_parallel/Llama2-70B/trace_6_FC_devices_seqlen_2304.txt
/home/aatmaj/CENT/aim_simulator/build/ramulator2 -f /home/aatmaj/CENT/aim_simulator/test/example.yaml -t /home/aatmaj/CENT/experiments/dda_full_sweep/traces/32_channels_per_device/6_devices/model_parallel_FC/Llama2-70B/trace_6_FC_devices_seqlen_2304.txt
/home/aatmaj/CENT/aim_simulator/build/ramulator2 -f /home/aatmaj/CENT/aim_simulator/test/example.yaml -t /home/aatmaj/CENT/experiments/dda_full_sweep/traces/32_channels_per_device/6_devices/model_parallel/Llama2-70B/trace_6_FC_devices_seqlen_2432.txt
/home/aatmaj/CENT/aim_simulator/build/ramulator2 -f /home/aatmaj/CENT/aim_simulator/test/example.yaml -t /home/aatmaj/CENT/experiments/dda_full_sweep/traces/32_channels_per_device/6_devices/model_parallel_FC/Llama2-70B/trace_6_FC_devices_seqlen_2432.txt
/home/aatmaj/CENT/aim_simulator/build/ramulator2 -f /home/aatmaj/CENT/aim_simulator/test/example.yaml -t /home/aatmaj/CENT/experiments/dda_full_sweep/traces/32_channels_per_device/6_devices/model_parallel/Llama2-70B/trace_6_FC_devices_seqlen_2560.txt
/home/aatmaj/CENT/aim_simulator/build/ramulator2 -f /home/aatmaj/CENT/aim_simulator/test/example.yaml -t /home/aatmaj/CENT/experiments/dda_full_sweep/traces/32_channels_per_device/6_devices/model_parallel_FC/Llama2-70B/trace_6_FC_devices_seqlen_2560.txt
/home/aatmaj/CENT/aim_simulator/build/ramulator2 -f /home/aatmaj/CENT/aim_simulator/test/example.yaml -t /home/aatmaj/CENT/experiments/dda_full_sweep/traces/32_channels_per_device/6_devices/model_parallel/Llama2-70B/trace_6_FC_devices_seqlen_2688.txt
/home/aatmaj/CENT/aim_simulator/build/ramulator2 -f /home/aatmaj/CENT/aim_simulator/test/example.yaml -t /home/aatmaj/CENT/experiments/dda_full_sweep/traces/32_channels_per_device/6_devices/model_parallel_FC/Llama2-70B/trace_6_FC_devices_seqlen_2688.txt
/home/aatmaj/CENT/aim_simulator/build/ramulator2 -f /home/aatmaj/CENT/aim_simulator/test/example.yaml -t /home/aatmaj/CENT/experiments/dda_full_sweep/traces/32_channels_per_device/6_devices/model_parallel/Llama2-70B/trace_6_FC_devices_seqlen_2816.txt
/home/aatmaj/CENT/aim_simulator/build/ramulator2 -f /home/aatmaj/CENT/aim_simulator/test/example.yaml -t /home/aatmaj/CENT/experiments/dda_full_sweep/traces/32_channels_per_device/6_devices/model_parallel_FC/Llama2-70B/trace_6_FC_devices_seqlen_2816.txt
/home/aatmaj/CENT/aim_simulator/build/ramulator2 -f /home/aatmaj/CENT/aim_simulator/test/example.yaml -t /home/aatmaj/CENT/experiments/dda_full_sweep/traces/32_channels_per_device/6_devices/model_parallel/Llama2-70B/trace_6_FC_devices_seqlen_2944.txt
/home/aatmaj/CENT/aim_simulator/build/ramulator2 -f /home/aatmaj/CENT/aim_simulator/test/example.yaml -t /home/aatmaj/CENT/experiments/dda_full_sweep/traces/32_channels_per_device/6_devices/model_parallel_FC/Llama2-70B/trace_6_FC_devices_seqlen_2944.txt
/home/aatmaj/CENT/aim_simulator/build/ramulator2 -f /home/aatmaj/CENT/aim_simulator/test/example.yaml -t /home/aatmaj/CENT/experiments/dda_full_sweep/traces/32_channels_per_device/6_devices/model_parallel/Llama2-70B/trace_6_FC_devices_seqlen_3072.txt
/home/aatmaj/CENT/aim_simulator/build/ramulator2 -f /home/aatmaj/CENT/aim_simulator/test/example.yaml -t /home/aatmaj/CENT/experiments/dda_full_sweep/traces/32_channels_per_device/6_devices/model_parallel_FC/Llama2-70B/trace_6_FC_devices_seqlen_3072.txt
/home/aatmaj/CENT/aim_simulator/build/ramulator2 -f /home/aatmaj/CENT/aim_simulator/test/example.yaml -t /home/aatmaj/CENT/experiments/dda_full_sweep/traces/32_channels_per_device/6_devices/model_parallel/Llama2-70B/trace_6_FC_devices_seqlen_3200.txt
/home/aatmaj/CENT/aim_simulator/build/ramulator2 -f /home/aatmaj/CENT/aim_simulator/test/example.yaml -t /home/aatmaj/CENT/experiments/dda_full_sweep/traces/32_channels_per_device/6_devices/model_parallel_FC/Llama2-70B/trace_6_FC_devices_seqlen_3200.txt
/home/aatmaj/CENT/aim_simulator/build/ramulator2 -f /home/aatmaj/CENT/aim_simulator/test/example.yaml -t /home/aatmaj/CENT/experiments/dda_full_sweep/traces/32_channels_per_device/6_devices/model_parallel/Llama2-70B/trace_6_FC_devices_seqlen_3328.txt
/home/aatmaj/CENT/aim_simulator/build/ramulator2 -f /home/aatmaj/CENT/aim_simulator/test/example.yaml -t /home/aatmaj/CENT/experiments/dda_full_sweep/traces/32_channels_per_device/6_devices/model_parallel_FC/Llama2-70B/trace_6_FC_devices_seqlen_3328.txt
/home/aatmaj/CENT/aim_simulator/build/ramulator2 -f /home/aatmaj/CENT/aim_simulator/test/example.yaml -t /home/aatmaj/CENT/experiments/dda_full_sweep/traces/32_channels_per_device/6_devices/model_parallel/Llama2-70B/trace_6_FC_devices_seqlen_3456.txt
/home/aatmaj/CENT/aim_simulator/build/ramulator2 -f /home/aatmaj/CENT/aim_simulator/test/example.yaml -t /home/aatmaj/CENT/experiments/dda_full_sweep/traces/32_channels_per_device/6_devices/model_parallel_FC/Llama2-70B/trace_6_FC_devices_seqlen_3456.txt
/home/aatmaj/CENT/aim_simulator/build/ramulator2 -f /home/aatmaj/CENT/aim_simulator/test/example.yaml -t /home/aatmaj/CENT/experiments/dda_full_sweep/traces/32_channels_per_device/6_devices/model_parallel/Llama2-70B/trace_6_FC_devices_seqlen_3584.txt
/home/aatmaj/CENT/aim_simulator/build/ramulator2 -f /home/aatmaj/CENT/aim_simulator/test/example.yaml -t /home/aatmaj/CENT/experiments/dda_full_sweep/traces/32_channels_per_device/6_devices/model_parallel_FC/Llama2-70B/trace_6_FC_devices_seqlen_3584.txt
/home/aatmaj/CENT/aim_simulator/build/ramulator2 -f /home/aatmaj/CENT/aim_simulator/test/example.yaml -t /home/aatmaj/CENT/experiments/dda_full_sweep/traces/32_channels_per_device/6_devices/model_parallel/Llama2-70B/trace_6_FC_devices_seqlen_3712.txt
/home/aatmaj/CENT/aim_simulator/build/ramulator2 -f /home/aatmaj/CENT/aim_simulator/test/example.yaml -t /home/aatmaj/CENT/experiments/dda_full_sweep/traces/32_channels_per_device/6_devices/model_parallel_FC/Llama2-70B/trace_6_FC_devices_seqlen_3712.txt
/home/aatmaj/CENT/aim_simulator/build/ramulator2 -f /home/aatmaj/CENT/aim_simulator/test/example.yaml -t /home/aatmaj/CENT/experiments/dda_full_sweep/traces/32_channels_per_device/6_devices/model_parallel/Llama2-70B/trace_6_FC_devices_seqlen_3840.txt
/home/aatmaj/CENT/aim_simulator/build/ramulator2 -f /home/aatmaj/CENT/aim_simulator/test/example.yaml -t /home/aatmaj/CENT/experiments/dda_full_sweep/traces/32_channels_per_device/6_devices/model_parallel_FC/Llama2-70B/trace_6_FC_devices_seqlen_3840.txt
/home/aatmaj/CENT/aim_simulator/build/ramulator2 -f /home/aatmaj/CENT/aim_simulator/test/example.yaml -t /home/aatmaj/CENT/experiments/dda_full_sweep/traces/32_channels_per_device/6_devices/model_parallel/Llama2-70B/trace_6_FC_devices_seqlen_3968.txt
/home/aatmaj/CENT/aim_simulator/build/ramulator2 -f /home/aatmaj/CENT/aim_simulator/test/example.yaml -t /home/aatmaj/CENT/experiments/dda_full_sweep/traces/32_channels_per_device/6_devices/model_parallel_FC/Llama2-70B/trace_6_FC_devices_seqlen_3968.txt
/home/aatmaj/CENT/aim_simulator/build/ramulator2 -f /home/aatmaj/CENT/aim_simulator/test/example.yaml -t /home/aatmaj/CENT/experiments/dda_full_sweep/traces/32_channels_per_device/6_devices/model_parallel/Llama2-70B/trace_6_FC_devices_seqlen_4096.txt
/home/aatmaj/CENT/experiments/dda_full_sweep/simulation/run_sim_full32.py:447: FutureWarning: The behavior of DataFrame concatenation with empty or all-NA entries is deprecated. In a future version, this will no longer exclude empty or all-NA columns when determining the result dtypes. To retain the old behavior, exclude the relevant entries before the concat operation.
  results_df = pd.concat([results_df, new_df], ignore_index=True)
/home/aatmaj/CENT/aim_simulator/build/ramulator2 -f /home/aatmaj/CENT/aim_simulator/test/example.yaml -t /home/aatmaj/CENT/experiments/dda_full_sweep/traces/32_channels_per_device/6_devices/model_parallel_FC/Llama2-70B/trace_6_FC_devices_seqlen_4096.txt
Processing results...
Updating simulation results to CSV...

=== Pool T | Llama2-70B | N_T=26 / 32 | TP=1, PP=layers ===
Generating traces for Llama2-70B (26 devices) ...
/home/aatmaj/CENT/aim_simulator/build/ramulator2 -f /home/aatmaj/CENT/aim_simulator/test/example.yaml -t /home/aatmaj/CENT/experiments/dda_full_sweep/traces/32_channels_per_device/26_devices/pipeline_parallel_embedding/Llama2-70B/trace_8_channels_per_block_seqlen_4096.txt
/home/aatmaj/CENT/aim_simulator/build/ramulator2 -f /home/aatmaj/CENT/aim_simulator/test/example.yaml -t /home/aatmaj/CENT/experiments/dda_full_sweep/traces/32_channels_per_device/26_devices/pipeline_parallel/Llama2-70B/trace_8_channels_per_block_seqlen_128.txt
/home/aatmaj/CENT/aim_simulator/build/ramulator2 -f /home/aatmaj/CENT/aim_simulator/test/example.yaml -t /home/aatmaj/CENT/experiments/dda_full_sweep/traces/32_channels_per_device/26_devices/pipeline_parallel/Llama2-70B/trace_8_channels_per_block_seqlen_256.txt
/home/aatmaj/CENT/aim_simulator/build/ramulator2 -f /home/aatmaj/CENT/aim_simulator/test/example.yaml -t /home/aatmaj/CENT/experiments/dda_full_sweep/traces/32_channels_per_device/26_devices/pipeline_parallel/Llama2-70B/trace_8_channels_per_block_seqlen_384.txt
/home/aatmaj/CENT/aim_simulator/build/ramulator2 -f /home/aatmaj/CENT/aim_simulator/test/example.yaml -t /home/aatmaj/CENT/experiments/dda_full_sweep/traces/32_channels_per_device/26_devices/pipeline_parallel/Llama2-70B/trace_8_channels_per_block_seqlen_512.txt
/home/aatmaj/CENT/aim_simulator/build/ramulator2 -f /home/aatmaj/CENT/aim_simulator/test/example.yaml -t /home/aatmaj/CENT/experiments/dda_full_sweep/traces/32_channels_per_device/26_devices/pipeline_parallel/Llama2-70B/trace_8_channels_per_block_seqlen_640.txt
/home/aatmaj/CENT/aim_simulator/build/ramulator2 -f /home/aatmaj/CENT/aim_simulator/test/example.yaml -t /home/aatmaj/CENT/experiments/dda_full_sweep/traces/32_channels_per_device/26_devices/pipeline_parallel/Llama2-70B/trace_8_channels_per_block_seqlen_768.txt
/home/aatmaj/CENT/aim_simulator/build/ramulator2 -f /home/aatmaj/CENT/aim_simulator/test/example.yaml -t /home/aatmaj/CENT/experiments/dda_full_sweep/traces/32_channels_per_device/26_devices/pipeline_parallel/Llama2-70B/trace_8_channels_per_block_seqlen_896.txt
/home/aatmaj/CENT/aim_simulator/build/ramulator2 -f /home/aatmaj/CENT/aim_simulator/test/example.yaml -t /home/aatmaj/CENT/experiments/dda_full_sweep/traces/32_channels_per_device/26_devices/pipeline_parallel/Llama2-70B/trace_8_channels_per_block_seqlen_1024.txt
/home/aatmaj/CENT/aim_simulator/build/ramulator2 -f /home/aatmaj/CENT/aim_simulator/test/example.yaml -t /home/aatmaj/CENT/experiments/dda_full_sweep/traces/32_channels_per_device/26_devices/pipeline_parallel/Llama2-70B/trace_8_channels_per_block_seqlen_1152.txt
/home/aatmaj/CENT/aim_simulator/build/ramulator2 -f /home/aatmaj/CENT/aim_simulator/test/example.yaml -t /home/aatmaj/CENT/experiments/dda_full_sweep/traces/32_channels_per_device/26_devices/pipeline_parallel/Llama2-70B/trace_8_channels_per_block_seqlen_1280.txt
/home/aatmaj/CENT/aim_simulator/build/ramulator2 -f /home/aatmaj/CENT/aim_simulator/test/example.yaml -t /home/aatmaj/CENT/experiments/dda_full_sweep/traces/32_channels_per_device/26_devices/pipeline_parallel/Llama2-70B/trace_8_channels_per_block_seqlen_1408.txt
/home/aatmaj/CENT/aim_simulator/build/ramulator2 -f /home/aatmaj/CENT/aim_simulator/test/example.yaml -t /home/aatmaj/CENT/experiments/dda_full_sweep/traces/32_channels_per_device/26_devices/pipeline_parallel/Llama2-70B/trace_8_channels_per_block_seqlen_1536.txt
/home/aatmaj/CENT/aim_simulator/build/ramulator2 -f /home/aatmaj/CENT/aim_simulator/test/example.yaml -t /home/aatmaj/CENT/experiments/dda_full_sweep/traces/32_channels_per_device/26_devices/pipeline_parallel/Llama2-70B/trace_8_channels_per_block_seqlen_1664.txt
/home/aatmaj/CENT/aim_simulator/build/ramulator2 -f /home/aatmaj/CENT/aim_simulator/test/example.yaml -t /home/aatmaj/CENT/experiments/dda_full_sweep/traces/32_channels_per_device/26_devices/pipeline_parallel/Llama2-70B/trace_8_channels_per_block_seqlen_1792.txt
/home/aatmaj/CENT/aim_simulator/build/ramulator2 -f /home/aatmaj/CENT/aim_simulator/test/example.yaml -t /home/aatmaj/CENT/experiments/dda_full_sweep/traces/32_channels_per_device/26_devices/pipeline_parallel/Llama2-70B/trace_8_channels_per_block_seqlen_1920.txt
/home/aatmaj/CENT/aim_simulator/build/ramulator2 -f /home/aatmaj/CENT/aim_simulator/test/example.yaml -t /home/aatmaj/CENT/experiments/dda_full_sweep/traces/32_channels_per_device/26_devices/pipeline_parallel/Llama2-70B/trace_8_channels_per_block_seqlen_2048.txt
/home/aatmaj/CENT/aim_simulator/build/ramulator2 -f /home/aatmaj/CENT/aim_simulator/test/example.yaml -t /home/aatmaj/CENT/experiments/dda_full_sweep/traces/32_channels_per_device/26_devices/pipeline_parallel/Llama2-70B/trace_8_channels_per_block_seqlen_2176.txt
/home/aatmaj/CENT/aim_simulator/build/ramulator2 -f /home/aatmaj/CENT/aim_simulator/test/example.yaml -t /home/aatmaj/CENT/experiments/dda_full_sweep/traces/32_channels_per_device/26_devices/pipeline_parallel/Llama2-70B/trace_8_channels_per_block_seqlen_2304.txt
/home/aatmaj/CENT/aim_simulator/build/ramulator2 -f /home/aatmaj/CENT/aim_simulator/test/example.yaml -t /home/aatmaj/CENT/experiments/dda_full_sweep/traces/32_channels_per_device/26_devices/pipeline_parallel/Llama2-70B/trace_8_channels_per_block_seqlen_2432.txt
/home/aatmaj/CENT/aim_simulator/build/ramulator2 -f /home/aatmaj/CENT/aim_simulator/test/example.yaml -t /home/aatmaj/CENT/experiments/dda_full_sweep/traces/32_channels_per_device/26_devices/pipeline_parallel/Llama2-70B/trace_8_channels_per_block_seqlen_2560.txt
/home/aatmaj/CENT/aim_simulator/build/ramulator2 -f /home/aatmaj/CENT/aim_simulator/test/example.yaml -t /home/aatmaj/CENT/experiments/dda_full_sweep/traces/32_channels_per_device/26_devices/pipeline_parallel/Llama2-70B/trace_8_channels_per_block_seqlen_2688.txt
/home/aatmaj/CENT/aim_simulator/build/ramulator2 -f /home/aatmaj/CENT/aim_simulator/test/example.yaml -t /home/aatmaj/CENT/experiments/dda_full_sweep/traces/32_channels_per_device/26_devices/pipeline_parallel/Llama2-70B/trace_8_channels_per_block_seqlen_2816.txt
/home/aatmaj/CENT/aim_simulator/build/ramulator2 -f /home/aatmaj/CENT/aim_simulator/test/example.yaml -t /home/aatmaj/CENT/experiments/dda_full_sweep/traces/32_channels_per_device/26_devices/pipeline_parallel/Llama2-70B/trace_8_channels_per_block_seqlen_2944.txt
/home/aatmaj/CENT/aim_simulator/build/ramulator2 -f /home/aatmaj/CENT/aim_simulator/test/example.yaml -t /home/aatmaj/CENT/experiments/dda_full_sweep/traces/32_channels_per_device/26_devices/pipeline_parallel/Llama2-70B/trace_8_channels_per_block_seqlen_3072.txt
/home/aatmaj/CENT/aim_simulator/build/ramulator2 -f /home/aatmaj/CENT/aim_simulator/test/example.yaml -t /home/aatmaj/CENT/experiments/dda_full_sweep/traces/32_channels_per_device/26_devices/pipeline_parallel/Llama2-70B/trace_8_channels_per_block_seqlen_3200.txt
/home/aatmaj/CENT/aim_simulator/build/ramulator2 -f /home/aatmaj/CENT/aim_simulator/test/example.yaml -t /home/aatmaj/CENT/experiments/dda_full_sweep/traces/32_channels_per_device/26_devices/pipeline_parallel/Llama2-70B/trace_8_channels_per_block_seqlen_3328.txt
/home/aatmaj/CENT/aim_simulator/build/ramulator2 -f /home/aatmaj/CENT/aim_simulator/test/example.yaml -t /home/aatmaj/CENT/experiments/dda_full_sweep/traces/32_channels_per_device/26_devices/pipeline_parallel/Llama2-70B/trace_8_channels_per_block_seqlen_3456.txt
/home/aatmaj/CENT/aim_simulator/build/ramulator2 -f /home/aatmaj/CENT/aim_simulator/test/example.yaml -t /home/aatmaj/CENT/experiments/dda_full_sweep/traces/32_channels_per_device/26_devices/pipeline_parallel/Llama2-70B/trace_8_channels_per_block_seqlen_3584.txt
/home/aatmaj/CENT/aim_simulator/build/ramulator2 -f /home/aatmaj/CENT/aim_simulator/test/example.yaml -t /home/aatmaj/CENT/experiments/dda_full_sweep/traces/32_channels_per_device/26_devices/pipeline_parallel/Llama2-70B/trace_8_channels_per_block_seqlen_3712.txt
/home/aatmaj/CENT/experiments/dda_full_sweep/simulation/run_sim_full32.py:460: FutureWarning: The behavior of DataFrame concatenation with empty or all-NA entries is deprecated. In a future version, this will no longer exclude empty or all-NA columns when determining the result dtypes. To retain the old behavior, exclude the relevant entries before the concat operation.
  results_df = pd.concat([results_df, new_df], ignore_index=True)
/home/aatmaj/CENT/aim_simulator/build/ramulator2 -f /home/aatmaj/CENT/aim_simulator/test/example.yaml -t /home/aatmaj/CENT/experiments/dda_full_sweep/traces/32_channels_per_device/26_devices/pipeline_parallel/Llama2-70B/trace_8_channels_per_block_seqlen_3840.txt
/home/aatmaj/CENT/aim_simulator/build/ramulator2 -f /home/aatmaj/CENT/aim_simulator/test/example.yaml -t /home/aatmaj/CENT/experiments/dda_full_sweep/traces/32_channels_per_device/26_devices/pipeline_parallel/Llama2-70B/trace_8_channels_per_block_seqlen_3968.txt
/home/aatmaj/CENT/aim_simulator/build/ramulator2 -f /home/aatmaj/CENT/aim_simulator/test/example.yaml -t /home/aatmaj/CENT/experiments/dda_full_sweep/traces/32_channels_per_device/26_devices/pipeline_parallel/Llama2-70B/trace_8_channels_per_block_seqlen_4096.txt
Processing results...
Updating simulation results to CSV...

=== Pool L | Llama2-70B | N_L=8 / 32 | TP=8, PP=1 ===
Generating traces for Llama2-70B (8 devices) ...
/home/aatmaj/CENT/aim_simulator/build/ramulator2 -f /home/aatmaj/CENT/aim_simulator/test/example.yaml -t /home/aatmaj/CENT/experiments/dda_full_sweep/traces/32_channels_per_device/8_devices/model_parallel_embedding/Llama2-70B/trace_8_FC_devices_seqlen_4096.txt
/home/aatmaj/CENT/aim_simulator/build/ramulator2 -f /home/aatmaj/CENT/aim_simulator/test/example.yaml -t /home/aatmaj/CENT/experiments/dda_full_sweep/traces/32_channels_per_device/8_devices/model_parallel/Llama2-70B/trace_8_FC_devices_seqlen_128.txt
/home/aatmaj/CENT/aim_simulator/build/ramulator2 -f /home/aatmaj/CENT/aim_simulator/test/example.yaml -t /home/aatmaj/CENT/experiments/dda_full_sweep/traces/32_channels_per_device/8_devices/model_parallel_FC/Llama2-70B/trace_8_FC_devices_seqlen_128.txt
/home/aatmaj/CENT/aim_simulator/build/ramulator2 -f /home/aatmaj/CENT/aim_simulator/test/example.yaml -t /home/aatmaj/CENT/experiments/dda_full_sweep/traces/32_channels_per_device/8_devices/model_parallel/Llama2-70B/trace_8_FC_devices_seqlen_256.txt
/home/aatmaj/CENT/aim_simulator/build/ramulator2 -f /home/aatmaj/CENT/aim_simulator/test/example.yaml -t /home/aatmaj/CENT/experiments/dda_full_sweep/traces/32_channels_per_device/8_devices/model_parallel_FC/Llama2-70B/trace_8_FC_devices_seqlen_256.txt
/home/aatmaj/CENT/aim_simulator/build/ramulator2 -f /home/aatmaj/CENT/aim_simulator/test/example.yaml -t /home/aatmaj/CENT/experiments/dda_full_sweep/traces/32_channels_per_device/8_devices/model_parallel/Llama2-70B/trace_8_FC_devices_seqlen_384.txt
/home/aatmaj/CENT/aim_simulator/build/ramulator2 -f /home/aatmaj/CENT/aim_simulator/test/example.yaml -t /home/aatmaj/CENT/experiments/dda_full_sweep/traces/32_channels_per_device/8_devices/model_parallel_FC/Llama2-70B/trace_8_FC_devices_seqlen_384.txt
/home/aatmaj/CENT/aim_simulator/build/ramulator2 -f /home/aatmaj/CENT/aim_simulator/test/example.yaml -t /home/aatmaj/CENT/experiments/dda_full_sweep/traces/32_channels_per_device/8_devices/model_parallel/Llama2-70B/trace_8_FC_devices_seqlen_512.txt
/home/aatmaj/CENT/aim_simulator/build/ramulator2 -f /home/aatmaj/CENT/aim_simulator/test/example.yaml -t /home/aatmaj/CENT/experiments/dda_full_sweep/traces/32_channels_per_device/8_devices/model_parallel_FC/Llama2-70B/trace_8_FC_devices_seqlen_512.txt
/home/aatmaj/CENT/aim_simulator/build/ramulator2 -f /home/aatmaj/CENT/aim_simulator/test/example.yaml -t /home/aatmaj/CENT/experiments/dda_full_sweep/traces/32_channels_per_device/8_devices/model_parallel/Llama2-70B/trace_8_FC_devices_seqlen_640.txt
/home/aatmaj/CENT/aim_simulator/build/ramulator2 -f /home/aatmaj/CENT/aim_simulator/test/example.yaml -t /home/aatmaj/CENT/experiments/dda_full_sweep/traces/32_channels_per_device/8_devices/model_parallel_FC/Llama2-70B/trace_8_FC_devices_seqlen_640.txt
/home/aatmaj/CENT/aim_simulator/build/ramulator2 -f /home/aatmaj/CENT/aim_simulator/test/example.yaml -t /home/aatmaj/CENT/experiments/dda_full_sweep/traces/32_channels_per_device/8_devices/model_parallel/Llama2-70B/trace_8_FC_devices_seqlen_768.txt
/home/aatmaj/CENT/aim_simulator/build/ramulator2 -f /home/aatmaj/CENT/aim_simulator/test/example.yaml -t /home/aatmaj/CENT/experiments/dda_full_sweep/traces/32_channels_per_device/8_devices/model_parallel_FC/Llama2-70B/trace_8_FC_devices_seqlen_768.txt
/home/aatmaj/CENT/aim_simulator/build/ramulator2 -f /home/aatmaj/CENT/aim_simulator/test/example.yaml -t /home/aatmaj/CENT/experiments/dda_full_sweep/traces/32_channels_per_device/8_devices/model_parallel/Llama2-70B/trace_8_FC_devices_seqlen_896.txt
/home/aatmaj/CENT/aim_simulator/build/ramulator2 -f /home/aatmaj/CENT/aim_simulator/test/example.yaml -t /home/aatmaj/CENT/experiments/dda_full_sweep/traces/32_channels_per_device/8_devices/model_parallel_FC/Llama2-70B/trace_8_FC_devices_seqlen_896.txt
/home/aatmaj/CENT/aim_simulator/build/ramulator2 -f /home/aatmaj/CENT/aim_simulator/test/example.yaml -t /home/aatmaj/CENT/experiments/dda_full_sweep/traces/32_channels_per_device/8_devices/model_parallel/Llama2-70B/trace_8_FC_devices_seqlen_1024.txt
/home/aatmaj/CENT/aim_simulator/build/ramulator2 -f /home/aatmaj/CENT/aim_simulator/test/example.yaml -t /home/aatmaj/CENT/experiments/dda_full_sweep/traces/32_channels_per_device/8_devices/model_parallel_FC/Llama2-70B/trace_8_FC_devices_seqlen_1024.txt
/home/aatmaj/CENT/aim_simulator/build/ramulator2 -f /home/aatmaj/CENT/aim_simulator/test/example.yaml -t /home/aatmaj/CENT/experiments/dda_full_sweep/traces/32_channels_per_device/8_devices/model_parallel/Llama2-70B/trace_8_FC_devices_seqlen_1152.txt
/home/aatmaj/CENT/aim_simulator/build/ramulator2 -f /home/aatmaj/CENT/aim_simulator/test/example.yaml -t /home/aatmaj/CENT/experiments/dda_full_sweep/traces/32_channels_per_device/8_devices/model_parallel_FC/Llama2-70B/trace_8_FC_devices_seqlen_1152.txt
/home/aatmaj/CENT/aim_simulator/build/ramulator2 -f /home/aatmaj/CENT/aim_simulator/test/example.yaml -t /home/aatmaj/CENT/experiments/dda_full_sweep/traces/32_channels_per_device/8_devices/model_parallel/Llama2-70B/trace_8_FC_devices_seqlen_1280.txt
/home/aatmaj/CENT/aim_simulator/build/ramulator2 -f /home/aatmaj/CENT/aim_simulator/test/example.yaml -t /home/aatmaj/CENT/experiments/dda_full_sweep/traces/32_channels_per_device/8_devices/model_parallel_FC/Llama2-70B/trace_8_FC_devices_seqlen_1280.txt
/home/aatmaj/CENT/aim_simulator/build/ramulator2 -f /home/aatmaj/CENT/aim_simulator/test/example.yaml -t /home/aatmaj/CENT/experiments/dda_full_sweep/traces/32_channels_per_device/8_devices/model_parallel/Llama2-70B/trace_8_FC_devices_seqlen_1408.txt
/home/aatmaj/CENT/aim_simulator/build/ramulator2 -f /home/aatmaj/CENT/aim_simulator/test/example.yaml -t /home/aatmaj/CENT/experiments/dda_full_sweep/traces/32_channels_per_device/8_devices/model_parallel_FC/Llama2-70B/trace_8_FC_devices_seqlen_1408.txt
/home/aatmaj/CENT/aim_simulator/build/ramulator2 -f /home/aatmaj/CENT/aim_simulator/test/example.yaml -t /home/aatmaj/CENT/experiments/dda_full_sweep/traces/32_channels_per_device/8_devices/model_parallel/Llama2-70B/trace_8_FC_devices_seqlen_1536.txt
/home/aatmaj/CENT/aim_simulator/build/ramulator2 -f /home/aatmaj/CENT/aim_simulator/test/example.yaml -t /home/aatmaj/CENT/experiments/dda_full_sweep/traces/32_channels_per_device/8_devices/model_parallel_FC/Llama2-70B/trace_8_FC_devices_seqlen_1536.txt
/home/aatmaj/CENT/aim_simulator/build/ramulator2 -f /home/aatmaj/CENT/aim_simulator/test/example.yaml -t /home/aatmaj/CENT/experiments/dda_full_sweep/traces/32_channels_per_device/8_devices/model_parallel/Llama2-70B/trace_8_FC_devices_seqlen_1664.txt
/home/aatmaj/CENT/aim_simulator/build/ramulator2 -f /home/aatmaj/CENT/aim_simulator/test/example.yaml -t /home/aatmaj/CENT/experiments/dda_full_sweep/traces/32_channels_per_device/8_devices/model_parallel_FC/Llama2-70B/trace_8_FC_devices_seqlen_1664.txt
/home/aatmaj/CENT/aim_simulator/build/ramulator2 -f /home/aatmaj/CENT/aim_simulator/test/example.yaml -t /home/aatmaj/CENT/experiments/dda_full_sweep/traces/32_channels_per_device/8_devices/model_parallel/Llama2-70B/trace_8_FC_devices_seqlen_1792.txt
/home/aatmaj/CENT/aim_simulator/build/ramulator2 -f /home/aatmaj/CENT/aim_simulator/test/example.yaml -t /home/aatmaj/CENT/experiments/dda_full_sweep/traces/32_channels_per_device/8_devices/model_parallel_FC/Llama2-70B/trace_8_FC_devices_seqlen_1792.txt
/home/aatmaj/CENT/aim_simulator/build/ramulator2 -f /home/aatmaj/CENT/aim_simulator/test/example.yaml -t /home/aatmaj/CENT/experiments/dda_full_sweep/traces/32_channels_per_device/8_devices/model_parallel/Llama2-70B/trace_8_FC_devices_seqlen_1920.txt
/home/aatmaj/CENT/aim_simulator/build/ramulator2 -f /home/aatmaj/CENT/aim_simulator/test/example.yaml -t /home/aatmaj/CENT/experiments/dda_full_sweep/traces/32_channels_per_device/8_devices/model_parallel_FC/Llama2-70B/trace_8_FC_devices_seqlen_1920.txt
/home/aatmaj/CENT/aim_simulator/build/ramulator2 -f /home/aatmaj/CENT/aim_simulator/test/example.yaml -t /home/aatmaj/CENT/experiments/dda_full_sweep/traces/32_channels_per_device/8_devices/model_parallel/Llama2-70B/trace_8_FC_devices_seqlen_2048.txt
/home/aatmaj/CENT/aim_simulator/build/ramulator2 -f /home/aatmaj/CENT/aim_simulator/test/example.yaml -t /home/aatmaj/CENT/experiments/dda_full_sweep/traces/32_channels_per_device/8_devices/model_parallel_FC/Llama2-70B/trace_8_FC_devices_seqlen_2048.txt
/home/aatmaj/CENT/aim_simulator/build/ramulator2 -f /home/aatmaj/CENT/aim_simulator/test/example.yaml -t /home/aatmaj/CENT/experiments/dda_full_sweep/traces/32_channels_per_device/8_devices/model_parallel/Llama2-70B/trace_8_FC_devices_seqlen_2176.txt
/home/aatmaj/CENT/aim_simulator/build/ramulator2 -f /home/aatmaj/CENT/aim_simulator/test/example.yaml -t /home/aatmaj/CENT/experiments/dda_full_sweep/traces/32_channels_per_device/8_devices/model_parallel_FC/Llama2-70B/trace_8_FC_devices_seqlen_2176.txt
/home/aatmaj/CENT/aim_simulator/build/ramulator2 -f /home/aatmaj/CENT/aim_simulator/test/example.yaml -t /home/aatmaj/CENT/experiments/dda_full_sweep/traces/32_channels_per_device/8_devices/model_parallel/Llama2-70B/trace_8_FC_devices_seqlen_2304.txt
/home/aatmaj/CENT/aim_simulator/build/ramulator2 -f /home/aatmaj/CENT/aim_simulator/test/example.yaml -t /home/aatmaj/CENT/experiments/dda_full_sweep/traces/32_channels_per_device/8_devices/model_parallel_FC/Llama2-70B/trace_8_FC_devices_seqlen_2304.txt
/home/aatmaj/CENT/aim_simulator/build/ramulator2 -f /home/aatmaj/CENT/aim_simulator/test/example.yaml -t /home/aatmaj/CENT/experiments/dda_full_sweep/traces/32_channels_per_device/8_devices/model_parallel/Llama2-70B/trace_8_FC_devices_seqlen_2432.txt
/home/aatmaj/CENT/aim_simulator/build/ramulator2 -f /home/aatmaj/CENT/aim_simulator/test/example.yaml -t /home/aatmaj/CENT/experiments/dda_full_sweep/traces/32_channels_per_device/8_devices/model_parallel_FC/Llama2-70B/trace_8_FC_devices_seqlen_2432.txt
/home/aatmaj/CENT/aim_simulator/build/ramulator2 -f /home/aatmaj/CENT/aim_simulator/test/example.yaml -t /home/aatmaj/CENT/experiments/dda_full_sweep/traces/32_channels_per_device/8_devices/model_parallel/Llama2-70B/trace_8_FC_devices_seqlen_2560.txt
/home/aatmaj/CENT/aim_simulator/build/ramulator2 -f /home/aatmaj/CENT/aim_simulator/test/example.yaml -t /home/aatmaj/CENT/experiments/dda_full_sweep/traces/32_channels_per_device/8_devices/model_parallel_FC/Llama2-70B/trace_8_FC_devices_seqlen_2560.txt
/home/aatmaj/CENT/aim_simulator/build/ramulator2 -f /home/aatmaj/CENT/aim_simulator/test/example.yaml -t /home/aatmaj/CENT/experiments/dda_full_sweep/traces/32_channels_per_device/8_devices/model_parallel/Llama2-70B/trace_8_FC_devices_seqlen_2688.txt
/home/aatmaj/CENT/aim_simulator/build/ramulator2 -f /home/aatmaj/CENT/aim_simulator/test/example.yaml -t /home/aatmaj/CENT/experiments/dda_full_sweep/traces/32_channels_per_device/8_devices/model_parallel_FC/Llama2-70B/trace_8_FC_devices_seqlen_2688.txt
/home/aatmaj/CENT/aim_simulator/build/ramulator2 -f /home/aatmaj/CENT/aim_simulator/test/example.yaml -t /home/aatmaj/CENT/experiments/dda_full_sweep/traces/32_channels_per_device/8_devices/model_parallel/Llama2-70B/trace_8_FC_devices_seqlen_2816.txt
/home/aatmaj/CENT/aim_simulator/build/ramulator2 -f /home/aatmaj/CENT/aim_simulator/test/example.yaml -t /home/aatmaj/CENT/experiments/dda_full_sweep/traces/32_channels_per_device/8_devices/model_parallel_FC/Llama2-70B/trace_8_FC_devices_seqlen_2816.txt
/home/aatmaj/CENT/aim_simulator/build/ramulator2 -f /home/aatmaj/CENT/aim_simulator/test/example.yaml -t /home/aatmaj/CENT/experiments/dda_full_sweep/traces/32_channels_per_device/8_devices/model_parallel/Llama2-70B/trace_8_FC_devices_seqlen_2944.txt
/home/aatmaj/CENT/aim_simulator/build/ramulator2 -f /home/aatmaj/CENT/aim_simulator/test/example.yaml -t /home/aatmaj/CENT/experiments/dda_full_sweep/traces/32_channels_per_device/8_devices/model_parallel_FC/Llama2-70B/trace_8_FC_devices_seqlen_2944.txt
/home/aatmaj/CENT/aim_simulator/build/ramulator2 -f /home/aatmaj/CENT/aim_simulator/test/example.yaml -t /home/aatmaj/CENT/experiments/dda_full_sweep/traces/32_channels_per_device/8_devices/model_parallel/Llama2-70B/trace_8_FC_devices_seqlen_3072.txt
/home/aatmaj/CENT/aim_simulator/build/ramulator2 -f /home/aatmaj/CENT/aim_simulator/test/example.yaml -t /home/aatmaj/CENT/experiments/dda_full_sweep/traces/32_channels_per_device/8_devices/model_parallel_FC/Llama2-70B/trace_8_FC_devices_seqlen_3072.txt
/home/aatmaj/CENT/aim_simulator/build/ramulator2 -f /home/aatmaj/CENT/aim_simulator/test/example.yaml -t /home/aatmaj/CENT/experiments/dda_full_sweep/traces/32_channels_per_device/8_devices/model_parallel/Llama2-70B/trace_8_FC_devices_seqlen_3200.txt
/home/aatmaj/CENT/aim_simulator/build/ramulator2 -f /home/aatmaj/CENT/aim_simulator/test/example.yaml -t /home/aatmaj/CENT/experiments/dda_full_sweep/traces/32_channels_per_device/8_devices/model_parallel_FC/Llama2-70B/trace_8_FC_devices_seqlen_3200.txt
/home/aatmaj/CENT/aim_simulator/build/ramulator2 -f /home/aatmaj/CENT/aim_simulator/test/example.yaml -t /home/aatmaj/CENT/experiments/dda_full_sweep/traces/32_channels_per_device/8_devices/model_parallel/Llama2-70B/trace_8_FC_devices_seqlen_3328.txt
/home/aatmaj/CENT/aim_simulator/build/ramulator2 -f /home/aatmaj/CENT/aim_simulator/test/example.yaml -t /home/aatmaj/CENT/experiments/dda_full_sweep/traces/32_channels_per_device/8_devices/model_parallel_FC/Llama2-70B/trace_8_FC_devices_seqlen_3328.txt
/home/aatmaj/CENT/aim_simulator/build/ramulator2 -f /home/aatmaj/CENT/aim_simulator/test/example.yaml -t /home/aatmaj/CENT/experiments/dda_full_sweep/traces/32_channels_per_device/8_devices/model_parallel/Llama2-70B/trace_8_FC_devices_seqlen_3456.txt
/home/aatmaj/CENT/aim_simulator/build/ramulator2 -f /home/aatmaj/CENT/aim_simulator/test/example.yaml -t /home/aatmaj/CENT/experiments/dda_full_sweep/traces/32_channels_per_device/8_devices/model_parallel_FC/Llama2-70B/trace_8_FC_devices_seqlen_3456.txt
/home/aatmaj/CENT/aim_simulator/build/ramulator2 -f /home/aatmaj/CENT/aim_simulator/test/example.yaml -t /home/aatmaj/CENT/experiments/dda_full_sweep/traces/32_channels_per_device/8_devices/model_parallel/Llama2-70B/trace_8_FC_devices_seqlen_3584.txt
/home/aatmaj/CENT/aim_simulator/build/ramulator2 -f /home/aatmaj/CENT/aim_simulator/test/example.yaml -t /home/aatmaj/CENT/experiments/dda_full_sweep/traces/32_channels_per_device/8_devices/model_parallel_FC/Llama2-70B/trace_8_FC_devices_seqlen_3584.txt
/home/aatmaj/CENT/aim_simulator/build/ramulator2 -f /home/aatmaj/CENT/aim_simulator/test/example.yaml -t /home/aatmaj/CENT/experiments/dda_full_sweep/traces/32_channels_per_device/8_devices/model_parallel/Llama2-70B/trace_8_FC_devices_seqlen_3712.txt
/home/aatmaj/CENT/aim_simulator/build/ramulator2 -f /home/aatmaj/CENT/aim_simulator/test/example.yaml -t /home/aatmaj/CENT/experiments/dda_full_sweep/traces/32_channels_per_device/8_devices/model_parallel_FC/Llama2-70B/trace_8_FC_devices_seqlen_3712.txt
/home/aatmaj/CENT/aim_simulator/build/ramulator2 -f /home/aatmaj/CENT/aim_simulator/test/example.yaml -t /home/aatmaj/CENT/experiments/dda_full_sweep/traces/32_channels_per_device/8_devices/model_parallel/Llama2-70B/trace_8_FC_devices_seqlen_3840.txt
/home/aatmaj/CENT/aim_simulator/build/ramulator2 -f /home/aatmaj/CENT/aim_simulator/test/example.yaml -t /home/aatmaj/CENT/experiments/dda_full_sweep/traces/32_channels_per_device/8_devices/model_parallel_FC/Llama2-70B/trace_8_FC_devices_seqlen_3840.txt
/home/aatmaj/CENT/aim_simulator/build/ramulator2 -f /home/aatmaj/CENT/aim_simulator/test/example.yaml -t /home/aatmaj/CENT/experiments/dda_full_sweep/traces/32_channels_per_device/8_devices/model_parallel/Llama2-70B/trace_8_FC_devices_seqlen_3968.txt
/home/aatmaj/CENT/aim_simulator/build/ramulator2 -f /home/aatmaj/CENT/aim_simulator/test/example.yaml -t /home/aatmaj/CENT/experiments/dda_full_sweep/traces/32_channels_per_device/8_devices/model_parallel_FC/Llama2-70B/trace_8_FC_devices_seqlen_3968.txt
/home/aatmaj/CENT/aim_simulator/build/ramulator2 -f /home/aatmaj/CENT/aim_simulator/test/example.yaml -t /home/aatmaj/CENT/experiments/dda_full_sweep/traces/32_channels_per_device/8_devices/model_parallel/Llama2-70B/trace_8_FC_devices_seqlen_4096.txt
/home/aatmaj/CENT/experiments/dda_full_sweep/simulation/run_sim_full32.py:447: FutureWarning: The behavior of DataFrame concatenation with empty or all-NA entries is deprecated. In a future version, this will no longer exclude empty or all-NA columns when determining the result dtypes. To retain the old behavior, exclude the relevant entries before the concat operation.
  results_df = pd.concat([results_df, new_df], ignore_index=True)
/home/aatmaj/CENT/aim_simulator/build/ramulator2 -f /home/aatmaj/CENT/aim_simulator/test/example.yaml -t /home/aatmaj/CENT/experiments/dda_full_sweep/traces/32_channels_per_device/8_devices/model_parallel_FC/Llama2-70B/trace_8_FC_devices_seqlen_4096.txt
Processing results...
Updating simulation results to CSV...

=== Pool T | Llama2-70B | N_T=24 / 32 | TP=1, PP=layers ===
Generating traces for Llama2-70B (24 devices) ...
/home/aatmaj/CENT/aim_simulator/build/ramulator2 -f /home/aatmaj/CENT/aim_simulator/test/example.yaml -t /home/aatmaj/CENT/experiments/dda_full_sweep/traces/32_channels_per_device/24_devices/pipeline_parallel_embedding/Llama2-70B/trace_8_channels_per_block_seqlen_4096.txt
/home/aatmaj/CENT/aim_simulator/build/ramulator2 -f /home/aatmaj/CENT/aim_simulator/test/example.yaml -t /home/aatmaj/CENT/experiments/dda_full_sweep/traces/32_channels_per_device/24_devices/pipeline_parallel/Llama2-70B/trace_8_channels_per_block_seqlen_128.txt
/home/aatmaj/CENT/aim_simulator/build/ramulator2 -f /home/aatmaj/CENT/aim_simulator/test/example.yaml -t /home/aatmaj/CENT/experiments/dda_full_sweep/traces/32_channels_per_device/24_devices/pipeline_parallel/Llama2-70B/trace_8_channels_per_block_seqlen_256.txt
/home/aatmaj/CENT/aim_simulator/build/ramulator2 -f /home/aatmaj/CENT/aim_simulator/test/example.yaml -t /home/aatmaj/CENT/experiments/dda_full_sweep/traces/32_channels_per_device/24_devices/pipeline_parallel/Llama2-70B/trace_8_channels_per_block_seqlen_384.txt
/home/aatmaj/CENT/aim_simulator/build/ramulator2 -f /home/aatmaj/CENT/aim_simulator/test/example.yaml -t /home/aatmaj/CENT/experiments/dda_full_sweep/traces/32_channels_per_device/24_devices/pipeline_parallel/Llama2-70B/trace_8_channels_per_block_seqlen_512.txt
/home/aatmaj/CENT/aim_simulator/build/ramulator2 -f /home/aatmaj/CENT/aim_simulator/test/example.yaml -t /home/aatmaj/CENT/experiments/dda_full_sweep/traces/32_channels_per_device/24_devices/pipeline_parallel/Llama2-70B/trace_8_channels_per_block_seqlen_640.txt
/home/aatmaj/CENT/aim_simulator/build/ramulator2 -f /home/aatmaj/CENT/aim_simulator/test/example.yaml -t /home/aatmaj/CENT/experiments/dda_full_sweep/traces/32_channels_per_device/24_devices/pipeline_parallel/Llama2-70B/trace_8_channels_per_block_seqlen_768.txt
/home/aatmaj/CENT/aim_simulator/build/ramulator2 -f /home/aatmaj/CENT/aim_simulator/test/example.yaml -t /home/aatmaj/CENT/experiments/dda_full_sweep/traces/32_channels_per_device/24_devices/pipeline_parallel/Llama2-70B/trace_8_channels_per_block_seqlen_896.txt
/home/aatmaj/CENT/aim_simulator/build/ramulator2 -f /home/aatmaj/CENT/aim_simulator/test/example.yaml -t /home/aatmaj/CENT/experiments/dda_full_sweep/traces/32_channels_per_device/24_devices/pipeline_parallel/Llama2-70B/trace_8_channels_per_block_seqlen_1024.txt
/home/aatmaj/CENT/aim_simulator/build/ramulator2 -f /home/aatmaj/CENT/aim_simulator/test/example.yaml -t /home/aatmaj/CENT/experiments/dda_full_sweep/traces/32_channels_per_device/24_devices/pipeline_parallel/Llama2-70B/trace_8_channels_per_block_seqlen_1152.txt
/home/aatmaj/CENT/aim_simulator/build/ramulator2 -f /home/aatmaj/CENT/aim_simulator/test/example.yaml -t /home/aatmaj/CENT/experiments/dda_full_sweep/traces/32_channels_per_device/24_devices/pipeline_parallel/Llama2-70B/trace_8_channels_per_block_seqlen_1280.txt
/home/aatmaj/CENT/aim_simulator/build/ramulator2 -f /home/aatmaj/CENT/aim_simulator/test/example.yaml -t /home/aatmaj/CENT/experiments/dda_full_sweep/traces/32_channels_per_device/24_devices/pipeline_parallel/Llama2-70B/trace_8_channels_per_block_seqlen_1408.txt
/home/aatmaj/CENT/aim_simulator/build/ramulator2 -f /home/aatmaj/CENT/aim_simulator/test/example.yaml -t /home/aatmaj/CENT/experiments/dda_full_sweep/traces/32_channels_per_device/24_devices/pipeline_parallel/Llama2-70B/trace_8_channels_per_block_seqlen_1536.txt
/home/aatmaj/CENT/aim_simulator/build/ramulator2 -f /home/aatmaj/CENT/aim_simulator/test/example.yaml -t /home/aatmaj/CENT/experiments/dda_full_sweep/traces/32_channels_per_device/24_devices/pipeline_parallel/Llama2-70B/trace_8_channels_per_block_seqlen_1664.txt
/home/aatmaj/CENT/aim_simulator/build/ramulator2 -f /home/aatmaj/CENT/aim_simulator/test/example.yaml -t /home/aatmaj/CENT/experiments/dda_full_sweep/traces/32_channels_per_device/24_devices/pipeline_parallel/Llama2-70B/trace_8_channels_per_block_seqlen_1792.txt
/home/aatmaj/CENT/aim_simulator/build/ramulator2 -f /home/aatmaj/CENT/aim_simulator/test/example.yaml -t /home/aatmaj/CENT/experiments/dda_full_sweep/traces/32_channels_per_device/24_devices/pipeline_parallel/Llama2-70B/trace_8_channels_per_block_seqlen_1920.txt
/home/aatmaj/CENT/aim_simulator/build/ramulator2 -f /home/aatmaj/CENT/aim_simulator/test/example.yaml -t /home/aatmaj/CENT/experiments/dda_full_sweep/traces/32_channels_per_device/24_devices/pipeline_parallel/Llama2-70B/trace_8_channels_per_block_seqlen_2048.txt
/home/aatmaj/CENT/aim_simulator/build/ramulator2 -f /home/aatmaj/CENT/aim_simulator/test/example.yaml -t /home/aatmaj/CENT/experiments/dda_full_sweep/traces/32_channels_per_device/24_devices/pipeline_parallel/Llama2-70B/trace_8_channels_per_block_seqlen_2176.txt
/home/aatmaj/CENT/aim_simulator/build/ramulator2 -f /home/aatmaj/CENT/aim_simulator/test/example.yaml -t /home/aatmaj/CENT/experiments/dda_full_sweep/traces/32_channels_per_device/24_devices/pipeline_parallel/Llama2-70B/trace_8_channels_per_block_seqlen_2304.txt
/home/aatmaj/CENT/aim_simulator/build/ramulator2 -f /home/aatmaj/CENT/aim_simulator/test/example.yaml -t /home/aatmaj/CENT/experiments/dda_full_sweep/traces/32_channels_per_device/24_devices/pipeline_parallel/Llama2-70B/trace_8_channels_per_block_seqlen_2432.txt
/home/aatmaj/CENT/aim_simulator/build/ramulator2 -f /home/aatmaj/CENT/aim_simulator/test/example.yaml -t /home/aatmaj/CENT/experiments/dda_full_sweep/traces/32_channels_per_device/24_devices/pipeline_parallel/Llama2-70B/trace_8_channels_per_block_seqlen_2560.txt
/home/aatmaj/CENT/aim_simulator/build/ramulator2 -f /home/aatmaj/CENT/aim_simulator/test/example.yaml -t /home/aatmaj/CENT/experiments/dda_full_sweep/traces/32_channels_per_device/24_devices/pipeline_parallel/Llama2-70B/trace_8_channels_per_block_seqlen_2688.txt
/home/aatmaj/CENT/aim_simulator/build/ramulator2 -f /home/aatmaj/CENT/aim_simulator/test/example.yaml -t /home/aatmaj/CENT/experiments/dda_full_sweep/traces/32_channels_per_device/24_devices/pipeline_parallel/Llama2-70B/trace_8_channels_per_block_seqlen_2816.txt
/home/aatmaj/CENT/aim_simulator/build/ramulator2 -f /home/aatmaj/CENT/aim_simulator/test/example.yaml -t /home/aatmaj/CENT/experiments/dda_full_sweep/traces/32_channels_per_device/24_devices/pipeline_parallel/Llama2-70B/trace_8_channels_per_block_seqlen_2944.txt
/home/aatmaj/CENT/aim_simulator/build/ramulator2 -f /home/aatmaj/CENT/aim_simulator/test/example.yaml -t /home/aatmaj/CENT/experiments/dda_full_sweep/traces/32_channels_per_device/24_devices/pipeline_parallel/Llama2-70B/trace_8_channels_per_block_seqlen_3072.txt
/home/aatmaj/CENT/aim_simulator/build/ramulator2 -f /home/aatmaj/CENT/aim_simulator/test/example.yaml -t /home/aatmaj/CENT/experiments/dda_full_sweep/traces/32_channels_per_device/24_devices/pipeline_parallel/Llama2-70B/trace_8_channels_per_block_seqlen_3200.txt
/home/aatmaj/CENT/aim_simulator/build/ramulator2 -f /home/aatmaj/CENT/aim_simulator/test/example.yaml -t /home/aatmaj/CENT/experiments/dda_full_sweep/traces/32_channels_per_device/24_devices/pipeline_parallel/Llama2-70B/trace_8_channels_per_block_seqlen_3328.txt
/home/aatmaj/CENT/aim_simulator/build/ramulator2 -f /home/aatmaj/CENT/aim_simulator/test/example.yaml -t /home/aatmaj/CENT/experiments/dda_full_sweep/traces/32_channels_per_device/24_devices/pipeline_parallel/Llama2-70B/trace_8_channels_per_block_seqlen_3456.txt
/home/aatmaj/CENT/aim_simulator/build/ramulator2 -f /home/aatmaj/CENT/aim_simulator/test/example.yaml -t /home/aatmaj/CENT/experiments/dda_full_sweep/traces/32_channels_per_device/24_devices/pipeline_parallel/Llama2-70B/trace_8_channels_per_block_seqlen_3584.txt
/home/aatmaj/CENT/aim_simulator/build/ramulator2 -f /home/aatmaj/CENT/aim_simulator/test/example.yaml -t /home/aatmaj/CENT/experiments/dda_full_sweep/traces/32_channels_per_device/24_devices/pipeline_parallel/Llama2-70B/trace_8_channels_per_block_seqlen_3712.txt
/home/aatmaj/CENT/experiments/dda_full_sweep/simulation/run_sim_full32.py:460: FutureWarning: The behavior of DataFrame concatenation with empty or all-NA entries is deprecated. In a future version, this will no longer exclude empty or all-NA columns when determining the result dtypes. To retain the old behavior, exclude the relevant entries before the concat operation.
  results_df = pd.concat([results_df, new_df], ignore_index=True)
/home/aatmaj/CENT/aim_simulator/build/ramulator2 -f /home/aatmaj/CENT/aim_simulator/test/example.yaml -t /home/aatmaj/CENT/experiments/dda_full_sweep/traces/32_channels_per_device/24_devices/pipeline_parallel/Llama2-70B/trace_8_channels_per_block_seqlen_3840.txt
/home/aatmaj/CENT/aim_simulator/build/ramulator2 -f /home/aatmaj/CENT/aim_simulator/test/example.yaml -t /home/aatmaj/CENT/experiments/dda_full_sweep/traces/32_channels_per_device/24_devices/pipeline_parallel/Llama2-70B/trace_8_channels_per_block_seqlen_3968.txt
/home/aatmaj/CENT/aim_simulator/build/ramulator2 -f /home/aatmaj/CENT/aim_simulator/test/example.yaml -t /home/aatmaj/CENT/experiments/dda_full_sweep/traces/32_channels_per_device/24_devices/pipeline_parallel/Llama2-70B/trace_8_channels_per_block_seqlen_4096.txt
Processing results...
Updating simulation results to CSV...

=== Pool L | Llama2-70B | N_L=12 / 32 | TP=12, PP=1 ===
Generating traces for Llama2-70B (12 devices) ...
/home/aatmaj/CENT/aim_simulator/build/ramulator2 -f /home/aatmaj/CENT/aim_simulator/test/example.yaml -t /home/aatmaj/CENT/experiments/dda_full_sweep/traces/32_channels_per_device/12_devices/model_parallel_embedding/Llama2-70B/trace_12_FC_devices_seqlen_4096.txt
/home/aatmaj/CENT/aim_simulator/build/ramulator2 -f /home/aatmaj/CENT/aim_simulator/test/example.yaml -t /home/aatmaj/CENT/experiments/dda_full_sweep/traces/32_channels_per_device/12_devices/model_parallel/Llama2-70B/trace_12_FC_devices_seqlen_128.txt
/home/aatmaj/CENT/aim_simulator/build/ramulator2 -f /home/aatmaj/CENT/aim_simulator/test/example.yaml -t /home/aatmaj/CENT/experiments/dda_full_sweep/traces/32_channels_per_device/12_devices/model_parallel_FC/Llama2-70B/trace_12_FC_devices_seqlen_128.txt
/home/aatmaj/CENT/aim_simulator/build/ramulator2 -f /home/aatmaj/CENT/aim_simulator/test/example.yaml -t /home/aatmaj/CENT/experiments/dda_full_sweep/traces/32_channels_per_device/12_devices/model_parallel/Llama2-70B/trace_12_FC_devices_seqlen_256.txt
/home/aatmaj/CENT/aim_simulator/build/ramulator2 -f /home/aatmaj/CENT/aim_simulator/test/example.yaml -t /home/aatmaj/CENT/experiments/dda_full_sweep/traces/32_channels_per_device/12_devices/model_parallel_FC/Llama2-70B/trace_12_FC_devices_seqlen_256.txt
/home/aatmaj/CENT/aim_simulator/build/ramulator2 -f /home/aatmaj/CENT/aim_simulator/test/example.yaml -t /home/aatmaj/CENT/experiments/dda_full_sweep/traces/32_channels_per_device/12_devices/model_parallel/Llama2-70B/trace_12_FC_devices_seqlen_384.txt
/home/aatmaj/CENT/aim_simulator/build/ramulator2 -f /home/aatmaj/CENT/aim_simulator/test/example.yaml -t /home/aatmaj/CENT/experiments/dda_full_sweep/traces/32_channels_per_device/12_devices/model_parallel_FC/Llama2-70B/trace_12_FC_devices_seqlen_384.txt
/home/aatmaj/CENT/aim_simulator/build/ramulator2 -f /home/aatmaj/CENT/aim_simulator/test/example.yaml -t /home/aatmaj/CENT/experiments/dda_full_sweep/traces/32_channels_per_device/12_devices/model_parallel/Llama2-70B/trace_12_FC_devices_seqlen_512.txt
/home/aatmaj/CENT/aim_simulator/build/ramulator2 -f /home/aatmaj/CENT/aim_simulator/test/example.yaml -t /home/aatmaj/CENT/experiments/dda_full_sweep/traces/32_channels_per_device/12_devices/model_parallel_FC/Llama2-70B/trace_12_FC_devices_seqlen_512.txt
/home/aatmaj/CENT/aim_simulator/build/ramulator2 -f /home/aatmaj/CENT/aim_simulator/test/example.yaml -t /home/aatmaj/CENT/experiments/dda_full_sweep/traces/32_channels_per_device/12_devices/model_parallel/Llama2-70B/trace_12_FC_devices_seqlen_640.txt
/home/aatmaj/CENT/aim_simulator/build/ramulator2 -f /home/aatmaj/CENT/aim_simulator/test/example.yaml -t /home/aatmaj/CENT/experiments/dda_full_sweep/traces/32_channels_per_device/12_devices/model_parallel_FC/Llama2-70B/trace_12_FC_devices_seqlen_640.txt
/home/aatmaj/CENT/aim_simulator/build/ramulator2 -f /home/aatmaj/CENT/aim_simulator/test/example.yaml -t /home/aatmaj/CENT/experiments/dda_full_sweep/traces/32_channels_per_device/12_devices/model_parallel/Llama2-70B/trace_12_FC_devices_seqlen_768.txt
/home/aatmaj/CENT/aim_simulator/build/ramulator2 -f /home/aatmaj/CENT/aim_simulator/test/example.yaml -t /home/aatmaj/CENT/experiments/dda_full_sweep/traces/32_channels_per_device/12_devices/model_parallel_FC/Llama2-70B/trace_12_FC_devices_seqlen_768.txt
/home/aatmaj/CENT/aim_simulator/build/ramulator2 -f /home/aatmaj/CENT/aim_simulator/test/example.yaml -t /home/aatmaj/CENT/experiments/dda_full_sweep/traces/32_channels_per_device/12_devices/model_parallel/Llama2-70B/trace_12_FC_devices_seqlen_896.txt
/home/aatmaj/CENT/aim_simulator/build/ramulator2 -f /home/aatmaj/CENT/aim_simulator/test/example.yaml -t /home/aatmaj/CENT/experiments/dda_full_sweep/traces/32_channels_per_device/12_devices/model_parallel_FC/Llama2-70B/trace_12_FC_devices_seqlen_896.txt
/home/aatmaj/CENT/aim_simulator/build/ramulator2 -f /home/aatmaj/CENT/aim_simulator/test/example.yaml -t /home/aatmaj/CENT/experiments/dda_full_sweep/traces/32_channels_per_device/12_devices/model_parallel/Llama2-70B/trace_12_FC_devices_seqlen_1024.txt
/home/aatmaj/CENT/aim_simulator/build/ramulator2 -f /home/aatmaj/CENT/aim_simulator/test/example.yaml -t /home/aatmaj/CENT/experiments/dda_full_sweep/traces/32_channels_per_device/12_devices/model_parallel_FC/Llama2-70B/trace_12_FC_devices_seqlen_1024.txt
/home/aatmaj/CENT/aim_simulator/build/ramulator2 -f /home/aatmaj/CENT/aim_simulator/test/example.yaml -t /home/aatmaj/CENT/experiments/dda_full_sweep/traces/32_channels_per_device/12_devices/model_parallel/Llama2-70B/trace_12_FC_devices_seqlen_1152.txt
/home/aatmaj/CENT/aim_simulator/build/ramulator2 -f /home/aatmaj/CENT/aim_simulator/test/example.yaml -t /home/aatmaj/CENT/experiments/dda_full_sweep/traces/32_channels_per_device/12_devices/model_parallel_FC/Llama2-70B/trace_12_FC_devices_seqlen_1152.txt
/home/aatmaj/CENT/aim_simulator/build/ramulator2 -f /home/aatmaj/CENT/aim_simulator/test/example.yaml -t /home/aatmaj/CENT/experiments/dda_full_sweep/traces/32_channels_per_device/12_devices/model_parallel/Llama2-70B/trace_12_FC_devices_seqlen_1280.txt
/home/aatmaj/CENT/aim_simulator/build/ramulator2 -f /home/aatmaj/CENT/aim_simulator/test/example.yaml -t /home/aatmaj/CENT/experiments/dda_full_sweep/traces/32_channels_per_device/12_devices/model_parallel_FC/Llama2-70B/trace_12_FC_devices_seqlen_1280.txt
/home/aatmaj/CENT/aim_simulator/build/ramulator2 -f /home/aatmaj/CENT/aim_simulator/test/example.yaml -t /home/aatmaj/CENT/experiments/dda_full_sweep/traces/32_channels_per_device/12_devices/model_parallel/Llama2-70B/trace_12_FC_devices_seqlen_1408.txt
/home/aatmaj/CENT/aim_simulator/build/ramulator2 -f /home/aatmaj/CENT/aim_simulator/test/example.yaml -t /home/aatmaj/CENT/experiments/dda_full_sweep/traces/32_channels_per_device/12_devices/model_parallel_FC/Llama2-70B/trace_12_FC_devices_seqlen_1408.txt
/home/aatmaj/CENT/aim_simulator/build/ramulator2 -f /home/aatmaj/CENT/aim_simulator/test/example.yaml -t /home/aatmaj/CENT/experiments/dda_full_sweep/traces/32_channels_per_device/12_devices/model_parallel/Llama2-70B/trace_12_FC_devices_seqlen_1536.txt
/home/aatmaj/CENT/aim_simulator/build/ramulator2 -f /home/aatmaj/CENT/aim_simulator/test/example.yaml -t /home/aatmaj/CENT/experiments/dda_full_sweep/traces/32_channels_per_device/12_devices/model_parallel_FC/Llama2-70B/trace_12_FC_devices_seqlen_1536.txt
/home/aatmaj/CENT/aim_simulator/build/ramulator2 -f /home/aatmaj/CENT/aim_simulator/test/example.yaml -t /home/aatmaj/CENT/experiments/dda_full_sweep/traces/32_channels_per_device/12_devices/model_parallel/Llama2-70B/trace_12_FC_devices_seqlen_1664.txt
/home/aatmaj/CENT/aim_simulator/build/ramulator2 -f /home/aatmaj/CENT/aim_simulator/test/example.yaml -t /home/aatmaj/CENT/experiments/dda_full_sweep/traces/32_channels_per_device/12_devices/model_parallel_FC/Llama2-70B/trace_12_FC_devices_seqlen_1664.txt
/home/aatmaj/CENT/aim_simulator/build/ramulator2 -f /home/aatmaj/CENT/aim_simulator/test/example.yaml -t /home/aatmaj/CENT/experiments/dda_full_sweep/traces/32_channels_per_device/12_devices/model_parallel/Llama2-70B/trace_12_FC_devices_seqlen_1792.txt
/home/aatmaj/CENT/aim_simulator/build/ramulator2 -f /home/aatmaj/CENT/aim_simulator/test/example.yaml -t /home/aatmaj/CENT/experiments/dda_full_sweep/traces/32_channels_per_device/12_devices/model_parallel_FC/Llama2-70B/trace_12_FC_devices_seqlen_1792.txt
/home/aatmaj/CENT/aim_simulator/build/ramulator2 -f /home/aatmaj/CENT/aim_simulator/test/example.yaml -t /home/aatmaj/CENT/experiments/dda_full_sweep/traces/32_channels_per_device/12_devices/model_parallel/Llama2-70B/trace_12_FC_devices_seqlen_1920.txt
/home/aatmaj/CENT/aim_simulator/build/ramulator2 -f /home/aatmaj/CENT/aim_simulator/test/example.yaml -t /home/aatmaj/CENT/experiments/dda_full_sweep/traces/32_channels_per_device/12_devices/model_parallel_FC/Llama2-70B/trace_12_FC_devices_seqlen_1920.txt
/home/aatmaj/CENT/aim_simulator/build/ramulator2 -f /home/aatmaj/CENT/aim_simulator/test/example.yaml -t /home/aatmaj/CENT/experiments/dda_full_sweep/traces/32_channels_per_device/12_devices/model_parallel/Llama2-70B/trace_12_FC_devices_seqlen_2048.txt
/home/aatmaj/CENT/aim_simulator/build/ramulator2 -f /home/aatmaj/CENT/aim_simulator/test/example.yaml -t /home/aatmaj/CENT/experiments/dda_full_sweep/traces/32_channels_per_device/12_devices/model_parallel_FC/Llama2-70B/trace_12_FC_devices_seqlen_2048.txt
/home/aatmaj/CENT/aim_simulator/build/ramulator2 -f /home/aatmaj/CENT/aim_simulator/test/example.yaml -t /home/aatmaj/CENT/experiments/dda_full_sweep/traces/32_channels_per_device/12_devices/model_parallel/Llama2-70B/trace_12_FC_devices_seqlen_2176.txt
/home/aatmaj/CENT/aim_simulator/build/ramulator2 -f /home/aatmaj/CENT/aim_simulator/test/example.yaml -t /home/aatmaj/CENT/experiments/dda_full_sweep/traces/32_channels_per_device/12_devices/model_parallel_FC/Llama2-70B/trace_12_FC_devices_seqlen_2176.txt
/home/aatmaj/CENT/aim_simulator/build/ramulator2 -f /home/aatmaj/CENT/aim_simulator/test/example.yaml -t /home/aatmaj/CENT/experiments/dda_full_sweep/traces/32_channels_per_device/12_devices/model_parallel/Llama2-70B/trace_12_FC_devices_seqlen_2304.txt
/home/aatmaj/CENT/aim_simulator/build/ramulator2 -f /home/aatmaj/CENT/aim_simulator/test/example.yaml -t /home/aatmaj/CENT/experiments/dda_full_sweep/traces/32_channels_per_device/12_devices/model_parallel_FC/Llama2-70B/trace_12_FC_devices_seqlen_2304.txt
/home/aatmaj/CENT/aim_simulator/build/ramulator2 -f /home/aatmaj/CENT/aim_simulator/test/example.yaml -t /home/aatmaj/CENT/experiments/dda_full_sweep/traces/32_channels_per_device/12_devices/model_parallel/Llama2-70B/trace_12_FC_devices_seqlen_2432.txt
/home/aatmaj/CENT/aim_simulator/build/ramulator2 -f /home/aatmaj/CENT/aim_simulator/test/example.yaml -t /home/aatmaj/CENT/experiments/dda_full_sweep/traces/32_channels_per_device/12_devices/model_parallel_FC/Llama2-70B/trace_12_FC_devices_seqlen_2432.txt
/home/aatmaj/CENT/aim_simulator/build/ramulator2 -f /home/aatmaj/CENT/aim_simulator/test/example.yaml -t /home/aatmaj/CENT/experiments/dda_full_sweep/traces/32_channels_per_device/12_devices/model_parallel/Llama2-70B/trace_12_FC_devices_seqlen_2560.txt
/home/aatmaj/CENT/aim_simulator/build/ramulator2 -f /home/aatmaj/CENT/aim_simulator/test/example.yaml -t /home/aatmaj/CENT/experiments/dda_full_sweep/traces/32_channels_per_device/12_devices/model_parallel_FC/Llama2-70B/trace_12_FC_devices_seqlen_2560.txt
/home/aatmaj/CENT/aim_simulator/build/ramulator2 -f /home/aatmaj/CENT/aim_simulator/test/example.yaml -t /home/aatmaj/CENT/experiments/dda_full_sweep/traces/32_channels_per_device/12_devices/model_parallel/Llama2-70B/trace_12_FC_devices_seqlen_2688.txt
/home/aatmaj/CENT/aim_simulator/build/ramulator2 -f /home/aatmaj/CENT/aim_simulator/test/example.yaml -t /home/aatmaj/CENT/experiments/dda_full_sweep/traces/32_channels_per_device/12_devices/model_parallel_FC/Llama2-70B/trace_12_FC_devices_seqlen_2688.txt
/home/aatmaj/CENT/aim_simulator/build/ramulator2 -f /home/aatmaj/CENT/aim_simulator/test/example.yaml -t /home/aatmaj/CENT/experiments/dda_full_sweep/traces/32_channels_per_device/12_devices/model_parallel/Llama2-70B/trace_12_FC_devices_seqlen_2816.txt
/home/aatmaj/CENT/aim_simulator/build/ramulator2 -f /home/aatmaj/CENT/aim_simulator/test/example.yaml -t /home/aatmaj/CENT/experiments/dda_full_sweep/traces/32_channels_per_device/12_devices/model_parallel_FC/Llama2-70B/trace_12_FC_devices_seqlen_2816.txt
/home/aatmaj/CENT/aim_simulator/build/ramulator2 -f /home/aatmaj/CENT/aim_simulator/test/example.yaml -t /home/aatmaj/CENT/experiments/dda_full_sweep/traces/32_channels_per_device/12_devices/model_parallel/Llama2-70B/trace_12_FC_devices_seqlen_2944.txt
/home/aatmaj/CENT/aim_simulator/build/ramulator2 -f /home/aatmaj/CENT/aim_simulator/test/example.yaml -t /home/aatmaj/CENT/experiments/dda_full_sweep/traces/32_channels_per_device/12_devices/model_parallel_FC/Llama2-70B/trace_12_FC_devices_seqlen_2944.txt
/home/aatmaj/CENT/aim_simulator/build/ramulator2 -f /home/aatmaj/CENT/aim_simulator/test/example.yaml -t /home/aatmaj/CENT/experiments/dda_full_sweep/traces/32_channels_per_device/12_devices/model_parallel/Llama2-70B/trace_12_FC_devices_seqlen_3072.txt
/home/aatmaj/CENT/aim_simulator/build/ramulator2 -f /home/aatmaj/CENT/aim_simulator/test/example.yaml -t /home/aatmaj/CENT/experiments/dda_full_sweep/traces/32_channels_per_device/12_devices/model_parallel_FC/Llama2-70B/trace_12_FC_devices_seqlen_3072.txt
/home/aatmaj/CENT/aim_simulator/build/ramulator2 -f /home/aatmaj/CENT/aim_simulator/test/example.yaml -t /home/aatmaj/CENT/experiments/dda_full_sweep/traces/32_channels_per_device/12_devices/model_parallel/Llama2-70B/trace_12_FC_devices_seqlen_3200.txt
/home/aatmaj/CENT/aim_simulator/build/ramulator2 -f /home/aatmaj/CENT/aim_simulator/test/example.yaml -t /home/aatmaj/CENT/experiments/dda_full_sweep/traces/32_channels_per_device/12_devices/model_parallel_FC/Llama2-70B/trace_12_FC_devices_seqlen_3200.txt
/home/aatmaj/CENT/aim_simulator/build/ramulator2 -f /home/aatmaj/CENT/aim_simulator/test/example.yaml -t /home/aatmaj/CENT/experiments/dda_full_sweep/traces/32_channels_per_device/12_devices/model_parallel/Llama2-70B/trace_12_FC_devices_seqlen_3328.txt
/home/aatmaj/CENT/aim_simulator/build/ramulator2 -f /home/aatmaj/CENT/aim_simulator/test/example.yaml -t /home/aatmaj/CENT/experiments/dda_full_sweep/traces/32_channels_per_device/12_devices/model_parallel_FC/Llama2-70B/trace_12_FC_devices_seqlen_3328.txt
/home/aatmaj/CENT/aim_simulator/build/ramulator2 -f /home/aatmaj/CENT/aim_simulator/test/example.yaml -t /home/aatmaj/CENT/experiments/dda_full_sweep/traces/32_channels_per_device/12_devices/model_parallel/Llama2-70B/trace_12_FC_devices_seqlen_3456.txt
/home/aatmaj/CENT/aim_simulator/build/ramulator2 -f /home/aatmaj/CENT/aim_simulator/test/example.yaml -t /home/aatmaj/CENT/experiments/dda_full_sweep/traces/32_channels_per_device/12_devices/model_parallel_FC/Llama2-70B/trace_12_FC_devices_seqlen_3456.txt
/home/aatmaj/CENT/aim_simulator/build/ramulator2 -f /home/aatmaj/CENT/aim_simulator/test/example.yaml -t /home/aatmaj/CENT/experiments/dda_full_sweep/traces/32_channels_per_device/12_devices/model_parallel/Llama2-70B/trace_12_FC_devices_seqlen_3584.txt
/home/aatmaj/CENT/aim_simulator/build/ramulator2 -f /home/aatmaj/CENT/aim_simulator/test/example.yaml -t /home/aatmaj/CENT/experiments/dda_full_sweep/traces/32_channels_per_device/12_devices/model_parallel_FC/Llama2-70B/trace_12_FC_devices_seqlen_3584.txt
/home/aatmaj/CENT/aim_simulator/build/ramulator2 -f /home/aatmaj/CENT/aim_simulator/test/example.yaml -t /home/aatmaj/CENT/experiments/dda_full_sweep/traces/32_channels_per_device/12_devices/model_parallel/Llama2-70B/trace_12_FC_devices_seqlen_3712.txt
/home/aatmaj/CENT/aim_simulator/build/ramulator2 -f /home/aatmaj/CENT/aim_simulator/test/example.yaml -t /home/aatmaj/CENT/experiments/dda_full_sweep/traces/32_channels_per_device/12_devices/model_parallel_FC/Llama2-70B/trace_12_FC_devices_seqlen_3712.txt
/home/aatmaj/CENT/aim_simulator/build/ramulator2 -f /home/aatmaj/CENT/aim_simulator/test/example.yaml -t /home/aatmaj/CENT/experiments/dda_full_sweep/traces/32_channels_per_device/12_devices/model_parallel/Llama2-70B/trace_12_FC_devices_seqlen_3840.txt
/home/aatmaj/CENT/aim_simulator/build/ramulator2 -f /home/aatmaj/CENT/aim_simulator/test/example.yaml -t /home/aatmaj/CENT/experiments/dda_full_sweep/traces/32_channels_per_device/12_devices/model_parallel_FC/Llama2-70B/trace_12_FC_devices_seqlen_3840.txt
/home/aatmaj/CENT/aim_simulator/build/ramulator2 -f /home/aatmaj/CENT/aim_simulator/test/example.yaml -t /home/aatmaj/CENT/experiments/dda_full_sweep/traces/32_channels_per_device/12_devices/model_parallel/Llama2-70B/trace_12_FC_devices_seqlen_3968.txt
/home/aatmaj/CENT/aim_simulator/build/ramulator2 -f /home/aatmaj/CENT/aim_simulator/test/example.yaml -t /home/aatmaj/CENT/experiments/dda_full_sweep/traces/32_channels_per_device/12_devices/model_parallel_FC/Llama2-70B/trace_12_FC_devices_seqlen_3968.txt
/home/aatmaj/CENT/aim_simulator/build/ramulator2 -f /home/aatmaj/CENT/aim_simulator/test/example.yaml -t /home/aatmaj/CENT/experiments/dda_full_sweep/traces/32_channels_per_device/12_devices/model_parallel/Llama2-70B/trace_12_FC_devices_seqlen_4096.txt
/home/aatmaj/CENT/experiments/dda_full_sweep/simulation/run_sim_full32.py:447: FutureWarning: The behavior of DataFrame concatenation with empty or all-NA entries is deprecated. In a future version, this will no longer exclude empty or all-NA columns when determining the result dtypes. To retain the old behavior, exclude the relevant entries before the concat operation.
  results_df = pd.concat([results_df, new_df], ignore_index=True)
/home/aatmaj/CENT/aim_simulator/build/ramulator2 -f /home/aatmaj/CENT/aim_simulator/test/example.yaml -t /home/aatmaj/CENT/experiments/dda_full_sweep/traces/32_channels_per_device/12_devices/model_parallel_FC/Llama2-70B/trace_12_FC_devices_seqlen_4096.txt
Processing results...
Updating simulation results to CSV...

=== Pool T | Llama2-70B | N_T=20 / 32 | TP=1, PP=layers ===
Generating traces for Llama2-70B (20 devices) ...
/home/aatmaj/CENT/aim_simulator/build/ramulator2 -f /home/aatmaj/CENT/aim_simulator/test/example.yaml -t /home/aatmaj/CENT/experiments/dda_full_sweep/traces/32_channels_per_device/20_devices/pipeline_parallel_embedding/Llama2-70B/trace_8_channels_per_block_seqlen_4096.txt
/home/aatmaj/CENT/aim_simulator/build/ramulator2 -f /home/aatmaj/CENT/aim_simulator/test/example.yaml -t /home/aatmaj/CENT/experiments/dda_full_sweep/traces/32_channels_per_device/20_devices/pipeline_parallel/Llama2-70B/trace_8_channels_per_block_seqlen_128.txt
/home/aatmaj/CENT/aim_simulator/build/ramulator2 -f /home/aatmaj/CENT/aim_simulator/test/example.yaml -t /home/aatmaj/CENT/experiments/dda_full_sweep/traces/32_channels_per_device/20_devices/pipeline_parallel/Llama2-70B/trace_8_channels_per_block_seqlen_256.txt
/home/aatmaj/CENT/aim_simulator/build/ramulator2 -f /home/aatmaj/CENT/aim_simulator/test/example.yaml -t /home/aatmaj/CENT/experiments/dda_full_sweep/traces/32_channels_per_device/20_devices/pipeline_parallel/Llama2-70B/trace_8_channels_per_block_seqlen_384.txt
/home/aatmaj/CENT/aim_simulator/build/ramulator2 -f /home/aatmaj/CENT/aim_simulator/test/example.yaml -t /home/aatmaj/CENT/experiments/dda_full_sweep/traces/32_channels_per_device/20_devices/pipeline_parallel/Llama2-70B/trace_8_channels_per_block_seqlen_512.txt
/home/aatmaj/CENT/aim_simulator/build/ramulator2 -f /home/aatmaj/CENT/aim_simulator/test/example.yaml -t /home/aatmaj/CENT/experiments/dda_full_sweep/traces/32_channels_per_device/20_devices/pipeline_parallel/Llama2-70B/trace_8_channels_per_block_seqlen_640.txt
/home/aatmaj/CENT/aim_simulator/build/ramulator2 -f /home/aatmaj/CENT/aim_simulator/test/example.yaml -t /home/aatmaj/CENT/experiments/dda_full_sweep/traces/32_channels_per_device/20_devices/pipeline_parallel/Llama2-70B/trace_8_channels_per_block_seqlen_768.txt
/home/aatmaj/CENT/aim_simulator/build/ramulator2 -f /home/aatmaj/CENT/aim_simulator/test/example.yaml -t /home/aatmaj/CENT/experiments/dda_full_sweep/traces/32_channels_per_device/20_devices/pipeline_parallel/Llama2-70B/trace_8_channels_per_block_seqlen_896.txt
/home/aatmaj/CENT/aim_simulator/build/ramulator2 -f /home/aatmaj/CENT/aim_simulator/test/example.yaml -t /home/aatmaj/CENT/experiments/dda_full_sweep/traces/32_channels_per_device/20_devices/pipeline_parallel/Llama2-70B/trace_8_channels_per_block_seqlen_1024.txt
/home/aatmaj/CENT/aim_simulator/build/ramulator2 -f /home/aatmaj/CENT/aim_simulator/test/example.yaml -t /home/aatmaj/CENT/experiments/dda_full_sweep/traces/32_channels_per_device/20_devices/pipeline_parallel/Llama2-70B/trace_8_channels_per_block_seqlen_1152.txt
/home/aatmaj/CENT/aim_simulator/build/ramulator2 -f /home/aatmaj/CENT/aim_simulator/test/example.yaml -t /home/aatmaj/CENT/experiments/dda_full_sweep/traces/32_channels_per_device/20_devices/pipeline_parallel/Llama2-70B/trace_8_channels_per_block_seqlen_1280.txt
/home/aatmaj/CENT/aim_simulator/build/ramulator2 -f /home/aatmaj/CENT/aim_simulator/test/example.yaml -t /home/aatmaj/CENT/experiments/dda_full_sweep/traces/32_channels_per_device/20_devices/pipeline_parallel/Llama2-70B/trace_8_channels_per_block_seqlen_1408.txt
/home/aatmaj/CENT/aim_simulator/build/ramulator2 -f /home/aatmaj/CENT/aim_simulator/test/example.yaml -t /home/aatmaj/CENT/experiments/dda_full_sweep/traces/32_channels_per_device/20_devices/pipeline_parallel/Llama2-70B/trace_8_channels_per_block_seqlen_1536.txt
/home/aatmaj/CENT/aim_simulator/build/ramulator2 -f /home/aatmaj/CENT/aim_simulator/test/example.yaml -t /home/aatmaj/CENT/experiments/dda_full_sweep/traces/32_channels_per_device/20_devices/pipeline_parallel/Llama2-70B/trace_8_channels_per_block_seqlen_1664.txt
/home/aatmaj/CENT/aim_simulator/build/ramulator2 -f /home/aatmaj/CENT/aim_simulator/test/example.yaml -t /home/aatmaj/CENT/experiments/dda_full_sweep/traces/32_channels_per_device/20_devices/pipeline_parallel/Llama2-70B/trace_8_channels_per_block_seqlen_1792.txt
/home/aatmaj/CENT/aim_simulator/build/ramulator2 -f /home/aatmaj/CENT/aim_simulator/test/example.yaml -t /home/aatmaj/CENT/experiments/dda_full_sweep/traces/32_channels_per_device/20_devices/pipeline_parallel/Llama2-70B/trace_8_channels_per_block_seqlen_1920.txt
/home/aatmaj/CENT/aim_simulator/build/ramulator2 -f /home/aatmaj/CENT/aim_simulator/test/example.yaml -t /home/aatmaj/CENT/experiments/dda_full_sweep/traces/32_channels_per_device/20_devices/pipeline_parallel/Llama2-70B/trace_8_channels_per_block_seqlen_2048.txt
/home/aatmaj/CENT/aim_simulator/build/ramulator2 -f /home/aatmaj/CENT/aim_simulator/test/example.yaml -t /home/aatmaj/CENT/experiments/dda_full_sweep/traces/32_channels_per_device/20_devices/pipeline_parallel/Llama2-70B/trace_8_channels_per_block_seqlen_2176.txt
/home/aatmaj/CENT/aim_simulator/build/ramulator2 -f /home/aatmaj/CENT/aim_simulator/test/example.yaml -t /home/aatmaj/CENT/experiments/dda_full_sweep/traces/32_channels_per_device/20_devices/pipeline_parallel/Llama2-70B/trace_8_channels_per_block_seqlen_2304.txt
/home/aatmaj/CENT/aim_simulator/build/ramulator2 -f /home/aatmaj/CENT/aim_simulator/test/example.yaml -t /home/aatmaj/CENT/experiments/dda_full_sweep/traces/32_channels_per_device/20_devices/pipeline_parallel/Llama2-70B/trace_8_channels_per_block_seqlen_2432.txt
/home/aatmaj/CENT/aim_simulator/build/ramulator2 -f /home/aatmaj/CENT/aim_simulator/test/example.yaml -t /home/aatmaj/CENT/experiments/dda_full_sweep/traces/32_channels_per_device/20_devices/pipeline_parallel/Llama2-70B/trace_8_channels_per_block_seqlen_2560.txt
/home/aatmaj/CENT/aim_simulator/build/ramulator2 -f /home/aatmaj/CENT/aim_simulator/test/example.yaml -t /home/aatmaj/CENT/experiments/dda_full_sweep/traces/32_channels_per_device/20_devices/pipeline_parallel/Llama2-70B/trace_8_channels_per_block_seqlen_2688.txt
/home/aatmaj/CENT/aim_simulator/build/ramulator2 -f /home/aatmaj/CENT/aim_simulator/test/example.yaml -t /home/aatmaj/CENT/experiments/dda_full_sweep/traces/32_channels_per_device/20_devices/pipeline_parallel/Llama2-70B/trace_8_channels_per_block_seqlen_2816.txt
/home/aatmaj/CENT/aim_simulator/build/ramulator2 -f /home/aatmaj/CENT/aim_simulator/test/example.yaml -t /home/aatmaj/CENT/experiments/dda_full_sweep/traces/32_channels_per_device/20_devices/pipeline_parallel/Llama2-70B/trace_8_channels_per_block_seqlen_2944.txt
/home/aatmaj/CENT/aim_simulator/build/ramulator2 -f /home/aatmaj/CENT/aim_simulator/test/example.yaml -t /home/aatmaj/CENT/experiments/dda_full_sweep/traces/32_channels_per_device/20_devices/pipeline_parallel/Llama2-70B/trace_8_channels_per_block_seqlen_3072.txt
/home/aatmaj/CENT/aim_simulator/build/ramulator2 -f /home/aatmaj/CENT/aim_simulator/test/example.yaml -t /home/aatmaj/CENT/experiments/dda_full_sweep/traces/32_channels_per_device/20_devices/pipeline_parallel/Llama2-70B/trace_8_channels_per_block_seqlen_3200.txt
/home/aatmaj/CENT/aim_simulator/build/ramulator2 -f /home/aatmaj/CENT/aim_simulator/test/example.yaml -t /home/aatmaj/CENT/experiments/dda_full_sweep/traces/32_channels_per_device/20_devices/pipeline_parallel/Llama2-70B/trace_8_channels_per_block_seqlen_3328.txt
/home/aatmaj/CENT/aim_simulator/build/ramulator2 -f /home/aatmaj/CENT/aim_simulator/test/example.yaml -t /home/aatmaj/CENT/experiments/dda_full_sweep/traces/32_channels_per_device/20_devices/pipeline_parallel/Llama2-70B/trace_8_channels_per_block_seqlen_3456.txt
/home/aatmaj/CENT/aim_simulator/build/ramulator2 -f /home/aatmaj/CENT/aim_simulator/test/example.yaml -t /home/aatmaj/CENT/experiments/dda_full_sweep/traces/32_channels_per_device/20_devices/pipeline_parallel/Llama2-70B/trace_8_channels_per_block_seqlen_3584.txt
/home/aatmaj/CENT/aim_simulator/build/ramulator2 -f /home/aatmaj/CENT/aim_simulator/test/example.yaml -t /home/aatmaj/CENT/experiments/dda_full_sweep/traces/32_channels_per_device/20_devices/pipeline_parallel/Llama2-70B/trace_8_channels_per_block_seqlen_3712.txt
/home/aatmaj/CENT/experiments/dda_full_sweep/simulation/run_sim_full32.py:460: FutureWarning: The behavior of DataFrame concatenation with empty or all-NA entries is deprecated. In a future version, this will no longer exclude empty or all-NA columns when determining the result dtypes. To retain the old behavior, exclude the relevant entries before the concat operation.
  results_df = pd.concat([results_df, new_df], ignore_index=True)
/home/aatmaj/CENT/aim_simulator/build/ramulator2 -f /home/aatmaj/CENT/aim_simulator/test/example.yaml -t /home/aatmaj/CENT/experiments/dda_full_sweep/traces/32_channels_per_device/20_devices/pipeline_parallel/Llama2-70B/trace_8_channels_per_block_seqlen_3840.txt
/home/aatmaj/CENT/aim_simulator/build/ramulator2 -f /home/aatmaj/CENT/aim_simulator/test/example.yaml -t /home/aatmaj/CENT/experiments/dda_full_sweep/traces/32_channels_per_device/20_devices/pipeline_parallel/Llama2-70B/trace_8_channels_per_block_seqlen_3968.txt
/home/aatmaj/CENT/aim_simulator/build/ramulator2 -f /home/aatmaj/CENT/aim_simulator/test/example.yaml -t /home/aatmaj/CENT/experiments/dda_full_sweep/traces/32_channels_per_device/20_devices/pipeline_parallel/Llama2-70B/trace_8_channels_per_block_seqlen_4096.txt
Processing results...
Updating simulation results to CSV...

=== Pool L | Llama2-70B | N_L=16 / 32 | TP=16, PP=1 ===
Generating traces for Llama2-70B (16 devices) ...
/home/aatmaj/CENT/aim_simulator/build/ramulator2 -f /home/aatmaj/CENT/aim_simulator/test/example.yaml -t /home/aatmaj/CENT/experiments/dda_full_sweep/traces/32_channels_per_device/16_devices/model_parallel_embedding/Llama2-70B/trace_16_FC_devices_seqlen_4096.txt
/home/aatmaj/CENT/aim_simulator/build/ramulator2 -f /home/aatmaj/CENT/aim_simulator/test/example.yaml -t /home/aatmaj/CENT/experiments/dda_full_sweep/traces/32_channels_per_device/16_devices/model_parallel/Llama2-70B/trace_16_FC_devices_seqlen_128.txt
/home/aatmaj/CENT/aim_simulator/build/ramulator2 -f /home/aatmaj/CENT/aim_simulator/test/example.yaml -t /home/aatmaj/CENT/experiments/dda_full_sweep/traces/32_channels_per_device/16_devices/model_parallel_FC/Llama2-70B/trace_16_FC_devices_seqlen_128.txt
/home/aatmaj/CENT/aim_simulator/build/ramulator2 -f /home/aatmaj/CENT/aim_simulator/test/example.yaml -t /home/aatmaj/CENT/experiments/dda_full_sweep/traces/32_channels_per_device/16_devices/model_parallel/Llama2-70B/trace_16_FC_devices_seqlen_256.txt
/home/aatmaj/CENT/aim_simulator/build/ramulator2 -f /home/aatmaj/CENT/aim_simulator/test/example.yaml -t /home/aatmaj/CENT/experiments/dda_full_sweep/traces/32_channels_per_device/16_devices/model_parallel_FC/Llama2-70B/trace_16_FC_devices_seqlen_256.txt
/home/aatmaj/CENT/aim_simulator/build/ramulator2 -f /home/aatmaj/CENT/aim_simulator/test/example.yaml -t /home/aatmaj/CENT/experiments/dda_full_sweep/traces/32_channels_per_device/16_devices/model_parallel/Llama2-70B/trace_16_FC_devices_seqlen_384.txt
/home/aatmaj/CENT/aim_simulator/build/ramulator2 -f /home/aatmaj/CENT/aim_simulator/test/example.yaml -t /home/aatmaj/CENT/experiments/dda_full_sweep/traces/32_channels_per_device/16_devices/model_parallel_FC/Llama2-70B/trace_16_FC_devices_seqlen_384.txt
/home/aatmaj/CENT/aim_simulator/build/ramulator2 -f /home/aatmaj/CENT/aim_simulator/test/example.yaml -t /home/aatmaj/CENT/experiments/dda_full_sweep/traces/32_channels_per_device/16_devices/model_parallel/Llama2-70B/trace_16_FC_devices_seqlen_512.txt
/home/aatmaj/CENT/aim_simulator/build/ramulator2 -f /home/aatmaj/CENT/aim_simulator/test/example.yaml -t /home/aatmaj/CENT/experiments/dda_full_sweep/traces/32_channels_per_device/16_devices/model_parallel_FC/Llama2-70B/trace_16_FC_devices_seqlen_512.txt
/home/aatmaj/CENT/aim_simulator/build/ramulator2 -f /home/aatmaj/CENT/aim_simulator/test/example.yaml -t /home/aatmaj/CENT/experiments/dda_full_sweep/traces/32_channels_per_device/16_devices/model_parallel/Llama2-70B/trace_16_FC_devices_seqlen_640.txt
/home/aatmaj/CENT/aim_simulator/build/ramulator2 -f /home/aatmaj/CENT/aim_simulator/test/example.yaml -t /home/aatmaj/CENT/experiments/dda_full_sweep/traces/32_channels_per_device/16_devices/model_parallel_FC/Llama2-70B/trace_16_FC_devices_seqlen_640.txt
/home/aatmaj/CENT/aim_simulator/build/ramulator2 -f /home/aatmaj/CENT/aim_simulator/test/example.yaml -t /home/aatmaj/CENT/experiments/dda_full_sweep/traces/32_channels_per_device/16_devices/model_parallel/Llama2-70B/trace_16_FC_devices_seqlen_768.txt
/home/aatmaj/CENT/aim_simulator/build/ramulator2 -f /home/aatmaj/CENT/aim_simulator/test/example.yaml -t /home/aatmaj/CENT/experiments/dda_full_sweep/traces/32_channels_per_device/16_devices/model_parallel_FC/Llama2-70B/trace_16_FC_devices_seqlen_768.txt
/home/aatmaj/CENT/aim_simulator/build/ramulator2 -f /home/aatmaj/CENT/aim_simulator/test/example.yaml -t /home/aatmaj/CENT/experiments/dda_full_sweep/traces/32_channels_per_device/16_devices/model_parallel/Llama2-70B/trace_16_FC_devices_seqlen_896.txt
/home/aatmaj/CENT/aim_simulator/build/ramulator2 -f /home/aatmaj/CENT/aim_simulator/test/example.yaml -t /home/aatmaj/CENT/experiments/dda_full_sweep/traces/32_channels_per_device/16_devices/model_parallel_FC/Llama2-70B/trace_16_FC_devices_seqlen_896.txt
/home/aatmaj/CENT/aim_simulator/build/ramulator2 -f /home/aatmaj/CENT/aim_simulator/test/example.yaml -t /home/aatmaj/CENT/experiments/dda_full_sweep/traces/32_channels_per_device/16_devices/model_parallel/Llama2-70B/trace_16_FC_devices_seqlen_1024.txt
/home/aatmaj/CENT/aim_simulator/build/ramulator2 -f /home/aatmaj/CENT/aim_simulator/test/example.yaml -t /home/aatmaj/CENT/experiments/dda_full_sweep/traces/32_channels_per_device/16_devices/model_parallel_FC/Llama2-70B/trace_16_FC_devices_seqlen_1024.txt
/home/aatmaj/CENT/aim_simulator/build/ramulator2 -f /home/aatmaj/CENT/aim_simulator/test/example.yaml -t /home/aatmaj/CENT/experiments/dda_full_sweep/traces/32_channels_per_device/16_devices/model_parallel/Llama2-70B/trace_16_FC_devices_seqlen_1152.txt
/home/aatmaj/CENT/aim_simulator/build/ramulator2 -f /home/aatmaj/CENT/aim_simulator/test/example.yaml -t /home/aatmaj/CENT/experiments/dda_full_sweep/traces/32_channels_per_device/16_devices/model_parallel_FC/Llama2-70B/trace_16_FC_devices_seqlen_1152.txt
/home/aatmaj/CENT/aim_simulator/build/ramulator2 -f /home/aatmaj/CENT/aim_simulator/test/example.yaml -t /home/aatmaj/CENT/experiments/dda_full_sweep/traces/32_channels_per_device/16_devices/model_parallel/Llama2-70B/trace_16_FC_devices_seqlen_1280.txt
/home/aatmaj/CENT/aim_simulator/build/ramulator2 -f /home/aatmaj/CENT/aim_simulator/test/example.yaml -t /home/aatmaj/CENT/experiments/dda_full_sweep/traces/32_channels_per_device/16_devices/model_parallel_FC/Llama2-70B/trace_16_FC_devices_seqlen_1280.txt
/home/aatmaj/CENT/aim_simulator/build/ramulator2 -f /home/aatmaj/CENT/aim_simulator/test/example.yaml -t /home/aatmaj/CENT/experiments/dda_full_sweep/traces/32_channels_per_device/16_devices/model_parallel/Llama2-70B/trace_16_FC_devices_seqlen_1408.txt
/home/aatmaj/CENT/aim_simulator/build/ramulator2 -f /home/aatmaj/CENT/aim_simulator/test/example.yaml -t /home/aatmaj/CENT/experiments/dda_full_sweep/traces/32_channels_per_device/16_devices/model_parallel_FC/Llama2-70B/trace_16_FC_devices_seqlen_1408.txt
/home/aatmaj/CENT/aim_simulator/build/ramulator2 -f /home/aatmaj/CENT/aim_simulator/test/example.yaml -t /home/aatmaj/CENT/experiments/dda_full_sweep/traces/32_channels_per_device/16_devices/model_parallel/Llama2-70B/trace_16_FC_devices_seqlen_1536.txt
/home/aatmaj/CENT/aim_simulator/build/ramulator2 -f /home/aatmaj/CENT/aim_simulator/test/example.yaml -t /home/aatmaj/CENT/experiments/dda_full_sweep/traces/32_channels_per_device/16_devices/model_parallel_FC/Llama2-70B/trace_16_FC_devices_seqlen_1536.txt
/home/aatmaj/CENT/aim_simulator/build/ramulator2 -f /home/aatmaj/CENT/aim_simulator/test/example.yaml -t /home/aatmaj/CENT/experiments/dda_full_sweep/traces/32_channels_per_device/16_devices/model_parallel/Llama2-70B/trace_16_FC_devices_seqlen_1664.txt
/home/aatmaj/CENT/aim_simulator/build/ramulator2 -f /home/aatmaj/CENT/aim_simulator/test/example.yaml -t /home/aatmaj/CENT/experiments/dda_full_sweep/traces/32_channels_per_device/16_devices/model_parallel_FC/Llama2-70B/trace_16_FC_devices_seqlen_1664.txt
/home/aatmaj/CENT/aim_simulator/build/ramulator2 -f /home/aatmaj/CENT/aim_simulator/test/example.yaml -t /home/aatmaj/CENT/experiments/dda_full_sweep/traces/32_channels_per_device/16_devices/model_parallel/Llama2-70B/trace_16_FC_devices_seqlen_1792.txt
/home/aatmaj/CENT/aim_simulator/build/ramulator2 -f /home/aatmaj/CENT/aim_simulator/test/example.yaml -t /home/aatmaj/CENT/experiments/dda_full_sweep/traces/32_channels_per_device/16_devices/model_parallel_FC/Llama2-70B/trace_16_FC_devices_seqlen_1792.txt
/home/aatmaj/CENT/aim_simulator/build/ramulator2 -f /home/aatmaj/CENT/aim_simulator/test/example.yaml -t /home/aatmaj/CENT/experiments/dda_full_sweep/traces/32_channels_per_device/16_devices/model_parallel/Llama2-70B/trace_16_FC_devices_seqlen_1920.txt
/home/aatmaj/CENT/aim_simulator/build/ramulator2 -f /home/aatmaj/CENT/aim_simulator/test/example.yaml -t /home/aatmaj/CENT/experiments/dda_full_sweep/traces/32_channels_per_device/16_devices/model_parallel_FC/Llama2-70B/trace_16_FC_devices_seqlen_1920.txt
/home/aatmaj/CENT/aim_simulator/build/ramulator2 -f /home/aatmaj/CENT/aim_simulator/test/example.yaml -t /home/aatmaj/CENT/experiments/dda_full_sweep/traces/32_channels_per_device/16_devices/model_parallel/Llama2-70B/trace_16_FC_devices_seqlen_2048.txt
/home/aatmaj/CENT/aim_simulator/build/ramulator2 -f /home/aatmaj/CENT/aim_simulator/test/example.yaml -t /home/aatmaj/CENT/experiments/dda_full_sweep/traces/32_channels_per_device/16_devices/model_parallel_FC/Llama2-70B/trace_16_FC_devices_seqlen_2048.txt
/home/aatmaj/CENT/aim_simulator/build/ramulator2 -f /home/aatmaj/CENT/aim_simulator/test/example.yaml -t /home/aatmaj/CENT/experiments/dda_full_sweep/traces/32_channels_per_device/16_devices/model_parallel/Llama2-70B/trace_16_FC_devices_seqlen_2176.txt
/home/aatmaj/CENT/aim_simulator/build/ramulator2 -f /home/aatmaj/CENT/aim_simulator/test/example.yaml -t /home/aatmaj/CENT/experiments/dda_full_sweep/traces/32_channels_per_device/16_devices/model_parallel_FC/Llama2-70B/trace_16_FC_devices_seqlen_2176.txt
/home/aatmaj/CENT/aim_simulator/build/ramulator2 -f /home/aatmaj/CENT/aim_simulator/test/example.yaml -t /home/aatmaj/CENT/experiments/dda_full_sweep/traces/32_channels_per_device/16_devices/model_parallel/Llama2-70B/trace_16_FC_devices_seqlen_2304.txt
/home/aatmaj/CENT/aim_simulator/build/ramulator2 -f /home/aatmaj/CENT/aim_simulator/test/example.yaml -t /home/aatmaj/CENT/experiments/dda_full_sweep/traces/32_channels_per_device/16_devices/model_parallel_FC/Llama2-70B/trace_16_FC_devices_seqlen_2304.txt
/home/aatmaj/CENT/aim_simulator/build/ramulator2 -f /home/aatmaj/CENT/aim_simulator/test/example.yaml -t /home/aatmaj/CENT/experiments/dda_full_sweep/traces/32_channels_per_device/16_devices/model_parallel/Llama2-70B/trace_16_FC_devices_seqlen_2432.txt
/home/aatmaj/CENT/aim_simulator/build/ramulator2 -f /home/aatmaj/CENT/aim_simulator/test/example.yaml -t /home/aatmaj/CENT/experiments/dda_full_sweep/traces/32_channels_per_device/16_devices/model_parallel_FC/Llama2-70B/trace_16_FC_devices_seqlen_2432.txt
/home/aatmaj/CENT/aim_simulator/build/ramulator2 -f /home/aatmaj/CENT/aim_simulator/test/example.yaml -t /home/aatmaj/CENT/experiments/dda_full_sweep/traces/32_channels_per_device/16_devices/model_parallel/Llama2-70B/trace_16_FC_devices_seqlen_2560.txt
/home/aatmaj/CENT/aim_simulator/build/ramulator2 -f /home/aatmaj/CENT/aim_simulator/test/example.yaml -t /home/aatmaj/CENT/experiments/dda_full_sweep/traces/32_channels_per_device/16_devices/model_parallel_FC/Llama2-70B/trace_16_FC_devices_seqlen_2560.txt
/home/aatmaj/CENT/aim_simulator/build/ramulator2 -f /home/aatmaj/CENT/aim_simulator/test/example.yaml -t /home/aatmaj/CENT/experiments/dda_full_sweep/traces/32_channels_per_device/16_devices/model_parallel/Llama2-70B/trace_16_FC_devices_seqlen_2688.txt
/home/aatmaj/CENT/aim_simulator/build/ramulator2 -f /home/aatmaj/CENT/aim_simulator/test/example.yaml -t /home/aatmaj/CENT/experiments/dda_full_sweep/traces/32_channels_per_device/16_devices/model_parallel_FC/Llama2-70B/trace_16_FC_devices_seqlen_2688.txt
/home/aatmaj/CENT/aim_simulator/build/ramulator2 -f /home/aatmaj/CENT/aim_simulator/test/example.yaml -t /home/aatmaj/CENT/experiments/dda_full_sweep/traces/32_channels_per_device/16_devices/model_parallel/Llama2-70B/trace_16_FC_devices_seqlen_2816.txt
/home/aatmaj/CENT/aim_simulator/build/ramulator2 -f /home/aatmaj/CENT/aim_simulator/test/example.yaml -t /home/aatmaj/CENT/experiments/dda_full_sweep/traces/32_channels_per_device/16_devices/model_parallel_FC/Llama2-70B/trace_16_FC_devices_seqlen_2816.txt
/home/aatmaj/CENT/aim_simulator/build/ramulator2 -f /home/aatmaj/CENT/aim_simulator/test/example.yaml -t /home/aatmaj/CENT/experiments/dda_full_sweep/traces/32_channels_per_device/16_devices/model_parallel/Llama2-70B/trace_16_FC_devices_seqlen_2944.txt
/home/aatmaj/CENT/aim_simulator/build/ramulator2 -f /home/aatmaj/CENT/aim_simulator/test/example.yaml -t /home/aatmaj/CENT/experiments/dda_full_sweep/traces/32_channels_per_device/16_devices/model_parallel_FC/Llama2-70B/trace_16_FC_devices_seqlen_2944.txt
/home/aatmaj/CENT/aim_simulator/build/ramulator2 -f /home/aatmaj/CENT/aim_simulator/test/example.yaml -t /home/aatmaj/CENT/experiments/dda_full_sweep/traces/32_channels_per_device/16_devices/model_parallel/Llama2-70B/trace_16_FC_devices_seqlen_3072.txt
/home/aatmaj/CENT/aim_simulator/build/ramulator2 -f /home/aatmaj/CENT/aim_simulator/test/example.yaml -t /home/aatmaj/CENT/experiments/dda_full_sweep/traces/32_channels_per_device/16_devices/model_parallel_FC/Llama2-70B/trace_16_FC_devices_seqlen_3072.txt
/home/aatmaj/CENT/aim_simulator/build/ramulator2 -f /home/aatmaj/CENT/aim_simulator/test/example.yaml -t /home/aatmaj/CENT/experiments/dda_full_sweep/traces/32_channels_per_device/16_devices/model_parallel/Llama2-70B/trace_16_FC_devices_seqlen_3200.txt
/home/aatmaj/CENT/aim_simulator/build/ramulator2 -f /home/aatmaj/CENT/aim_simulator/test/example.yaml -t /home/aatmaj/CENT/experiments/dda_full_sweep/traces/32_channels_per_device/16_devices/model_parallel_FC/Llama2-70B/trace_16_FC_devices_seqlen_3200.txt
/home/aatmaj/CENT/aim_simulator/build/ramulator2 -f /home/aatmaj/CENT/aim_simulator/test/example.yaml -t /home/aatmaj/CENT/experiments/dda_full_sweep/traces/32_channels_per_device/16_devices/model_parallel/Llama2-70B/trace_16_FC_devices_seqlen_3328.txt
/home/aatmaj/CENT/aim_simulator/build/ramulator2 -f /home/aatmaj/CENT/aim_simulator/test/example.yaml -t /home/aatmaj/CENT/experiments/dda_full_sweep/traces/32_channels_per_device/16_devices/model_parallel_FC/Llama2-70B/trace_16_FC_devices_seqlen_3328.txt
/home/aatmaj/CENT/aim_simulator/build/ramulator2 -f /home/aatmaj/CENT/aim_simulator/test/example.yaml -t /home/aatmaj/CENT/experiments/dda_full_sweep/traces/32_channels_per_device/16_devices/model_parallel/Llama2-70B/trace_16_FC_devices_seqlen_3456.txt
/home/aatmaj/CENT/aim_simulator/build/ramulator2 -f /home/aatmaj/CENT/aim_simulator/test/example.yaml -t /home/aatmaj/CENT/experiments/dda_full_sweep/traces/32_channels_per_device/16_devices/model_parallel_FC/Llama2-70B/trace_16_FC_devices_seqlen_3456.txt
/home/aatmaj/CENT/aim_simulator/build/ramulator2 -f /home/aatmaj/CENT/aim_simulator/test/example.yaml -t /home/aatmaj/CENT/experiments/dda_full_sweep/traces/32_channels_per_device/16_devices/model_parallel/Llama2-70B/trace_16_FC_devices_seqlen_3584.txt
/home/aatmaj/CENT/aim_simulator/build/ramulator2 -f /home/aatmaj/CENT/aim_simulator/test/example.yaml -t /home/aatmaj/CENT/experiments/dda_full_sweep/traces/32_channels_per_device/16_devices/model_parallel_FC/Llama2-70B/trace_16_FC_devices_seqlen_3584.txt
/home/aatmaj/CENT/aim_simulator/build/ramulator2 -f /home/aatmaj/CENT/aim_simulator/test/example.yaml -t /home/aatmaj/CENT/experiments/dda_full_sweep/traces/32_channels_per_device/16_devices/model_parallel/Llama2-70B/trace_16_FC_devices_seqlen_3712.txt
/home/aatmaj/CENT/aim_simulator/build/ramulator2 -f /home/aatmaj/CENT/aim_simulator/test/example.yaml -t /home/aatmaj/CENT/experiments/dda_full_sweep/traces/32_channels_per_device/16_devices/model_parallel_FC/Llama2-70B/trace_16_FC_devices_seqlen_3712.txt
/home/aatmaj/CENT/aim_simulator/build/ramulator2 -f /home/aatmaj/CENT/aim_simulator/test/example.yaml -t /home/aatmaj/CENT/experiments/dda_full_sweep/traces/32_channels_per_device/16_devices/model_parallel/Llama2-70B/trace_16_FC_devices_seqlen_3840.txt
/home/aatmaj/CENT/aim_simulator/build/ramulator2 -f /home/aatmaj/CENT/aim_simulator/test/example.yaml -t /home/aatmaj/CENT/experiments/dda_full_sweep/traces/32_channels_per_device/16_devices/model_parallel_FC/Llama2-70B/trace_16_FC_devices_seqlen_3840.txt
/home/aatmaj/CENT/aim_simulator/build/ramulator2 -f /home/aatmaj/CENT/aim_simulator/test/example.yaml -t /home/aatmaj/CENT/experiments/dda_full_sweep/traces/32_channels_per_device/16_devices/model_parallel/Llama2-70B/trace_16_FC_devices_seqlen_3968.txt
/home/aatmaj/CENT/aim_simulator/build/ramulator2 -f /home/aatmaj/CENT/aim_simulator/test/example.yaml -t /home/aatmaj/CENT/experiments/dda_full_sweep/traces/32_channels_per_device/16_devices/model_parallel_FC/Llama2-70B/trace_16_FC_devices_seqlen_3968.txt
/home/aatmaj/CENT/aim_simulator/build/ramulator2 -f /home/aatmaj/CENT/aim_simulator/test/example.yaml -t /home/aatmaj/CENT/experiments/dda_full_sweep/traces/32_channels_per_device/16_devices/model_parallel/Llama2-70B/trace_16_FC_devices_seqlen_4096.txt
/home/aatmaj/CENT/experiments/dda_full_sweep/simulation/run_sim_full32.py:447: FutureWarning: The behavior of DataFrame concatenation with empty or all-NA entries is deprecated. In a future version, this will no longer exclude empty or all-NA columns when determining the result dtypes. To retain the old behavior, exclude the relevant entries before the concat operation.
  results_df = pd.concat([results_df, new_df], ignore_index=True)
/home/aatmaj/CENT/aim_simulator/build/ramulator2 -f /home/aatmaj/CENT/aim_simulator/test/example.yaml -t /home/aatmaj/CENT/experiments/dda_full_sweep/traces/32_channels_per_device/16_devices/model_parallel_FC/Llama2-70B/trace_16_FC_devices_seqlen_4096.txt
Processing results...
Updating simulation results to CSV...

=== Pool T | Llama2-70B | N_T=16 / 32 | TP=1, PP=layers ===
Generating traces for Llama2-70B (16 devices) ...
/home/aatmaj/CENT/aim_simulator/build/ramulator2 -f /home/aatmaj/CENT/aim_simulator/test/example.yaml -t /home/aatmaj/CENT/experiments/dda_full_sweep/traces/32_channels_per_device/16_devices/pipeline_parallel_embedding/Llama2-70B/trace_6_channels_per_block_seqlen_4096.txt
/home/aatmaj/CENT/aim_simulator/build/ramulator2 -f /home/aatmaj/CENT/aim_simulator/test/example.yaml -t /home/aatmaj/CENT/experiments/dda_full_sweep/traces/32_channels_per_device/16_devices/pipeline_parallel/Llama2-70B/trace_6_channels_per_block_seqlen_128.txt
/home/aatmaj/CENT/aim_simulator/build/ramulator2 -f /home/aatmaj/CENT/aim_simulator/test/example.yaml -t /home/aatmaj/CENT/experiments/dda_full_sweep/traces/32_channels_per_device/16_devices/pipeline_parallel/Llama2-70B/trace_6_channels_per_block_seqlen_256.txt
/home/aatmaj/CENT/aim_simulator/build/ramulator2 -f /home/aatmaj/CENT/aim_simulator/test/example.yaml -t /home/aatmaj/CENT/experiments/dda_full_sweep/traces/32_channels_per_device/16_devices/pipeline_parallel/Llama2-70B/trace_6_channels_per_block_seqlen_384.txt
/home/aatmaj/CENT/aim_simulator/build/ramulator2 -f /home/aatmaj/CENT/aim_simulator/test/example.yaml -t /home/aatmaj/CENT/experiments/dda_full_sweep/traces/32_channels_per_device/16_devices/pipeline_parallel/Llama2-70B/trace_6_channels_per_block_seqlen_512.txt
/home/aatmaj/CENT/aim_simulator/build/ramulator2 -f /home/aatmaj/CENT/aim_simulator/test/example.yaml -t /home/aatmaj/CENT/experiments/dda_full_sweep/traces/32_channels_per_device/16_devices/pipeline_parallel/Llama2-70B/trace_6_channels_per_block_seqlen_640.txt
/home/aatmaj/CENT/aim_simulator/build/ramulator2 -f /home/aatmaj/CENT/aim_simulator/test/example.yaml -t /home/aatmaj/CENT/experiments/dda_full_sweep/traces/32_channels_per_device/16_devices/pipeline_parallel/Llama2-70B/trace_6_channels_per_block_seqlen_768.txt
/home/aatmaj/CENT/aim_simulator/build/ramulator2 -f /home/aatmaj/CENT/aim_simulator/test/example.yaml -t /home/aatmaj/CENT/experiments/dda_full_sweep/traces/32_channels_per_device/16_devices/pipeline_parallel/Llama2-70B/trace_6_channels_per_block_seqlen_896.txt
/home/aatmaj/CENT/aim_simulator/build/ramulator2 -f /home/aatmaj/CENT/aim_simulator/test/example.yaml -t /home/aatmaj/CENT/experiments/dda_full_sweep/traces/32_channels_per_device/16_devices/pipeline_parallel/Llama2-70B/trace_6_channels_per_block_seqlen_1024.txt
/home/aatmaj/CENT/aim_simulator/build/ramulator2 -f /home/aatmaj/CENT/aim_simulator/test/example.yaml -t /home/aatmaj/CENT/experiments/dda_full_sweep/traces/32_channels_per_device/16_devices/pipeline_parallel/Llama2-70B/trace_6_channels_per_block_seqlen_1152.txt
/home/aatmaj/CENT/aim_simulator/build/ramulator2 -f /home/aatmaj/CENT/aim_simulator/test/example.yaml -t /home/aatmaj/CENT/experiments/dda_full_sweep/traces/32_channels_per_device/16_devices/pipeline_parallel/Llama2-70B/trace_6_channels_per_block_seqlen_1280.txt
/home/aatmaj/CENT/aim_simulator/build/ramulator2 -f /home/aatmaj/CENT/aim_simulator/test/example.yaml -t /home/aatmaj/CENT/experiments/dda_full_sweep/traces/32_channels_per_device/16_devices/pipeline_parallel/Llama2-70B/trace_6_channels_per_block_seqlen_1408.txt
/home/aatmaj/CENT/aim_simulator/build/ramulator2 -f /home/aatmaj/CENT/aim_simulator/test/example.yaml -t /home/aatmaj/CENT/experiments/dda_full_sweep/traces/32_channels_per_device/16_devices/pipeline_parallel/Llama2-70B/trace_6_channels_per_block_seqlen_1536.txt
/home/aatmaj/CENT/aim_simulator/build/ramulator2 -f /home/aatmaj/CENT/aim_simulator/test/example.yaml -t /home/aatmaj/CENT/experiments/dda_full_sweep/traces/32_channels_per_device/16_devices/pipeline_parallel/Llama2-70B/trace_6_channels_per_block_seqlen_1664.txt
/home/aatmaj/CENT/aim_simulator/build/ramulator2 -f /home/aatmaj/CENT/aim_simulator/test/example.yaml -t /home/aatmaj/CENT/experiments/dda_full_sweep/traces/32_channels_per_device/16_devices/pipeline_parallel/Llama2-70B/trace_6_channels_per_block_seqlen_1792.txt
/home/aatmaj/CENT/aim_simulator/build/ramulator2 -f /home/aatmaj/CENT/aim_simulator/test/example.yaml -t /home/aatmaj/CENT/experiments/dda_full_sweep/traces/32_channels_per_device/16_devices/pipeline_parallel/Llama2-70B/trace_6_channels_per_block_seqlen_1920.txt
/home/aatmaj/CENT/aim_simulator/build/ramulator2 -f /home/aatmaj/CENT/aim_simulator/test/example.yaml -t /home/aatmaj/CENT/experiments/dda_full_sweep/traces/32_channels_per_device/16_devices/pipeline_parallel/Llama2-70B/trace_6_channels_per_block_seqlen_2048.txt
/home/aatmaj/CENT/aim_simulator/build/ramulator2 -f /home/aatmaj/CENT/aim_simulator/test/example.yaml -t /home/aatmaj/CENT/experiments/dda_full_sweep/traces/32_channels_per_device/16_devices/pipeline_parallel/Llama2-70B/trace_6_channels_per_block_seqlen_2176.txt
/home/aatmaj/CENT/aim_simulator/build/ramulator2 -f /home/aatmaj/CENT/aim_simulator/test/example.yaml -t /home/aatmaj/CENT/experiments/dda_full_sweep/traces/32_channels_per_device/16_devices/pipeline_parallel/Llama2-70B/trace_6_channels_per_block_seqlen_2304.txt
/home/aatmaj/CENT/aim_simulator/build/ramulator2 -f /home/aatmaj/CENT/aim_simulator/test/example.yaml -t /home/aatmaj/CENT/experiments/dda_full_sweep/traces/32_channels_per_device/16_devices/pipeline_parallel/Llama2-70B/trace_6_channels_per_block_seqlen_2432.txt
/home/aatmaj/CENT/aim_simulator/build/ramulator2 -f /home/aatmaj/CENT/aim_simulator/test/example.yaml -t /home/aatmaj/CENT/experiments/dda_full_sweep/traces/32_channels_per_device/16_devices/pipeline_parallel/Llama2-70B/trace_6_channels_per_block_seqlen_2560.txt
/home/aatmaj/CENT/aim_simulator/build/ramulator2 -f /home/aatmaj/CENT/aim_simulator/test/example.yaml -t /home/aatmaj/CENT/experiments/dda_full_sweep/traces/32_channels_per_device/16_devices/pipeline_parallel/Llama2-70B/trace_6_channels_per_block_seqlen_2688.txt
/home/aatmaj/CENT/aim_simulator/build/ramulator2 -f /home/aatmaj/CENT/aim_simulator/test/example.yaml -t /home/aatmaj/CENT/experiments/dda_full_sweep/traces/32_channels_per_device/16_devices/pipeline_parallel/Llama2-70B/trace_6_channels_per_block_seqlen_2816.txt
/home/aatmaj/CENT/aim_simulator/build/ramulator2 -f /home/aatmaj/CENT/aim_simulator/test/example.yaml -t /home/aatmaj/CENT/experiments/dda_full_sweep/traces/32_channels_per_device/16_devices/pipeline_parallel/Llama2-70B/trace_6_channels_per_block_seqlen_2944.txt
/home/aatmaj/CENT/aim_simulator/build/ramulator2 -f /home/aatmaj/CENT/aim_simulator/test/example.yaml -t /home/aatmaj/CENT/experiments/dda_full_sweep/traces/32_channels_per_device/16_devices/pipeline_parallel/Llama2-70B/trace_6_channels_per_block_seqlen_3072.txt
/home/aatmaj/CENT/aim_simulator/build/ramulator2 -f /home/aatmaj/CENT/aim_simulator/test/example.yaml -t /home/aatmaj/CENT/experiments/dda_full_sweep/traces/32_channels_per_device/16_devices/pipeline_parallel/Llama2-70B/trace_6_channels_per_block_seqlen_3200.txt
/home/aatmaj/CENT/aim_simulator/build/ramulator2 -f /home/aatmaj/CENT/aim_simulator/test/example.yaml -t /home/aatmaj/CENT/experiments/dda_full_sweep/traces/32_channels_per_device/16_devices/pipeline_parallel/Llama2-70B/trace_6_channels_per_block_seqlen_3328.txt
/home/aatmaj/CENT/aim_simulator/build/ramulator2 -f /home/aatmaj/CENT/aim_simulator/test/example.yaml -t /home/aatmaj/CENT/experiments/dda_full_sweep/traces/32_channels_per_device/16_devices/pipeline_parallel/Llama2-70B/trace_6_channels_per_block_seqlen_3456.txt
/home/aatmaj/CENT/aim_simulator/build/ramulator2 -f /home/aatmaj/CENT/aim_simulator/test/example.yaml -t /home/aatmaj/CENT/experiments/dda_full_sweep/traces/32_channels_per_device/16_devices/pipeline_parallel/Llama2-70B/trace_6_channels_per_block_seqlen_3584.txt
/home/aatmaj/CENT/aim_simulator/build/ramulator2 -f /home/aatmaj/CENT/aim_simulator/test/example.yaml -t /home/aatmaj/CENT/experiments/dda_full_sweep/traces/32_channels_per_device/16_devices/pipeline_parallel/Llama2-70B/trace_6_channels_per_block_seqlen_3712.txt
/home/aatmaj/CENT/experiments/dda_full_sweep/simulation/run_sim_full32.py:460: FutureWarning: The behavior of DataFrame concatenation with empty or all-NA entries is deprecated. In a future version, this will no longer exclude empty or all-NA columns when determining the result dtypes. To retain the old behavior, exclude the relevant entries before the concat operation.
  results_df = pd.concat([results_df, new_df], ignore_index=True)
/home/aatmaj/CENT/aim_simulator/build/ramulator2 -f /home/aatmaj/CENT/aim_simulator/test/example.yaml -t /home/aatmaj/CENT/experiments/dda_full_sweep/traces/32_channels_per_device/16_devices/pipeline_parallel/Llama2-70B/trace_6_channels_per_block_seqlen_3840.txt
/home/aatmaj/CENT/aim_simulator/build/ramulator2 -f /home/aatmaj/CENT/aim_simulator/test/example.yaml -t /home/aatmaj/CENT/experiments/dda_full_sweep/traces/32_channels_per_device/16_devices/pipeline_parallel/Llama2-70B/trace_6_channels_per_block_seqlen_3968.txt
/home/aatmaj/CENT/aim_simulator/build/ramulator2 -f /home/aatmaj/CENT/aim_simulator/test/example.yaml -t /home/aatmaj/CENT/experiments/dda_full_sweep/traces/32_channels_per_device/16_devices/pipeline_parallel/Llama2-70B/trace_6_channels_per_block_seqlen_4096.txt
Processing results...
Updating simulation results to CSV...

=== DDA N=32 sweep complete ===
44
