############ Llama2-7B  (N_L 1..26, N_T 6..31) ############
=== Pool L | Llama2-7B | N_L=1 | TP=1, PP=1 ===
Generating traces for Llama2-7B (1 devices) ...
/home/aatmaj/CENT/aim_simulator/build/ramulator2 -f /home/aatmaj/CENT/aim_simulator/test/example.yaml -t /home/aatmaj/CENT/experiments/dda_full_sweep/traces/32_channels_per_device/1_devices/model_parallel_embedding/Llama2-7B/trace_1_FC_devices_seqlen_4096.txt
/home/aatmaj/CENT/aim_simulator/build/ramulator2 -f /home/aatmaj/CENT/aim_simulator/test/example.yaml -t /home/aatmaj/CENT/experiments/dda_full_sweep/traces/32_channels_per_device/1_devices/model_parallel/Llama2-7B/trace_1_FC_devices_seqlen_128.txt
/home/aatmaj/CENT/aim_simulator/build/ramulator2 -f /home/aatmaj/CENT/aim_simulator/test/example.yaml -t /home/aatmaj/CENT/experiments/dda_full_sweep/traces/32_channels_per_device/1_devices/model_parallel_FC/Llama2-7B/trace_1_FC_devices_seqlen_128.txt
/home/aatmaj/CENT/aim_simulator/build/ramulator2 -f /home/aatmaj/CENT/aim_simulator/test/example.yaml -t /home/aatmaj/CENT/experiments/dda_full_sweep/traces/32_channels_per_device/1_devices/model_parallel/Llama2-7B/trace_1_FC_devices_seqlen_256.txt
/home/aatmaj/CENT/aim_simulator/build/ramulator2 -f /home/aatmaj/CENT/aim_simulator/test/example.yaml -t /home/aatmaj/CENT/experiments/dda_full_sweep/traces/32_channels_per_device/1_devices/model_parallel_FC/Llama2-7B/trace_1_FC_devices_seqlen_256.txt
/home/aatmaj/CENT/aim_simulator/build/ramulator2 -f /home/aatmaj/CENT/aim_simulator/test/example.yaml -t /home/aatmaj/CENT/experiments/dda_full_sweep/traces/32_channels_per_device/1_devices/model_parallel/Llama2-7B/trace_1_FC_devices_seqlen_384.txt
/home/aatmaj/CENT/aim_simulator/build/ramulator2 -f /home/aatmaj/CENT/aim_simulator/test/example.yaml -t /home/aatmaj/CENT/experiments/dda_full_sweep/traces/32_channels_per_device/1_devices/model_parallel_FC/Llama2-7B/trace_1_FC_devices_seqlen_384.txt
/home/aatmaj/CENT/aim_simulator/build/ramulator2 -f /home/aatmaj/CENT/aim_simulator/test/example.yaml -t /home/aatmaj/CENT/experiments/dda_full_sweep/traces/32_channels_per_device/1_devices/model_parallel/Llama2-7B/trace_1_FC_devices_seqlen_512.txt
/home/aatmaj/CENT/aim_simulator/build/ramulator2 -f /home/aatmaj/CENT/aim_simulator/test/example.yaml -t /home/aatmaj/CENT/experiments/dda_full_sweep/traces/32_channels_per_device/1_devices/model_parallel_FC/Llama2-7B/trace_1_FC_devices_seqlen_512.txt
/home/aatmaj/CENT/aim_simulator/build/ramulator2 -f /home/aatmaj/CENT/aim_simulator/test/example.yaml -t /home/aatmaj/CENT/experiments/dda_full_sweep/traces/32_channels_per_device/1_devices/model_parallel/Llama2-7B/trace_1_FC_devices_seqlen_640.txt
/home/aatmaj/CENT/aim_simulator/build/ramulator2 -f /home/aatmaj/CENT/aim_simulator/test/example.yaml -t /home/aatmaj/CENT/experiments/dda_full_sweep/traces/32_channels_per_device/1_devices/model_parallel_FC/Llama2-7B/trace_1_FC_devices_seqlen_640.txt
/home/aatmaj/CENT/aim_simulator/build/ramulator2 -f /home/aatmaj/CENT/aim_simulator/test/example.yaml -t /home/aatmaj/CENT/experiments/dda_full_sweep/traces/32_channels_per_device/1_devices/model_parallel/Llama2-7B/trace_1_FC_devices_seqlen_768.txt
/home/aatmaj/CENT/aim_simulator/build/ramulator2 -f /home/aatmaj/CENT/aim_simulator/test/example.yaml -t /home/aatmaj/CENT/experiments/dda_full_sweep/traces/32_channels_per_device/1_devices/model_parallel_FC/Llama2-7B/trace_1_FC_devices_seqlen_768.txt
/home/aatmaj/CENT/aim_simulator/build/ramulator2 -f /home/aatmaj/CENT/aim_simulator/test/example.yaml -t /home/aatmaj/CENT/experiments/dda_full_sweep/traces/32_channels_per_device/1_devices/model_parallel/Llama2-7B/trace_1_FC_devices_seqlen_896.txt
/home/aatmaj/CENT/aim_simulator/build/ramulator2 -f /home/aatmaj/CENT/aim_simulator/test/example.yaml -t /home/aatmaj/CENT/experiments/dda_full_sweep/traces/32_channels_per_device/1_devices/model_parallel_FC/Llama2-7B/trace_1_FC_devices_seqlen_896.txt
/home/aatmaj/CENT/aim_simulator/build/ramulator2 -f /home/aatmaj/CENT/aim_simulator/test/example.yaml -t /home/aatmaj/CENT/experiments/dda_full_sweep/traces/32_channels_per_device/1_devices/model_parallel/Llama2-7B/trace_1_FC_devices_seqlen_1024.txt
/home/aatmaj/CENT/aim_simulator/build/ramulator2 -f /home/aatmaj/CENT/aim_simulator/test/example.yaml -t /home/aatmaj/CENT/experiments/dda_full_sweep/traces/32_channels_per_device/1_devices/model_parallel_FC/Llama2-7B/trace_1_FC_devices_seqlen_1024.txt
/home/aatmaj/CENT/aim_simulator/build/ramulator2 -f /home/aatmaj/CENT/aim_simulator/test/example.yaml -t /home/aatmaj/CENT/experiments/dda_full_sweep/traces/32_channels_per_device/1_devices/model_parallel/Llama2-7B/trace_1_FC_devices_seqlen_1152.txt
/home/aatmaj/CENT/aim_simulator/build/ramulator2 -f /home/aatmaj/CENT/aim_simulator/test/example.yaml -t /home/aatmaj/CENT/experiments/dda_full_sweep/traces/32_channels_per_device/1_devices/model_parallel_FC/Llama2-7B/trace_1_FC_devices_seqlen_1152.txt
/home/aatmaj/CENT/aim_simulator/build/ramulator2 -f /home/aatmaj/CENT/aim_simulator/test/example.yaml -t /home/aatmaj/CENT/experiments/dda_full_sweep/traces/32_channels_per_device/1_devices/model_parallel/Llama2-7B/trace_1_FC_devices_seqlen_1280.txt
/home/aatmaj/CENT/aim_simulator/build/ramulator2 -f /home/aatmaj/CENT/aim_simulator/test/example.yaml -t /home/aatmaj/CENT/experiments/dda_full_sweep/traces/32_channels_per_device/1_devices/model_parallel_FC/Llama2-7B/trace_1_FC_devices_seqlen_1280.txt
/home/aatmaj/CENT/aim_simulator/build/ramulator2 -f /home/aatmaj/CENT/aim_simulator/test/example.yaml -t /home/aatmaj/CENT/experiments/dda_full_sweep/traces/32_channels_per_device/1_devices/model_parallel/Llama2-7B/trace_1_FC_devices_seqlen_1408.txt
/home/aatmaj/CENT/aim_simulator/build/ramulator2 -f /home/aatmaj/CENT/aim_simulator/test/example.yaml -t /home/aatmaj/CENT/experiments/dda_full_sweep/traces/32_channels_per_device/1_devices/model_parallel_FC/Llama2-7B/trace_1_FC_devices_seqlen_1408.txt
/home/aatmaj/CENT/aim_simulator/build/ramulator2 -f /home/aatmaj/CENT/aim_simulator/test/example.yaml -t /home/aatmaj/CENT/experiments/dda_full_sweep/traces/32_channels_per_device/1_devices/model_parallel/Llama2-7B/trace_1_FC_devices_seqlen_1536.txt
/home/aatmaj/CENT/aim_simulator/build/ramulator2 -f /home/aatmaj/CENT/aim_simulator/test/example.yaml -t /home/aatmaj/CENT/experiments/dda_full_sweep/traces/32_channels_per_device/1_devices/model_parallel_FC/Llama2-7B/trace_1_FC_devices_seqlen_1536.txt
/home/aatmaj/CENT/aim_simulator/build/ramulator2 -f /home/aatmaj/CENT/aim_simulator/test/example.yaml -t /home/aatmaj/CENT/experiments/dda_full_sweep/traces/32_channels_per_device/1_devices/model_parallel/Llama2-7B/trace_1_FC_devices_seqlen_1664.txt
/home/aatmaj/CENT/aim_simulator/build/ramulator2 -f /home/aatmaj/CENT/aim_simulator/test/example.yaml -t /home/aatmaj/CENT/experiments/dda_full_sweep/traces/32_channels_per_device/1_devices/model_parallel_FC/Llama2-7B/trace_1_FC_devices_seqlen_1664.txt
/home/aatmaj/CENT/aim_simulator/build/ramulator2 -f /home/aatmaj/CENT/aim_simulator/test/example.yaml -t /home/aatmaj/CENT/experiments/dda_full_sweep/traces/32_channels_per_device/1_devices/model_parallel/Llama2-7B/trace_1_FC_devices_seqlen_1792.txt
/home/aatmaj/CENT/aim_simulator/build/ramulator2 -f /home/aatmaj/CENT/aim_simulator/test/example.yaml -t /home/aatmaj/CENT/experiments/dda_full_sweep/traces/32_channels_per_device/1_devices/model_parallel_FC/Llama2-7B/trace_1_FC_devices_seqlen_1792.txt
/home/aatmaj/CENT/aim_simulator/build/ramulator2 -f /home/aatmaj/CENT/aim_simulator/test/example.yaml -t /home/aatmaj/CENT/experiments/dda_full_sweep/traces/32_channels_per_device/1_devices/model_parallel/Llama2-7B/trace_1_FC_devices_seqlen_1920.txt
/home/aatmaj/CENT/aim_simulator/build/ramulator2 -f /home/aatmaj/CENT/aim_simulator/test/example.yaml -t /home/aatmaj/CENT/experiments/dda_full_sweep/traces/32_channels_per_device/1_devices/model_parallel_FC/Llama2-7B/trace_1_FC_devices_seqlen_1920.txt
/home/aatmaj/CENT/aim_simulator/build/ramulator2 -f /home/aatmaj/CENT/aim_simulator/test/example.yaml -t /home/aatmaj/CENT/experiments/dda_full_sweep/traces/32_channels_per_device/1_devices/model_parallel/Llama2-7B/trace_1_FC_devices_seqlen_2048.txt
/home/aatmaj/CENT/aim_simulator/build/ramulator2 -f /home/aatmaj/CENT/aim_simulator/test/example.yaml -t /home/aatmaj/CENT/experiments/dda_full_sweep/traces/32_channels_per_device/1_devices/model_parallel_FC/Llama2-7B/trace_1_FC_devices_seqlen_2048.txt
/home/aatmaj/CENT/aim_simulator/build/ramulator2 -f /home/aatmaj/CENT/aim_simulator/test/example.yaml -t /home/aatmaj/CENT/experiments/dda_full_sweep/traces/32_channels_per_device/1_devices/model_parallel/Llama2-7B/trace_1_FC_devices_seqlen_2176.txt
/home/aatmaj/CENT/aim_simulator/build/ramulator2 -f /home/aatmaj/CENT/aim_simulator/test/example.yaml -t /home/aatmaj/CENT/experiments/dda_full_sweep/traces/32_channels_per_device/1_devices/model_parallel_FC/Llama2-7B/trace_1_FC_devices_seqlen_2176.txt
/home/aatmaj/CENT/aim_simulator/build/ramulator2 -f /home/aatmaj/CENT/aim_simulator/test/example.yaml -t /home/aatmaj/CENT/experiments/dda_full_sweep/traces/32_channels_per_device/1_devices/model_parallel/Llama2-7B/trace_1_FC_devices_seqlen_2304.txt
/home/aatmaj/CENT/aim_simulator/build/ramulator2 -f /home/aatmaj/CENT/aim_simulator/test/example.yaml -t /home/aatmaj/CENT/experiments/dda_full_sweep/traces/32_channels_per_device/1_devices/model_parallel_FC/Llama2-7B/trace_1_FC_devices_seqlen_2304.txt
/home/aatmaj/CENT/aim_simulator/build/ramulator2 -f /home/aatmaj/CENT/aim_simulator/test/example.yaml -t /home/aatmaj/CENT/experiments/dda_full_sweep/traces/32_channels_per_device/1_devices/model_parallel/Llama2-7B/trace_1_FC_devices_seqlen_2432.txt
/home/aatmaj/CENT/aim_simulator/build/ramulator2 -f /home/aatmaj/CENT/aim_simulator/test/example.yaml -t /home/aatmaj/CENT/experiments/dda_full_sweep/traces/32_channels_per_device/1_devices/model_parallel_FC/Llama2-7B/trace_1_FC_devices_seqlen_2432.txt
/home/aatmaj/CENT/aim_simulator/build/ramulator2 -f /home/aatmaj/CENT/aim_simulator/test/example.yaml -t /home/aatmaj/CENT/experiments/dda_full_sweep/traces/32_channels_per_device/1_devices/model_parallel/Llama2-7B/trace_1_FC_devices_seqlen_2560.txt
/home/aatmaj/CENT/aim_simulator/build/ramulator2 -f /home/aatmaj/CENT/aim_simulator/test/example.yaml -t /home/aatmaj/CENT/experiments/dda_full_sweep/traces/32_channels_per_device/1_devices/model_parallel_FC/Llama2-7B/trace_1_FC_devices_seqlen_2560.txt
/home/aatmaj/CENT/aim_simulator/build/ramulator2 -f /home/aatmaj/CENT/aim_simulator/test/example.yaml -t /home/aatmaj/CENT/experiments/dda_full_sweep/traces/32_channels_per_device/1_devices/model_parallel/Llama2-7B/trace_1_FC_devices_seqlen_2688.txt
/home/aatmaj/CENT/aim_simulator/build/ramulator2 -f /home/aatmaj/CENT/aim_simulator/test/example.yaml -t /home/aatmaj/CENT/experiments/dda_full_sweep/traces/32_channels_per_device/1_devices/model_parallel_FC/Llama2-7B/trace_1_FC_devices_seqlen_2688.txt
/home/aatmaj/CENT/aim_simulator/build/ramulator2 -f /home/aatmaj/CENT/aim_simulator/test/example.yaml -t /home/aatmaj/CENT/experiments/dda_full_sweep/traces/32_channels_per_device/1_devices/model_parallel/Llama2-7B/trace_1_FC_devices_seqlen_2816.txt
/home/aatmaj/CENT/aim_simulator/build/ramulator2 -f /home/aatmaj/CENT/aim_simulator/test/example.yaml -t /home/aatmaj/CENT/experiments/dda_full_sweep/traces/32_channels_per_device/1_devices/model_parallel_FC/Llama2-7B/trace_1_FC_devices_seqlen_2816.txt
/home/aatmaj/CENT/aim_simulator/build/ramulator2 -f /home/aatmaj/CENT/aim_simulator/test/example.yaml -t /home/aatmaj/CENT/experiments/dda_full_sweep/traces/32_channels_per_device/1_devices/model_parallel/Llama2-7B/trace_1_FC_devices_seqlen_2944.txt
/home/aatmaj/CENT/aim_simulator/build/ramulator2 -f /home/aatmaj/CENT/aim_simulator/test/example.yaml -t /home/aatmaj/CENT/experiments/dda_full_sweep/traces/32_channels_per_device/1_devices/model_parallel_FC/Llama2-7B/trace_1_FC_devices_seqlen_2944.txt
/home/aatmaj/CENT/aim_simulator/build/ramulator2 -f /home/aatmaj/CENT/aim_simulator/test/example.yaml -t /home/aatmaj/CENT/experiments/dda_full_sweep/traces/32_channels_per_device/1_devices/model_parallel/Llama2-7B/trace_1_FC_devices_seqlen_3072.txt
/home/aatmaj/CENT/aim_simulator/build/ramulator2 -f /home/aatmaj/CENT/aim_simulator/test/example.yaml -t /home/aatmaj/CENT/experiments/dda_full_sweep/traces/32_channels_per_device/1_devices/model_parallel_FC/Llama2-7B/trace_1_FC_devices_seqlen_3072.txt
/home/aatmaj/CENT/aim_simulator/build/ramulator2 -f /home/aatmaj/CENT/aim_simulator/test/example.yaml -t /home/aatmaj/CENT/experiments/dda_full_sweep/traces/32_channels_per_device/1_devices/model_parallel/Llama2-7B/trace_1_FC_devices_seqlen_3200.txt
/home/aatmaj/CENT/aim_simulator/build/ramulator2 -f /home/aatmaj/CENT/aim_simulator/test/example.yaml -t /home/aatmaj/CENT/experiments/dda_full_sweep/traces/32_channels_per_device/1_devices/model_parallel_FC/Llama2-7B/trace_1_FC_devices_seqlen_3200.txt
/home/aatmaj/CENT/aim_simulator/build/ramulator2 -f /home/aatmaj/CENT/aim_simulator/test/example.yaml -t /home/aatmaj/CENT/experiments/dda_full_sweep/traces/32_channels_per_device/1_devices/model_parallel/Llama2-7B/trace_1_FC_devices_seqlen_3328.txt
/home/aatmaj/CENT/aim_simulator/build/ramulator2 -f /home/aatmaj/CENT/aim_simulator/test/example.yaml -t /home/aatmaj/CENT/experiments/dda_full_sweep/traces/32_channels_per_device/1_devices/model_parallel_FC/Llama2-7B/trace_1_FC_devices_seqlen_3328.txt
/home/aatmaj/CENT/aim_simulator/build/ramulator2 -f /home/aatmaj/CENT/aim_simulator/test/example.yaml -t /home/aatmaj/CENT/experiments/dda_full_sweep/traces/32_channels_per_device/1_devices/model_parallel/Llama2-7B/trace_1_FC_devices_seqlen_3456.txt
/home/aatmaj/CENT/aim_simulator/build/ramulator2 -f /home/aatmaj/CENT/aim_simulator/test/example.yaml -t /home/aatmaj/CENT/experiments/dda_full_sweep/traces/32_channels_per_device/1_devices/model_parallel_FC/Llama2-7B/trace_1_FC_devices_seqlen_3456.txt
/home/aatmaj/CENT/aim_simulator/build/ramulator2 -f /home/aatmaj/CENT/aim_simulator/test/example.yaml -t /home/aatmaj/CENT/experiments/dda_full_sweep/traces/32_channels_per_device/1_devices/model_parallel/Llama2-7B/trace_1_FC_devices_seqlen_3584.txt
/home/aatmaj/CENT/aim_simulator/build/ramulator2 -f /home/aatmaj/CENT/aim_simulator/test/example.yaml -t /home/aatmaj/CENT/experiments/dda_full_sweep/traces/32_channels_per_device/1_devices/model_parallel_FC/Llama2-7B/trace_1_FC_devices_seqlen_3584.txt
/home/aatmaj/CENT/aim_simulator/build/ramulator2 -f /home/aatmaj/CENT/aim_simulator/test/example.yaml -t /home/aatmaj/CENT/experiments/dda_full_sweep/traces/32_channels_per_device/1_devices/model_parallel/Llama2-7B/trace_1_FC_devices_seqlen_3712.txt
/home/aatmaj/CENT/aim_simulator/build/ramulator2 -f /home/aatmaj/CENT/aim_simulator/test/example.yaml -t /home/aatmaj/CENT/experiments/dda_full_sweep/traces/32_channels_per_device/1_devices/model_parallel_FC/Llama2-7B/trace_1_FC_devices_seqlen_3712.txt
/home/aatmaj/CENT/aim_simulator/build/ramulator2 -f /home/aatmaj/CENT/aim_simulator/test/example.yaml -t /home/aatmaj/CENT/experiments/dda_full_sweep/traces/32_channels_per_device/1_devices/model_parallel/Llama2-7B/trace_1_FC_devices_seqlen_3840.txt
/home/aatmaj/CENT/aim_simulator/build/ramulator2 -f /home/aatmaj/CENT/aim_simulator/test/example.yaml -t /home/aatmaj/CENT/experiments/dda_full_sweep/traces/32_channels_per_device/1_devices/model_parallel_FC/Llama2-7B/trace_1_FC_devices_seqlen_3840.txt
/home/aatmaj/CENT/aim_simulator/build/ramulator2 -f /home/aatmaj/CENT/aim_simulator/test/example.yaml -t /home/aatmaj/CENT/experiments/dda_full_sweep/traces/32_channels_per_device/1_devices/model_parallel/Llama2-7B/trace_1_FC_devices_seqlen_3968.txt
/home/aatmaj/CENT/aim_simulator/build/ramulator2 -f /home/aatmaj/CENT/aim_simulator/test/example.yaml -t /home/aatmaj/CENT/experiments/dda_full_sweep/traces/32_channels_per_device/1_devices/model_parallel_FC/Llama2-7B/trace_1_FC_devices_seqlen_3968.txt
/home/aatmaj/CENT/aim_simulator/build/ramulator2 -f /home/aatmaj/CENT/aim_simulator/test/example.yaml -t /home/aatmaj/CENT/experiments/dda_full_sweep/traces/32_channels_per_device/1_devices/model_parallel/Llama2-7B/trace_1_FC_devices_seqlen_4096.txt
/home/aatmaj/CENT/experiments/dda_full_sweep/simulation/run_sim_full32.py:447: FutureWarning: The behavior of DataFrame concatenation with empty or all-NA entries is deprecated. In a future version, this will no longer exclude empty or all-NA columns when determining the result dtypes. To retain the old behavior, exclude the relevant entries before the concat operation.
  results_df = pd.concat([results_df, new_df], ignore_index=True)
/home/aatmaj/CENT/aim_simulator/build/ramulator2 -f /home/aatmaj/CENT/aim_simulator/test/example.yaml -t /home/aatmaj/CENT/experiments/dda_full_sweep/traces/32_channels_per_device/1_devices/model_parallel_FC/Llama2-7B/trace_1_FC_devices_seqlen_4096.txt
Processing results...
Updating simulation results to CSV...
=== Pool L | Llama2-7B | N_L=3 | TP=3, PP=1 ===
Generating traces for Llama2-7B (3 devices) ...
/home/aatmaj/CENT/aim_simulator/build/ramulator2 -f /home/aatmaj/CENT/aim_simulator/test/example.yaml -t /home/aatmaj/CENT/experiments/dda_full_sweep/traces/32_channels_per_device/3_devices/model_parallel_embedding/Llama2-7B/trace_3_FC_devices_seqlen_4096.txt
/home/aatmaj/CENT/aim_simulator/build/ramulator2 -f /home/aatmaj/CENT/aim_simulator/test/example.yaml -t /home/aatmaj/CENT/experiments/dda_full_sweep/traces/32_channels_per_device/3_devices/model_parallel/Llama2-7B/trace_3_FC_devices_seqlen_128.txt
/home/aatmaj/CENT/aim_simulator/build/ramulator2 -f /home/aatmaj/CENT/aim_simulator/test/example.yaml -t /home/aatmaj/CENT/experiments/dda_full_sweep/traces/32_channels_per_device/3_devices/model_parallel_FC/Llama2-7B/trace_3_FC_devices_seqlen_128.txt
/home/aatmaj/CENT/aim_simulator/build/ramulator2 -f /home/aatmaj/CENT/aim_simulator/test/example.yaml -t /home/aatmaj/CENT/experiments/dda_full_sweep/traces/32_channels_per_device/3_devices/model_parallel/Llama2-7B/trace_3_FC_devices_seqlen_256.txt
/home/aatmaj/CENT/aim_simulator/build/ramulator2 -f /home/aatmaj/CENT/aim_simulator/test/example.yaml -t /home/aatmaj/CENT/experiments/dda_full_sweep/traces/32_channels_per_device/3_devices/model_parallel_FC/Llama2-7B/trace_3_FC_devices_seqlen_256.txt
/home/aatmaj/CENT/aim_simulator/build/ramulator2 -f /home/aatmaj/CENT/aim_simulator/test/example.yaml -t /home/aatmaj/CENT/experiments/dda_full_sweep/traces/32_channels_per_device/3_devices/model_parallel/Llama2-7B/trace_3_FC_devices_seqlen_384.txt
/home/aatmaj/CENT/aim_simulator/build/ramulator2 -f /home/aatmaj/CENT/aim_simulator/test/example.yaml -t /home/aatmaj/CENT/experiments/dda_full_sweep/traces/32_channels_per_device/3_devices/model_parallel_FC/Llama2-7B/trace_3_FC_devices_seqlen_384.txt
/home/aatmaj/CENT/aim_simulator/build/ramulator2 -f /home/aatmaj/CENT/aim_simulator/test/example.yaml -t /home/aatmaj/CENT/experiments/dda_full_sweep/traces/32_channels_per_device/3_devices/model_parallel/Llama2-7B/trace_3_FC_devices_seqlen_512.txt
/home/aatmaj/CENT/aim_simulator/build/ramulator2 -f /home/aatmaj/CENT/aim_simulator/test/example.yaml -t /home/aatmaj/CENT/experiments/dda_full_sweep/traces/32_channels_per_device/3_devices/model_parallel_FC/Llama2-7B/trace_3_FC_devices_seqlen_512.txt
/home/aatmaj/CENT/aim_simulator/build/ramulator2 -f /home/aatmaj/CENT/aim_simulator/test/example.yaml -t /home/aatmaj/CENT/experiments/dda_full_sweep/traces/32_channels_per_device/3_devices/model_parallel/Llama2-7B/trace_3_FC_devices_seqlen_640.txt
/home/aatmaj/CENT/aim_simulator/build/ramulator2 -f /home/aatmaj/CENT/aim_simulator/test/example.yaml -t /home/aatmaj/CENT/experiments/dda_full_sweep/traces/32_channels_per_device/3_devices/model_parallel_FC/Llama2-7B/trace_3_FC_devices_seqlen_640.txt
/home/aatmaj/CENT/aim_simulator/build/ramulator2 -f /home/aatmaj/CENT/aim_simulator/test/example.yaml -t /home/aatmaj/CENT/experiments/dda_full_sweep/traces/32_channels_per_device/3_devices/model_parallel/Llama2-7B/trace_3_FC_devices_seqlen_768.txt
/home/aatmaj/CENT/aim_simulator/build/ramulator2 -f /home/aatmaj/CENT/aim_simulator/test/example.yaml -t /home/aatmaj/CENT/experiments/dda_full_sweep/traces/32_channels_per_device/3_devices/model_parallel_FC/Llama2-7B/trace_3_FC_devices_seqlen_768.txt
/home/aatmaj/CENT/aim_simulator/build/ramulator2 -f /home/aatmaj/CENT/aim_simulator/test/example.yaml -t /home/aatmaj/CENT/experiments/dda_full_sweep/traces/32_channels_per_device/3_devices/model_parallel/Llama2-7B/trace_3_FC_devices_seqlen_896.txt
/home/aatmaj/CENT/aim_simulator/build/ramulator2 -f /home/aatmaj/CENT/aim_simulator/test/example.yaml -t /home/aatmaj/CENT/experiments/dda_full_sweep/traces/32_channels_per_device/3_devices/model_parallel_FC/Llama2-7B/trace_3_FC_devices_seqlen_896.txt
/home/aatmaj/CENT/aim_simulator/build/ramulator2 -f /home/aatmaj/CENT/aim_simulator/test/example.yaml -t /home/aatmaj/CENT/experiments/dda_full_sweep/traces/32_channels_per_device/3_devices/model_parallel/Llama2-7B/trace_3_FC_devices_seqlen_1024.txt
/home/aatmaj/CENT/aim_simulator/build/ramulator2 -f /home/aatmaj/CENT/aim_simulator/test/example.yaml -t /home/aatmaj/CENT/experiments/dda_full_sweep/traces/32_channels_per_device/3_devices/model_parallel_FC/Llama2-7B/trace_3_FC_devices_seqlen_1024.txt
/home/aatmaj/CENT/aim_simulator/build/ramulator2 -f /home/aatmaj/CENT/aim_simulator/test/example.yaml -t /home/aatmaj/CENT/experiments/dda_full_sweep/traces/32_channels_per_device/3_devices/model_parallel/Llama2-7B/trace_3_FC_devices_seqlen_1152.txt
/home/aatmaj/CENT/aim_simulator/build/ramulator2 -f /home/aatmaj/CENT/aim_simulator/test/example.yaml -t /home/aatmaj/CENT/experiments/dda_full_sweep/traces/32_channels_per_device/3_devices/model_parallel_FC/Llama2-7B/trace_3_FC_devices_seqlen_1152.txt
/home/aatmaj/CENT/aim_simulator/build/ramulator2 -f /home/aatmaj/CENT/aim_simulator/test/example.yaml -t /home/aatmaj/CENT/experiments/dda_full_sweep/traces/32_channels_per_device/3_devices/model_parallel/Llama2-7B/trace_3_FC_devices_seqlen_1280.txt
/home/aatmaj/CENT/aim_simulator/build/ramulator2 -f /home/aatmaj/CENT/aim_simulator/test/example.yaml -t /home/aatmaj/CENT/experiments/dda_full_sweep/traces/32_channels_per_device/3_devices/model_parallel_FC/Llama2-7B/trace_3_FC_devices_seqlen_1280.txt
/home/aatmaj/CENT/aim_simulator/build/ramulator2 -f /home/aatmaj/CENT/aim_simulator/test/example.yaml -t /home/aatmaj/CENT/experiments/dda_full_sweep/traces/32_channels_per_device/3_devices/model_parallel/Llama2-7B/trace_3_FC_devices_seqlen_1408.txt
/home/aatmaj/CENT/aim_simulator/build/ramulator2 -f /home/aatmaj/CENT/aim_simulator/test/example.yaml -t /home/aatmaj/CENT/experiments/dda_full_sweep/traces/32_channels_per_device/3_devices/model_parallel_FC/Llama2-7B/trace_3_FC_devices_seqlen_1408.txt
/home/aatmaj/CENT/aim_simulator/build/ramulator2 -f /home/aatmaj/CENT/aim_simulator/test/example.yaml -t /home/aatmaj/CENT/experiments/dda_full_sweep/traces/32_channels_per_device/3_devices/model_parallel/Llama2-7B/trace_3_FC_devices_seqlen_1536.txt
/home/aatmaj/CENT/aim_simulator/build/ramulator2 -f /home/aatmaj/CENT/aim_simulator/test/example.yaml -t /home/aatmaj/CENT/experiments/dda_full_sweep/traces/32_channels_per_device/3_devices/model_parallel_FC/Llama2-7B/trace_3_FC_devices_seqlen_1536.txt
/home/aatmaj/CENT/aim_simulator/build/ramulator2 -f /home/aatmaj/CENT/aim_simulator/test/example.yaml -t /home/aatmaj/CENT/experiments/dda_full_sweep/traces/32_channels_per_device/3_devices/model_parallel/Llama2-7B/trace_3_FC_devices_seqlen_1664.txt
/home/aatmaj/CENT/aim_simulator/build/ramulator2 -f /home/aatmaj/CENT/aim_simulator/test/example.yaml -t /home/aatmaj/CENT/experiments/dda_full_sweep/traces/32_channels_per_device/3_devices/model_parallel_FC/Llama2-7B/trace_3_FC_devices_seqlen_1664.txt
/home/aatmaj/CENT/aim_simulator/build/ramulator2 -f /home/aatmaj/CENT/aim_simulator/test/example.yaml -t /home/aatmaj/CENT/experiments/dda_full_sweep/traces/32_channels_per_device/3_devices/model_parallel/Llama2-7B/trace_3_FC_devices_seqlen_1792.txt
/home/aatmaj/CENT/aim_simulator/build/ramulator2 -f /home/aatmaj/CENT/aim_simulator/test/example.yaml -t /home/aatmaj/CENT/experiments/dda_full_sweep/traces/32_channels_per_device/3_devices/model_parallel_FC/Llama2-7B/trace_3_FC_devices_seqlen_1792.txt
/home/aatmaj/CENT/aim_simulator/build/ramulator2 -f /home/aatmaj/CENT/aim_simulator/test/example.yaml -t /home/aatmaj/CENT/experiments/dda_full_sweep/traces/32_channels_per_device/3_devices/model_parallel/Llama2-7B/trace_3_FC_devices_seqlen_1920.txt
/home/aatmaj/CENT/aim_simulator/build/ramulator2 -f /home/aatmaj/CENT/aim_simulator/test/example.yaml -t /home/aatmaj/CENT/experiments/dda_full_sweep/traces/32_channels_per_device/3_devices/model_parallel_FC/Llama2-7B/trace_3_FC_devices_seqlen_1920.txt
/home/aatmaj/CENT/aim_simulator/build/ramulator2 -f /home/aatmaj/CENT/aim_simulator/test/example.yaml -t /home/aatmaj/CENT/experiments/dda_full_sweep/traces/32_channels_per_device/3_devices/model_parallel/Llama2-7B/trace_3_FC_devices_seqlen_2048.txt
/home/aatmaj/CENT/aim_simulator/build/ramulator2 -f /home/aatmaj/CENT/aim_simulator/test/example.yaml -t /home/aatmaj/CENT/experiments/dda_full_sweep/traces/32_channels_per_device/3_devices/model_parallel_FC/Llama2-7B/trace_3_FC_devices_seqlen_2048.txt
/home/aatmaj/CENT/aim_simulator/build/ramulator2 -f /home/aatmaj/CENT/aim_simulator/test/example.yaml -t /home/aatmaj/CENT/experiments/dda_full_sweep/traces/32_channels_per_device/3_devices/model_parallel/Llama2-7B/trace_3_FC_devices_seqlen_2176.txt
/home/aatmaj/CENT/aim_simulator/build/ramulator2 -f /home/aatmaj/CENT/aim_simulator/test/example.yaml -t /home/aatmaj/CENT/experiments/dda_full_sweep/traces/32_channels_per_device/3_devices/model_parallel_FC/Llama2-7B/trace_3_FC_devices_seqlen_2176.txt
/home/aatmaj/CENT/aim_simulator/build/ramulator2 -f /home/aatmaj/CENT/aim_simulator/test/example.yaml -t /home/aatmaj/CENT/experiments/dda_full_sweep/traces/32_channels_per_device/3_devices/model_parallel/Llama2-7B/trace_3_FC_devices_seqlen_2304.txt
/home/aatmaj/CENT/aim_simulator/build/ramulator2 -f /home/aatmaj/CENT/aim_simulator/test/example.yaml -t /home/aatmaj/CENT/experiments/dda_full_sweep/traces/32_channels_per_device/3_devices/model_parallel_FC/Llama2-7B/trace_3_FC_devices_seqlen_2304.txt
/home/aatmaj/CENT/aim_simulator/build/ramulator2 -f /home/aatmaj/CENT/aim_simulator/test/example.yaml -t /home/aatmaj/CENT/experiments/dda_full_sweep/traces/32_channels_per_device/3_devices/model_parallel/Llama2-7B/trace_3_FC_devices_seqlen_2432.txt
/home/aatmaj/CENT/aim_simulator/build/ramulator2 -f /home/aatmaj/CENT/aim_simulator/test/example.yaml -t /home/aatmaj/CENT/experiments/dda_full_sweep/traces/32_channels_per_device/3_devices/model_parallel_FC/Llama2-7B/trace_3_FC_devices_seqlen_2432.txt
/home/aatmaj/CENT/aim_simulator/build/ramulator2 -f /home/aatmaj/CENT/aim_simulator/test/example.yaml -t /home/aatmaj/CENT/experiments/dda_full_sweep/traces/32_channels_per_device/3_devices/model_parallel/Llama2-7B/trace_3_FC_devices_seqlen_2560.txt
/home/aatmaj/CENT/aim_simulator/build/ramulator2 -f /home/aatmaj/CENT/aim_simulator/test/example.yaml -t /home/aatmaj/CENT/experiments/dda_full_sweep/traces/32_channels_per_device/3_devices/model_parallel_FC/Llama2-7B/trace_3_FC_devices_seqlen_2560.txt
/home/aatmaj/CENT/aim_simulator/build/ramulator2 -f /home/aatmaj/CENT/aim_simulator/test/example.yaml -t /home/aatmaj/CENT/experiments/dda_full_sweep/traces/32_channels_per_device/3_devices/model_parallel/Llama2-7B/trace_3_FC_devices_seqlen_2688.txt
/home/aatmaj/CENT/aim_simulator/build/ramulator2 -f /home/aatmaj/CENT/aim_simulator/test/example.yaml -t /home/aatmaj/CENT/experiments/dda_full_sweep/traces/32_channels_per_device/3_devices/model_parallel_FC/Llama2-7B/trace_3_FC_devices_seqlen_2688.txt
/home/aatmaj/CENT/aim_simulator/build/ramulator2 -f /home/aatmaj/CENT/aim_simulator/test/example.yaml -t /home/aatmaj/CENT/experiments/dda_full_sweep/traces/32_channels_per_device/3_devices/model_parallel/Llama2-7B/trace_3_FC_devices_seqlen_2816.txt
/home/aatmaj/CENT/aim_simulator/build/ramulator2 -f /home/aatmaj/CENT/aim_simulator/test/example.yaml -t /home/aatmaj/CENT/experiments/dda_full_sweep/traces/32_channels_per_device/3_devices/model_parallel_FC/Llama2-7B/trace_3_FC_devices_seqlen_2816.txt
/home/aatmaj/CENT/aim_simulator/build/ramulator2 -f /home/aatmaj/CENT/aim_simulator/test/example.yaml -t /home/aatmaj/CENT/experiments/dda_full_sweep/traces/32_channels_per_device/3_devices/model_parallel/Llama2-7B/trace_3_FC_devices_seqlen_2944.txt
/home/aatmaj/CENT/aim_simulator/build/ramulator2 -f /home/aatmaj/CENT/aim_simulator/test/example.yaml -t /home/aatmaj/CENT/experiments/dda_full_sweep/traces/32_channels_per_device/3_devices/model_parallel_FC/Llama2-7B/trace_3_FC_devices_seqlen_2944.txt
/home/aatmaj/CENT/aim_simulator/build/ramulator2 -f /home/aatmaj/CENT/aim_simulator/test/example.yaml -t /home/aatmaj/CENT/experiments/dda_full_sweep/traces/32_channels_per_device/3_devices/model_parallel/Llama2-7B/trace_3_FC_devices_seqlen_3072.txt
/home/aatmaj/CENT/aim_simulator/build/ramulator2 -f /home/aatmaj/CENT/aim_simulator/test/example.yaml -t /home/aatmaj/CENT/experiments/dda_full_sweep/traces/32_channels_per_device/3_devices/model_parallel_FC/Llama2-7B/trace_3_FC_devices_seqlen_3072.txt
/home/aatmaj/CENT/aim_simulator/build/ramulator2 -f /home/aatmaj/CENT/aim_simulator/test/example.yaml -t /home/aatmaj/CENT/experiments/dda_full_sweep/traces/32_channels_per_device/3_devices/model_parallel/Llama2-7B/trace_3_FC_devices_seqlen_3200.txt
/home/aatmaj/CENT/aim_simulator/build/ramulator2 -f /home/aatmaj/CENT/aim_simulator/test/example.yaml -t /home/aatmaj/CENT/experiments/dda_full_sweep/traces/32_channels_per_device/3_devices/model_parallel_FC/Llama2-7B/trace_3_FC_devices_seqlen_3200.txt
/home/aatmaj/CENT/aim_simulator/build/ramulator2 -f /home/aatmaj/CENT/aim_simulator/test/example.yaml -t /home/aatmaj/CENT/experiments/dda_full_sweep/traces/32_channels_per_device/3_devices/model_parallel/Llama2-7B/trace_3_FC_devices_seqlen_3328.txt
/home/aatmaj/CENT/aim_simulator/build/ramulator2 -f /home/aatmaj/CENT/aim_simulator/test/example.yaml -t /home/aatmaj/CENT/experiments/dda_full_sweep/traces/32_channels_per_device/3_devices/model_parallel_FC/Llama2-7B/trace_3_FC_devices_seqlen_3328.txt
/home/aatmaj/CENT/aim_simulator/build/ramulator2 -f /home/aatmaj/CENT/aim_simulator/test/example.yaml -t /home/aatmaj/CENT/experiments/dda_full_sweep/traces/32_channels_per_device/3_devices/model_parallel/Llama2-7B/trace_3_FC_devices_seqlen_3456.txt
/home/aatmaj/CENT/aim_simulator/build/ramulator2 -f /home/aatmaj/CENT/aim_simulator/test/example.yaml -t /home/aatmaj/CENT/experiments/dda_full_sweep/traces/32_channels_per_device/3_devices/model_parallel_FC/Llama2-7B/trace_3_FC_devices_seqlen_3456.txt
/home/aatmaj/CENT/aim_simulator/build/ramulator2 -f /home/aatmaj/CENT/aim_simulator/test/example.yaml -t /home/aatmaj/CENT/experiments/dda_full_sweep/traces/32_channels_per_device/3_devices/model_parallel/Llama2-7B/trace_3_FC_devices_seqlen_3584.txt
/home/aatmaj/CENT/aim_simulator/build/ramulator2 -f /home/aatmaj/CENT/aim_simulator/test/example.yaml -t /home/aatmaj/CENT/experiments/dda_full_sweep/traces/32_channels_per_device/3_devices/model_parallel_FC/Llama2-7B/trace_3_FC_devices_seqlen_3584.txt
/home/aatmaj/CENT/aim_simulator/build/ramulator2 -f /home/aatmaj/CENT/aim_simulator/test/example.yaml -t /home/aatmaj/CENT/experiments/dda_full_sweep/traces/32_channels_per_device/3_devices/model_parallel/Llama2-7B/trace_3_FC_devices_seqlen_3712.txt
/home/aatmaj/CENT/aim_simulator/build/ramulator2 -f /home/aatmaj/CENT/aim_simulator/test/example.yaml -t /home/aatmaj/CENT/experiments/dda_full_sweep/traces/32_channels_per_device/3_devices/model_parallel_FC/Llama2-7B/trace_3_FC_devices_seqlen_3712.txt
/home/aatmaj/CENT/aim_simulator/build/ramulator2 -f /home/aatmaj/CENT/aim_simulator/test/example.yaml -t /home/aatmaj/CENT/experiments/dda_full_sweep/traces/32_channels_per_device/3_devices/model_parallel/Llama2-7B/trace_3_FC_devices_seqlen_3840.txt
/home/aatmaj/CENT/aim_simulator/build/ramulator2 -f /home/aatmaj/CENT/aim_simulator/test/example.yaml -t /home/aatmaj/CENT/experiments/dda_full_sweep/traces/32_channels_per_device/3_devices/model_parallel_FC/Llama2-7B/trace_3_FC_devices_seqlen_3840.txt
/home/aatmaj/CENT/aim_simulator/build/ramulator2 -f /home/aatmaj/CENT/aim_simulator/test/example.yaml -t /home/aatmaj/CENT/experiments/dda_full_sweep/traces/32_channels_per_device/3_devices/model_parallel/Llama2-7B/trace_3_FC_devices_seqlen_3968.txt
/home/aatmaj/CENT/aim_simulator/build/ramulator2 -f /home/aatmaj/CENT/aim_simulator/test/example.yaml -t /home/aatmaj/CENT/experiments/dda_full_sweep/traces/32_channels_per_device/3_devices/model_parallel_FC/Llama2-7B/trace_3_FC_devices_seqlen_3968.txt
/home/aatmaj/CENT/aim_simulator/build/ramulator2 -f /home/aatmaj/CENT/aim_simulator/test/example.yaml -t /home/aatmaj/CENT/experiments/dda_full_sweep/traces/32_channels_per_device/3_devices/model_parallel/Llama2-7B/trace_3_FC_devices_seqlen_4096.txt
/home/aatmaj/CENT/experiments/dda_full_sweep/simulation/run_sim_full32.py:447: FutureWarning: The behavior of DataFrame concatenation with empty or all-NA entries is deprecated. In a future version, this will no longer exclude empty or all-NA columns when determining the result dtypes. To retain the old behavior, exclude the relevant entries before the concat operation.
  results_df = pd.concat([results_df, new_df], ignore_index=True)
/home/aatmaj/CENT/aim_simulator/build/ramulator2 -f /home/aatmaj/CENT/aim_simulator/test/example.yaml -t /home/aatmaj/CENT/experiments/dda_full_sweep/traces/32_channels_per_device/3_devices/model_parallel_FC/Llama2-7B/trace_3_FC_devices_seqlen_4096.txt
Processing results...
Updating simulation results to CSV...
=== Pool L | Llama2-7B | N_L=5 | TP=5, PP=1 ===
Generating traces for Llama2-7B (5 devices) ...
/home/aatmaj/CENT/aim_simulator/build/ramulator2 -f /home/aatmaj/CENT/aim_simulator/test/example.yaml -t /home/aatmaj/CENT/experiments/dda_full_sweep/traces/32_channels_per_device/5_devices/model_parallel_embedding/Llama2-7B/trace_5_FC_devices_seqlen_4096.txt
/home/aatmaj/CENT/aim_simulator/build/ramulator2 -f /home/aatmaj/CENT/aim_simulator/test/example.yaml -t /home/aatmaj/CENT/experiments/dda_full_sweep/traces/32_channels_per_device/5_devices/model_parallel/Llama2-7B/trace_5_FC_devices_seqlen_128.txt
/home/aatmaj/CENT/aim_simulator/build/ramulator2 -f /home/aatmaj/CENT/aim_simulator/test/example.yaml -t /home/aatmaj/CENT/experiments/dda_full_sweep/traces/32_channels_per_device/5_devices/model_parallel_FC/Llama2-7B/trace_5_FC_devices_seqlen_128.txt
/home/aatmaj/CENT/aim_simulator/build/ramulator2 -f /home/aatmaj/CENT/aim_simulator/test/example.yaml -t /home/aatmaj/CENT/experiments/dda_full_sweep/traces/32_channels_per_device/5_devices/model_parallel/Llama2-7B/trace_5_FC_devices_seqlen_256.txt
/home/aatmaj/CENT/aim_simulator/build/ramulator2 -f /home/aatmaj/CENT/aim_simulator/test/example.yaml -t /home/aatmaj/CENT/experiments/dda_full_sweep/traces/32_channels_per_device/5_devices/model_parallel_FC/Llama2-7B/trace_5_FC_devices_seqlen_256.txt
/home/aatmaj/CENT/aim_simulator/build/ramulator2 -f /home/aatmaj/CENT/aim_simulator/test/example.yaml -t /home/aatmaj/CENT/experiments/dda_full_sweep/traces/32_channels_per_device/5_devices/model_parallel/Llama2-7B/trace_5_FC_devices_seqlen_384.txt
/home/aatmaj/CENT/aim_simulator/build/ramulator2 -f /home/aatmaj/CENT/aim_simulator/test/example.yaml -t /home/aatmaj/CENT/experiments/dda_full_sweep/traces/32_channels_per_device/5_devices/model_parallel_FC/Llama2-7B/trace_5_FC_devices_seqlen_384.txt
/home/aatmaj/CENT/aim_simulator/build/ramulator2 -f /home/aatmaj/CENT/aim_simulator/test/example.yaml -t /home/aatmaj/CENT/experiments/dda_full_sweep/traces/32_channels_per_device/5_devices/model_parallel/Llama2-7B/trace_5_FC_devices_seqlen_512.txt
/home/aatmaj/CENT/aim_simulator/build/ramulator2 -f /home/aatmaj/CENT/aim_simulator/test/example.yaml -t /home/aatmaj/CENT/experiments/dda_full_sweep/traces/32_channels_per_device/5_devices/model_parallel_FC/Llama2-7B/trace_5_FC_devices_seqlen_512.txt
/home/aatmaj/CENT/aim_simulator/build/ramulator2 -f /home/aatmaj/CENT/aim_simulator/test/example.yaml -t /home/aatmaj/CENT/experiments/dda_full_sweep/traces/32_channels_per_device/5_devices/model_parallel/Llama2-7B/trace_5_FC_devices_seqlen_640.txt
/home/aatmaj/CENT/aim_simulator/build/ramulator2 -f /home/aatmaj/CENT/aim_simulator/test/example.yaml -t /home/aatmaj/CENT/experiments/dda_full_sweep/traces/32_channels_per_device/5_devices/model_parallel_FC/Llama2-7B/trace_5_FC_devices_seqlen_640.txt
/home/aatmaj/CENT/aim_simulator/build/ramulator2 -f /home/aatmaj/CENT/aim_simulator/test/example.yaml -t /home/aatmaj/CENT/experiments/dda_full_sweep/traces/32_channels_per_device/5_devices/model_parallel/Llama2-7B/trace_5_FC_devices_seqlen_768.txt
/home/aatmaj/CENT/aim_simulator/build/ramulator2 -f /home/aatmaj/CENT/aim_simulator/test/example.yaml -t /home/aatmaj/CENT/experiments/dda_full_sweep/traces/32_channels_per_device/5_devices/model_parallel_FC/Llama2-7B/trace_5_FC_devices_seqlen_768.txt
/home/aatmaj/CENT/aim_simulator/build/ramulator2 -f /home/aatmaj/CENT/aim_simulator/test/example.yaml -t /home/aatmaj/CENT/experiments/dda_full_sweep/traces/32_channels_per_device/5_devices/model_parallel/Llama2-7B/trace_5_FC_devices_seqlen_896.txt
/home/aatmaj/CENT/aim_simulator/build/ramulator2 -f /home/aatmaj/CENT/aim_simulator/test/example.yaml -t /home/aatmaj/CENT/experiments/dda_full_sweep/traces/32_channels_per_device/5_devices/model_parallel_FC/Llama2-7B/trace_5_FC_devices_seqlen_896.txt
/home/aatmaj/CENT/aim_simulator/build/ramulator2 -f /home/aatmaj/CENT/aim_simulator/test/example.yaml -t /home/aatmaj/CENT/experiments/dda_full_sweep/traces/32_channels_per_device/5_devices/model_parallel/Llama2-7B/trace_5_FC_devices_seqlen_1024.txt
/home/aatmaj/CENT/aim_simulator/build/ramulator2 -f /home/aatmaj/CENT/aim_simulator/test/example.yaml -t /home/aatmaj/CENT/experiments/dda_full_sweep/traces/32_channels_per_device/5_devices/model_parallel_FC/Llama2-7B/trace_5_FC_devices_seqlen_1024.txt
/home/aatmaj/CENT/aim_simulator/build/ramulator2 -f /home/aatmaj/CENT/aim_simulator/test/example.yaml -t /home/aatmaj/CENT/experiments/dda_full_sweep/traces/32_channels_per_device/5_devices/model_parallel/Llama2-7B/trace_5_FC_devices_seqlen_1152.txt
/home/aatmaj/CENT/aim_simulator/build/ramulator2 -f /home/aatmaj/CENT/aim_simulator/test/example.yaml -t /home/aatmaj/CENT/experiments/dda_full_sweep/traces/32_channels_per_device/5_devices/model_parallel_FC/Llama2-7B/trace_5_FC_devices_seqlen_1152.txt
/home/aatmaj/CENT/aim_simulator/build/ramulator2 -f /home/aatmaj/CENT/aim_simulator/test/example.yaml -t /home/aatmaj/CENT/experiments/dda_full_sweep/traces/32_channels_per_device/5_devices/model_parallel/Llama2-7B/trace_5_FC_devices_seqlen_1280.txt
/home/aatmaj/CENT/aim_simulator/build/ramulator2 -f /home/aatmaj/CENT/aim_simulator/test/example.yaml -t /home/aatmaj/CENT/experiments/dda_full_sweep/traces/32_channels_per_device/5_devices/model_parallel_FC/Llama2-7B/trace_5_FC_devices_seqlen_1280.txt
/home/aatmaj/CENT/aim_simulator/build/ramulator2 -f /home/aatmaj/CENT/aim_simulator/test/example.yaml -t /home/aatmaj/CENT/experiments/dda_full_sweep/traces/32_channels_per_device/5_devices/model_parallel/Llama2-7B/trace_5_FC_devices_seqlen_1408.txt
/home/aatmaj/CENT/aim_simulator/build/ramulator2 -f /home/aatmaj/CENT/aim_simulator/test/example.yaml -t /home/aatmaj/CENT/experiments/dda_full_sweep/traces/32_channels_per_device/5_devices/model_parallel_FC/Llama2-7B/trace_5_FC_devices_seqlen_1408.txt
/home/aatmaj/CENT/aim_simulator/build/ramulator2 -f /home/aatmaj/CENT/aim_simulator/test/example.yaml -t /home/aatmaj/CENT/experiments/dda_full_sweep/traces/32_channels_per_device/5_devices/model_parallel/Llama2-7B/trace_5_FC_devices_seqlen_1536.txt
/home/aatmaj/CENT/aim_simulator/build/ramulator2 -f /home/aatmaj/CENT/aim_simulator/test/example.yaml -t /home/aatmaj/CENT/experiments/dda_full_sweep/traces/32_channels_per_device/5_devices/model_parallel_FC/Llama2-7B/trace_5_FC_devices_seqlen_1536.txt
/home/aatmaj/CENT/aim_simulator/build/ramulator2 -f /home/aatmaj/CENT/aim_simulator/test/example.yaml -t /home/aatmaj/CENT/experiments/dda_full_sweep/traces/32_channels_per_device/5_devices/model_parallel/Llama2-7B/trace_5_FC_devices_seqlen_1664.txt
/home/aatmaj/CENT/aim_simulator/build/ramulator2 -f /home/aatmaj/CENT/aim_simulator/test/example.yaml -t /home/aatmaj/CENT/experiments/dda_full_sweep/traces/32_channels_per_device/5_devices/model_parallel_FC/Llama2-7B/trace_5_FC_devices_seqlen_1664.txt
/home/aatmaj/CENT/aim_simulator/build/ramulator2 -f /home/aatmaj/CENT/aim_simulator/test/example.yaml -t /home/aatmaj/CENT/experiments/dda_full_sweep/traces/32_channels_per_device/5_devices/model_parallel/Llama2-7B/trace_5_FC_devices_seqlen_1792.txt
/home/aatmaj/CENT/aim_simulator/build/ramulator2 -f /home/aatmaj/CENT/aim_simulator/test/example.yaml -t /home/aatmaj/CENT/experiments/dda_full_sweep/traces/32_channels_per_device/5_devices/model_parallel_FC/Llama2-7B/trace_5_FC_devices_seqlen_1792.txt
/home/aatmaj/CENT/aim_simulator/build/ramulator2 -f /home/aatmaj/CENT/aim_simulator/test/example.yaml -t /home/aatmaj/CENT/experiments/dda_full_sweep/traces/32_channels_per_device/5_devices/model_parallel/Llama2-7B/trace_5_FC_devices_seqlen_1920.txt
/home/aatmaj/CENT/aim_simulator/build/ramulator2 -f /home/aatmaj/CENT/aim_simulator/test/example.yaml -t /home/aatmaj/CENT/experiments/dda_full_sweep/traces/32_channels_per_device/5_devices/model_parallel_FC/Llama2-7B/trace_5_FC_devices_seqlen_1920.txt
/home/aatmaj/CENT/aim_simulator/build/ramulator2 -f /home/aatmaj/CENT/aim_simulator/test/example.yaml -t /home/aatmaj/CENT/experiments/dda_full_sweep/traces/32_channels_per_device/5_devices/model_parallel/Llama2-7B/trace_5_FC_devices_seqlen_2048.txt
/home/aatmaj/CENT/aim_simulator/build/ramulator2 -f /home/aatmaj/CENT/aim_simulator/test/example.yaml -t /home/aatmaj/CENT/experiments/dda_full_sweep/traces/32_channels_per_device/5_devices/model_parallel_FC/Llama2-7B/trace_5_FC_devices_seqlen_2048.txt
/home/aatmaj/CENT/aim_simulator/build/ramulator2 -f /home/aatmaj/CENT/aim_simulator/test/example.yaml -t /home/aatmaj/CENT/experiments/dda_full_sweep/traces/32_channels_per_device/5_devices/model_parallel/Llama2-7B/trace_5_FC_devices_seqlen_2176.txt
/home/aatmaj/CENT/aim_simulator/build/ramulator2 -f /home/aatmaj/CENT/aim_simulator/test/example.yaml -t /home/aatmaj/CENT/experiments/dda_full_sweep/traces/32_channels_per_device/5_devices/model_parallel_FC/Llama2-7B/trace_5_FC_devices_seqlen_2176.txt
/home/aatmaj/CENT/aim_simulator/build/ramulator2 -f /home/aatmaj/CENT/aim_simulator/test/example.yaml -t /home/aatmaj/CENT/experiments/dda_full_sweep/traces/32_channels_per_device/5_devices/model_parallel/Llama2-7B/trace_5_FC_devices_seqlen_2304.txt
/home/aatmaj/CENT/aim_simulator/build/ramulator2 -f /home/aatmaj/CENT/aim_simulator/test/example.yaml -t /home/aatmaj/CENT/experiments/dda_full_sweep/traces/32_channels_per_device/5_devices/model_parallel_FC/Llama2-7B/trace_5_FC_devices_seqlen_2304.txt
/home/aatmaj/CENT/aim_simulator/build/ramulator2 -f /home/aatmaj/CENT/aim_simulator/test/example.yaml -t /home/aatmaj/CENT/experiments/dda_full_sweep/traces/32_channels_per_device/5_devices/model_parallel/Llama2-7B/trace_5_FC_devices_seqlen_2432.txt
/home/aatmaj/CENT/aim_simulator/build/ramulator2 -f /home/aatmaj/CENT/aim_simulator/test/example.yaml -t /home/aatmaj/CENT/experiments/dda_full_sweep/traces/32_channels_per_device/5_devices/model_parallel_FC/Llama2-7B/trace_5_FC_devices_seqlen_2432.txt
/home/aatmaj/CENT/aim_simulator/build/ramulator2 -f /home/aatmaj/CENT/aim_simulator/test/example.yaml -t /home/aatmaj/CENT/experiments/dda_full_sweep/traces/32_channels_per_device/5_devices/model_parallel/Llama2-7B/trace_5_FC_devices_seqlen_2560.txt
/home/aatmaj/CENT/aim_simulator/build/ramulator2 -f /home/aatmaj/CENT/aim_simulator/test/example.yaml -t /home/aatmaj/CENT/experiments/dda_full_sweep/traces/32_channels_per_device/5_devices/model_parallel_FC/Llama2-7B/trace_5_FC_devices_seqlen_2560.txt
/home/aatmaj/CENT/aim_simulator/build/ramulator2 -f /home/aatmaj/CENT/aim_simulator/test/example.yaml -t /home/aatmaj/CENT/experiments/dda_full_sweep/traces/32_channels_per_device/5_devices/model_parallel/Llama2-7B/trace_5_FC_devices_seqlen_2688.txt
/home/aatmaj/CENT/aim_simulator/build/ramulator2 -f /home/aatmaj/CENT/aim_simulator/test/example.yaml -t /home/aatmaj/CENT/experiments/dda_full_sweep/traces/32_channels_per_device/5_devices/model_parallel_FC/Llama2-7B/trace_5_FC_devices_seqlen_2688.txt
/home/aatmaj/CENT/aim_simulator/build/ramulator2 -f /home/aatmaj/CENT/aim_simulator/test/example.yaml -t /home/aatmaj/CENT/experiments/dda_full_sweep/traces/32_channels_per_device/5_devices/model_parallel/Llama2-7B/trace_5_FC_devices_seqlen_2816.txt
/home/aatmaj/CENT/aim_simulator/build/ramulator2 -f /home/aatmaj/CENT/aim_simulator/test/example.yaml -t /home/aatmaj/CENT/experiments/dda_full_sweep/traces/32_channels_per_device/5_devices/model_parallel_FC/Llama2-7B/trace_5_FC_devices_seqlen_2816.txt
/home/aatmaj/CENT/aim_simulator/build/ramulator2 -f /home/aatmaj/CENT/aim_simulator/test/example.yaml -t /home/aatmaj/CENT/experiments/dda_full_sweep/traces/32_channels_per_device/5_devices/model_parallel/Llama2-7B/trace_5_FC_devices_seqlen_2944.txt
/home/aatmaj/CENT/aim_simulator/build/ramulator2 -f /home/aatmaj/CENT/aim_simulator/test/example.yaml -t /home/aatmaj/CENT/experiments/dda_full_sweep/traces/32_channels_per_device/5_devices/model_parallel_FC/Llama2-7B/trace_5_FC_devices_seqlen_2944.txt
/home/aatmaj/CENT/aim_simulator/build/ramulator2 -f /home/aatmaj/CENT/aim_simulator/test/example.yaml -t /home/aatmaj/CENT/experiments/dda_full_sweep/traces/32_channels_per_device/5_devices/model_parallel/Llama2-7B/trace_5_FC_devices_seqlen_3072.txt
/home/aatmaj/CENT/aim_simulator/build/ramulator2 -f /home/aatmaj/CENT/aim_simulator/test/example.yaml -t /home/aatmaj/CENT/experiments/dda_full_sweep/traces/32_channels_per_device/5_devices/model_parallel_FC/Llama2-7B/trace_5_FC_devices_seqlen_3072.txt
/home/aatmaj/CENT/aim_simulator/build/ramulator2 -f /home/aatmaj/CENT/aim_simulator/test/example.yaml -t /home/aatmaj/CENT/experiments/dda_full_sweep/traces/32_channels_per_device/5_devices/model_parallel/Llama2-7B/trace_5_FC_devices_seqlen_3200.txt
/home/aatmaj/CENT/aim_simulator/build/ramulator2 -f /home/aatmaj/CENT/aim_simulator/test/example.yaml -t /home/aatmaj/CENT/experiments/dda_full_sweep/traces/32_channels_per_device/5_devices/model_parallel_FC/Llama2-7B/trace_5_FC_devices_seqlen_3200.txt
/home/aatmaj/CENT/aim_simulator/build/ramulator2 -f /home/aatmaj/CENT/aim_simulator/test/example.yaml -t /home/aatmaj/CENT/experiments/dda_full_sweep/traces/32_channels_per_device/5_devices/model_parallel/Llama2-7B/trace_5_FC_devices_seqlen_3328.txt
/home/aatmaj/CENT/aim_simulator/build/ramulator2 -f /home/aatmaj/CENT/aim_simulator/test/example.yaml -t /home/aatmaj/CENT/experiments/dda_full_sweep/traces/32_channels_per_device/5_devices/model_parallel_FC/Llama2-7B/trace_5_FC_devices_seqlen_3328.txt
/home/aatmaj/CENT/aim_simulator/build/ramulator2 -f /home/aatmaj/CENT/aim_simulator/test/example.yaml -t /home/aatmaj/CENT/experiments/dda_full_sweep/traces/32_channels_per_device/5_devices/model_parallel/Llama2-7B/trace_5_FC_devices_seqlen_3456.txt
/home/aatmaj/CENT/aim_simulator/build/ramulator2 -f /home/aatmaj/CENT/aim_simulator/test/example.yaml -t /home/aatmaj/CENT/experiments/dda_full_sweep/traces/32_channels_per_device/5_devices/model_parallel_FC/Llama2-7B/trace_5_FC_devices_seqlen_3456.txt
/home/aatmaj/CENT/aim_simulator/build/ramulator2 -f /home/aatmaj/CENT/aim_simulator/test/example.yaml -t /home/aatmaj/CENT/experiments/dda_full_sweep/traces/32_channels_per_device/5_devices/model_parallel/Llama2-7B/trace_5_FC_devices_seqlen_3584.txt
/home/aatmaj/CENT/aim_simulator/build/ramulator2 -f /home/aatmaj/CENT/aim_simulator/test/example.yaml -t /home/aatmaj/CENT/experiments/dda_full_sweep/traces/32_channels_per_device/5_devices/model_parallel_FC/Llama2-7B/trace_5_FC_devices_seqlen_3584.txt
/home/aatmaj/CENT/aim_simulator/build/ramulator2 -f /home/aatmaj/CENT/aim_simulator/test/example.yaml -t /home/aatmaj/CENT/experiments/dda_full_sweep/traces/32_channels_per_device/5_devices/model_parallel/Llama2-7B/trace_5_FC_devices_seqlen_3712.txt
/home/aatmaj/CENT/aim_simulator/build/ramulator2 -f /home/aatmaj/CENT/aim_simulator/test/example.yaml -t /home/aatmaj/CENT/experiments/dda_full_sweep/traces/32_channels_per_device/5_devices/model_parallel_FC/Llama2-7B/trace_5_FC_devices_seqlen_3712.txt
/home/aatmaj/CENT/aim_simulator/build/ramulator2 -f /home/aatmaj/CENT/aim_simulator/test/example.yaml -t /home/aatmaj/CENT/experiments/dda_full_sweep/traces/32_channels_per_device/5_devices/model_parallel/Llama2-7B/trace_5_FC_devices_seqlen_3840.txt
/home/aatmaj/CENT/aim_simulator/build/ramulator2 -f /home/aatmaj/CENT/aim_simulator/test/example.yaml -t /home/aatmaj/CENT/experiments/dda_full_sweep/traces/32_channels_per_device/5_devices/model_parallel_FC/Llama2-7B/trace_5_FC_devices_seqlen_3840.txt
/home/aatmaj/CENT/aim_simulator/build/ramulator2 -f /home/aatmaj/CENT/aim_simulator/test/example.yaml -t /home/aatmaj/CENT/experiments/dda_full_sweep/traces/32_channels_per_device/5_devices/model_parallel/Llama2-7B/trace_5_FC_devices_seqlen_3968.txt
/home/aatmaj/CENT/aim_simulator/build/ramulator2 -f /home/aatmaj/CENT/aim_simulator/test/example.yaml -t /home/aatmaj/CENT/experiments/dda_full_sweep/traces/32_channels_per_device/5_devices/model_parallel_FC/Llama2-7B/trace_5_FC_devices_seqlen_3968.txt
/home/aatmaj/CENT/aim_simulator/build/ramulator2 -f /home/aatmaj/CENT/aim_simulator/test/example.yaml -t /home/aatmaj/CENT/experiments/dda_full_sweep/traces/32_channels_per_device/5_devices/model_parallel/Llama2-7B/trace_5_FC_devices_seqlen_4096.txt
/home/aatmaj/CENT/experiments/dda_full_sweep/simulation/run_sim_full32.py:447: FutureWarning: The behavior of DataFrame concatenation with empty or all-NA entries is deprecated. In a future version, this will no longer exclude empty or all-NA columns when determining the result dtypes. To retain the old behavior, exclude the relevant entries before the concat operation.
  results_df = pd.concat([results_df, new_df], ignore_index=True)
/home/aatmaj/CENT/aim_simulator/build/ramulator2 -f /home/aatmaj/CENT/aim_simulator/test/example.yaml -t /home/aatmaj/CENT/experiments/dda_full_sweep/traces/32_channels_per_device/5_devices/model_parallel_FC/Llama2-7B/trace_5_FC_devices_seqlen_4096.txt
Processing results...
Updating simulation results to CSV...
=== Pool L | Llama2-7B | N_L=7 | TP=7, PP=1 ===
Generating traces for Llama2-7B (7 devices) ...
/home/aatmaj/CENT/aim_simulator/build/ramulator2 -f /home/aatmaj/CENT/aim_simulator/test/example.yaml -t /home/aatmaj/CENT/experiments/dda_full_sweep/traces/32_channels_per_device/7_devices/model_parallel_embedding/Llama2-7B/trace_7_FC_devices_seqlen_4096.txt
/home/aatmaj/CENT/aim_simulator/build/ramulator2 -f /home/aatmaj/CENT/aim_simulator/test/example.yaml -t /home/aatmaj/CENT/experiments/dda_full_sweep/traces/32_channels_per_device/7_devices/model_parallel/Llama2-7B/trace_7_FC_devices_seqlen_128.txt
/home/aatmaj/CENT/aim_simulator/build/ramulator2 -f /home/aatmaj/CENT/aim_simulator/test/example.yaml -t /home/aatmaj/CENT/experiments/dda_full_sweep/traces/32_channels_per_device/7_devices/model_parallel_FC/Llama2-7B/trace_7_FC_devices_seqlen_128.txt
/home/aatmaj/CENT/aim_simulator/build/ramulator2 -f /home/aatmaj/CENT/aim_simulator/test/example.yaml -t /home/aatmaj/CENT/experiments/dda_full_sweep/traces/32_channels_per_device/7_devices/model_parallel/Llama2-7B/trace_7_FC_devices_seqlen_256.txt
/home/aatmaj/CENT/aim_simulator/build/ramulator2 -f /home/aatmaj/CENT/aim_simulator/test/example.yaml -t /home/aatmaj/CENT/experiments/dda_full_sweep/traces/32_channels_per_device/7_devices/model_parallel_FC/Llama2-7B/trace_7_FC_devices_seqlen_256.txt
/home/aatmaj/CENT/aim_simulator/build/ramulator2 -f /home/aatmaj/CENT/aim_simulator/test/example.yaml -t /home/aatmaj/CENT/experiments/dda_full_sweep/traces/32_channels_per_device/7_devices/model_parallel/Llama2-7B/trace_7_FC_devices_seqlen_384.txt
/home/aatmaj/CENT/aim_simulator/build/ramulator2 -f /home/aatmaj/CENT/aim_simulator/test/example.yaml -t /home/aatmaj/CENT/experiments/dda_full_sweep/traces/32_channels_per_device/7_devices/model_parallel_FC/Llama2-7B/trace_7_FC_devices_seqlen_384.txt
/home/aatmaj/CENT/aim_simulator/build/ramulator2 -f /home/aatmaj/CENT/aim_simulator/test/example.yaml -t /home/aatmaj/CENT/experiments/dda_full_sweep/traces/32_channels_per_device/7_devices/model_parallel/Llama2-7B/trace_7_FC_devices_seqlen_512.txt
/home/aatmaj/CENT/aim_simulator/build/ramulator2 -f /home/aatmaj/CENT/aim_simulator/test/example.yaml -t /home/aatmaj/CENT/experiments/dda_full_sweep/traces/32_channels_per_device/7_devices/model_parallel_FC/Llama2-7B/trace_7_FC_devices_seqlen_512.txt
/home/aatmaj/CENT/aim_simulator/build/ramulator2 -f /home/aatmaj/CENT/aim_simulator/test/example.yaml -t /home/aatmaj/CENT/experiments/dda_full_sweep/traces/32_channels_per_device/7_devices/model_parallel/Llama2-7B/trace_7_FC_devices_seqlen_640.txt
/home/aatmaj/CENT/aim_simulator/build/ramulator2 -f /home/aatmaj/CENT/aim_simulator/test/example.yaml -t /home/aatmaj/CENT/experiments/dda_full_sweep/traces/32_channels_per_device/7_devices/model_parallel_FC/Llama2-7B/trace_7_FC_devices_seqlen_640.txt
/home/aatmaj/CENT/aim_simulator/build/ramulator2 -f /home/aatmaj/CENT/aim_simulator/test/example.yaml -t /home/aatmaj/CENT/experiments/dda_full_sweep/traces/32_channels_per_device/7_devices/model_parallel/Llama2-7B/trace_7_FC_devices_seqlen_768.txt
/home/aatmaj/CENT/aim_simulator/build/ramulator2 -f /home/aatmaj/CENT/aim_simulator/test/example.yaml -t /home/aatmaj/CENT/experiments/dda_full_sweep/traces/32_channels_per_device/7_devices/model_parallel_FC/Llama2-7B/trace_7_FC_devices_seqlen_768.txt
/home/aatmaj/CENT/aim_simulator/build/ramulator2 -f /home/aatmaj/CENT/aim_simulator/test/example.yaml -t /home/aatmaj/CENT/experiments/dda_full_sweep/traces/32_channels_per_device/7_devices/model_parallel/Llama2-7B/trace_7_FC_devices_seqlen_896.txt
/home/aatmaj/CENT/aim_simulator/build/ramulator2 -f /home/aatmaj/CENT/aim_simulator/test/example.yaml -t /home/aatmaj/CENT/experiments/dda_full_sweep/traces/32_channels_per_device/7_devices/model_parallel_FC/Llama2-7B/trace_7_FC_devices_seqlen_896.txt
/home/aatmaj/CENT/aim_simulator/build/ramulator2 -f /home/aatmaj/CENT/aim_simulator/test/example.yaml -t /home/aatmaj/CENT/experiments/dda_full_sweep/traces/32_channels_per_device/7_devices/model_parallel/Llama2-7B/trace_7_FC_devices_seqlen_1024.txt
/home/aatmaj/CENT/aim_simulator/build/ramulator2 -f /home/aatmaj/CENT/aim_simulator/test/example.yaml -t /home/aatmaj/CENT/experiments/dda_full_sweep/traces/32_channels_per_device/7_devices/model_parallel_FC/Llama2-7B/trace_7_FC_devices_seqlen_1024.txt
/home/aatmaj/CENT/aim_simulator/build/ramulator2 -f /home/aatmaj/CENT/aim_simulator/test/example.yaml -t /home/aatmaj/CENT/experiments/dda_full_sweep/traces/32_channels_per_device/7_devices/model_parallel/Llama2-7B/trace_7_FC_devices_seqlen_1152.txt
/home/aatmaj/CENT/aim_simulator/build/ramulator2 -f /home/aatmaj/CENT/aim_simulator/test/example.yaml -t /home/aatmaj/CENT/experiments/dda_full_sweep/traces/32_channels_per_device/7_devices/model_parallel_FC/Llama2-7B/trace_7_FC_devices_seqlen_1152.txt
/home/aatmaj/CENT/aim_simulator/build/ramulator2 -f /home/aatmaj/CENT/aim_simulator/test/example.yaml -t /home/aatmaj/CENT/experiments/dda_full_sweep/traces/32_channels_per_device/7_devices/model_parallel/Llama2-7B/trace_7_FC_devices_seqlen_1280.txt
/home/aatmaj/CENT/aim_simulator/build/ramulator2 -f /home/aatmaj/CENT/aim_simulator/test/example.yaml -t /home/aatmaj/CENT/experiments/dda_full_sweep/traces/32_channels_per_device/7_devices/model_parallel_FC/Llama2-7B/trace_7_FC_devices_seqlen_1280.txt
/home/aatmaj/CENT/aim_simulator/build/ramulator2 -f /home/aatmaj/CENT/aim_simulator/test/example.yaml -t /home/aatmaj/CENT/experiments/dda_full_sweep/traces/32_channels_per_device/7_devices/model_parallel/Llama2-7B/trace_7_FC_devices_seqlen_1408.txt
/home/aatmaj/CENT/aim_simulator/build/ramulator2 -f /home/aatmaj/CENT/aim_simulator/test/example.yaml -t /home/aatmaj/CENT/experiments/dda_full_sweep/traces/32_channels_per_device/7_devices/model_parallel_FC/Llama2-7B/trace_7_FC_devices_seqlen_1408.txt
/home/aatmaj/CENT/aim_simulator/build/ramulator2 -f /home/aatmaj/CENT/aim_simulator/test/example.yaml -t /home/aatmaj/CENT/experiments/dda_full_sweep/traces/32_channels_per_device/7_devices/model_parallel/Llama2-7B/trace_7_FC_devices_seqlen_1536.txt
/home/aatmaj/CENT/aim_simulator/build/ramulator2 -f /home/aatmaj/CENT/aim_simulator/test/example.yaml -t /home/aatmaj/CENT/experiments/dda_full_sweep/traces/32_channels_per_device/7_devices/model_parallel_FC/Llama2-7B/trace_7_FC_devices_seqlen_1536.txt
/home/aatmaj/CENT/aim_simulator/build/ramulator2 -f /home/aatmaj/CENT/aim_simulator/test/example.yaml -t /home/aatmaj/CENT/experiments/dda_full_sweep/traces/32_channels_per_device/7_devices/model_parallel/Llama2-7B/trace_7_FC_devices_seqlen_1664.txt
/home/aatmaj/CENT/aim_simulator/build/ramulator2 -f /home/aatmaj/CENT/aim_simulator/test/example.yaml -t /home/aatmaj/CENT/experiments/dda_full_sweep/traces/32_channels_per_device/7_devices/model_parallel_FC/Llama2-7B/trace_7_FC_devices_seqlen_1664.txt
/home/aatmaj/CENT/aim_simulator/build/ramulator2 -f /home/aatmaj/CENT/aim_simulator/test/example.yaml -t /home/aatmaj/CENT/experiments/dda_full_sweep/traces/32_channels_per_device/7_devices/model_parallel/Llama2-7B/trace_7_FC_devices_seqlen_1792.txt
/home/aatmaj/CENT/aim_simulator/build/ramulator2 -f /home/aatmaj/CENT/aim_simulator/test/example.yaml -t /home/aatmaj/CENT/experiments/dda_full_sweep/traces/32_channels_per_device/7_devices/model_parallel_FC/Llama2-7B/trace_7_FC_devices_seqlen_1792.txt
/home/aatmaj/CENT/aim_simulator/build/ramulator2 -f /home/aatmaj/CENT/aim_simulator/test/example.yaml -t /home/aatmaj/CENT/experiments/dda_full_sweep/traces/32_channels_per_device/7_devices/model_parallel/Llama2-7B/trace_7_FC_devices_seqlen_1920.txt
/home/aatmaj/CENT/aim_simulator/build/ramulator2 -f /home/aatmaj/CENT/aim_simulator/test/example.yaml -t /home/aatmaj/CENT/experiments/dda_full_sweep/traces/32_channels_per_device/7_devices/model_parallel_FC/Llama2-7B/trace_7_FC_devices_seqlen_1920.txt
/home/aatmaj/CENT/aim_simulator/build/ramulator2 -f /home/aatmaj/CENT/aim_simulator/test/example.yaml -t /home/aatmaj/CENT/experiments/dda_full_sweep/traces/32_channels_per_device/7_devices/model_parallel/Llama2-7B/trace_7_FC_devices_seqlen_2048.txt
/home/aatmaj/CENT/aim_simulator/build/ramulator2 -f /home/aatmaj/CENT/aim_simulator/test/example.yaml -t /home/aatmaj/CENT/experiments/dda_full_sweep/traces/32_channels_per_device/7_devices/model_parallel_FC/Llama2-7B/trace_7_FC_devices_seqlen_2048.txt
/home/aatmaj/CENT/aim_simulator/build/ramulator2 -f /home/aatmaj/CENT/aim_simulator/test/example.yaml -t /home/aatmaj/CENT/experiments/dda_full_sweep/traces/32_channels_per_device/7_devices/model_parallel/Llama2-7B/trace_7_FC_devices_seqlen_2176.txt
/home/aatmaj/CENT/aim_simulator/build/ramulator2 -f /home/aatmaj/CENT/aim_simulator/test/example.yaml -t /home/aatmaj/CENT/experiments/dda_full_sweep/traces/32_channels_per_device/7_devices/model_parallel_FC/Llama2-7B/trace_7_FC_devices_seqlen_2176.txt
/home/aatmaj/CENT/aim_simulator/build/ramulator2 -f /home/aatmaj/CENT/aim_simulator/test/example.yaml -t /home/aatmaj/CENT/experiments/dda_full_sweep/traces/32_channels_per_device/7_devices/model_parallel/Llama2-7B/trace_7_FC_devices_seqlen_2304.txt
/home/aatmaj/CENT/aim_simulator/build/ramulator2 -f /home/aatmaj/CENT/aim_simulator/test/example.yaml -t /home/aatmaj/CENT/experiments/dda_full_sweep/traces/32_channels_per_device/7_devices/model_parallel_FC/Llama2-7B/trace_7_FC_devices_seqlen_2304.txt
/home/aatmaj/CENT/aim_simulator/build/ramulator2 -f /home/aatmaj/CENT/aim_simulator/test/example.yaml -t /home/aatmaj/CENT/experiments/dda_full_sweep/traces/32_channels_per_device/7_devices/model_parallel/Llama2-7B/trace_7_FC_devices_seqlen_2432.txt
/home/aatmaj/CENT/aim_simulator/build/ramulator2 -f /home/aatmaj/CENT/aim_simulator/test/example.yaml -t /home/aatmaj/CENT/experiments/dda_full_sweep/traces/32_channels_per_device/7_devices/model_parallel_FC/Llama2-7B/trace_7_FC_devices_seqlen_2432.txt
/home/aatmaj/CENT/aim_simulator/build/ramulator2 -f /home/aatmaj/CENT/aim_simulator/test/example.yaml -t /home/aatmaj/CENT/experiments/dda_full_sweep/traces/32_channels_per_device/7_devices/model_parallel/Llama2-7B/trace_7_FC_devices_seqlen_2560.txt
/home/aatmaj/CENT/aim_simulator/build/ramulator2 -f /home/aatmaj/CENT/aim_simulator/test/example.yaml -t /home/aatmaj/CENT/experiments/dda_full_sweep/traces/32_channels_per_device/7_devices/model_parallel_FC/Llama2-7B/trace_7_FC_devices_seqlen_2560.txt
/home/aatmaj/CENT/aim_simulator/build/ramulator2 -f /home/aatmaj/CENT/aim_simulator/test/example.yaml -t /home/aatmaj/CENT/experiments/dda_full_sweep/traces/32_channels_per_device/7_devices/model_parallel/Llama2-7B/trace_7_FC_devices_seqlen_2688.txt
/home/aatmaj/CENT/aim_simulator/build/ramulator2 -f /home/aatmaj/CENT/aim_simulator/test/example.yaml -t /home/aatmaj/CENT/experiments/dda_full_sweep/traces/32_channels_per_device/7_devices/model_parallel_FC/Llama2-7B/trace_7_FC_devices_seqlen_2688.txt
/home/aatmaj/CENT/aim_simulator/build/ramulator2 -f /home/aatmaj/CENT/aim_simulator/test/example.yaml -t /home/aatmaj/CENT/experiments/dda_full_sweep/traces/32_channels_per_device/7_devices/model_parallel/Llama2-7B/trace_7_FC_devices_seqlen_2816.txt
/home/aatmaj/CENT/aim_simulator/build/ramulator2 -f /home/aatmaj/CENT/aim_simulator/test/example.yaml -t /home/aatmaj/CENT/experiments/dda_full_sweep/traces/32_channels_per_device/7_devices/model_parallel_FC/Llama2-7B/trace_7_FC_devices_seqlen_2816.txt
/home/aatmaj/CENT/aim_simulator/build/ramulator2 -f /home/aatmaj/CENT/aim_simulator/test/example.yaml -t /home/aatmaj/CENT/experiments/dda_full_sweep/traces/32_channels_per_device/7_devices/model_parallel/Llama2-7B/trace_7_FC_devices_seqlen_2944.txt
/home/aatmaj/CENT/aim_simulator/build/ramulator2 -f /home/aatmaj/CENT/aim_simulator/test/example.yaml -t /home/aatmaj/CENT/experiments/dda_full_sweep/traces/32_channels_per_device/7_devices/model_parallel_FC/Llama2-7B/trace_7_FC_devices_seqlen_2944.txt
/home/aatmaj/CENT/aim_simulator/build/ramulator2 -f /home/aatmaj/CENT/aim_simulator/test/example.yaml -t /home/aatmaj/CENT/experiments/dda_full_sweep/traces/32_channels_per_device/7_devices/model_parallel/Llama2-7B/trace_7_FC_devices_seqlen_3072.txt
/home/aatmaj/CENT/aim_simulator/build/ramulator2 -f /home/aatmaj/CENT/aim_simulator/test/example.yaml -t /home/aatmaj/CENT/experiments/dda_full_sweep/traces/32_channels_per_device/7_devices/model_parallel_FC/Llama2-7B/trace_7_FC_devices_seqlen_3072.txt
/home/aatmaj/CENT/aim_simulator/build/ramulator2 -f /home/aatmaj/CENT/aim_simulator/test/example.yaml -t /home/aatmaj/CENT/experiments/dda_full_sweep/traces/32_channels_per_device/7_devices/model_parallel/Llama2-7B/trace_7_FC_devices_seqlen_3200.txt
/home/aatmaj/CENT/aim_simulator/build/ramulator2 -f /home/aatmaj/CENT/aim_simulator/test/example.yaml -t /home/aatmaj/CENT/experiments/dda_full_sweep/traces/32_channels_per_device/7_devices/model_parallel_FC/Llama2-7B/trace_7_FC_devices_seqlen_3200.txt
/home/aatmaj/CENT/aim_simulator/build/ramulator2 -f /home/aatmaj/CENT/aim_simulator/test/example.yaml -t /home/aatmaj/CENT/experiments/dda_full_sweep/traces/32_channels_per_device/7_devices/model_parallel/Llama2-7B/trace_7_FC_devices_seqlen_3328.txt
/home/aatmaj/CENT/aim_simulator/build/ramulator2 -f /home/aatmaj/CENT/aim_simulator/test/example.yaml -t /home/aatmaj/CENT/experiments/dda_full_sweep/traces/32_channels_per_device/7_devices/model_parallel_FC/Llama2-7B/trace_7_FC_devices_seqlen_3328.txt
/home/aatmaj/CENT/aim_simulator/build/ramulator2 -f /home/aatmaj/CENT/aim_simulator/test/example.yaml -t /home/aatmaj/CENT/experiments/dda_full_sweep/traces/32_channels_per_device/7_devices/model_parallel/Llama2-7B/trace_7_FC_devices_seqlen_3456.txt
/home/aatmaj/CENT/aim_simulator/build/ramulator2 -f /home/aatmaj/CENT/aim_simulator/test/example.yaml -t /home/aatmaj/CENT/experiments/dda_full_sweep/traces/32_channels_per_device/7_devices/model_parallel_FC/Llama2-7B/trace_7_FC_devices_seqlen_3456.txt
/home/aatmaj/CENT/aim_simulator/build/ramulator2 -f /home/aatmaj/CENT/aim_simulator/test/example.yaml -t /home/aatmaj/CENT/experiments/dda_full_sweep/traces/32_channels_per_device/7_devices/model_parallel/Llama2-7B/trace_7_FC_devices_seqlen_3584.txt
/home/aatmaj/CENT/aim_simulator/build/ramulator2 -f /home/aatmaj/CENT/aim_simulator/test/example.yaml -t /home/aatmaj/CENT/experiments/dda_full_sweep/traces/32_channels_per_device/7_devices/model_parallel_FC/Llama2-7B/trace_7_FC_devices_seqlen_3584.txt
/home/aatmaj/CENT/aim_simulator/build/ramulator2 -f /home/aatmaj/CENT/aim_simulator/test/example.yaml -t /home/aatmaj/CENT/experiments/dda_full_sweep/traces/32_channels_per_device/7_devices/model_parallel/Llama2-7B/trace_7_FC_devices_seqlen_3712.txt
/home/aatmaj/CENT/aim_simulator/build/ramulator2 -f /home/aatmaj/CENT/aim_simulator/test/example.yaml -t /home/aatmaj/CENT/experiments/dda_full_sweep/traces/32_channels_per_device/7_devices/model_parallel_FC/Llama2-7B/trace_7_FC_devices_seqlen_3712.txt
/home/aatmaj/CENT/aim_simulator/build/ramulator2 -f /home/aatmaj/CENT/aim_simulator/test/example.yaml -t /home/aatmaj/CENT/experiments/dda_full_sweep/traces/32_channels_per_device/7_devices/model_parallel/Llama2-7B/trace_7_FC_devices_seqlen_3840.txt
/home/aatmaj/CENT/aim_simulator/build/ramulator2 -f /home/aatmaj/CENT/aim_simulator/test/example.yaml -t /home/aatmaj/CENT/experiments/dda_full_sweep/traces/32_channels_per_device/7_devices/model_parallel_FC/Llama2-7B/trace_7_FC_devices_seqlen_3840.txt
/home/aatmaj/CENT/aim_simulator/build/ramulator2 -f /home/aatmaj/CENT/aim_simulator/test/example.yaml -t /home/aatmaj/CENT/experiments/dda_full_sweep/traces/32_channels_per_device/7_devices/model_parallel/Llama2-7B/trace_7_FC_devices_seqlen_3968.txt
/home/aatmaj/CENT/aim_simulator/build/ramulator2 -f /home/aatmaj/CENT/aim_simulator/test/example.yaml -t /home/aatmaj/CENT/experiments/dda_full_sweep/traces/32_channels_per_device/7_devices/model_parallel_FC/Llama2-7B/trace_7_FC_devices_seqlen_3968.txt
/home/aatmaj/CENT/aim_simulator/build/ramulator2 -f /home/aatmaj/CENT/aim_simulator/test/example.yaml -t /home/aatmaj/CENT/experiments/dda_full_sweep/traces/32_channels_per_device/7_devices/model_parallel/Llama2-7B/trace_7_FC_devices_seqlen_4096.txt
/home/aatmaj/CENT/experiments/dda_full_sweep/simulation/run_sim_full32.py:447: FutureWarning: The behavior of DataFrame concatenation with empty or all-NA entries is deprecated. In a future version, this will no longer exclude empty or all-NA columns when determining the result dtypes. To retain the old behavior, exclude the relevant entries before the concat operation.
  results_df = pd.concat([results_df, new_df], ignore_index=True)
/home/aatmaj/CENT/aim_simulator/build/ramulator2 -f /home/aatmaj/CENT/aim_simulator/test/example.yaml -t /home/aatmaj/CENT/experiments/dda_full_sweep/traces/32_channels_per_device/7_devices/model_parallel_FC/Llama2-7B/trace_7_FC_devices_seqlen_4096.txt
Processing results...
Updating simulation results to CSV...
=== Pool L | Llama2-7B | N_L=9 | TP=9, PP=1 ===
Generating traces for Llama2-7B (9 devices) ...
/home/aatmaj/CENT/aim_simulator/build/ramulator2 -f /home/aatmaj/CENT/aim_simulator/test/example.yaml -t /home/aatmaj/CENT/experiments/dda_full_sweep/traces/32_channels_per_device/9_devices/model_parallel_embedding/Llama2-7B/trace_9_FC_devices_seqlen_4096.txt
/home/aatmaj/CENT/aim_simulator/build/ramulator2 -f /home/aatmaj/CENT/aim_simulator/test/example.yaml -t /home/aatmaj/CENT/experiments/dda_full_sweep/traces/32_channels_per_device/9_devices/model_parallel/Llama2-7B/trace_9_FC_devices_seqlen_128.txt
/home/aatmaj/CENT/aim_simulator/build/ramulator2 -f /home/aatmaj/CENT/aim_simulator/test/example.yaml -t /home/aatmaj/CENT/experiments/dda_full_sweep/traces/32_channels_per_device/9_devices/model_parallel_FC/Llama2-7B/trace_9_FC_devices_seqlen_128.txt
/home/aatmaj/CENT/aim_simulator/build/ramulator2 -f /home/aatmaj/CENT/aim_simulator/test/example.yaml -t /home/aatmaj/CENT/experiments/dda_full_sweep/traces/32_channels_per_device/9_devices/model_parallel/Llama2-7B/trace_9_FC_devices_seqlen_256.txt
/home/aatmaj/CENT/aim_simulator/build/ramulator2 -f /home/aatmaj/CENT/aim_simulator/test/example.yaml -t /home/aatmaj/CENT/experiments/dda_full_sweep/traces/32_channels_per_device/9_devices/model_parallel_FC/Llama2-7B/trace_9_FC_devices_seqlen_256.txt
/home/aatmaj/CENT/aim_simulator/build/ramulator2 -f /home/aatmaj/CENT/aim_simulator/test/example.yaml -t /home/aatmaj/CENT/experiments/dda_full_sweep/traces/32_channels_per_device/9_devices/model_parallel/Llama2-7B/trace_9_FC_devices_seqlen_384.txt
/home/aatmaj/CENT/aim_simulator/build/ramulator2 -f /home/aatmaj/CENT/aim_simulator/test/example.yaml -t /home/aatmaj/CENT/experiments/dda_full_sweep/traces/32_channels_per_device/9_devices/model_parallel_FC/Llama2-7B/trace_9_FC_devices_seqlen_384.txt
/home/aatmaj/CENT/aim_simulator/build/ramulator2 -f /home/aatmaj/CENT/aim_simulator/test/example.yaml -t /home/aatmaj/CENT/experiments/dda_full_sweep/traces/32_channels_per_device/9_devices/model_parallel/Llama2-7B/trace_9_FC_devices_seqlen_512.txt
/home/aatmaj/CENT/aim_simulator/build/ramulator2 -f /home/aatmaj/CENT/aim_simulator/test/example.yaml -t /home/aatmaj/CENT/experiments/dda_full_sweep/traces/32_channels_per_device/9_devices/model_parallel_FC/Llama2-7B/trace_9_FC_devices_seqlen_512.txt
/home/aatmaj/CENT/aim_simulator/build/ramulator2 -f /home/aatmaj/CENT/aim_simulator/test/example.yaml -t /home/aatmaj/CENT/experiments/dda_full_sweep/traces/32_channels_per_device/9_devices/model_parallel/Llama2-7B/trace_9_FC_devices_seqlen_640.txt
/home/aatmaj/CENT/aim_simulator/build/ramulator2 -f /home/aatmaj/CENT/aim_simulator/test/example.yaml -t /home/aatmaj/CENT/experiments/dda_full_sweep/traces/32_channels_per_device/9_devices/model_parallel_FC/Llama2-7B/trace_9_FC_devices_seqlen_640.txt
/home/aatmaj/CENT/aim_simulator/build/ramulator2 -f /home/aatmaj/CENT/aim_simulator/test/example.yaml -t /home/aatmaj/CENT/experiments/dda_full_sweep/traces/32_channels_per_device/9_devices/model_parallel/Llama2-7B/trace_9_FC_devices_seqlen_768.txt
/home/aatmaj/CENT/aim_simulator/build/ramulator2 -f /home/aatmaj/CENT/aim_simulator/test/example.yaml -t /home/aatmaj/CENT/experiments/dda_full_sweep/traces/32_channels_per_device/9_devices/model_parallel_FC/Llama2-7B/trace_9_FC_devices_seqlen_768.txt
/home/aatmaj/CENT/aim_simulator/build/ramulator2 -f /home/aatmaj/CENT/aim_simulator/test/example.yaml -t /home/aatmaj/CENT/experiments/dda_full_sweep/traces/32_channels_per_device/9_devices/model_parallel/Llama2-7B/trace_9_FC_devices_seqlen_896.txt
/home/aatmaj/CENT/aim_simulator/build/ramulator2 -f /home/aatmaj/CENT/aim_simulator/test/example.yaml -t /home/aatmaj/CENT/experiments/dda_full_sweep/traces/32_channels_per_device/9_devices/model_parallel_FC/Llama2-7B/trace_9_FC_devices_seqlen_896.txt
/home/aatmaj/CENT/aim_simulator/build/ramulator2 -f /home/aatmaj/CENT/aim_simulator/test/example.yaml -t /home/aatmaj/CENT/experiments/dda_full_sweep/traces/32_channels_per_device/9_devices/model_parallel/Llama2-7B/trace_9_FC_devices_seqlen_1024.txt
/home/aatmaj/CENT/aim_simulator/build/ramulator2 -f /home/aatmaj/CENT/aim_simulator/test/example.yaml -t /home/aatmaj/CENT/experiments/dda_full_sweep/traces/32_channels_per_device/9_devices/model_parallel_FC/Llama2-7B/trace_9_FC_devices_seqlen_1024.txt
/home/aatmaj/CENT/aim_simulator/build/ramulator2 -f /home/aatmaj/CENT/aim_simulator/test/example.yaml -t /home/aatmaj/CENT/experiments/dda_full_sweep/traces/32_channels_per_device/9_devices/model_parallel/Llama2-7B/trace_9_FC_devices_seqlen_1152.txt
/home/aatmaj/CENT/aim_simulator/build/ramulator2 -f /home/aatmaj/CENT/aim_simulator/test/example.yaml -t /home/aatmaj/CENT/experiments/dda_full_sweep/traces/32_channels_per_device/9_devices/model_parallel_FC/Llama2-7B/trace_9_FC_devices_seqlen_1152.txt
/home/aatmaj/CENT/aim_simulator/build/ramulator2 -f /home/aatmaj/CENT/aim_simulator/test/example.yaml -t /home/aatmaj/CENT/experiments/dda_full_sweep/traces/32_channels_per_device/9_devices/model_parallel/Llama2-7B/trace_9_FC_devices_seqlen_1280.txt
/home/aatmaj/CENT/aim_simulator/build/ramulator2 -f /home/aatmaj/CENT/aim_simulator/test/example.yaml -t /home/aatmaj/CENT/experiments/dda_full_sweep/traces/32_channels_per_device/9_devices/model_parallel_FC/Llama2-7B/trace_9_FC_devices_seqlen_1280.txt
/home/aatmaj/CENT/aim_simulator/build/ramulator2 -f /home/aatmaj/CENT/aim_simulator/test/example.yaml -t /home/aatmaj/CENT/experiments/dda_full_sweep/traces/32_channels_per_device/9_devices/model_parallel/Llama2-7B/trace_9_FC_devices_seqlen_1408.txt
/home/aatmaj/CENT/aim_simulator/build/ramulator2 -f /home/aatmaj/CENT/aim_simulator/test/example.yaml -t /home/aatmaj/CENT/experiments/dda_full_sweep/traces/32_channels_per_device/9_devices/model_parallel_FC/Llama2-7B/trace_9_FC_devices_seqlen_1408.txt
/home/aatmaj/CENT/aim_simulator/build/ramulator2 -f /home/aatmaj/CENT/aim_simulator/test/example.yaml -t /home/aatmaj/CENT/experiments/dda_full_sweep/traces/32_channels_per_device/9_devices/model_parallel/Llama2-7B/trace_9_FC_devices_seqlen_1536.txt
/home/aatmaj/CENT/aim_simulator/build/ramulator2 -f /home/aatmaj/CENT/aim_simulator/test/example.yaml -t /home/aatmaj/CENT/experiments/dda_full_sweep/traces/32_channels_per_device/9_devices/model_parallel_FC/Llama2-7B/trace_9_FC_devices_seqlen_1536.txt
/home/aatmaj/CENT/aim_simulator/build/ramulator2 -f /home/aatmaj/CENT/aim_simulator/test/example.yaml -t /home/aatmaj/CENT/experiments/dda_full_sweep/traces/32_channels_per_device/9_devices/model_parallel/Llama2-7B/trace_9_FC_devices_seqlen_1664.txt
/home/aatmaj/CENT/aim_simulator/build/ramulator2 -f /home/aatmaj/CENT/aim_simulator/test/example.yaml -t /home/aatmaj/CENT/experiments/dda_full_sweep/traces/32_channels_per_device/9_devices/model_parallel_FC/Llama2-7B/trace_9_FC_devices_seqlen_1664.txt
/home/aatmaj/CENT/aim_simulator/build/ramulator2 -f /home/aatmaj/CENT/aim_simulator/test/example.yaml -t /home/aatmaj/CENT/experiments/dda_full_sweep/traces/32_channels_per_device/9_devices/model_parallel/Llama2-7B/trace_9_FC_devices_seqlen_1792.txt
/home/aatmaj/CENT/aim_simulator/build/ramulator2 -f /home/aatmaj/CENT/aim_simulator/test/example.yaml -t /home/aatmaj/CENT/experiments/dda_full_sweep/traces/32_channels_per_device/9_devices/model_parallel_FC/Llama2-7B/trace_9_FC_devices_seqlen_1792.txt
/home/aatmaj/CENT/aim_simulator/build/ramulator2 -f /home/aatmaj/CENT/aim_simulator/test/example.yaml -t /home/aatmaj/CENT/experiments/dda_full_sweep/traces/32_channels_per_device/9_devices/model_parallel/Llama2-7B/trace_9_FC_devices_seqlen_1920.txt
/home/aatmaj/CENT/aim_simulator/build/ramulator2 -f /home/aatmaj/CENT/aim_simulator/test/example.yaml -t /home/aatmaj/CENT/experiments/dda_full_sweep/traces/32_channels_per_device/9_devices/model_parallel_FC/Llama2-7B/trace_9_FC_devices_seqlen_1920.txt
/home/aatmaj/CENT/aim_simulator/build/ramulator2 -f /home/aatmaj/CENT/aim_simulator/test/example.yaml -t /home/aatmaj/CENT/experiments/dda_full_sweep/traces/32_channels_per_device/9_devices/model_parallel/Llama2-7B/trace_9_FC_devices_seqlen_2048.txt
/home/aatmaj/CENT/aim_simulator/build/ramulator2 -f /home/aatmaj/CENT/aim_simulator/test/example.yaml -t /home/aatmaj/CENT/experiments/dda_full_sweep/traces/32_channels_per_device/9_devices/model_parallel_FC/Llama2-7B/trace_9_FC_devices_seqlen_2048.txt
/home/aatmaj/CENT/aim_simulator/build/ramulator2 -f /home/aatmaj/CENT/aim_simulator/test/example.yaml -t /home/aatmaj/CENT/experiments/dda_full_sweep/traces/32_channels_per_device/9_devices/model_parallel/Llama2-7B/trace_9_FC_devices_seqlen_2176.txt
/home/aatmaj/CENT/aim_simulator/build/ramulator2 -f /home/aatmaj/CENT/aim_simulator/test/example.yaml -t /home/aatmaj/CENT/experiments/dda_full_sweep/traces/32_channels_per_device/9_devices/model_parallel_FC/Llama2-7B/trace_9_FC_devices_seqlen_2176.txt
/home/aatmaj/CENT/aim_simulator/build/ramulator2 -f /home/aatmaj/CENT/aim_simulator/test/example.yaml -t /home/aatmaj/CENT/experiments/dda_full_sweep/traces/32_channels_per_device/9_devices/model_parallel/Llama2-7B/trace_9_FC_devices_seqlen_2304.txt
/home/aatmaj/CENT/aim_simulator/build/ramulator2 -f /home/aatmaj/CENT/aim_simulator/test/example.yaml -t /home/aatmaj/CENT/experiments/dda_full_sweep/traces/32_channels_per_device/9_devices/model_parallel_FC/Llama2-7B/trace_9_FC_devices_seqlen_2304.txt
/home/aatmaj/CENT/aim_simulator/build/ramulator2 -f /home/aatmaj/CENT/aim_simulator/test/example.yaml -t /home/aatmaj/CENT/experiments/dda_full_sweep/traces/32_channels_per_device/9_devices/model_parallel/Llama2-7B/trace_9_FC_devices_seqlen_2432.txt
/home/aatmaj/CENT/aim_simulator/build/ramulator2 -f /home/aatmaj/CENT/aim_simulator/test/example.yaml -t /home/aatmaj/CENT/experiments/dda_full_sweep/traces/32_channels_per_device/9_devices/model_parallel_FC/Llama2-7B/trace_9_FC_devices_seqlen_2432.txt
/home/aatmaj/CENT/aim_simulator/build/ramulator2 -f /home/aatmaj/CENT/aim_simulator/test/example.yaml -t /home/aatmaj/CENT/experiments/dda_full_sweep/traces/32_channels_per_device/9_devices/model_parallel/Llama2-7B/trace_9_FC_devices_seqlen_2560.txt
/home/aatmaj/CENT/aim_simulator/build/ramulator2 -f /home/aatmaj/CENT/aim_simulator/test/example.yaml -t /home/aatmaj/CENT/experiments/dda_full_sweep/traces/32_channels_per_device/9_devices/model_parallel_FC/Llama2-7B/trace_9_FC_devices_seqlen_2560.txt
/home/aatmaj/CENT/aim_simulator/build/ramulator2 -f /home/aatmaj/CENT/aim_simulator/test/example.yaml -t /home/aatmaj/CENT/experiments/dda_full_sweep/traces/32_channels_per_device/9_devices/model_parallel/Llama2-7B/trace_9_FC_devices_seqlen_2688.txt
/home/aatmaj/CENT/aim_simulator/build/ramulator2 -f /home/aatmaj/CENT/aim_simulator/test/example.yaml -t /home/aatmaj/CENT/experiments/dda_full_sweep/traces/32_channels_per_device/9_devices/model_parallel_FC/Llama2-7B/trace_9_FC_devices_seqlen_2688.txt
/home/aatmaj/CENT/aim_simulator/build/ramulator2 -f /home/aatmaj/CENT/aim_simulator/test/example.yaml -t /home/aatmaj/CENT/experiments/dda_full_sweep/traces/32_channels_per_device/9_devices/model_parallel/Llama2-7B/trace_9_FC_devices_seqlen_2816.txt
/home/aatmaj/CENT/aim_simulator/build/ramulator2 -f /home/aatmaj/CENT/aim_simulator/test/example.yaml -t /home/aatmaj/CENT/experiments/dda_full_sweep/traces/32_channels_per_device/9_devices/model_parallel_FC/Llama2-7B/trace_9_FC_devices_seqlen_2816.txt
/home/aatmaj/CENT/aim_simulator/build/ramulator2 -f /home/aatmaj/CENT/aim_simulator/test/example.yaml -t /home/aatmaj/CENT/experiments/dda_full_sweep/traces/32_channels_per_device/9_devices/model_parallel/Llama2-7B/trace_9_FC_devices_seqlen_2944.txt
/home/aatmaj/CENT/aim_simulator/build/ramulator2 -f /home/aatmaj/CENT/aim_simulator/test/example.yaml -t /home/aatmaj/CENT/experiments/dda_full_sweep/traces/32_channels_per_device/9_devices/model_parallel_FC/Llama2-7B/trace_9_FC_devices_seqlen_2944.txt
/home/aatmaj/CENT/aim_simulator/build/ramulator2 -f /home/aatmaj/CENT/aim_simulator/test/example.yaml -t /home/aatmaj/CENT/experiments/dda_full_sweep/traces/32_channels_per_device/9_devices/model_parallel/Llama2-7B/trace_9_FC_devices_seqlen_3072.txt
/home/aatmaj/CENT/aim_simulator/build/ramulator2 -f /home/aatmaj/CENT/aim_simulator/test/example.yaml -t /home/aatmaj/CENT/experiments/dda_full_sweep/traces/32_channels_per_device/9_devices/model_parallel_FC/Llama2-7B/trace_9_FC_devices_seqlen_3072.txt
/home/aatmaj/CENT/aim_simulator/build/ramulator2 -f /home/aatmaj/CENT/aim_simulator/test/example.yaml -t /home/aatmaj/CENT/experiments/dda_full_sweep/traces/32_channels_per_device/9_devices/model_parallel/Llama2-7B/trace_9_FC_devices_seqlen_3200.txt
/home/aatmaj/CENT/aim_simulator/build/ramulator2 -f /home/aatmaj/CENT/aim_simulator/test/example.yaml -t /home/aatmaj/CENT/experiments/dda_full_sweep/traces/32_channels_per_device/9_devices/model_parallel_FC/Llama2-7B/trace_9_FC_devices_seqlen_3200.txt
/home/aatmaj/CENT/aim_simulator/build/ramulator2 -f /home/aatmaj/CENT/aim_simulator/test/example.yaml -t /home/aatmaj/CENT/experiments/dda_full_sweep/traces/32_channels_per_device/9_devices/model_parallel/Llama2-7B/trace_9_FC_devices_seqlen_3328.txt
/home/aatmaj/CENT/aim_simulator/build/ramulator2 -f /home/aatmaj/CENT/aim_simulator/test/example.yaml -t /home/aatmaj/CENT/experiments/dda_full_sweep/traces/32_channels_per_device/9_devices/model_parallel_FC/Llama2-7B/trace_9_FC_devices_seqlen_3328.txt
/home/aatmaj/CENT/aim_simulator/build/ramulator2 -f /home/aatmaj/CENT/aim_simulator/test/example.yaml -t /home/aatmaj/CENT/experiments/dda_full_sweep/traces/32_channels_per_device/9_devices/model_parallel/Llama2-7B/trace_9_FC_devices_seqlen_3456.txt
/home/aatmaj/CENT/aim_simulator/build/ramulator2 -f /home/aatmaj/CENT/aim_simulator/test/example.yaml -t /home/aatmaj/CENT/experiments/dda_full_sweep/traces/32_channels_per_device/9_devices/model_parallel_FC/Llama2-7B/trace_9_FC_devices_seqlen_3456.txt
/home/aatmaj/CENT/aim_simulator/build/ramulator2 -f /home/aatmaj/CENT/aim_simulator/test/example.yaml -t /home/aatmaj/CENT/experiments/dda_full_sweep/traces/32_channels_per_device/9_devices/model_parallel/Llama2-7B/trace_9_FC_devices_seqlen_3584.txt
/home/aatmaj/CENT/aim_simulator/build/ramulator2 -f /home/aatmaj/CENT/aim_simulator/test/example.yaml -t /home/aatmaj/CENT/experiments/dda_full_sweep/traces/32_channels_per_device/9_devices/model_parallel_FC/Llama2-7B/trace_9_FC_devices_seqlen_3584.txt
/home/aatmaj/CENT/aim_simulator/build/ramulator2 -f /home/aatmaj/CENT/aim_simulator/test/example.yaml -t /home/aatmaj/CENT/experiments/dda_full_sweep/traces/32_channels_per_device/9_devices/model_parallel/Llama2-7B/trace_9_FC_devices_seqlen_3712.txt
/home/aatmaj/CENT/aim_simulator/build/ramulator2 -f /home/aatmaj/CENT/aim_simulator/test/example.yaml -t /home/aatmaj/CENT/experiments/dda_full_sweep/traces/32_channels_per_device/9_devices/model_parallel_FC/Llama2-7B/trace_9_FC_devices_seqlen_3712.txt
/home/aatmaj/CENT/aim_simulator/build/ramulator2 -f /home/aatmaj/CENT/aim_simulator/test/example.yaml -t /home/aatmaj/CENT/experiments/dda_full_sweep/traces/32_channels_per_device/9_devices/model_parallel/Llama2-7B/trace_9_FC_devices_seqlen_3840.txt
/home/aatmaj/CENT/aim_simulator/build/ramulator2 -f /home/aatmaj/CENT/aim_simulator/test/example.yaml -t /home/aatmaj/CENT/experiments/dda_full_sweep/traces/32_channels_per_device/9_devices/model_parallel_FC/Llama2-7B/trace_9_FC_devices_seqlen_3840.txt
/home/aatmaj/CENT/aim_simulator/build/ramulator2 -f /home/aatmaj/CENT/aim_simulator/test/example.yaml -t /home/aatmaj/CENT/experiments/dda_full_sweep/traces/32_channels_per_device/9_devices/model_parallel/Llama2-7B/trace_9_FC_devices_seqlen_3968.txt
/home/aatmaj/CENT/aim_simulator/build/ramulator2 -f /home/aatmaj/CENT/aim_simulator/test/example.yaml -t /home/aatmaj/CENT/experiments/dda_full_sweep/traces/32_channels_per_device/9_devices/model_parallel_FC/Llama2-7B/trace_9_FC_devices_seqlen_3968.txt
/home/aatmaj/CENT/aim_simulator/build/ramulator2 -f /home/aatmaj/CENT/aim_simulator/test/example.yaml -t /home/aatmaj/CENT/experiments/dda_full_sweep/traces/32_channels_per_device/9_devices/model_parallel/Llama2-7B/trace_9_FC_devices_seqlen_4096.txt
/home/aatmaj/CENT/experiments/dda_full_sweep/simulation/run_sim_full32.py:447: FutureWarning: The behavior of DataFrame concatenation with empty or all-NA entries is deprecated. In a future version, this will no longer exclude empty or all-NA columns when determining the result dtypes. To retain the old behavior, exclude the relevant entries before the concat operation.
  results_df = pd.concat([results_df, new_df], ignore_index=True)
/home/aatmaj/CENT/aim_simulator/build/ramulator2 -f /home/aatmaj/CENT/aim_simulator/test/example.yaml -t /home/aatmaj/CENT/experiments/dda_full_sweep/traces/32_channels_per_device/9_devices/model_parallel_FC/Llama2-7B/trace_9_FC_devices_seqlen_4096.txt
Processing results...
Updating simulation results to CSV...
=== Pool L | Llama2-7B | N_L=11 | TP=11, PP=1 ===
Generating traces for Llama2-7B (11 devices) ...
/home/aatmaj/CENT/aim_simulator/build/ramulator2 -f /home/aatmaj/CENT/aim_simulator/test/example.yaml -t /home/aatmaj/CENT/experiments/dda_full_sweep/traces/32_channels_per_device/11_devices/model_parallel_embedding/Llama2-7B/trace_11_FC_devices_seqlen_4096.txt
/home/aatmaj/CENT/aim_simulator/build/ramulator2 -f /home/aatmaj/CENT/aim_simulator/test/example.yaml -t /home/aatmaj/CENT/experiments/dda_full_sweep/traces/32_channels_per_device/11_devices/model_parallel/Llama2-7B/trace_11_FC_devices_seqlen_128.txt
/home/aatmaj/CENT/aim_simulator/build/ramulator2 -f /home/aatmaj/CENT/aim_simulator/test/example.yaml -t /home/aatmaj/CENT/experiments/dda_full_sweep/traces/32_channels_per_device/11_devices/model_parallel_FC/Llama2-7B/trace_11_FC_devices_seqlen_128.txt
/home/aatmaj/CENT/aim_simulator/build/ramulator2 -f /home/aatmaj/CENT/aim_simulator/test/example.yaml -t /home/aatmaj/CENT/experiments/dda_full_sweep/traces/32_channels_per_device/11_devices/model_parallel/Llama2-7B/trace_11_FC_devices_seqlen_256.txt
/home/aatmaj/CENT/aim_simulator/build/ramulator2 -f /home/aatmaj/CENT/aim_simulator/test/example.yaml -t /home/aatmaj/CENT/experiments/dda_full_sweep/traces/32_channels_per_device/11_devices/model_parallel_FC/Llama2-7B/trace_11_FC_devices_seqlen_256.txt
/home/aatmaj/CENT/aim_simulator/build/ramulator2 -f /home/aatmaj/CENT/aim_simulator/test/example.yaml -t /home/aatmaj/CENT/experiments/dda_full_sweep/traces/32_channels_per_device/11_devices/model_parallel/Llama2-7B/trace_11_FC_devices_seqlen_384.txt
/home/aatmaj/CENT/aim_simulator/build/ramulator2 -f /home/aatmaj/CENT/aim_simulator/test/example.yaml -t /home/aatmaj/CENT/experiments/dda_full_sweep/traces/32_channels_per_device/11_devices/model_parallel_FC/Llama2-7B/trace_11_FC_devices_seqlen_384.txt
/home/aatmaj/CENT/aim_simulator/build/ramulator2 -f /home/aatmaj/CENT/aim_simulator/test/example.yaml -t /home/aatmaj/CENT/experiments/dda_full_sweep/traces/32_channels_per_device/11_devices/model_parallel/Llama2-7B/trace_11_FC_devices_seqlen_512.txt
/home/aatmaj/CENT/aim_simulator/build/ramulator2 -f /home/aatmaj/CENT/aim_simulator/test/example.yaml -t /home/aatmaj/CENT/experiments/dda_full_sweep/traces/32_channels_per_device/11_devices/model_parallel_FC/Llama2-7B/trace_11_FC_devices_seqlen_512.txt
/home/aatmaj/CENT/aim_simulator/build/ramulator2 -f /home/aatmaj/CENT/aim_simulator/test/example.yaml -t /home/aatmaj/CENT/experiments/dda_full_sweep/traces/32_channels_per_device/11_devices/model_parallel/Llama2-7B/trace_11_FC_devices_seqlen_640.txt
/home/aatmaj/CENT/aim_simulator/build/ramulator2 -f /home/aatmaj/CENT/aim_simulator/test/example.yaml -t /home/aatmaj/CENT/experiments/dda_full_sweep/traces/32_channels_per_device/11_devices/model_parallel_FC/Llama2-7B/trace_11_FC_devices_seqlen_640.txt
/home/aatmaj/CENT/aim_simulator/build/ramulator2 -f /home/aatmaj/CENT/aim_simulator/test/example.yaml -t /home/aatmaj/CENT/experiments/dda_full_sweep/traces/32_channels_per_device/11_devices/model_parallel/Llama2-7B/trace_11_FC_devices_seqlen_768.txt
/home/aatmaj/CENT/aim_simulator/build/ramulator2 -f /home/aatmaj/CENT/aim_simulator/test/example.yaml -t /home/aatmaj/CENT/experiments/dda_full_sweep/traces/32_channels_per_device/11_devices/model_parallel_FC/Llama2-7B/trace_11_FC_devices_seqlen_768.txt
/home/aatmaj/CENT/aim_simulator/build/ramulator2 -f /home/aatmaj/CENT/aim_simulator/test/example.yaml -t /home/aatmaj/CENT/experiments/dda_full_sweep/traces/32_channels_per_device/11_devices/model_parallel/Llama2-7B/trace_11_FC_devices_seqlen_896.txt
/home/aatmaj/CENT/aim_simulator/build/ramulator2 -f /home/aatmaj/CENT/aim_simulator/test/example.yaml -t /home/aatmaj/CENT/experiments/dda_full_sweep/traces/32_channels_per_device/11_devices/model_parallel_FC/Llama2-7B/trace_11_FC_devices_seqlen_896.txt
/home/aatmaj/CENT/aim_simulator/build/ramulator2 -f /home/aatmaj/CENT/aim_simulator/test/example.yaml -t /home/aatmaj/CENT/experiments/dda_full_sweep/traces/32_channels_per_device/11_devices/model_parallel/Llama2-7B/trace_11_FC_devices_seqlen_1024.txt
/home/aatmaj/CENT/aim_simulator/build/ramulator2 -f /home/aatmaj/CENT/aim_simulator/test/example.yaml -t /home/aatmaj/CENT/experiments/dda_full_sweep/traces/32_channels_per_device/11_devices/model_parallel_FC/Llama2-7B/trace_11_FC_devices_seqlen_1024.txt
/home/aatmaj/CENT/aim_simulator/build/ramulator2 -f /home/aatmaj/CENT/aim_simulator/test/example.yaml -t /home/aatmaj/CENT/experiments/dda_full_sweep/traces/32_channels_per_device/11_devices/model_parallel/Llama2-7B/trace_11_FC_devices_seqlen_1152.txt
/home/aatmaj/CENT/aim_simulator/build/ramulator2 -f /home/aatmaj/CENT/aim_simulator/test/example.yaml -t /home/aatmaj/CENT/experiments/dda_full_sweep/traces/32_channels_per_device/11_devices/model_parallel_FC/Llama2-7B/trace_11_FC_devices_seqlen_1152.txt
/home/aatmaj/CENT/aim_simulator/build/ramulator2 -f /home/aatmaj/CENT/aim_simulator/test/example.yaml -t /home/aatmaj/CENT/experiments/dda_full_sweep/traces/32_channels_per_device/11_devices/model_parallel/Llama2-7B/trace_11_FC_devices_seqlen_1280.txt
/home/aatmaj/CENT/aim_simulator/build/ramulator2 -f /home/aatmaj/CENT/aim_simulator/test/example.yaml -t /home/aatmaj/CENT/experiments/dda_full_sweep/traces/32_channels_per_device/11_devices/model_parallel_FC/Llama2-7B/trace_11_FC_devices_seqlen_1280.txt
/home/aatmaj/CENT/aim_simulator/build/ramulator2 -f /home/aatmaj/CENT/aim_simulator/test/example.yaml -t /home/aatmaj/CENT/experiments/dda_full_sweep/traces/32_channels_per_device/11_devices/model_parallel/Llama2-7B/trace_11_FC_devices_seqlen_1408.txt
/home/aatmaj/CENT/aim_simulator/build/ramulator2 -f /home/aatmaj/CENT/aim_simulator/test/example.yaml -t /home/aatmaj/CENT/experiments/dda_full_sweep/traces/32_channels_per_device/11_devices/model_parallel_FC/Llama2-7B/trace_11_FC_devices_seqlen_1408.txt
/home/aatmaj/CENT/aim_simulator/build/ramulator2 -f /home/aatmaj/CENT/aim_simulator/test/example.yaml -t /home/aatmaj/CENT/experiments/dda_full_sweep/traces/32_channels_per_device/11_devices/model_parallel/Llama2-7B/trace_11_FC_devices_seqlen_1536.txt
/home/aatmaj/CENT/aim_simulator/build/ramulator2 -f /home/aatmaj/CENT/aim_simulator/test/example.yaml -t /home/aatmaj/CENT/experiments/dda_full_sweep/traces/32_channels_per_device/11_devices/model_parallel_FC/Llama2-7B/trace_11_FC_devices_seqlen_1536.txt
/home/aatmaj/CENT/aim_simulator/build/ramulator2 -f /home/aatmaj/CENT/aim_simulator/test/example.yaml -t /home/aatmaj/CENT/experiments/dda_full_sweep/traces/32_channels_per_device/11_devices/model_parallel/Llama2-7B/trace_11_FC_devices_seqlen_1664.txt
/home/aatmaj/CENT/aim_simulator/build/ramulator2 -f /home/aatmaj/CENT/aim_simulator/test/example.yaml -t /home/aatmaj/CENT/experiments/dda_full_sweep/traces/32_channels_per_device/11_devices/model_parallel_FC/Llama2-7B/trace_11_FC_devices_seqlen_1664.txt
/home/aatmaj/CENT/aim_simulator/build/ramulator2 -f /home/aatmaj/CENT/aim_simulator/test/example.yaml -t /home/aatmaj/CENT/experiments/dda_full_sweep/traces/32_channels_per_device/11_devices/model_parallel/Llama2-7B/trace_11_FC_devices_seqlen_1792.txt
/home/aatmaj/CENT/aim_simulator/build/ramulator2 -f /home/aatmaj/CENT/aim_simulator/test/example.yaml -t /home/aatmaj/CENT/experiments/dda_full_sweep/traces/32_channels_per_device/11_devices/model_parallel_FC/Llama2-7B/trace_11_FC_devices_seqlen_1792.txt
/home/aatmaj/CENT/aim_simulator/build/ramulator2 -f /home/aatmaj/CENT/aim_simulator/test/example.yaml -t /home/aatmaj/CENT/experiments/dda_full_sweep/traces/32_channels_per_device/11_devices/model_parallel/Llama2-7B/trace_11_FC_devices_seqlen_1920.txt
/home/aatmaj/CENT/aim_simulator/build/ramulator2 -f /home/aatmaj/CENT/aim_simulator/test/example.yaml -t /home/aatmaj/CENT/experiments/dda_full_sweep/traces/32_channels_per_device/11_devices/model_parallel_FC/Llama2-7B/trace_11_FC_devices_seqlen_1920.txt
/home/aatmaj/CENT/aim_simulator/build/ramulator2 -f /home/aatmaj/CENT/aim_simulator/test/example.yaml -t /home/aatmaj/CENT/experiments/dda_full_sweep/traces/32_channels_per_device/11_devices/model_parallel/Llama2-7B/trace_11_FC_devices_seqlen_2048.txt
/home/aatmaj/CENT/aim_simulator/build/ramulator2 -f /home/aatmaj/CENT/aim_simulator/test/example.yaml -t /home/aatmaj/CENT/experiments/dda_full_sweep/traces/32_channels_per_device/11_devices/model_parallel_FC/Llama2-7B/trace_11_FC_devices_seqlen_2048.txt
/home/aatmaj/CENT/aim_simulator/build/ramulator2 -f /home/aatmaj/CENT/aim_simulator/test/example.yaml -t /home/aatmaj/CENT/experiments/dda_full_sweep/traces/32_channels_per_device/11_devices/model_parallel/Llama2-7B/trace_11_FC_devices_seqlen_2176.txt
/home/aatmaj/CENT/aim_simulator/build/ramulator2 -f /home/aatmaj/CENT/aim_simulator/test/example.yaml -t /home/aatmaj/CENT/experiments/dda_full_sweep/traces/32_channels_per_device/11_devices/model_parallel_FC/Llama2-7B/trace_11_FC_devices_seqlen_2176.txt
/home/aatmaj/CENT/aim_simulator/build/ramulator2 -f /home/aatmaj/CENT/aim_simulator/test/example.yaml -t /home/aatmaj/CENT/experiments/dda_full_sweep/traces/32_channels_per_device/11_devices/model_parallel/Llama2-7B/trace_11_FC_devices_seqlen_2304.txt
/home/aatmaj/CENT/aim_simulator/build/ramulator2 -f /home/aatmaj/CENT/aim_simulator/test/example.yaml -t /home/aatmaj/CENT/experiments/dda_full_sweep/traces/32_channels_per_device/11_devices/model_parallel_FC/Llama2-7B/trace_11_FC_devices_seqlen_2304.txt
/home/aatmaj/CENT/aim_simulator/build/ramulator2 -f /home/aatmaj/CENT/aim_simulator/test/example.yaml -t /home/aatmaj/CENT/experiments/dda_full_sweep/traces/32_channels_per_device/11_devices/model_parallel/Llama2-7B/trace_11_FC_devices_seqlen_2432.txt
/home/aatmaj/CENT/aim_simulator/build/ramulator2 -f /home/aatmaj/CENT/aim_simulator/test/example.yaml -t /home/aatmaj/CENT/experiments/dda_full_sweep/traces/32_channels_per_device/11_devices/model_parallel_FC/Llama2-7B/trace_11_FC_devices_seqlen_2432.txt
/home/aatmaj/CENT/aim_simulator/build/ramulator2 -f /home/aatmaj/CENT/aim_simulator/test/example.yaml -t /home/aatmaj/CENT/experiments/dda_full_sweep/traces/32_channels_per_device/11_devices/model_parallel/Llama2-7B/trace_11_FC_devices_seqlen_2560.txt
/home/aatmaj/CENT/aim_simulator/build/ramulator2 -f /home/aatmaj/CENT/aim_simulator/test/example.yaml -t /home/aatmaj/CENT/experiments/dda_full_sweep/traces/32_channels_per_device/11_devices/model_parallel_FC/Llama2-7B/trace_11_FC_devices_seqlen_2560.txt
/home/aatmaj/CENT/aim_simulator/build/ramulator2 -f /home/aatmaj/CENT/aim_simulator/test/example.yaml -t /home/aatmaj/CENT/experiments/dda_full_sweep/traces/32_channels_per_device/11_devices/model_parallel/Llama2-7B/trace_11_FC_devices_seqlen_2688.txt
/home/aatmaj/CENT/aim_simulator/build/ramulator2 -f /home/aatmaj/CENT/aim_simulator/test/example.yaml -t /home/aatmaj/CENT/experiments/dda_full_sweep/traces/32_channels_per_device/11_devices/model_parallel_FC/Llama2-7B/trace_11_FC_devices_seqlen_2688.txt
/home/aatmaj/CENT/aim_simulator/build/ramulator2 -f /home/aatmaj/CENT/aim_simulator/test/example.yaml -t /home/aatmaj/CENT/experiments/dda_full_sweep/traces/32_channels_per_device/11_devices/model_parallel/Llama2-7B/trace_11_FC_devices_seqlen_2816.txt
/home/aatmaj/CENT/aim_simulator/build/ramulator2 -f /home/aatmaj/CENT/aim_simulator/test/example.yaml -t /home/aatmaj/CENT/experiments/dda_full_sweep/traces/32_channels_per_device/11_devices/model_parallel_FC/Llama2-7B/trace_11_FC_devices_seqlen_2816.txt
/home/aatmaj/CENT/aim_simulator/build/ramulator2 -f /home/aatmaj/CENT/aim_simulator/test/example.yaml -t /home/aatmaj/CENT/experiments/dda_full_sweep/traces/32_channels_per_device/11_devices/model_parallel/Llama2-7B/trace_11_FC_devices_seqlen_2944.txt
/home/aatmaj/CENT/aim_simulator/build/ramulator2 -f /home/aatmaj/CENT/aim_simulator/test/example.yaml -t /home/aatmaj/CENT/experiments/dda_full_sweep/traces/32_channels_per_device/11_devices/model_parallel_FC/Llama2-7B/trace_11_FC_devices_seqlen_2944.txt
/home/aatmaj/CENT/aim_simulator/build/ramulator2 -f /home/aatmaj/CENT/aim_simulator/test/example.yaml -t /home/aatmaj/CENT/experiments/dda_full_sweep/traces/32_channels_per_device/11_devices/model_parallel/Llama2-7B/trace_11_FC_devices_seqlen_3072.txt
/home/aatmaj/CENT/aim_simulator/build/ramulator2 -f /home/aatmaj/CENT/aim_simulator/test/example.yaml -t /home/aatmaj/CENT/experiments/dda_full_sweep/traces/32_channels_per_device/11_devices/model_parallel_FC/Llama2-7B/trace_11_FC_devices_seqlen_3072.txt
/home/aatmaj/CENT/aim_simulator/build/ramulator2 -f /home/aatmaj/CENT/aim_simulator/test/example.yaml -t /home/aatmaj/CENT/experiments/dda_full_sweep/traces/32_channels_per_device/11_devices/model_parallel/Llama2-7B/trace_11_FC_devices_seqlen_3200.txt
/home/aatmaj/CENT/aim_simulator/build/ramulator2 -f /home/aatmaj/CENT/aim_simulator/test/example.yaml -t /home/aatmaj/CENT/experiments/dda_full_sweep/traces/32_channels_per_device/11_devices/model_parallel_FC/Llama2-7B/trace_11_FC_devices_seqlen_3200.txt
/home/aatmaj/CENT/aim_simulator/build/ramulator2 -f /home/aatmaj/CENT/aim_simulator/test/example.yaml -t /home/aatmaj/CENT/experiments/dda_full_sweep/traces/32_channels_per_device/11_devices/model_parallel/Llama2-7B/trace_11_FC_devices_seqlen_3328.txt
/home/aatmaj/CENT/aim_simulator/build/ramulator2 -f /home/aatmaj/CENT/aim_simulator/test/example.yaml -t /home/aatmaj/CENT/experiments/dda_full_sweep/traces/32_channels_per_device/11_devices/model_parallel_FC/Llama2-7B/trace_11_FC_devices_seqlen_3328.txt
/home/aatmaj/CENT/aim_simulator/build/ramulator2 -f /home/aatmaj/CENT/aim_simulator/test/example.yaml -t /home/aatmaj/CENT/experiments/dda_full_sweep/traces/32_channels_per_device/11_devices/model_parallel/Llama2-7B/trace_11_FC_devices_seqlen_3456.txt
/home/aatmaj/CENT/aim_simulator/build/ramulator2 -f /home/aatmaj/CENT/aim_simulator/test/example.yaml -t /home/aatmaj/CENT/experiments/dda_full_sweep/traces/32_channels_per_device/11_devices/model_parallel_FC/Llama2-7B/trace_11_FC_devices_seqlen_3456.txt
/home/aatmaj/CENT/aim_simulator/build/ramulator2 -f /home/aatmaj/CENT/aim_simulator/test/example.yaml -t /home/aatmaj/CENT/experiments/dda_full_sweep/traces/32_channels_per_device/11_devices/model_parallel/Llama2-7B/trace_11_FC_devices_seqlen_3584.txt
/home/aatmaj/CENT/aim_simulator/build/ramulator2 -f /home/aatmaj/CENT/aim_simulator/test/example.yaml -t /home/aatmaj/CENT/experiments/dda_full_sweep/traces/32_channels_per_device/11_devices/model_parallel_FC/Llama2-7B/trace_11_FC_devices_seqlen_3584.txt
/home/aatmaj/CENT/aim_simulator/build/ramulator2 -f /home/aatmaj/CENT/aim_simulator/test/example.yaml -t /home/aatmaj/CENT/experiments/dda_full_sweep/traces/32_channels_per_device/11_devices/model_parallel/Llama2-7B/trace_11_FC_devices_seqlen_3712.txt
/home/aatmaj/CENT/aim_simulator/build/ramulator2 -f /home/aatmaj/CENT/aim_simulator/test/example.yaml -t /home/aatmaj/CENT/experiments/dda_full_sweep/traces/32_channels_per_device/11_devices/model_parallel_FC/Llama2-7B/trace_11_FC_devices_seqlen_3712.txt
/home/aatmaj/CENT/aim_simulator/build/ramulator2 -f /home/aatmaj/CENT/aim_simulator/test/example.yaml -t /home/aatmaj/CENT/experiments/dda_full_sweep/traces/32_channels_per_device/11_devices/model_parallel/Llama2-7B/trace_11_FC_devices_seqlen_3840.txt
/home/aatmaj/CENT/aim_simulator/build/ramulator2 -f /home/aatmaj/CENT/aim_simulator/test/example.yaml -t /home/aatmaj/CENT/experiments/dda_full_sweep/traces/32_channels_per_device/11_devices/model_parallel_FC/Llama2-7B/trace_11_FC_devices_seqlen_3840.txt
/home/aatmaj/CENT/aim_simulator/build/ramulator2 -f /home/aatmaj/CENT/aim_simulator/test/example.yaml -t /home/aatmaj/CENT/experiments/dda_full_sweep/traces/32_channels_per_device/11_devices/model_parallel/Llama2-7B/trace_11_FC_devices_seqlen_3968.txt
/home/aatmaj/CENT/aim_simulator/build/ramulator2 -f /home/aatmaj/CENT/aim_simulator/test/example.yaml -t /home/aatmaj/CENT/experiments/dda_full_sweep/traces/32_channels_per_device/11_devices/model_parallel_FC/Llama2-7B/trace_11_FC_devices_seqlen_3968.txt
/home/aatmaj/CENT/aim_simulator/build/ramulator2 -f /home/aatmaj/CENT/aim_simulator/test/example.yaml -t /home/aatmaj/CENT/experiments/dda_full_sweep/traces/32_channels_per_device/11_devices/model_parallel/Llama2-7B/trace_11_FC_devices_seqlen_4096.txt
/home/aatmaj/CENT/experiments/dda_full_sweep/simulation/run_sim_full32.py:447: FutureWarning: The behavior of DataFrame concatenation with empty or all-NA entries is deprecated. In a future version, this will no longer exclude empty or all-NA columns when determining the result dtypes. To retain the old behavior, exclude the relevant entries before the concat operation.
  results_df = pd.concat([results_df, new_df], ignore_index=True)
/home/aatmaj/CENT/aim_simulator/build/ramulator2 -f /home/aatmaj/CENT/aim_simulator/test/example.yaml -t /home/aatmaj/CENT/experiments/dda_full_sweep/traces/32_channels_per_device/11_devices/model_parallel_FC/Llama2-7B/trace_11_FC_devices_seqlen_4096.txt
Processing results...
Updating simulation results to CSV...
=== Pool L | Llama2-7B | N_L=13 | TP=13, PP=1 ===
Generating traces for Llama2-7B (13 devices) ...
/home/aatmaj/CENT/aim_simulator/build/ramulator2 -f /home/aatmaj/CENT/aim_simulator/test/example.yaml -t /home/aatmaj/CENT/experiments/dda_full_sweep/traces/32_channels_per_device/13_devices/model_parallel_embedding/Llama2-7B/trace_13_FC_devices_seqlen_4096.txt
/home/aatmaj/CENT/aim_simulator/build/ramulator2 -f /home/aatmaj/CENT/aim_simulator/test/example.yaml -t /home/aatmaj/CENT/experiments/dda_full_sweep/traces/32_channels_per_device/13_devices/model_parallel/Llama2-7B/trace_13_FC_devices_seqlen_128.txt
/home/aatmaj/CENT/aim_simulator/build/ramulator2 -f /home/aatmaj/CENT/aim_simulator/test/example.yaml -t /home/aatmaj/CENT/experiments/dda_full_sweep/traces/32_channels_per_device/13_devices/model_parallel_FC/Llama2-7B/trace_13_FC_devices_seqlen_128.txt
/home/aatmaj/CENT/aim_simulator/build/ramulator2 -f /home/aatmaj/CENT/aim_simulator/test/example.yaml -t /home/aatmaj/CENT/experiments/dda_full_sweep/traces/32_channels_per_device/13_devices/model_parallel/Llama2-7B/trace_13_FC_devices_seqlen_256.txt
/home/aatmaj/CENT/aim_simulator/build/ramulator2 -f /home/aatmaj/CENT/aim_simulator/test/example.yaml -t /home/aatmaj/CENT/experiments/dda_full_sweep/traces/32_channels_per_device/13_devices/model_parallel_FC/Llama2-7B/trace_13_FC_devices_seqlen_256.txt
/home/aatmaj/CENT/aim_simulator/build/ramulator2 -f /home/aatmaj/CENT/aim_simulator/test/example.yaml -t /home/aatmaj/CENT/experiments/dda_full_sweep/traces/32_channels_per_device/13_devices/model_parallel/Llama2-7B/trace_13_FC_devices_seqlen_384.txt
/home/aatmaj/CENT/aim_simulator/build/ramulator2 -f /home/aatmaj/CENT/aim_simulator/test/example.yaml -t /home/aatmaj/CENT/experiments/dda_full_sweep/traces/32_channels_per_device/13_devices/model_parallel_FC/Llama2-7B/trace_13_FC_devices_seqlen_384.txt
/home/aatmaj/CENT/aim_simulator/build/ramulator2 -f /home/aatmaj/CENT/aim_simulator/test/example.yaml -t /home/aatmaj/CENT/experiments/dda_full_sweep/traces/32_channels_per_device/13_devices/model_parallel/Llama2-7B/trace_13_FC_devices_seqlen_512.txt
/home/aatmaj/CENT/aim_simulator/build/ramulator2 -f /home/aatmaj/CENT/aim_simulator/test/example.yaml -t /home/aatmaj/CENT/experiments/dda_full_sweep/traces/32_channels_per_device/13_devices/model_parallel_FC/Llama2-7B/trace_13_FC_devices_seqlen_512.txt
/home/aatmaj/CENT/aim_simulator/build/ramulator2 -f /home/aatmaj/CENT/aim_simulator/test/example.yaml -t /home/aatmaj/CENT/experiments/dda_full_sweep/traces/32_channels_per_device/13_devices/model_parallel/Llama2-7B/trace_13_FC_devices_seqlen_640.txt
/home/aatmaj/CENT/aim_simulator/build/ramulator2 -f /home/aatmaj/CENT/aim_simulator/test/example.yaml -t /home/aatmaj/CENT/experiments/dda_full_sweep/traces/32_channels_per_device/13_devices/model_parallel_FC/Llama2-7B/trace_13_FC_devices_seqlen_640.txt
/home/aatmaj/CENT/aim_simulator/build/ramulator2 -f /home/aatmaj/CENT/aim_simulator/test/example.yaml -t /home/aatmaj/CENT/experiments/dda_full_sweep/traces/32_channels_per_device/13_devices/model_parallel/Llama2-7B/trace_13_FC_devices_seqlen_768.txt
/home/aatmaj/CENT/aim_simulator/build/ramulator2 -f /home/aatmaj/CENT/aim_simulator/test/example.yaml -t /home/aatmaj/CENT/experiments/dda_full_sweep/traces/32_channels_per_device/13_devices/model_parallel_FC/Llama2-7B/trace_13_FC_devices_seqlen_768.txt
/home/aatmaj/CENT/aim_simulator/build/ramulator2 -f /home/aatmaj/CENT/aim_simulator/test/example.yaml -t /home/aatmaj/CENT/experiments/dda_full_sweep/traces/32_channels_per_device/13_devices/model_parallel/Llama2-7B/trace_13_FC_devices_seqlen_896.txt
/home/aatmaj/CENT/aim_simulator/build/ramulator2 -f /home/aatmaj/CENT/aim_simulator/test/example.yaml -t /home/aatmaj/CENT/experiments/dda_full_sweep/traces/32_channels_per_device/13_devices/model_parallel_FC/Llama2-7B/trace_13_FC_devices_seqlen_896.txt
/home/aatmaj/CENT/aim_simulator/build/ramulator2 -f /home/aatmaj/CENT/aim_simulator/test/example.yaml -t /home/aatmaj/CENT/experiments/dda_full_sweep/traces/32_channels_per_device/13_devices/model_parallel/Llama2-7B/trace_13_FC_devices_seqlen_1024.txt
/home/aatmaj/CENT/aim_simulator/build/ramulator2 -f /home/aatmaj/CENT/aim_simulator/test/example.yaml -t /home/aatmaj/CENT/experiments/dda_full_sweep/traces/32_channels_per_device/13_devices/model_parallel_FC/Llama2-7B/trace_13_FC_devices_seqlen_1024.txt
/home/aatmaj/CENT/aim_simulator/build/ramulator2 -f /home/aatmaj/CENT/aim_simulator/test/example.yaml -t /home/aatmaj/CENT/experiments/dda_full_sweep/traces/32_channels_per_device/13_devices/model_parallel/Llama2-7B/trace_13_FC_devices_seqlen_1152.txt
/home/aatmaj/CENT/aim_simulator/build/ramulator2 -f /home/aatmaj/CENT/aim_simulator/test/example.yaml -t /home/aatmaj/CENT/experiments/dda_full_sweep/traces/32_channels_per_device/13_devices/model_parallel_FC/Llama2-7B/trace_13_FC_devices_seqlen_1152.txt
/home/aatmaj/CENT/aim_simulator/build/ramulator2 -f /home/aatmaj/CENT/aim_simulator/test/example.yaml -t /home/aatmaj/CENT/experiments/dda_full_sweep/traces/32_channels_per_device/13_devices/model_parallel/Llama2-7B/trace_13_FC_devices_seqlen_1280.txt
/home/aatmaj/CENT/aim_simulator/build/ramulator2 -f /home/aatmaj/CENT/aim_simulator/test/example.yaml -t /home/aatmaj/CENT/experiments/dda_full_sweep/traces/32_channels_per_device/13_devices/model_parallel_FC/Llama2-7B/trace_13_FC_devices_seqlen_1280.txt
/home/aatmaj/CENT/aim_simulator/build/ramulator2 -f /home/aatmaj/CENT/aim_simulator/test/example.yaml -t /home/aatmaj/CENT/experiments/dda_full_sweep/traces/32_channels_per_device/13_devices/model_parallel/Llama2-7B/trace_13_FC_devices_seqlen_1408.txt
/home/aatmaj/CENT/aim_simulator/build/ramulator2 -f /home/aatmaj/CENT/aim_simulator/test/example.yaml -t /home/aatmaj/CENT/experiments/dda_full_sweep/traces/32_channels_per_device/13_devices/model_parallel_FC/Llama2-7B/trace_13_FC_devices_seqlen_1408.txt
/home/aatmaj/CENT/aim_simulator/build/ramulator2 -f /home/aatmaj/CENT/aim_simulator/test/example.yaml -t /home/aatmaj/CENT/experiments/dda_full_sweep/traces/32_channels_per_device/13_devices/model_parallel/Llama2-7B/trace_13_FC_devices_seqlen_1536.txt
/home/aatmaj/CENT/aim_simulator/build/ramulator2 -f /home/aatmaj/CENT/aim_simulator/test/example.yaml -t /home/aatmaj/CENT/experiments/dda_full_sweep/traces/32_channels_per_device/13_devices/model_parallel_FC/Llama2-7B/trace_13_FC_devices_seqlen_1536.txt
/home/aatmaj/CENT/aim_simulator/build/ramulator2 -f /home/aatmaj/CENT/aim_simulator/test/example.yaml -t /home/aatmaj/CENT/experiments/dda_full_sweep/traces/32_channels_per_device/13_devices/model_parallel/Llama2-7B/trace_13_FC_devices_seqlen_1664.txt
/home/aatmaj/CENT/aim_simulator/build/ramulator2 -f /home/aatmaj/CENT/aim_simulator/test/example.yaml -t /home/aatmaj/CENT/experiments/dda_full_sweep/traces/32_channels_per_device/13_devices/model_parallel_FC/Llama2-7B/trace_13_FC_devices_seqlen_1664.txt
/home/aatmaj/CENT/aim_simulator/build/ramulator2 -f /home/aatmaj/CENT/aim_simulator/test/example.yaml -t /home/aatmaj/CENT/experiments/dda_full_sweep/traces/32_channels_per_device/13_devices/model_parallel/Llama2-7B/trace_13_FC_devices_seqlen_1792.txt
/home/aatmaj/CENT/aim_simulator/build/ramulator2 -f /home/aatmaj/CENT/aim_simulator/test/example.yaml -t /home/aatmaj/CENT/experiments/dda_full_sweep/traces/32_channels_per_device/13_devices/model_parallel_FC/Llama2-7B/trace_13_FC_devices_seqlen_1792.txt
/home/aatmaj/CENT/aim_simulator/build/ramulator2 -f /home/aatmaj/CENT/aim_simulator/test/example.yaml -t /home/aatmaj/CENT/experiments/dda_full_sweep/traces/32_channels_per_device/13_devices/model_parallel/Llama2-7B/trace_13_FC_devices_seqlen_1920.txt
/home/aatmaj/CENT/aim_simulator/build/ramulator2 -f /home/aatmaj/CENT/aim_simulator/test/example.yaml -t /home/aatmaj/CENT/experiments/dda_full_sweep/traces/32_channels_per_device/13_devices/model_parallel_FC/Llama2-7B/trace_13_FC_devices_seqlen_1920.txt
/home/aatmaj/CENT/aim_simulator/build/ramulator2 -f /home/aatmaj/CENT/aim_simulator/test/example.yaml -t /home/aatmaj/CENT/experiments/dda_full_sweep/traces/32_channels_per_device/13_devices/model_parallel/Llama2-7B/trace_13_FC_devices_seqlen_2048.txt
/home/aatmaj/CENT/aim_simulator/build/ramulator2 -f /home/aatmaj/CENT/aim_simulator/test/example.yaml -t /home/aatmaj/CENT/experiments/dda_full_sweep/traces/32_channels_per_device/13_devices/model_parallel_FC/Llama2-7B/trace_13_FC_devices_seqlen_2048.txt
/home/aatmaj/CENT/aim_simulator/build/ramulator2 -f /home/aatmaj/CENT/aim_simulator/test/example.yaml -t /home/aatmaj/CENT/experiments/dda_full_sweep/traces/32_channels_per_device/13_devices/model_parallel/Llama2-7B/trace_13_FC_devices_seqlen_2176.txt
/home/aatmaj/CENT/aim_simulator/build/ramulator2 -f /home/aatmaj/CENT/aim_simulator/test/example.yaml -t /home/aatmaj/CENT/experiments/dda_full_sweep/traces/32_channels_per_device/13_devices/model_parallel_FC/Llama2-7B/trace_13_FC_devices_seqlen_2176.txt
/home/aatmaj/CENT/aim_simulator/build/ramulator2 -f /home/aatmaj/CENT/aim_simulator/test/example.yaml -t /home/aatmaj/CENT/experiments/dda_full_sweep/traces/32_channels_per_device/13_devices/model_parallel/Llama2-7B/trace_13_FC_devices_seqlen_2304.txt
/home/aatmaj/CENT/aim_simulator/build/ramulator2 -f /home/aatmaj/CENT/aim_simulator/test/example.yaml -t /home/aatmaj/CENT/experiments/dda_full_sweep/traces/32_channels_per_device/13_devices/model_parallel_FC/Llama2-7B/trace_13_FC_devices_seqlen_2304.txt
/home/aatmaj/CENT/aim_simulator/build/ramulator2 -f /home/aatmaj/CENT/aim_simulator/test/example.yaml -t /home/aatmaj/CENT/experiments/dda_full_sweep/traces/32_channels_per_device/13_devices/model_parallel/Llama2-7B/trace_13_FC_devices_seqlen_2432.txt
/home/aatmaj/CENT/aim_simulator/build/ramulator2 -f /home/aatmaj/CENT/aim_simulator/test/example.yaml -t /home/aatmaj/CENT/experiments/dda_full_sweep/traces/32_channels_per_device/13_devices/model_parallel_FC/Llama2-7B/trace_13_FC_devices_seqlen_2432.txt
/home/aatmaj/CENT/aim_simulator/build/ramulator2 -f /home/aatmaj/CENT/aim_simulator/test/example.yaml -t /home/aatmaj/CENT/experiments/dda_full_sweep/traces/32_channels_per_device/13_devices/model_parallel/Llama2-7B/trace_13_FC_devices_seqlen_2560.txt
/home/aatmaj/CENT/aim_simulator/build/ramulator2 -f /home/aatmaj/CENT/aim_simulator/test/example.yaml -t /home/aatmaj/CENT/experiments/dda_full_sweep/traces/32_channels_per_device/13_devices/model_parallel_FC/Llama2-7B/trace_13_FC_devices_seqlen_2560.txt
/home/aatmaj/CENT/aim_simulator/build/ramulator2 -f /home/aatmaj/CENT/aim_simulator/test/example.yaml -t /home/aatmaj/CENT/experiments/dda_full_sweep/traces/32_channels_per_device/13_devices/model_parallel/Llama2-7B/trace_13_FC_devices_seqlen_2688.txt
/home/aatmaj/CENT/aim_simulator/build/ramulator2 -f /home/aatmaj/CENT/aim_simulator/test/example.yaml -t /home/aatmaj/CENT/experiments/dda_full_sweep/traces/32_channels_per_device/13_devices/model_parallel_FC/Llama2-7B/trace_13_FC_devices_seqlen_2688.txt
/home/aatmaj/CENT/aim_simulator/build/ramulator2 -f /home/aatmaj/CENT/aim_simulator/test/example.yaml -t /home/aatmaj/CENT/experiments/dda_full_sweep/traces/32_channels_per_device/13_devices/model_parallel/Llama2-7B/trace_13_FC_devices_seqlen_2816.txt
/home/aatmaj/CENT/aim_simulator/build/ramulator2 -f /home/aatmaj/CENT/aim_simulator/test/example.yaml -t /home/aatmaj/CENT/experiments/dda_full_sweep/traces/32_channels_per_device/13_devices/model_parallel_FC/Llama2-7B/trace_13_FC_devices_seqlen_2816.txt
/home/aatmaj/CENT/aim_simulator/build/ramulator2 -f /home/aatmaj/CENT/aim_simulator/test/example.yaml -t /home/aatmaj/CENT/experiments/dda_full_sweep/traces/32_channels_per_device/13_devices/model_parallel/Llama2-7B/trace_13_FC_devices_seqlen_2944.txt
/home/aatmaj/CENT/aim_simulator/build/ramulator2 -f /home/aatmaj/CENT/aim_simulator/test/example.yaml -t /home/aatmaj/CENT/experiments/dda_full_sweep/traces/32_channels_per_device/13_devices/model_parallel_FC/Llama2-7B/trace_13_FC_devices_seqlen_2944.txt
/home/aatmaj/CENT/aim_simulator/build/ramulator2 -f /home/aatmaj/CENT/aim_simulator/test/example.yaml -t /home/aatmaj/CENT/experiments/dda_full_sweep/traces/32_channels_per_device/13_devices/model_parallel/Llama2-7B/trace_13_FC_devices_seqlen_3072.txt
/home/aatmaj/CENT/aim_simulator/build/ramulator2 -f /home/aatmaj/CENT/aim_simulator/test/example.yaml -t /home/aatmaj/CENT/experiments/dda_full_sweep/traces/32_channels_per_device/13_devices/model_parallel_FC/Llama2-7B/trace_13_FC_devices_seqlen_3072.txt
/home/aatmaj/CENT/aim_simulator/build/ramulator2 -f /home/aatmaj/CENT/aim_simulator/test/example.yaml -t /home/aatmaj/CENT/experiments/dda_full_sweep/traces/32_channels_per_device/13_devices/model_parallel/Llama2-7B/trace_13_FC_devices_seqlen_3200.txt
/home/aatmaj/CENT/aim_simulator/build/ramulator2 -f /home/aatmaj/CENT/aim_simulator/test/example.yaml -t /home/aatmaj/CENT/experiments/dda_full_sweep/traces/32_channels_per_device/13_devices/model_parallel_FC/Llama2-7B/trace_13_FC_devices_seqlen_3200.txt
/home/aatmaj/CENT/aim_simulator/build/ramulator2 -f /home/aatmaj/CENT/aim_simulator/test/example.yaml -t /home/aatmaj/CENT/experiments/dda_full_sweep/traces/32_channels_per_device/13_devices/model_parallel/Llama2-7B/trace_13_FC_devices_seqlen_3328.txt
/home/aatmaj/CENT/aim_simulator/build/ramulator2 -f /home/aatmaj/CENT/aim_simulator/test/example.yaml -t /home/aatmaj/CENT/experiments/dda_full_sweep/traces/32_channels_per_device/13_devices/model_parallel_FC/Llama2-7B/trace_13_FC_devices_seqlen_3328.txt
/home/aatmaj/CENT/aim_simulator/build/ramulator2 -f /home/aatmaj/CENT/aim_simulator/test/example.yaml -t /home/aatmaj/CENT/experiments/dda_full_sweep/traces/32_channels_per_device/13_devices/model_parallel/Llama2-7B/trace_13_FC_devices_seqlen_3456.txt
/home/aatmaj/CENT/aim_simulator/build/ramulator2 -f /home/aatmaj/CENT/aim_simulator/test/example.yaml -t /home/aatmaj/CENT/experiments/dda_full_sweep/traces/32_channels_per_device/13_devices/model_parallel_FC/Llama2-7B/trace_13_FC_devices_seqlen_3456.txt
/home/aatmaj/CENT/aim_simulator/build/ramulator2 -f /home/aatmaj/CENT/aim_simulator/test/example.yaml -t /home/aatmaj/CENT/experiments/dda_full_sweep/traces/32_channels_per_device/13_devices/model_parallel/Llama2-7B/trace_13_FC_devices_seqlen_3584.txt
/home/aatmaj/CENT/aim_simulator/build/ramulator2 -f /home/aatmaj/CENT/aim_simulator/test/example.yaml -t /home/aatmaj/CENT/experiments/dda_full_sweep/traces/32_channels_per_device/13_devices/model_parallel_FC/Llama2-7B/trace_13_FC_devices_seqlen_3584.txt
/home/aatmaj/CENT/aim_simulator/build/ramulator2 -f /home/aatmaj/CENT/aim_simulator/test/example.yaml -t /home/aatmaj/CENT/experiments/dda_full_sweep/traces/32_channels_per_device/13_devices/model_parallel/Llama2-7B/trace_13_FC_devices_seqlen_3712.txt
/home/aatmaj/CENT/aim_simulator/build/ramulator2 -f /home/aatmaj/CENT/aim_simulator/test/example.yaml -t /home/aatmaj/CENT/experiments/dda_full_sweep/traces/32_channels_per_device/13_devices/model_parallel_FC/Llama2-7B/trace_13_FC_devices_seqlen_3712.txt
/home/aatmaj/CENT/aim_simulator/build/ramulator2 -f /home/aatmaj/CENT/aim_simulator/test/example.yaml -t /home/aatmaj/CENT/experiments/dda_full_sweep/traces/32_channels_per_device/13_devices/model_parallel/Llama2-7B/trace_13_FC_devices_seqlen_3840.txt
/home/aatmaj/CENT/aim_simulator/build/ramulator2 -f /home/aatmaj/CENT/aim_simulator/test/example.yaml -t /home/aatmaj/CENT/experiments/dda_full_sweep/traces/32_channels_per_device/13_devices/model_parallel_FC/Llama2-7B/trace_13_FC_devices_seqlen_3840.txt
/home/aatmaj/CENT/aim_simulator/build/ramulator2 -f /home/aatmaj/CENT/aim_simulator/test/example.yaml -t /home/aatmaj/CENT/experiments/dda_full_sweep/traces/32_channels_per_device/13_devices/model_parallel/Llama2-7B/trace_13_FC_devices_seqlen_3968.txt
/home/aatmaj/CENT/aim_simulator/build/ramulator2 -f /home/aatmaj/CENT/aim_simulator/test/example.yaml -t /home/aatmaj/CENT/experiments/dda_full_sweep/traces/32_channels_per_device/13_devices/model_parallel_FC/Llama2-7B/trace_13_FC_devices_seqlen_3968.txt
/home/aatmaj/CENT/aim_simulator/build/ramulator2 -f /home/aatmaj/CENT/aim_simulator/test/example.yaml -t /home/aatmaj/CENT/experiments/dda_full_sweep/traces/32_channels_per_device/13_devices/model_parallel/Llama2-7B/trace_13_FC_devices_seqlen_4096.txt
/home/aatmaj/CENT/experiments/dda_full_sweep/simulation/run_sim_full32.py:447: FutureWarning: The behavior of DataFrame concatenation with empty or all-NA entries is deprecated. In a future version, this will no longer exclude empty or all-NA columns when determining the result dtypes. To retain the old behavior, exclude the relevant entries before the concat operation.
  results_df = pd.concat([results_df, new_df], ignore_index=True)
/home/aatmaj/CENT/aim_simulator/build/ramulator2 -f /home/aatmaj/CENT/aim_simulator/test/example.yaml -t /home/aatmaj/CENT/experiments/dda_full_sweep/traces/32_channels_per_device/13_devices/model_parallel_FC/Llama2-7B/trace_13_FC_devices_seqlen_4096.txt
Processing results...
Updating simulation results to CSV...
=== Pool L | Llama2-7B | N_L=15 | TP=15, PP=1 ===
Generating traces for Llama2-7B (15 devices) ...
/home/aatmaj/CENT/aim_simulator/build/ramulator2 -f /home/aatmaj/CENT/aim_simulator/test/example.yaml -t /home/aatmaj/CENT/experiments/dda_full_sweep/traces/32_channels_per_device/15_devices/model_parallel_embedding/Llama2-7B/trace_15_FC_devices_seqlen_4096.txt
/home/aatmaj/CENT/aim_simulator/build/ramulator2 -f /home/aatmaj/CENT/aim_simulator/test/example.yaml -t /home/aatmaj/CENT/experiments/dda_full_sweep/traces/32_channels_per_device/15_devices/model_parallel/Llama2-7B/trace_15_FC_devices_seqlen_128.txt
/home/aatmaj/CENT/aim_simulator/build/ramulator2 -f /home/aatmaj/CENT/aim_simulator/test/example.yaml -t /home/aatmaj/CENT/experiments/dda_full_sweep/traces/32_channels_per_device/15_devices/model_parallel_FC/Llama2-7B/trace_15_FC_devices_seqlen_128.txt
/home/aatmaj/CENT/aim_simulator/build/ramulator2 -f /home/aatmaj/CENT/aim_simulator/test/example.yaml -t /home/aatmaj/CENT/experiments/dda_full_sweep/traces/32_channels_per_device/15_devices/model_parallel/Llama2-7B/trace_15_FC_devices_seqlen_256.txt
/home/aatmaj/CENT/aim_simulator/build/ramulator2 -f /home/aatmaj/CENT/aim_simulator/test/example.yaml -t /home/aatmaj/CENT/experiments/dda_full_sweep/traces/32_channels_per_device/15_devices/model_parallel_FC/Llama2-7B/trace_15_FC_devices_seqlen_256.txt
/home/aatmaj/CENT/aim_simulator/build/ramulator2 -f /home/aatmaj/CENT/aim_simulator/test/example.yaml -t /home/aatmaj/CENT/experiments/dda_full_sweep/traces/32_channels_per_device/15_devices/model_parallel/Llama2-7B/trace_15_FC_devices_seqlen_384.txt
/home/aatmaj/CENT/aim_simulator/build/ramulator2 -f /home/aatmaj/CENT/aim_simulator/test/example.yaml -t /home/aatmaj/CENT/experiments/dda_full_sweep/traces/32_channels_per_device/15_devices/model_parallel_FC/Llama2-7B/trace_15_FC_devices_seqlen_384.txt
/home/aatmaj/CENT/aim_simulator/build/ramulator2 -f /home/aatmaj/CENT/aim_simulator/test/example.yaml -t /home/aatmaj/CENT/experiments/dda_full_sweep/traces/32_channels_per_device/15_devices/model_parallel/Llama2-7B/trace_15_FC_devices_seqlen_512.txt
/home/aatmaj/CENT/aim_simulator/build/ramulator2 -f /home/aatmaj/CENT/aim_simulator/test/example.yaml -t /home/aatmaj/CENT/experiments/dda_full_sweep/traces/32_channels_per_device/15_devices/model_parallel_FC/Llama2-7B/trace_15_FC_devices_seqlen_512.txt
/home/aatmaj/CENT/aim_simulator/build/ramulator2 -f /home/aatmaj/CENT/aim_simulator/test/example.yaml -t /home/aatmaj/CENT/experiments/dda_full_sweep/traces/32_channels_per_device/15_devices/model_parallel/Llama2-7B/trace_15_FC_devices_seqlen_640.txt
/home/aatmaj/CENT/aim_simulator/build/ramulator2 -f /home/aatmaj/CENT/aim_simulator/test/example.yaml -t /home/aatmaj/CENT/experiments/dda_full_sweep/traces/32_channels_per_device/15_devices/model_parallel_FC/Llama2-7B/trace_15_FC_devices_seqlen_640.txt
/home/aatmaj/CENT/aim_simulator/build/ramulator2 -f /home/aatmaj/CENT/aim_simulator/test/example.yaml -t /home/aatmaj/CENT/experiments/dda_full_sweep/traces/32_channels_per_device/15_devices/model_parallel/Llama2-7B/trace_15_FC_devices_seqlen_768.txt
/home/aatmaj/CENT/aim_simulator/build/ramulator2 -f /home/aatmaj/CENT/aim_simulator/test/example.yaml -t /home/aatmaj/CENT/experiments/dda_full_sweep/traces/32_channels_per_device/15_devices/model_parallel_FC/Llama2-7B/trace_15_FC_devices_seqlen_768.txt
/home/aatmaj/CENT/aim_simulator/build/ramulator2 -f /home/aatmaj/CENT/aim_simulator/test/example.yaml -t /home/aatmaj/CENT/experiments/dda_full_sweep/traces/32_channels_per_device/15_devices/model_parallel/Llama2-7B/trace_15_FC_devices_seqlen_896.txt
/home/aatmaj/CENT/aim_simulator/build/ramulator2 -f /home/aatmaj/CENT/aim_simulator/test/example.yaml -t /home/aatmaj/CENT/experiments/dda_full_sweep/traces/32_channels_per_device/15_devices/model_parallel_FC/Llama2-7B/trace_15_FC_devices_seqlen_896.txt
/home/aatmaj/CENT/aim_simulator/build/ramulator2 -f /home/aatmaj/CENT/aim_simulator/test/example.yaml -t /home/aatmaj/CENT/experiments/dda_full_sweep/traces/32_channels_per_device/15_devices/model_parallel/Llama2-7B/trace_15_FC_devices_seqlen_1024.txt
/home/aatmaj/CENT/aim_simulator/build/ramulator2 -f /home/aatmaj/CENT/aim_simulator/test/example.yaml -t /home/aatmaj/CENT/experiments/dda_full_sweep/traces/32_channels_per_device/15_devices/model_parallel_FC/Llama2-7B/trace_15_FC_devices_seqlen_1024.txt
/home/aatmaj/CENT/aim_simulator/build/ramulator2 -f /home/aatmaj/CENT/aim_simulator/test/example.yaml -t /home/aatmaj/CENT/experiments/dda_full_sweep/traces/32_channels_per_device/15_devices/model_parallel/Llama2-7B/trace_15_FC_devices_seqlen_1152.txt
/home/aatmaj/CENT/aim_simulator/build/ramulator2 -f /home/aatmaj/CENT/aim_simulator/test/example.yaml -t /home/aatmaj/CENT/experiments/dda_full_sweep/traces/32_channels_per_device/15_devices/model_parallel_FC/Llama2-7B/trace_15_FC_devices_seqlen_1152.txt
/home/aatmaj/CENT/aim_simulator/build/ramulator2 -f /home/aatmaj/CENT/aim_simulator/test/example.yaml -t /home/aatmaj/CENT/experiments/dda_full_sweep/traces/32_channels_per_device/15_devices/model_parallel/Llama2-7B/trace_15_FC_devices_seqlen_1280.txt
/home/aatmaj/CENT/aim_simulator/build/ramulator2 -f /home/aatmaj/CENT/aim_simulator/test/example.yaml -t /home/aatmaj/CENT/experiments/dda_full_sweep/traces/32_channels_per_device/15_devices/model_parallel_FC/Llama2-7B/trace_15_FC_devices_seqlen_1280.txt
/home/aatmaj/CENT/aim_simulator/build/ramulator2 -f /home/aatmaj/CENT/aim_simulator/test/example.yaml -t /home/aatmaj/CENT/experiments/dda_full_sweep/traces/32_channels_per_device/15_devices/model_parallel/Llama2-7B/trace_15_FC_devices_seqlen_1408.txt
/home/aatmaj/CENT/aim_simulator/build/ramulator2 -f /home/aatmaj/CENT/aim_simulator/test/example.yaml -t /home/aatmaj/CENT/experiments/dda_full_sweep/traces/32_channels_per_device/15_devices/model_parallel_FC/Llama2-7B/trace_15_FC_devices_seqlen_1408.txt
/home/aatmaj/CENT/aim_simulator/build/ramulator2 -f /home/aatmaj/CENT/aim_simulator/test/example.yaml -t /home/aatmaj/CENT/experiments/dda_full_sweep/traces/32_channels_per_device/15_devices/model_parallel/Llama2-7B/trace_15_FC_devices_seqlen_1536.txt
/home/aatmaj/CENT/aim_simulator/build/ramulator2 -f /home/aatmaj/CENT/aim_simulator/test/example.yaml -t /home/aatmaj/CENT/experiments/dda_full_sweep/traces/32_channels_per_device/15_devices/model_parallel_FC/Llama2-7B/trace_15_FC_devices_seqlen_1536.txt
/home/aatmaj/CENT/aim_simulator/build/ramulator2 -f /home/aatmaj/CENT/aim_simulator/test/example.yaml -t /home/aatmaj/CENT/experiments/dda_full_sweep/traces/32_channels_per_device/15_devices/model_parallel/Llama2-7B/trace_15_FC_devices_seqlen_1664.txt
/home/aatmaj/CENT/aim_simulator/build/ramulator2 -f /home/aatmaj/CENT/aim_simulator/test/example.yaml -t /home/aatmaj/CENT/experiments/dda_full_sweep/traces/32_channels_per_device/15_devices/model_parallel_FC/Llama2-7B/trace_15_FC_devices_seqlen_1664.txt
/home/aatmaj/CENT/aim_simulator/build/ramulator2 -f /home/aatmaj/CENT/aim_simulator/test/example.yaml -t /home/aatmaj/CENT/experiments/dda_full_sweep/traces/32_channels_per_device/15_devices/model_parallel/Llama2-7B/trace_15_FC_devices_seqlen_1792.txt
/home/aatmaj/CENT/aim_simulator/build/ramulator2 -f /home/aatmaj/CENT/aim_simulator/test/example.yaml -t /home/aatmaj/CENT/experiments/dda_full_sweep/traces/32_channels_per_device/15_devices/model_parallel_FC/Llama2-7B/trace_15_FC_devices_seqlen_1792.txt
/home/aatmaj/CENT/aim_simulator/build/ramulator2 -f /home/aatmaj/CENT/aim_simulator/test/example.yaml -t /home/aatmaj/CENT/experiments/dda_full_sweep/traces/32_channels_per_device/15_devices/model_parallel/Llama2-7B/trace_15_FC_devices_seqlen_1920.txt
/home/aatmaj/CENT/aim_simulator/build/ramulator2 -f /home/aatmaj/CENT/aim_simulator/test/example.yaml -t /home/aatmaj/CENT/experiments/dda_full_sweep/traces/32_channels_per_device/15_devices/model_parallel_FC/Llama2-7B/trace_15_FC_devices_seqlen_1920.txt
/home/aatmaj/CENT/aim_simulator/build/ramulator2 -f /home/aatmaj/CENT/aim_simulator/test/example.yaml -t /home/aatmaj/CENT/experiments/dda_full_sweep/traces/32_channels_per_device/15_devices/model_parallel/Llama2-7B/trace_15_FC_devices_seqlen_2048.txt
/home/aatmaj/CENT/aim_simulator/build/ramulator2 -f /home/aatmaj/CENT/aim_simulator/test/example.yaml -t /home/aatmaj/CENT/experiments/dda_full_sweep/traces/32_channels_per_device/15_devices/model_parallel_FC/Llama2-7B/trace_15_FC_devices_seqlen_2048.txt
/home/aatmaj/CENT/aim_simulator/build/ramulator2 -f /home/aatmaj/CENT/aim_simulator/test/example.yaml -t /home/aatmaj/CENT/experiments/dda_full_sweep/traces/32_channels_per_device/15_devices/model_parallel/Llama2-7B/trace_15_FC_devices_seqlen_2176.txt
/home/aatmaj/CENT/aim_simulator/build/ramulator2 -f /home/aatmaj/CENT/aim_simulator/test/example.yaml -t /home/aatmaj/CENT/experiments/dda_full_sweep/traces/32_channels_per_device/15_devices/model_parallel_FC/Llama2-7B/trace_15_FC_devices_seqlen_2176.txt
/home/aatmaj/CENT/aim_simulator/build/ramulator2 -f /home/aatmaj/CENT/aim_simulator/test/example.yaml -t /home/aatmaj/CENT/experiments/dda_full_sweep/traces/32_channels_per_device/15_devices/model_parallel/Llama2-7B/trace_15_FC_devices_seqlen_2304.txt
/home/aatmaj/CENT/aim_simulator/build/ramulator2 -f /home/aatmaj/CENT/aim_simulator/test/example.yaml -t /home/aatmaj/CENT/experiments/dda_full_sweep/traces/32_channels_per_device/15_devices/model_parallel_FC/Llama2-7B/trace_15_FC_devices_seqlen_2304.txt
/home/aatmaj/CENT/aim_simulator/build/ramulator2 -f /home/aatmaj/CENT/aim_simulator/test/example.yaml -t /home/aatmaj/CENT/experiments/dda_full_sweep/traces/32_channels_per_device/15_devices/model_parallel/Llama2-7B/trace_15_FC_devices_seqlen_2432.txt
/home/aatmaj/CENT/aim_simulator/build/ramulator2 -f /home/aatmaj/CENT/aim_simulator/test/example.yaml -t /home/aatmaj/CENT/experiments/dda_full_sweep/traces/32_channels_per_device/15_devices/model_parallel_FC/Llama2-7B/trace_15_FC_devices_seqlen_2432.txt
/home/aatmaj/CENT/aim_simulator/build/ramulator2 -f /home/aatmaj/CENT/aim_simulator/test/example.yaml -t /home/aatmaj/CENT/experiments/dda_full_sweep/traces/32_channels_per_device/15_devices/model_parallel/Llama2-7B/trace_15_FC_devices_seqlen_2560.txt
/home/aatmaj/CENT/aim_simulator/build/ramulator2 -f /home/aatmaj/CENT/aim_simulator/test/example.yaml -t /home/aatmaj/CENT/experiments/dda_full_sweep/traces/32_channels_per_device/15_devices/model_parallel_FC/Llama2-7B/trace_15_FC_devices_seqlen_2560.txt
/home/aatmaj/CENT/aim_simulator/build/ramulator2 -f /home/aatmaj/CENT/aim_simulator/test/example.yaml -t /home/aatmaj/CENT/experiments/dda_full_sweep/traces/32_channels_per_device/15_devices/model_parallel/Llama2-7B/trace_15_FC_devices_seqlen_2688.txt
/home/aatmaj/CENT/aim_simulator/build/ramulator2 -f /home/aatmaj/CENT/aim_simulator/test/example.yaml -t /home/aatmaj/CENT/experiments/dda_full_sweep/traces/32_channels_per_device/15_devices/model_parallel_FC/Llama2-7B/trace_15_FC_devices_seqlen_2688.txt
/home/aatmaj/CENT/aim_simulator/build/ramulator2 -f /home/aatmaj/CENT/aim_simulator/test/example.yaml -t /home/aatmaj/CENT/experiments/dda_full_sweep/traces/32_channels_per_device/15_devices/model_parallel/Llama2-7B/trace_15_FC_devices_seqlen_2816.txt
/home/aatmaj/CENT/aim_simulator/build/ramulator2 -f /home/aatmaj/CENT/aim_simulator/test/example.yaml -t /home/aatmaj/CENT/experiments/dda_full_sweep/traces/32_channels_per_device/15_devices/model_parallel_FC/Llama2-7B/trace_15_FC_devices_seqlen_2816.txt
/home/aatmaj/CENT/aim_simulator/build/ramulator2 -f /home/aatmaj/CENT/aim_simulator/test/example.yaml -t /home/aatmaj/CENT/experiments/dda_full_sweep/traces/32_channels_per_device/15_devices/model_parallel/Llama2-7B/trace_15_FC_devices_seqlen_2944.txt
/home/aatmaj/CENT/aim_simulator/build/ramulator2 -f /home/aatmaj/CENT/aim_simulator/test/example.yaml -t /home/aatmaj/CENT/experiments/dda_full_sweep/traces/32_channels_per_device/15_devices/model_parallel_FC/Llama2-7B/trace_15_FC_devices_seqlen_2944.txt
/home/aatmaj/CENT/aim_simulator/build/ramulator2 -f /home/aatmaj/CENT/aim_simulator/test/example.yaml -t /home/aatmaj/CENT/experiments/dda_full_sweep/traces/32_channels_per_device/15_devices/model_parallel/Llama2-7B/trace_15_FC_devices_seqlen_3072.txt
/home/aatmaj/CENT/aim_simulator/build/ramulator2 -f /home/aatmaj/CENT/aim_simulator/test/example.yaml -t /home/aatmaj/CENT/experiments/dda_full_sweep/traces/32_channels_per_device/15_devices/model_parallel_FC/Llama2-7B/trace_15_FC_devices_seqlen_3072.txt
/home/aatmaj/CENT/aim_simulator/build/ramulator2 -f /home/aatmaj/CENT/aim_simulator/test/example.yaml -t /home/aatmaj/CENT/experiments/dda_full_sweep/traces/32_channels_per_device/15_devices/model_parallel/Llama2-7B/trace_15_FC_devices_seqlen_3200.txt
/home/aatmaj/CENT/aim_simulator/build/ramulator2 -f /home/aatmaj/CENT/aim_simulator/test/example.yaml -t /home/aatmaj/CENT/experiments/dda_full_sweep/traces/32_channels_per_device/15_devices/model_parallel_FC/Llama2-7B/trace_15_FC_devices_seqlen_3200.txt
/home/aatmaj/CENT/aim_simulator/build/ramulator2 -f /home/aatmaj/CENT/aim_simulator/test/example.yaml -t /home/aatmaj/CENT/experiments/dda_full_sweep/traces/32_channels_per_device/15_devices/model_parallel/Llama2-7B/trace_15_FC_devices_seqlen_3328.txt
/home/aatmaj/CENT/aim_simulator/build/ramulator2 -f /home/aatmaj/CENT/aim_simulator/test/example.yaml -t /home/aatmaj/CENT/experiments/dda_full_sweep/traces/32_channels_per_device/15_devices/model_parallel_FC/Llama2-7B/trace_15_FC_devices_seqlen_3328.txt
/home/aatmaj/CENT/aim_simulator/build/ramulator2 -f /home/aatmaj/CENT/aim_simulator/test/example.yaml -t /home/aatmaj/CENT/experiments/dda_full_sweep/traces/32_channels_per_device/15_devices/model_parallel/Llama2-7B/trace_15_FC_devices_seqlen_3456.txt
/home/aatmaj/CENT/aim_simulator/build/ramulator2 -f /home/aatmaj/CENT/aim_simulator/test/example.yaml -t /home/aatmaj/CENT/experiments/dda_full_sweep/traces/32_channels_per_device/15_devices/model_parallel_FC/Llama2-7B/trace_15_FC_devices_seqlen_3456.txt
/home/aatmaj/CENT/aim_simulator/build/ramulator2 -f /home/aatmaj/CENT/aim_simulator/test/example.yaml -t /home/aatmaj/CENT/experiments/dda_full_sweep/traces/32_channels_per_device/15_devices/model_parallel/Llama2-7B/trace_15_FC_devices_seqlen_3584.txt
/home/aatmaj/CENT/aim_simulator/build/ramulator2 -f /home/aatmaj/CENT/aim_simulator/test/example.yaml -t /home/aatmaj/CENT/experiments/dda_full_sweep/traces/32_channels_per_device/15_devices/model_parallel_FC/Llama2-7B/trace_15_FC_devices_seqlen_3584.txt
/home/aatmaj/CENT/aim_simulator/build/ramulator2 -f /home/aatmaj/CENT/aim_simulator/test/example.yaml -t /home/aatmaj/CENT/experiments/dda_full_sweep/traces/32_channels_per_device/15_devices/model_parallel/Llama2-7B/trace_15_FC_devices_seqlen_3712.txt
/home/aatmaj/CENT/aim_simulator/build/ramulator2 -f /home/aatmaj/CENT/aim_simulator/test/example.yaml -t /home/aatmaj/CENT/experiments/dda_full_sweep/traces/32_channels_per_device/15_devices/model_parallel_FC/Llama2-7B/trace_15_FC_devices_seqlen_3712.txt
/home/aatmaj/CENT/aim_simulator/build/ramulator2 -f /home/aatmaj/CENT/aim_simulator/test/example.yaml -t /home/aatmaj/CENT/experiments/dda_full_sweep/traces/32_channels_per_device/15_devices/model_parallel/Llama2-7B/trace_15_FC_devices_seqlen_3840.txt
/home/aatmaj/CENT/aim_simulator/build/ramulator2 -f /home/aatmaj/CENT/aim_simulator/test/example.yaml -t /home/aatmaj/CENT/experiments/dda_full_sweep/traces/32_channels_per_device/15_devices/model_parallel_FC/Llama2-7B/trace_15_FC_devices_seqlen_3840.txt
/home/aatmaj/CENT/aim_simulator/build/ramulator2 -f /home/aatmaj/CENT/aim_simulator/test/example.yaml -t /home/aatmaj/CENT/experiments/dda_full_sweep/traces/32_channels_per_device/15_devices/model_parallel/Llama2-7B/trace_15_FC_devices_seqlen_3968.txt
/home/aatmaj/CENT/aim_simulator/build/ramulator2 -f /home/aatmaj/CENT/aim_simulator/test/example.yaml -t /home/aatmaj/CENT/experiments/dda_full_sweep/traces/32_channels_per_device/15_devices/model_parallel_FC/Llama2-7B/trace_15_FC_devices_seqlen_3968.txt
/home/aatmaj/CENT/aim_simulator/build/ramulator2 -f /home/aatmaj/CENT/aim_simulator/test/example.yaml -t /home/aatmaj/CENT/experiments/dda_full_sweep/traces/32_channels_per_device/15_devices/model_parallel/Llama2-7B/trace_15_FC_devices_seqlen_4096.txt
/home/aatmaj/CENT/experiments/dda_full_sweep/simulation/run_sim_full32.py:447: FutureWarning: The behavior of DataFrame concatenation with empty or all-NA entries is deprecated. In a future version, this will no longer exclude empty or all-NA columns when determining the result dtypes. To retain the old behavior, exclude the relevant entries before the concat operation.
  results_df = pd.concat([results_df, new_df], ignore_index=True)
/home/aatmaj/CENT/aim_simulator/build/ramulator2 -f /home/aatmaj/CENT/aim_simulator/test/example.yaml -t /home/aatmaj/CENT/experiments/dda_full_sweep/traces/32_channels_per_device/15_devices/model_parallel_FC/Llama2-7B/trace_15_FC_devices_seqlen_4096.txt
Processing results...
Updating simulation results to CSV...
=== Pool L | Llama2-7B | N_L=17 | TP=17, PP=1 ===
Generating traces for Llama2-7B (17 devices) ...
/home/aatmaj/CENT/aim_simulator/build/ramulator2 -f /home/aatmaj/CENT/aim_simulator/test/example.yaml -t /home/aatmaj/CENT/experiments/dda_full_sweep/traces/32_channels_per_device/17_devices/model_parallel_embedding/Llama2-7B/trace_17_FC_devices_seqlen_4096.txt
/home/aatmaj/CENT/aim_simulator/build/ramulator2 -f /home/aatmaj/CENT/aim_simulator/test/example.yaml -t /home/aatmaj/CENT/experiments/dda_full_sweep/traces/32_channels_per_device/17_devices/model_parallel/Llama2-7B/trace_17_FC_devices_seqlen_128.txt
/home/aatmaj/CENT/aim_simulator/build/ramulator2 -f /home/aatmaj/CENT/aim_simulator/test/example.yaml -t /home/aatmaj/CENT/experiments/dda_full_sweep/traces/32_channels_per_device/17_devices/model_parallel_FC/Llama2-7B/trace_17_FC_devices_seqlen_128.txt
/home/aatmaj/CENT/aim_simulator/build/ramulator2 -f /home/aatmaj/CENT/aim_simulator/test/example.yaml -t /home/aatmaj/CENT/experiments/dda_full_sweep/traces/32_channels_per_device/17_devices/model_parallel/Llama2-7B/trace_17_FC_devices_seqlen_256.txt
/home/aatmaj/CENT/aim_simulator/build/ramulator2 -f /home/aatmaj/CENT/aim_simulator/test/example.yaml -t /home/aatmaj/CENT/experiments/dda_full_sweep/traces/32_channels_per_device/17_devices/model_parallel_FC/Llama2-7B/trace_17_FC_devices_seqlen_256.txt
/home/aatmaj/CENT/aim_simulator/build/ramulator2 -f /home/aatmaj/CENT/aim_simulator/test/example.yaml -t /home/aatmaj/CENT/experiments/dda_full_sweep/traces/32_channels_per_device/17_devices/model_parallel/Llama2-7B/trace_17_FC_devices_seqlen_384.txt
/home/aatmaj/CENT/aim_simulator/build/ramulator2 -f /home/aatmaj/CENT/aim_simulator/test/example.yaml -t /home/aatmaj/CENT/experiments/dda_full_sweep/traces/32_channels_per_device/17_devices/model_parallel_FC/Llama2-7B/trace_17_FC_devices_seqlen_384.txt
/home/aatmaj/CENT/aim_simulator/build/ramulator2 -f /home/aatmaj/CENT/aim_simulator/test/example.yaml -t /home/aatmaj/CENT/experiments/dda_full_sweep/traces/32_channels_per_device/17_devices/model_parallel/Llama2-7B/trace_17_FC_devices_seqlen_512.txt
/home/aatmaj/CENT/aim_simulator/build/ramulator2 -f /home/aatmaj/CENT/aim_simulator/test/example.yaml -t /home/aatmaj/CENT/experiments/dda_full_sweep/traces/32_channels_per_device/17_devices/model_parallel_FC/Llama2-7B/trace_17_FC_devices_seqlen_512.txt
/home/aatmaj/CENT/aim_simulator/build/ramulator2 -f /home/aatmaj/CENT/aim_simulator/test/example.yaml -t /home/aatmaj/CENT/experiments/dda_full_sweep/traces/32_channels_per_device/17_devices/model_parallel/Llama2-7B/trace_17_FC_devices_seqlen_640.txt
/home/aatmaj/CENT/aim_simulator/build/ramulator2 -f /home/aatmaj/CENT/aim_simulator/test/example.yaml -t /home/aatmaj/CENT/experiments/dda_full_sweep/traces/32_channels_per_device/17_devices/model_parallel_FC/Llama2-7B/trace_17_FC_devices_seqlen_640.txt
/home/aatmaj/CENT/aim_simulator/build/ramulator2 -f /home/aatmaj/CENT/aim_simulator/test/example.yaml -t /home/aatmaj/CENT/experiments/dda_full_sweep/traces/32_channels_per_device/17_devices/model_parallel/Llama2-7B/trace_17_FC_devices_seqlen_768.txt
/home/aatmaj/CENT/aim_simulator/build/ramulator2 -f /home/aatmaj/CENT/aim_simulator/test/example.yaml -t /home/aatmaj/CENT/experiments/dda_full_sweep/traces/32_channels_per_device/17_devices/model_parallel_FC/Llama2-7B/trace_17_FC_devices_seqlen_768.txt
/home/aatmaj/CENT/aim_simulator/build/ramulator2 -f /home/aatmaj/CENT/aim_simulator/test/example.yaml -t /home/aatmaj/CENT/experiments/dda_full_sweep/traces/32_channels_per_device/17_devices/model_parallel/Llama2-7B/trace_17_FC_devices_seqlen_896.txt
/home/aatmaj/CENT/aim_simulator/build/ramulator2 -f /home/aatmaj/CENT/aim_simulator/test/example.yaml -t /home/aatmaj/CENT/experiments/dda_full_sweep/traces/32_channels_per_device/17_devices/model_parallel_FC/Llama2-7B/trace_17_FC_devices_seqlen_896.txt
/home/aatmaj/CENT/aim_simulator/build/ramulator2 -f /home/aatmaj/CENT/aim_simulator/test/example.yaml -t /home/aatmaj/CENT/experiments/dda_full_sweep/traces/32_channels_per_device/17_devices/model_parallel/Llama2-7B/trace_17_FC_devices_seqlen_1024.txt
/home/aatmaj/CENT/aim_simulator/build/ramulator2 -f /home/aatmaj/CENT/aim_simulator/test/example.yaml -t /home/aatmaj/CENT/experiments/dda_full_sweep/traces/32_channels_per_device/17_devices/model_parallel_FC/Llama2-7B/trace_17_FC_devices_seqlen_1024.txt
/home/aatmaj/CENT/aim_simulator/build/ramulator2 -f /home/aatmaj/CENT/aim_simulator/test/example.yaml -t /home/aatmaj/CENT/experiments/dda_full_sweep/traces/32_channels_per_device/17_devices/model_parallel/Llama2-7B/trace_17_FC_devices_seqlen_1152.txt
/home/aatmaj/CENT/aim_simulator/build/ramulator2 -f /home/aatmaj/CENT/aim_simulator/test/example.yaml -t /home/aatmaj/CENT/experiments/dda_full_sweep/traces/32_channels_per_device/17_devices/model_parallel_FC/Llama2-7B/trace_17_FC_devices_seqlen_1152.txt
/home/aatmaj/CENT/aim_simulator/build/ramulator2 -f /home/aatmaj/CENT/aim_simulator/test/example.yaml -t /home/aatmaj/CENT/experiments/dda_full_sweep/traces/32_channels_per_device/17_devices/model_parallel/Llama2-7B/trace_17_FC_devices_seqlen_1280.txt
/home/aatmaj/CENT/aim_simulator/build/ramulator2 -f /home/aatmaj/CENT/aim_simulator/test/example.yaml -t /home/aatmaj/CENT/experiments/dda_full_sweep/traces/32_channels_per_device/17_devices/model_parallel_FC/Llama2-7B/trace_17_FC_devices_seqlen_1280.txt
/home/aatmaj/CENT/aim_simulator/build/ramulator2 -f /home/aatmaj/CENT/aim_simulator/test/example.yaml -t /home/aatmaj/CENT/experiments/dda_full_sweep/traces/32_channels_per_device/17_devices/model_parallel/Llama2-7B/trace_17_FC_devices_seqlen_1408.txt
/home/aatmaj/CENT/aim_simulator/build/ramulator2 -f /home/aatmaj/CENT/aim_simulator/test/example.yaml -t /home/aatmaj/CENT/experiments/dda_full_sweep/traces/32_channels_per_device/17_devices/model_parallel_FC/Llama2-7B/trace_17_FC_devices_seqlen_1408.txt
/home/aatmaj/CENT/aim_simulator/build/ramulator2 -f /home/aatmaj/CENT/aim_simulator/test/example.yaml -t /home/aatmaj/CENT/experiments/dda_full_sweep/traces/32_channels_per_device/17_devices/model_parallel/Llama2-7B/trace_17_FC_devices_seqlen_1536.txt
/home/aatmaj/CENT/aim_simulator/build/ramulator2 -f /home/aatmaj/CENT/aim_simulator/test/example.yaml -t /home/aatmaj/CENT/experiments/dda_full_sweep/traces/32_channels_per_device/17_devices/model_parallel_FC/Llama2-7B/trace_17_FC_devices_seqlen_1536.txt
/home/aatmaj/CENT/aim_simulator/build/ramulator2 -f /home/aatmaj/CENT/aim_simulator/test/example.yaml -t /home/aatmaj/CENT/experiments/dda_full_sweep/traces/32_channels_per_device/17_devices/model_parallel/Llama2-7B/trace_17_FC_devices_seqlen_1664.txt
/home/aatmaj/CENT/aim_simulator/build/ramulator2 -f /home/aatmaj/CENT/aim_simulator/test/example.yaml -t /home/aatmaj/CENT/experiments/dda_full_sweep/traces/32_channels_per_device/17_devices/model_parallel_FC/Llama2-7B/trace_17_FC_devices_seqlen_1664.txt
/home/aatmaj/CENT/aim_simulator/build/ramulator2 -f /home/aatmaj/CENT/aim_simulator/test/example.yaml -t /home/aatmaj/CENT/experiments/dda_full_sweep/traces/32_channels_per_device/17_devices/model_parallel/Llama2-7B/trace_17_FC_devices_seqlen_1792.txt
/home/aatmaj/CENT/aim_simulator/build/ramulator2 -f /home/aatmaj/CENT/aim_simulator/test/example.yaml -t /home/aatmaj/CENT/experiments/dda_full_sweep/traces/32_channels_per_device/17_devices/model_parallel_FC/Llama2-7B/trace_17_FC_devices_seqlen_1792.txt
/home/aatmaj/CENT/aim_simulator/build/ramulator2 -f /home/aatmaj/CENT/aim_simulator/test/example.yaml -t /home/aatmaj/CENT/experiments/dda_full_sweep/traces/32_channels_per_device/17_devices/model_parallel/Llama2-7B/trace_17_FC_devices_seqlen_1920.txt
/home/aatmaj/CENT/aim_simulator/build/ramulator2 -f /home/aatmaj/CENT/aim_simulator/test/example.yaml -t /home/aatmaj/CENT/experiments/dda_full_sweep/traces/32_channels_per_device/17_devices/model_parallel_FC/Llama2-7B/trace_17_FC_devices_seqlen_1920.txt
/home/aatmaj/CENT/aim_simulator/build/ramulator2 -f /home/aatmaj/CENT/aim_simulator/test/example.yaml -t /home/aatmaj/CENT/experiments/dda_full_sweep/traces/32_channels_per_device/17_devices/model_parallel/Llama2-7B/trace_17_FC_devices_seqlen_2048.txt
/home/aatmaj/CENT/aim_simulator/build/ramulator2 -f /home/aatmaj/CENT/aim_simulator/test/example.yaml -t /home/aatmaj/CENT/experiments/dda_full_sweep/traces/32_channels_per_device/17_devices/model_parallel_FC/Llama2-7B/trace_17_FC_devices_seqlen_2048.txt
/home/aatmaj/CENT/aim_simulator/build/ramulator2 -f /home/aatmaj/CENT/aim_simulator/test/example.yaml -t /home/aatmaj/CENT/experiments/dda_full_sweep/traces/32_channels_per_device/17_devices/model_parallel/Llama2-7B/trace_17_FC_devices_seqlen_2176.txt
/home/aatmaj/CENT/aim_simulator/build/ramulator2 -f /home/aatmaj/CENT/aim_simulator/test/example.yaml -t /home/aatmaj/CENT/experiments/dda_full_sweep/traces/32_channels_per_device/17_devices/model_parallel_FC/Llama2-7B/trace_17_FC_devices_seqlen_2176.txt
/home/aatmaj/CENT/aim_simulator/build/ramulator2 -f /home/aatmaj/CENT/aim_simulator/test/example.yaml -t /home/aatmaj/CENT/experiments/dda_full_sweep/traces/32_channels_per_device/17_devices/model_parallel/Llama2-7B/trace_17_FC_devices_seqlen_2304.txt
/home/aatmaj/CENT/aim_simulator/build/ramulator2 -f /home/aatmaj/CENT/aim_simulator/test/example.yaml -t /home/aatmaj/CENT/experiments/dda_full_sweep/traces/32_channels_per_device/17_devices/model_parallel_FC/Llama2-7B/trace_17_FC_devices_seqlen_2304.txt
/home/aatmaj/CENT/aim_simulator/build/ramulator2 -f /home/aatmaj/CENT/aim_simulator/test/example.yaml -t /home/aatmaj/CENT/experiments/dda_full_sweep/traces/32_channels_per_device/17_devices/model_parallel/Llama2-7B/trace_17_FC_devices_seqlen_2432.txt
/home/aatmaj/CENT/aim_simulator/build/ramulator2 -f /home/aatmaj/CENT/aim_simulator/test/example.yaml -t /home/aatmaj/CENT/experiments/dda_full_sweep/traces/32_channels_per_device/17_devices/model_parallel_FC/Llama2-7B/trace_17_FC_devices_seqlen_2432.txt
/home/aatmaj/CENT/aim_simulator/build/ramulator2 -f /home/aatmaj/CENT/aim_simulator/test/example.yaml -t /home/aatmaj/CENT/experiments/dda_full_sweep/traces/32_channels_per_device/17_devices/model_parallel/Llama2-7B/trace_17_FC_devices_seqlen_2560.txt
/home/aatmaj/CENT/aim_simulator/build/ramulator2 -f /home/aatmaj/CENT/aim_simulator/test/example.yaml -t /home/aatmaj/CENT/experiments/dda_full_sweep/traces/32_channels_per_device/17_devices/model_parallel_FC/Llama2-7B/trace_17_FC_devices_seqlen_2560.txt
/home/aatmaj/CENT/aim_simulator/build/ramulator2 -f /home/aatmaj/CENT/aim_simulator/test/example.yaml -t /home/aatmaj/CENT/experiments/dda_full_sweep/traces/32_channels_per_device/17_devices/model_parallel/Llama2-7B/trace_17_FC_devices_seqlen_2688.txt
/home/aatmaj/CENT/aim_simulator/build/ramulator2 -f /home/aatmaj/CENT/aim_simulator/test/example.yaml -t /home/aatmaj/CENT/experiments/dda_full_sweep/traces/32_channels_per_device/17_devices/model_parallel_FC/Llama2-7B/trace_17_FC_devices_seqlen_2688.txt
/home/aatmaj/CENT/aim_simulator/build/ramulator2 -f /home/aatmaj/CENT/aim_simulator/test/example.yaml -t /home/aatmaj/CENT/experiments/dda_full_sweep/traces/32_channels_per_device/17_devices/model_parallel/Llama2-7B/trace_17_FC_devices_seqlen_2816.txt
/home/aatmaj/CENT/aim_simulator/build/ramulator2 -f /home/aatmaj/CENT/aim_simulator/test/example.yaml -t /home/aatmaj/CENT/experiments/dda_full_sweep/traces/32_channels_per_device/17_devices/model_parallel_FC/Llama2-7B/trace_17_FC_devices_seqlen_2816.txt
/home/aatmaj/CENT/aim_simulator/build/ramulator2 -f /home/aatmaj/CENT/aim_simulator/test/example.yaml -t /home/aatmaj/CENT/experiments/dda_full_sweep/traces/32_channels_per_device/17_devices/model_parallel/Llama2-7B/trace_17_FC_devices_seqlen_2944.txt
/home/aatmaj/CENT/aim_simulator/build/ramulator2 -f /home/aatmaj/CENT/aim_simulator/test/example.yaml -t /home/aatmaj/CENT/experiments/dda_full_sweep/traces/32_channels_per_device/17_devices/model_parallel_FC/Llama2-7B/trace_17_FC_devices_seqlen_2944.txt
/home/aatmaj/CENT/aim_simulator/build/ramulator2 -f /home/aatmaj/CENT/aim_simulator/test/example.yaml -t /home/aatmaj/CENT/experiments/dda_full_sweep/traces/32_channels_per_device/17_devices/model_parallel/Llama2-7B/trace_17_FC_devices_seqlen_3072.txt
/home/aatmaj/CENT/aim_simulator/build/ramulator2 -f /home/aatmaj/CENT/aim_simulator/test/example.yaml -t /home/aatmaj/CENT/experiments/dda_full_sweep/traces/32_channels_per_device/17_devices/model_parallel_FC/Llama2-7B/trace_17_FC_devices_seqlen_3072.txt
/home/aatmaj/CENT/aim_simulator/build/ramulator2 -f /home/aatmaj/CENT/aim_simulator/test/example.yaml -t /home/aatmaj/CENT/experiments/dda_full_sweep/traces/32_channels_per_device/17_devices/model_parallel/Llama2-7B/trace_17_FC_devices_seqlen_3200.txt
/home/aatmaj/CENT/aim_simulator/build/ramulator2 -f /home/aatmaj/CENT/aim_simulator/test/example.yaml -t /home/aatmaj/CENT/experiments/dda_full_sweep/traces/32_channels_per_device/17_devices/model_parallel_FC/Llama2-7B/trace_17_FC_devices_seqlen_3200.txt
/home/aatmaj/CENT/aim_simulator/build/ramulator2 -f /home/aatmaj/CENT/aim_simulator/test/example.yaml -t /home/aatmaj/CENT/experiments/dda_full_sweep/traces/32_channels_per_device/17_devices/model_parallel/Llama2-7B/trace_17_FC_devices_seqlen_3328.txt
/home/aatmaj/CENT/aim_simulator/build/ramulator2 -f /home/aatmaj/CENT/aim_simulator/test/example.yaml -t /home/aatmaj/CENT/experiments/dda_full_sweep/traces/32_channels_per_device/17_devices/model_parallel_FC/Llama2-7B/trace_17_FC_devices_seqlen_3328.txt
/home/aatmaj/CENT/aim_simulator/build/ramulator2 -f /home/aatmaj/CENT/aim_simulator/test/example.yaml -t /home/aatmaj/CENT/experiments/dda_full_sweep/traces/32_channels_per_device/17_devices/model_parallel/Llama2-7B/trace_17_FC_devices_seqlen_3456.txt
/home/aatmaj/CENT/aim_simulator/build/ramulator2 -f /home/aatmaj/CENT/aim_simulator/test/example.yaml -t /home/aatmaj/CENT/experiments/dda_full_sweep/traces/32_channels_per_device/17_devices/model_parallel_FC/Llama2-7B/trace_17_FC_devices_seqlen_3456.txt
/home/aatmaj/CENT/aim_simulator/build/ramulator2 -f /home/aatmaj/CENT/aim_simulator/test/example.yaml -t /home/aatmaj/CENT/experiments/dda_full_sweep/traces/32_channels_per_device/17_devices/model_parallel/Llama2-7B/trace_17_FC_devices_seqlen_3584.txt
/home/aatmaj/CENT/aim_simulator/build/ramulator2 -f /home/aatmaj/CENT/aim_simulator/test/example.yaml -t /home/aatmaj/CENT/experiments/dda_full_sweep/traces/32_channels_per_device/17_devices/model_parallel_FC/Llama2-7B/trace_17_FC_devices_seqlen_3584.txt
/home/aatmaj/CENT/aim_simulator/build/ramulator2 -f /home/aatmaj/CENT/aim_simulator/test/example.yaml -t /home/aatmaj/CENT/experiments/dda_full_sweep/traces/32_channels_per_device/17_devices/model_parallel/Llama2-7B/trace_17_FC_devices_seqlen_3712.txt
/home/aatmaj/CENT/aim_simulator/build/ramulator2 -f /home/aatmaj/CENT/aim_simulator/test/example.yaml -t /home/aatmaj/CENT/experiments/dda_full_sweep/traces/32_channels_per_device/17_devices/model_parallel_FC/Llama2-7B/trace_17_FC_devices_seqlen_3712.txt
/home/aatmaj/CENT/aim_simulator/build/ramulator2 -f /home/aatmaj/CENT/aim_simulator/test/example.yaml -t /home/aatmaj/CENT/experiments/dda_full_sweep/traces/32_channels_per_device/17_devices/model_parallel/Llama2-7B/trace_17_FC_devices_seqlen_3840.txt
/home/aatmaj/CENT/aim_simulator/build/ramulator2 -f /home/aatmaj/CENT/aim_simulator/test/example.yaml -t /home/aatmaj/CENT/experiments/dda_full_sweep/traces/32_channels_per_device/17_devices/model_parallel_FC/Llama2-7B/trace_17_FC_devices_seqlen_3840.txt
/home/aatmaj/CENT/aim_simulator/build/ramulator2 -f /home/aatmaj/CENT/aim_simulator/test/example.yaml -t /home/aatmaj/CENT/experiments/dda_full_sweep/traces/32_channels_per_device/17_devices/model_parallel/Llama2-7B/trace_17_FC_devices_seqlen_3968.txt
/home/aatmaj/CENT/aim_simulator/build/ramulator2 -f /home/aatmaj/CENT/aim_simulator/test/example.yaml -t /home/aatmaj/CENT/experiments/dda_full_sweep/traces/32_channels_per_device/17_devices/model_parallel_FC/Llama2-7B/trace_17_FC_devices_seqlen_3968.txt
/home/aatmaj/CENT/aim_simulator/build/ramulator2 -f /home/aatmaj/CENT/aim_simulator/test/example.yaml -t /home/aatmaj/CENT/experiments/dda_full_sweep/traces/32_channels_per_device/17_devices/model_parallel/Llama2-7B/trace_17_FC_devices_seqlen_4096.txt
/home/aatmaj/CENT/experiments/dda_full_sweep/simulation/run_sim_full32.py:447: FutureWarning: The behavior of DataFrame concatenation with empty or all-NA entries is deprecated. In a future version, this will no longer exclude empty or all-NA columns when determining the result dtypes. To retain the old behavior, exclude the relevant entries before the concat operation.
  results_df = pd.concat([results_df, new_df], ignore_index=True)
/home/aatmaj/CENT/aim_simulator/build/ramulator2 -f /home/aatmaj/CENT/aim_simulator/test/example.yaml -t /home/aatmaj/CENT/experiments/dda_full_sweep/traces/32_channels_per_device/17_devices/model_parallel_FC/Llama2-7B/trace_17_FC_devices_seqlen_4096.txt
Processing results...
Updating simulation results to CSV...
=== Pool L | Llama2-7B | N_L=19 | TP=19, PP=1 ===
Generating traces for Llama2-7B (19 devices) ...
/home/aatmaj/CENT/aim_simulator/build/ramulator2 -f /home/aatmaj/CENT/aim_simulator/test/example.yaml -t /home/aatmaj/CENT/experiments/dda_full_sweep/traces/32_channels_per_device/19_devices/model_parallel_embedding/Llama2-7B/trace_19_FC_devices_seqlen_4096.txt
/home/aatmaj/CENT/aim_simulator/build/ramulator2 -f /home/aatmaj/CENT/aim_simulator/test/example.yaml -t /home/aatmaj/CENT/experiments/dda_full_sweep/traces/32_channels_per_device/19_devices/model_parallel/Llama2-7B/trace_19_FC_devices_seqlen_128.txt
/home/aatmaj/CENT/aim_simulator/build/ramulator2 -f /home/aatmaj/CENT/aim_simulator/test/example.yaml -t /home/aatmaj/CENT/experiments/dda_full_sweep/traces/32_channels_per_device/19_devices/model_parallel_FC/Llama2-7B/trace_19_FC_devices_seqlen_128.txt
/home/aatmaj/CENT/aim_simulator/build/ramulator2 -f /home/aatmaj/CENT/aim_simulator/test/example.yaml -t /home/aatmaj/CENT/experiments/dda_full_sweep/traces/32_channels_per_device/19_devices/model_parallel/Llama2-7B/trace_19_FC_devices_seqlen_256.txt
/home/aatmaj/CENT/aim_simulator/build/ramulator2 -f /home/aatmaj/CENT/aim_simulator/test/example.yaml -t /home/aatmaj/CENT/experiments/dda_full_sweep/traces/32_channels_per_device/19_devices/model_parallel_FC/Llama2-7B/trace_19_FC_devices_seqlen_256.txt
/home/aatmaj/CENT/aim_simulator/build/ramulator2 -f /home/aatmaj/CENT/aim_simulator/test/example.yaml -t /home/aatmaj/CENT/experiments/dda_full_sweep/traces/32_channels_per_device/19_devices/model_parallel/Llama2-7B/trace_19_FC_devices_seqlen_384.txt
/home/aatmaj/CENT/aim_simulator/build/ramulator2 -f /home/aatmaj/CENT/aim_simulator/test/example.yaml -t /home/aatmaj/CENT/experiments/dda_full_sweep/traces/32_channels_per_device/19_devices/model_parallel_FC/Llama2-7B/trace_19_FC_devices_seqlen_384.txt
/home/aatmaj/CENT/aim_simulator/build/ramulator2 -f /home/aatmaj/CENT/aim_simulator/test/example.yaml -t /home/aatmaj/CENT/experiments/dda_full_sweep/traces/32_channels_per_device/19_devices/model_parallel/Llama2-7B/trace_19_FC_devices_seqlen_512.txt
/home/aatmaj/CENT/aim_simulator/build/ramulator2 -f /home/aatmaj/CENT/aim_simulator/test/example.yaml -t /home/aatmaj/CENT/experiments/dda_full_sweep/traces/32_channels_per_device/19_devices/model_parallel_FC/Llama2-7B/trace_19_FC_devices_seqlen_512.txt
/home/aatmaj/CENT/aim_simulator/build/ramulator2 -f /home/aatmaj/CENT/aim_simulator/test/example.yaml -t /home/aatmaj/CENT/experiments/dda_full_sweep/traces/32_channels_per_device/19_devices/model_parallel/Llama2-7B/trace_19_FC_devices_seqlen_640.txt
/home/aatmaj/CENT/aim_simulator/build/ramulator2 -f /home/aatmaj/CENT/aim_simulator/test/example.yaml -t /home/aatmaj/CENT/experiments/dda_full_sweep/traces/32_channels_per_device/19_devices/model_parallel_FC/Llama2-7B/trace_19_FC_devices_seqlen_640.txt
/home/aatmaj/CENT/aim_simulator/build/ramulator2 -f /home/aatmaj/CENT/aim_simulator/test/example.yaml -t /home/aatmaj/CENT/experiments/dda_full_sweep/traces/32_channels_per_device/19_devices/model_parallel/Llama2-7B/trace_19_FC_devices_seqlen_768.txt
/home/aatmaj/CENT/aim_simulator/build/ramulator2 -f /home/aatmaj/CENT/aim_simulator/test/example.yaml -t /home/aatmaj/CENT/experiments/dda_full_sweep/traces/32_channels_per_device/19_devices/model_parallel_FC/Llama2-7B/trace_19_FC_devices_seqlen_768.txt
/home/aatmaj/CENT/aim_simulator/build/ramulator2 -f /home/aatmaj/CENT/aim_simulator/test/example.yaml -t /home/aatmaj/CENT/experiments/dda_full_sweep/traces/32_channels_per_device/19_devices/model_parallel/Llama2-7B/trace_19_FC_devices_seqlen_896.txt
/home/aatmaj/CENT/aim_simulator/build/ramulator2 -f /home/aatmaj/CENT/aim_simulator/test/example.yaml -t /home/aatmaj/CENT/experiments/dda_full_sweep/traces/32_channels_per_device/19_devices/model_parallel_FC/Llama2-7B/trace_19_FC_devices_seqlen_896.txt
/home/aatmaj/CENT/aim_simulator/build/ramulator2 -f /home/aatmaj/CENT/aim_simulator/test/example.yaml -t /home/aatmaj/CENT/experiments/dda_full_sweep/traces/32_channels_per_device/19_devices/model_parallel/Llama2-7B/trace_19_FC_devices_seqlen_1024.txt
/home/aatmaj/CENT/aim_simulator/build/ramulator2 -f /home/aatmaj/CENT/aim_simulator/test/example.yaml -t /home/aatmaj/CENT/experiments/dda_full_sweep/traces/32_channels_per_device/19_devices/model_parallel_FC/Llama2-7B/trace_19_FC_devices_seqlen_1024.txt
/home/aatmaj/CENT/aim_simulator/build/ramulator2 -f /home/aatmaj/CENT/aim_simulator/test/example.yaml -t /home/aatmaj/CENT/experiments/dda_full_sweep/traces/32_channels_per_device/19_devices/model_parallel/Llama2-7B/trace_19_FC_devices_seqlen_1152.txt
/home/aatmaj/CENT/aim_simulator/build/ramulator2 -f /home/aatmaj/CENT/aim_simulator/test/example.yaml -t /home/aatmaj/CENT/experiments/dda_full_sweep/traces/32_channels_per_device/19_devices/model_parallel_FC/Llama2-7B/trace_19_FC_devices_seqlen_1152.txt
/home/aatmaj/CENT/aim_simulator/build/ramulator2 -f /home/aatmaj/CENT/aim_simulator/test/example.yaml -t /home/aatmaj/CENT/experiments/dda_full_sweep/traces/32_channels_per_device/19_devices/model_parallel/Llama2-7B/trace_19_FC_devices_seqlen_1280.txt
/home/aatmaj/CENT/aim_simulator/build/ramulator2 -f /home/aatmaj/CENT/aim_simulator/test/example.yaml -t /home/aatmaj/CENT/experiments/dda_full_sweep/traces/32_channels_per_device/19_devices/model_parallel_FC/Llama2-7B/trace_19_FC_devices_seqlen_1280.txt
/home/aatmaj/CENT/aim_simulator/build/ramulator2 -f /home/aatmaj/CENT/aim_simulator/test/example.yaml -t /home/aatmaj/CENT/experiments/dda_full_sweep/traces/32_channels_per_device/19_devices/model_parallel/Llama2-7B/trace_19_FC_devices_seqlen_1408.txt
/home/aatmaj/CENT/aim_simulator/build/ramulator2 -f /home/aatmaj/CENT/aim_simulator/test/example.yaml -t /home/aatmaj/CENT/experiments/dda_full_sweep/traces/32_channels_per_device/19_devices/model_parallel_FC/Llama2-7B/trace_19_FC_devices_seqlen_1408.txt
/home/aatmaj/CENT/aim_simulator/build/ramulator2 -f /home/aatmaj/CENT/aim_simulator/test/example.yaml -t /home/aatmaj/CENT/experiments/dda_full_sweep/traces/32_channels_per_device/19_devices/model_parallel/Llama2-7B/trace_19_FC_devices_seqlen_1536.txt
/home/aatmaj/CENT/aim_simulator/build/ramulator2 -f /home/aatmaj/CENT/aim_simulator/test/example.yaml -t /home/aatmaj/CENT/experiments/dda_full_sweep/traces/32_channels_per_device/19_devices/model_parallel_FC/Llama2-7B/trace_19_FC_devices_seqlen_1536.txt
/home/aatmaj/CENT/aim_simulator/build/ramulator2 -f /home/aatmaj/CENT/aim_simulator/test/example.yaml -t /home/aatmaj/CENT/experiments/dda_full_sweep/traces/32_channels_per_device/19_devices/model_parallel/Llama2-7B/trace_19_FC_devices_seqlen_1664.txt
/home/aatmaj/CENT/aim_simulator/build/ramulator2 -f /home/aatmaj/CENT/aim_simulator/test/example.yaml -t /home/aatmaj/CENT/experiments/dda_full_sweep/traces/32_channels_per_device/19_devices/model_parallel_FC/Llama2-7B/trace_19_FC_devices_seqlen_1664.txt
/home/aatmaj/CENT/aim_simulator/build/ramulator2 -f /home/aatmaj/CENT/aim_simulator/test/example.yaml -t /home/aatmaj/CENT/experiments/dda_full_sweep/traces/32_channels_per_device/19_devices/model_parallel/Llama2-7B/trace_19_FC_devices_seqlen_1792.txt
/home/aatmaj/CENT/aim_simulator/build/ramulator2 -f /home/aatmaj/CENT/aim_simulator/test/example.yaml -t /home/aatmaj/CENT/experiments/dda_full_sweep/traces/32_channels_per_device/19_devices/model_parallel_FC/Llama2-7B/trace_19_FC_devices_seqlen_1792.txt
/home/aatmaj/CENT/aim_simulator/build/ramulator2 -f /home/aatmaj/CENT/aim_simulator/test/example.yaml -t /home/aatmaj/CENT/experiments/dda_full_sweep/traces/32_channels_per_device/19_devices/model_parallel/Llama2-7B/trace_19_FC_devices_seqlen_1920.txt
/home/aatmaj/CENT/aim_simulator/build/ramulator2 -f /home/aatmaj/CENT/aim_simulator/test/example.yaml -t /home/aatmaj/CENT/experiments/dda_full_sweep/traces/32_channels_per_device/19_devices/model_parallel_FC/Llama2-7B/trace_19_FC_devices_seqlen_1920.txt
/home/aatmaj/CENT/aim_simulator/build/ramulator2 -f /home/aatmaj/CENT/aim_simulator/test/example.yaml -t /home/aatmaj/CENT/experiments/dda_full_sweep/traces/32_channels_per_device/19_devices/model_parallel/Llama2-7B/trace_19_FC_devices_seqlen_2048.txt
/home/aatmaj/CENT/aim_simulator/build/ramulator2 -f /home/aatmaj/CENT/aim_simulator/test/example.yaml -t /home/aatmaj/CENT/experiments/dda_full_sweep/traces/32_channels_per_device/19_devices/model_parallel_FC/Llama2-7B/trace_19_FC_devices_seqlen_2048.txt
/home/aatmaj/CENT/aim_simulator/build/ramulator2 -f /home/aatmaj/CENT/aim_simulator/test/example.yaml -t /home/aatmaj/CENT/experiments/dda_full_sweep/traces/32_channels_per_device/19_devices/model_parallel/Llama2-7B/trace_19_FC_devices_seqlen_2176.txt
/home/aatmaj/CENT/aim_simulator/build/ramulator2 -f /home/aatmaj/CENT/aim_simulator/test/example.yaml -t /home/aatmaj/CENT/experiments/dda_full_sweep/traces/32_channels_per_device/19_devices/model_parallel_FC/Llama2-7B/trace_19_FC_devices_seqlen_2176.txt
/home/aatmaj/CENT/aim_simulator/build/ramulator2 -f /home/aatmaj/CENT/aim_simulator/test/example.yaml -t /home/aatmaj/CENT/experiments/dda_full_sweep/traces/32_channels_per_device/19_devices/model_parallel/Llama2-7B/trace_19_FC_devices_seqlen_2304.txt
/home/aatmaj/CENT/aim_simulator/build/ramulator2 -f /home/aatmaj/CENT/aim_simulator/test/example.yaml -t /home/aatmaj/CENT/experiments/dda_full_sweep/traces/32_channels_per_device/19_devices/model_parallel_FC/Llama2-7B/trace_19_FC_devices_seqlen_2304.txt
/home/aatmaj/CENT/aim_simulator/build/ramulator2 -f /home/aatmaj/CENT/aim_simulator/test/example.yaml -t /home/aatmaj/CENT/experiments/dda_full_sweep/traces/32_channels_per_device/19_devices/model_parallel/Llama2-7B/trace_19_FC_devices_seqlen_2432.txt
/home/aatmaj/CENT/aim_simulator/build/ramulator2 -f /home/aatmaj/CENT/aim_simulator/test/example.yaml -t /home/aatmaj/CENT/experiments/dda_full_sweep/traces/32_channels_per_device/19_devices/model_parallel_FC/Llama2-7B/trace_19_FC_devices_seqlen_2432.txt
/home/aatmaj/CENT/aim_simulator/build/ramulator2 -f /home/aatmaj/CENT/aim_simulator/test/example.yaml -t /home/aatmaj/CENT/experiments/dda_full_sweep/traces/32_channels_per_device/19_devices/model_parallel/Llama2-7B/trace_19_FC_devices_seqlen_2560.txt
/home/aatmaj/CENT/aim_simulator/build/ramulator2 -f /home/aatmaj/CENT/aim_simulator/test/example.yaml -t /home/aatmaj/CENT/experiments/dda_full_sweep/traces/32_channels_per_device/19_devices/model_parallel_FC/Llama2-7B/trace_19_FC_devices_seqlen_2560.txt
/home/aatmaj/CENT/aim_simulator/build/ramulator2 -f /home/aatmaj/CENT/aim_simulator/test/example.yaml -t /home/aatmaj/CENT/experiments/dda_full_sweep/traces/32_channels_per_device/19_devices/model_parallel/Llama2-7B/trace_19_FC_devices_seqlen_2688.txt
/home/aatmaj/CENT/aim_simulator/build/ramulator2 -f /home/aatmaj/CENT/aim_simulator/test/example.yaml -t /home/aatmaj/CENT/experiments/dda_full_sweep/traces/32_channels_per_device/19_devices/model_parallel_FC/Llama2-7B/trace_19_FC_devices_seqlen_2688.txt
/home/aatmaj/CENT/aim_simulator/build/ramulator2 -f /home/aatmaj/CENT/aim_simulator/test/example.yaml -t /home/aatmaj/CENT/experiments/dda_full_sweep/traces/32_channels_per_device/19_devices/model_parallel/Llama2-7B/trace_19_FC_devices_seqlen_2816.txt
/home/aatmaj/CENT/aim_simulator/build/ramulator2 -f /home/aatmaj/CENT/aim_simulator/test/example.yaml -t /home/aatmaj/CENT/experiments/dda_full_sweep/traces/32_channels_per_device/19_devices/model_parallel_FC/Llama2-7B/trace_19_FC_devices_seqlen_2816.txt
/home/aatmaj/CENT/aim_simulator/build/ramulator2 -f /home/aatmaj/CENT/aim_simulator/test/example.yaml -t /home/aatmaj/CENT/experiments/dda_full_sweep/traces/32_channels_per_device/19_devices/model_parallel/Llama2-7B/trace_19_FC_devices_seqlen_2944.txt
/home/aatmaj/CENT/aim_simulator/build/ramulator2 -f /home/aatmaj/CENT/aim_simulator/test/example.yaml -t /home/aatmaj/CENT/experiments/dda_full_sweep/traces/32_channels_per_device/19_devices/model_parallel_FC/Llama2-7B/trace_19_FC_devices_seqlen_2944.txt
/home/aatmaj/CENT/aim_simulator/build/ramulator2 -f /home/aatmaj/CENT/aim_simulator/test/example.yaml -t /home/aatmaj/CENT/experiments/dda_full_sweep/traces/32_channels_per_device/19_devices/model_parallel/Llama2-7B/trace_19_FC_devices_seqlen_3072.txt
/home/aatmaj/CENT/aim_simulator/build/ramulator2 -f /home/aatmaj/CENT/aim_simulator/test/example.yaml -t /home/aatmaj/CENT/experiments/dda_full_sweep/traces/32_channels_per_device/19_devices/model_parallel_FC/Llama2-7B/trace_19_FC_devices_seqlen_3072.txt
/home/aatmaj/CENT/aim_simulator/build/ramulator2 -f /home/aatmaj/CENT/aim_simulator/test/example.yaml -t /home/aatmaj/CENT/experiments/dda_full_sweep/traces/32_channels_per_device/19_devices/model_parallel/Llama2-7B/trace_19_FC_devices_seqlen_3200.txt
/home/aatmaj/CENT/aim_simulator/build/ramulator2 -f /home/aatmaj/CENT/aim_simulator/test/example.yaml -t /home/aatmaj/CENT/experiments/dda_full_sweep/traces/32_channels_per_device/19_devices/model_parallel_FC/Llama2-7B/trace_19_FC_devices_seqlen_3200.txt
/home/aatmaj/CENT/aim_simulator/build/ramulator2 -f /home/aatmaj/CENT/aim_simulator/test/example.yaml -t /home/aatmaj/CENT/experiments/dda_full_sweep/traces/32_channels_per_device/19_devices/model_parallel/Llama2-7B/trace_19_FC_devices_seqlen_3328.txt
/home/aatmaj/CENT/aim_simulator/build/ramulator2 -f /home/aatmaj/CENT/aim_simulator/test/example.yaml -t /home/aatmaj/CENT/experiments/dda_full_sweep/traces/32_channels_per_device/19_devices/model_parallel_FC/Llama2-7B/trace_19_FC_devices_seqlen_3328.txt
/home/aatmaj/CENT/aim_simulator/build/ramulator2 -f /home/aatmaj/CENT/aim_simulator/test/example.yaml -t /home/aatmaj/CENT/experiments/dda_full_sweep/traces/32_channels_per_device/19_devices/model_parallel/Llama2-7B/trace_19_FC_devices_seqlen_3456.txt
/home/aatmaj/CENT/aim_simulator/build/ramulator2 -f /home/aatmaj/CENT/aim_simulator/test/example.yaml -t /home/aatmaj/CENT/experiments/dda_full_sweep/traces/32_channels_per_device/19_devices/model_parallel_FC/Llama2-7B/trace_19_FC_devices_seqlen_3456.txt
/home/aatmaj/CENT/aim_simulator/build/ramulator2 -f /home/aatmaj/CENT/aim_simulator/test/example.yaml -t /home/aatmaj/CENT/experiments/dda_full_sweep/traces/32_channels_per_device/19_devices/model_parallel/Llama2-7B/trace_19_FC_devices_seqlen_3584.txt
/home/aatmaj/CENT/aim_simulator/build/ramulator2 -f /home/aatmaj/CENT/aim_simulator/test/example.yaml -t /home/aatmaj/CENT/experiments/dda_full_sweep/traces/32_channels_per_device/19_devices/model_parallel_FC/Llama2-7B/trace_19_FC_devices_seqlen_3584.txt
/home/aatmaj/CENT/aim_simulator/build/ramulator2 -f /home/aatmaj/CENT/aim_simulator/test/example.yaml -t /home/aatmaj/CENT/experiments/dda_full_sweep/traces/32_channels_per_device/19_devices/model_parallel/Llama2-7B/trace_19_FC_devices_seqlen_3712.txt
/home/aatmaj/CENT/aim_simulator/build/ramulator2 -f /home/aatmaj/CENT/aim_simulator/test/example.yaml -t /home/aatmaj/CENT/experiments/dda_full_sweep/traces/32_channels_per_device/19_devices/model_parallel_FC/Llama2-7B/trace_19_FC_devices_seqlen_3712.txt
/home/aatmaj/CENT/aim_simulator/build/ramulator2 -f /home/aatmaj/CENT/aim_simulator/test/example.yaml -t /home/aatmaj/CENT/experiments/dda_full_sweep/traces/32_channels_per_device/19_devices/model_parallel/Llama2-7B/trace_19_FC_devices_seqlen_3840.txt
/home/aatmaj/CENT/aim_simulator/build/ramulator2 -f /home/aatmaj/CENT/aim_simulator/test/example.yaml -t /home/aatmaj/CENT/experiments/dda_full_sweep/traces/32_channels_per_device/19_devices/model_parallel_FC/Llama2-7B/trace_19_FC_devices_seqlen_3840.txt
/home/aatmaj/CENT/aim_simulator/build/ramulator2 -f /home/aatmaj/CENT/aim_simulator/test/example.yaml -t /home/aatmaj/CENT/experiments/dda_full_sweep/traces/32_channels_per_device/19_devices/model_parallel/Llama2-7B/trace_19_FC_devices_seqlen_3968.txt
/home/aatmaj/CENT/aim_simulator/build/ramulator2 -f /home/aatmaj/CENT/aim_simulator/test/example.yaml -t /home/aatmaj/CENT/experiments/dda_full_sweep/traces/32_channels_per_device/19_devices/model_parallel_FC/Llama2-7B/trace_19_FC_devices_seqlen_3968.txt
/home/aatmaj/CENT/aim_simulator/build/ramulator2 -f /home/aatmaj/CENT/aim_simulator/test/example.yaml -t /home/aatmaj/CENT/experiments/dda_full_sweep/traces/32_channels_per_device/19_devices/model_parallel/Llama2-7B/trace_19_FC_devices_seqlen_4096.txt
/home/aatmaj/CENT/experiments/dda_full_sweep/simulation/run_sim_full32.py:447: FutureWarning: The behavior of DataFrame concatenation with empty or all-NA entries is deprecated. In a future version, this will no longer exclude empty or all-NA columns when determining the result dtypes. To retain the old behavior, exclude the relevant entries before the concat operation.
  results_df = pd.concat([results_df, new_df], ignore_index=True)
/home/aatmaj/CENT/aim_simulator/build/ramulator2 -f /home/aatmaj/CENT/aim_simulator/test/example.yaml -t /home/aatmaj/CENT/experiments/dda_full_sweep/traces/32_channels_per_device/19_devices/model_parallel_FC/Llama2-7B/trace_19_FC_devices_seqlen_4096.txt
Processing results...
Updating simulation results to CSV...
=== Pool L | Llama2-7B | N_L=21 | TP=21, PP=1 ===
Generating traces for Llama2-7B (21 devices) ...
/home/aatmaj/CENT/aim_simulator/build/ramulator2 -f /home/aatmaj/CENT/aim_simulator/test/example.yaml -t /home/aatmaj/CENT/experiments/dda_full_sweep/traces/32_channels_per_device/21_devices/model_parallel_embedding/Llama2-7B/trace_21_FC_devices_seqlen_4096.txt
/home/aatmaj/CENT/aim_simulator/build/ramulator2 -f /home/aatmaj/CENT/aim_simulator/test/example.yaml -t /home/aatmaj/CENT/experiments/dda_full_sweep/traces/32_channels_per_device/21_devices/model_parallel/Llama2-7B/trace_21_FC_devices_seqlen_128.txt
/home/aatmaj/CENT/aim_simulator/build/ramulator2 -f /home/aatmaj/CENT/aim_simulator/test/example.yaml -t /home/aatmaj/CENT/experiments/dda_full_sweep/traces/32_channels_per_device/21_devices/model_parallel_FC/Llama2-7B/trace_21_FC_devices_seqlen_128.txt
/home/aatmaj/CENT/aim_simulator/build/ramulator2 -f /home/aatmaj/CENT/aim_simulator/test/example.yaml -t /home/aatmaj/CENT/experiments/dda_full_sweep/traces/32_channels_per_device/21_devices/model_parallel/Llama2-7B/trace_21_FC_devices_seqlen_256.txt
/home/aatmaj/CENT/aim_simulator/build/ramulator2 -f /home/aatmaj/CENT/aim_simulator/test/example.yaml -t /home/aatmaj/CENT/experiments/dda_full_sweep/traces/32_channels_per_device/21_devices/model_parallel_FC/Llama2-7B/trace_21_FC_devices_seqlen_256.txt
/home/aatmaj/CENT/aim_simulator/build/ramulator2 -f /home/aatmaj/CENT/aim_simulator/test/example.yaml -t /home/aatmaj/CENT/experiments/dda_full_sweep/traces/32_channels_per_device/21_devices/model_parallel/Llama2-7B/trace_21_FC_devices_seqlen_384.txt
/home/aatmaj/CENT/aim_simulator/build/ramulator2 -f /home/aatmaj/CENT/aim_simulator/test/example.yaml -t /home/aatmaj/CENT/experiments/dda_full_sweep/traces/32_channels_per_device/21_devices/model_parallel_FC/Llama2-7B/trace_21_FC_devices_seqlen_384.txt
/home/aatmaj/CENT/aim_simulator/build/ramulator2 -f /home/aatmaj/CENT/aim_simulator/test/example.yaml -t /home/aatmaj/CENT/experiments/dda_full_sweep/traces/32_channels_per_device/21_devices/model_parallel/Llama2-7B/trace_21_FC_devices_seqlen_512.txt
/home/aatmaj/CENT/aim_simulator/build/ramulator2 -f /home/aatmaj/CENT/aim_simulator/test/example.yaml -t /home/aatmaj/CENT/experiments/dda_full_sweep/traces/32_channels_per_device/21_devices/model_parallel_FC/Llama2-7B/trace_21_FC_devices_seqlen_512.txt
/home/aatmaj/CENT/aim_simulator/build/ramulator2 -f /home/aatmaj/CENT/aim_simulator/test/example.yaml -t /home/aatmaj/CENT/experiments/dda_full_sweep/traces/32_channels_per_device/21_devices/model_parallel/Llama2-7B/trace_21_FC_devices_seqlen_640.txt
/home/aatmaj/CENT/aim_simulator/build/ramulator2 -f /home/aatmaj/CENT/aim_simulator/test/example.yaml -t /home/aatmaj/CENT/experiments/dda_full_sweep/traces/32_channels_per_device/21_devices/model_parallel_FC/Llama2-7B/trace_21_FC_devices_seqlen_640.txt
/home/aatmaj/CENT/aim_simulator/build/ramulator2 -f /home/aatmaj/CENT/aim_simulator/test/example.yaml -t /home/aatmaj/CENT/experiments/dda_full_sweep/traces/32_channels_per_device/21_devices/model_parallel/Llama2-7B/trace_21_FC_devices_seqlen_768.txt
/home/aatmaj/CENT/aim_simulator/build/ramulator2 -f /home/aatmaj/CENT/aim_simulator/test/example.yaml -t /home/aatmaj/CENT/experiments/dda_full_sweep/traces/32_channels_per_device/21_devices/model_parallel_FC/Llama2-7B/trace_21_FC_devices_seqlen_768.txt
/home/aatmaj/CENT/aim_simulator/build/ramulator2 -f /home/aatmaj/CENT/aim_simulator/test/example.yaml -t /home/aatmaj/CENT/experiments/dda_full_sweep/traces/32_channels_per_device/21_devices/model_parallel/Llama2-7B/trace_21_FC_devices_seqlen_896.txt
/home/aatmaj/CENT/aim_simulator/build/ramulator2 -f /home/aatmaj/CENT/aim_simulator/test/example.yaml -t /home/aatmaj/CENT/experiments/dda_full_sweep/traces/32_channels_per_device/21_devices/model_parallel_FC/Llama2-7B/trace_21_FC_devices_seqlen_896.txt
/home/aatmaj/CENT/aim_simulator/build/ramulator2 -f /home/aatmaj/CENT/aim_simulator/test/example.yaml -t /home/aatmaj/CENT/experiments/dda_full_sweep/traces/32_channels_per_device/21_devices/model_parallel/Llama2-7B/trace_21_FC_devices_seqlen_1024.txt
/home/aatmaj/CENT/aim_simulator/build/ramulator2 -f /home/aatmaj/CENT/aim_simulator/test/example.yaml -t /home/aatmaj/CENT/experiments/dda_full_sweep/traces/32_channels_per_device/21_devices/model_parallel_FC/Llama2-7B/trace_21_FC_devices_seqlen_1024.txt
/home/aatmaj/CENT/aim_simulator/build/ramulator2 -f /home/aatmaj/CENT/aim_simulator/test/example.yaml -t /home/aatmaj/CENT/experiments/dda_full_sweep/traces/32_channels_per_device/21_devices/model_parallel/Llama2-7B/trace_21_FC_devices_seqlen_1152.txt
/home/aatmaj/CENT/aim_simulator/build/ramulator2 -f /home/aatmaj/CENT/aim_simulator/test/example.yaml -t /home/aatmaj/CENT/experiments/dda_full_sweep/traces/32_channels_per_device/21_devices/model_parallel_FC/Llama2-7B/trace_21_FC_devices_seqlen_1152.txt
/home/aatmaj/CENT/aim_simulator/build/ramulator2 -f /home/aatmaj/CENT/aim_simulator/test/example.yaml -t /home/aatmaj/CENT/experiments/dda_full_sweep/traces/32_channels_per_device/21_devices/model_parallel/Llama2-7B/trace_21_FC_devices_seqlen_1280.txt
/home/aatmaj/CENT/aim_simulator/build/ramulator2 -f /home/aatmaj/CENT/aim_simulator/test/example.yaml -t /home/aatmaj/CENT/experiments/dda_full_sweep/traces/32_channels_per_device/21_devices/model_parallel_FC/Llama2-7B/trace_21_FC_devices_seqlen_1280.txt
/home/aatmaj/CENT/aim_simulator/build/ramulator2 -f /home/aatmaj/CENT/aim_simulator/test/example.yaml -t /home/aatmaj/CENT/experiments/dda_full_sweep/traces/32_channels_per_device/21_devices/model_parallel/Llama2-7B/trace_21_FC_devices_seqlen_1408.txt
/home/aatmaj/CENT/aim_simulator/build/ramulator2 -f /home/aatmaj/CENT/aim_simulator/test/example.yaml -t /home/aatmaj/CENT/experiments/dda_full_sweep/traces/32_channels_per_device/21_devices/model_parallel_FC/Llama2-7B/trace_21_FC_devices_seqlen_1408.txt
/home/aatmaj/CENT/aim_simulator/build/ramulator2 -f /home/aatmaj/CENT/aim_simulator/test/example.yaml -t /home/aatmaj/CENT/experiments/dda_full_sweep/traces/32_channels_per_device/21_devices/model_parallel/Llama2-7B/trace_21_FC_devices_seqlen_1536.txt
/home/aatmaj/CENT/aim_simulator/build/ramulator2 -f /home/aatmaj/CENT/aim_simulator/test/example.yaml -t /home/aatmaj/CENT/experiments/dda_full_sweep/traces/32_channels_per_device/21_devices/model_parallel_FC/Llama2-7B/trace_21_FC_devices_seqlen_1536.txt
/home/aatmaj/CENT/aim_simulator/build/ramulator2 -f /home/aatmaj/CENT/aim_simulator/test/example.yaml -t /home/aatmaj/CENT/experiments/dda_full_sweep/traces/32_channels_per_device/21_devices/model_parallel/Llama2-7B/trace_21_FC_devices_seqlen_1664.txt
/home/aatmaj/CENT/aim_simulator/build/ramulator2 -f /home/aatmaj/CENT/aim_simulator/test/example.yaml -t /home/aatmaj/CENT/experiments/dda_full_sweep/traces/32_channels_per_device/21_devices/model_parallel_FC/Llama2-7B/trace_21_FC_devices_seqlen_1664.txt
/home/aatmaj/CENT/aim_simulator/build/ramulator2 -f /home/aatmaj/CENT/aim_simulator/test/example.yaml -t /home/aatmaj/CENT/experiments/dda_full_sweep/traces/32_channels_per_device/21_devices/model_parallel/Llama2-7B/trace_21_FC_devices_seqlen_1792.txt
/home/aatmaj/CENT/aim_simulator/build/ramulator2 -f /home/aatmaj/CENT/aim_simulator/test/example.yaml -t /home/aatmaj/CENT/experiments/dda_full_sweep/traces/32_channels_per_device/21_devices/model_parallel_FC/Llama2-7B/trace_21_FC_devices_seqlen_1792.txt
/home/aatmaj/CENT/aim_simulator/build/ramulator2 -f /home/aatmaj/CENT/aim_simulator/test/example.yaml -t /home/aatmaj/CENT/experiments/dda_full_sweep/traces/32_channels_per_device/21_devices/model_parallel/Llama2-7B/trace_21_FC_devices_seqlen_1920.txt
/home/aatmaj/CENT/aim_simulator/build/ramulator2 -f /home/aatmaj/CENT/aim_simulator/test/example.yaml -t /home/aatmaj/CENT/experiments/dda_full_sweep/traces/32_channels_per_device/21_devices/model_parallel_FC/Llama2-7B/trace_21_FC_devices_seqlen_1920.txt
/home/aatmaj/CENT/aim_simulator/build/ramulator2 -f /home/aatmaj/CENT/aim_simulator/test/example.yaml -t /home/aatmaj/CENT/experiments/dda_full_sweep/traces/32_channels_per_device/21_devices/model_parallel/Llama2-7B/trace_21_FC_devices_seqlen_2048.txt
/home/aatmaj/CENT/aim_simulator/build/ramulator2 -f /home/aatmaj/CENT/aim_simulator/test/example.yaml -t /home/aatmaj/CENT/experiments/dda_full_sweep/traces/32_channels_per_device/21_devices/model_parallel_FC/Llama2-7B/trace_21_FC_devices_seqlen_2048.txt
/home/aatmaj/CENT/aim_simulator/build/ramulator2 -f /home/aatmaj/CENT/aim_simulator/test/example.yaml -t /home/aatmaj/CENT/experiments/dda_full_sweep/traces/32_channels_per_device/21_devices/model_parallel/Llama2-7B/trace_21_FC_devices_seqlen_2176.txt
/home/aatmaj/CENT/aim_simulator/build/ramulator2 -f /home/aatmaj/CENT/aim_simulator/test/example.yaml -t /home/aatmaj/CENT/experiments/dda_full_sweep/traces/32_channels_per_device/21_devices/model_parallel_FC/Llama2-7B/trace_21_FC_devices_seqlen_2176.txt
/home/aatmaj/CENT/aim_simulator/build/ramulator2 -f /home/aatmaj/CENT/aim_simulator/test/example.yaml -t /home/aatmaj/CENT/experiments/dda_full_sweep/traces/32_channels_per_device/21_devices/model_parallel/Llama2-7B/trace_21_FC_devices_seqlen_2304.txt
/home/aatmaj/CENT/aim_simulator/build/ramulator2 -f /home/aatmaj/CENT/aim_simulator/test/example.yaml -t /home/aatmaj/CENT/experiments/dda_full_sweep/traces/32_channels_per_device/21_devices/model_parallel_FC/Llama2-7B/trace_21_FC_devices_seqlen_2304.txt
/home/aatmaj/CENT/aim_simulator/build/ramulator2 -f /home/aatmaj/CENT/aim_simulator/test/example.yaml -t /home/aatmaj/CENT/experiments/dda_full_sweep/traces/32_channels_per_device/21_devices/model_parallel/Llama2-7B/trace_21_FC_devices_seqlen_2432.txt
/home/aatmaj/CENT/aim_simulator/build/ramulator2 -f /home/aatmaj/CENT/aim_simulator/test/example.yaml -t /home/aatmaj/CENT/experiments/dda_full_sweep/traces/32_channels_per_device/21_devices/model_parallel_FC/Llama2-7B/trace_21_FC_devices_seqlen_2432.txt
/home/aatmaj/CENT/aim_simulator/build/ramulator2 -f /home/aatmaj/CENT/aim_simulator/test/example.yaml -t /home/aatmaj/CENT/experiments/dda_full_sweep/traces/32_channels_per_device/21_devices/model_parallel/Llama2-7B/trace_21_FC_devices_seqlen_2560.txt
/home/aatmaj/CENT/aim_simulator/build/ramulator2 -f /home/aatmaj/CENT/aim_simulator/test/example.yaml -t /home/aatmaj/CENT/experiments/dda_full_sweep/traces/32_channels_per_device/21_devices/model_parallel_FC/Llama2-7B/trace_21_FC_devices_seqlen_2560.txt
/home/aatmaj/CENT/aim_simulator/build/ramulator2 -f /home/aatmaj/CENT/aim_simulator/test/example.yaml -t /home/aatmaj/CENT/experiments/dda_full_sweep/traces/32_channels_per_device/21_devices/model_parallel/Llama2-7B/trace_21_FC_devices_seqlen_2688.txt
/home/aatmaj/CENT/aim_simulator/build/ramulator2 -f /home/aatmaj/CENT/aim_simulator/test/example.yaml -t /home/aatmaj/CENT/experiments/dda_full_sweep/traces/32_channels_per_device/21_devices/model_parallel_FC/Llama2-7B/trace_21_FC_devices_seqlen_2688.txt
/home/aatmaj/CENT/aim_simulator/build/ramulator2 -f /home/aatmaj/CENT/aim_simulator/test/example.yaml -t /home/aatmaj/CENT/experiments/dda_full_sweep/traces/32_channels_per_device/21_devices/model_parallel/Llama2-7B/trace_21_FC_devices_seqlen_2816.txt
/home/aatmaj/CENT/aim_simulator/build/ramulator2 -f /home/aatmaj/CENT/aim_simulator/test/example.yaml -t /home/aatmaj/CENT/experiments/dda_full_sweep/traces/32_channels_per_device/21_devices/model_parallel_FC/Llama2-7B/trace_21_FC_devices_seqlen_2816.txt
/home/aatmaj/CENT/aim_simulator/build/ramulator2 -f /home/aatmaj/CENT/aim_simulator/test/example.yaml -t /home/aatmaj/CENT/experiments/dda_full_sweep/traces/32_channels_per_device/21_devices/model_parallel/Llama2-7B/trace_21_FC_devices_seqlen_2944.txt
/home/aatmaj/CENT/aim_simulator/build/ramulator2 -f /home/aatmaj/CENT/aim_simulator/test/example.yaml -t /home/aatmaj/CENT/experiments/dda_full_sweep/traces/32_channels_per_device/21_devices/model_parallel_FC/Llama2-7B/trace_21_FC_devices_seqlen_2944.txt
/home/aatmaj/CENT/aim_simulator/build/ramulator2 -f /home/aatmaj/CENT/aim_simulator/test/example.yaml -t /home/aatmaj/CENT/experiments/dda_full_sweep/traces/32_channels_per_device/21_devices/model_parallel/Llama2-7B/trace_21_FC_devices_seqlen_3072.txt
/home/aatmaj/CENT/aim_simulator/build/ramulator2 -f /home/aatmaj/CENT/aim_simulator/test/example.yaml -t /home/aatmaj/CENT/experiments/dda_full_sweep/traces/32_channels_per_device/21_devices/model_parallel_FC/Llama2-7B/trace_21_FC_devices_seqlen_3072.txt
/home/aatmaj/CENT/aim_simulator/build/ramulator2 -f /home/aatmaj/CENT/aim_simulator/test/example.yaml -t /home/aatmaj/CENT/experiments/dda_full_sweep/traces/32_channels_per_device/21_devices/model_parallel/Llama2-7B/trace_21_FC_devices_seqlen_3200.txt
/home/aatmaj/CENT/aim_simulator/build/ramulator2 -f /home/aatmaj/CENT/aim_simulator/test/example.yaml -t /home/aatmaj/CENT/experiments/dda_full_sweep/traces/32_channels_per_device/21_devices/model_parallel_FC/Llama2-7B/trace_21_FC_devices_seqlen_3200.txt
/home/aatmaj/CENT/aim_simulator/build/ramulator2 -f /home/aatmaj/CENT/aim_simulator/test/example.yaml -t /home/aatmaj/CENT/experiments/dda_full_sweep/traces/32_channels_per_device/21_devices/model_parallel/Llama2-7B/trace_21_FC_devices_seqlen_3328.txt
/home/aatmaj/CENT/aim_simulator/build/ramulator2 -f /home/aatmaj/CENT/aim_simulator/test/example.yaml -t /home/aatmaj/CENT/experiments/dda_full_sweep/traces/32_channels_per_device/21_devices/model_parallel_FC/Llama2-7B/trace_21_FC_devices_seqlen_3328.txt
/home/aatmaj/CENT/aim_simulator/build/ramulator2 -f /home/aatmaj/CENT/aim_simulator/test/example.yaml -t /home/aatmaj/CENT/experiments/dda_full_sweep/traces/32_channels_per_device/21_devices/model_parallel/Llama2-7B/trace_21_FC_devices_seqlen_3456.txt
/home/aatmaj/CENT/aim_simulator/build/ramulator2 -f /home/aatmaj/CENT/aim_simulator/test/example.yaml -t /home/aatmaj/CENT/experiments/dda_full_sweep/traces/32_channels_per_device/21_devices/model_parallel_FC/Llama2-7B/trace_21_FC_devices_seqlen_3456.txt
/home/aatmaj/CENT/aim_simulator/build/ramulator2 -f /home/aatmaj/CENT/aim_simulator/test/example.yaml -t /home/aatmaj/CENT/experiments/dda_full_sweep/traces/32_channels_per_device/21_devices/model_parallel/Llama2-7B/trace_21_FC_devices_seqlen_3584.txt
/home/aatmaj/CENT/aim_simulator/build/ramulator2 -f /home/aatmaj/CENT/aim_simulator/test/example.yaml -t /home/aatmaj/CENT/experiments/dda_full_sweep/traces/32_channels_per_device/21_devices/model_parallel_FC/Llama2-7B/trace_21_FC_devices_seqlen_3584.txt
/home/aatmaj/CENT/aim_simulator/build/ramulator2 -f /home/aatmaj/CENT/aim_simulator/test/example.yaml -t /home/aatmaj/CENT/experiments/dda_full_sweep/traces/32_channels_per_device/21_devices/model_parallel/Llama2-7B/trace_21_FC_devices_seqlen_3712.txt
/home/aatmaj/CENT/aim_simulator/build/ramulator2 -f /home/aatmaj/CENT/aim_simulator/test/example.yaml -t /home/aatmaj/CENT/experiments/dda_full_sweep/traces/32_channels_per_device/21_devices/model_parallel_FC/Llama2-7B/trace_21_FC_devices_seqlen_3712.txt
/home/aatmaj/CENT/aim_simulator/build/ramulator2 -f /home/aatmaj/CENT/aim_simulator/test/example.yaml -t /home/aatmaj/CENT/experiments/dda_full_sweep/traces/32_channels_per_device/21_devices/model_parallel/Llama2-7B/trace_21_FC_devices_seqlen_3840.txt
/home/aatmaj/CENT/aim_simulator/build/ramulator2 -f /home/aatmaj/CENT/aim_simulator/test/example.yaml -t /home/aatmaj/CENT/experiments/dda_full_sweep/traces/32_channels_per_device/21_devices/model_parallel_FC/Llama2-7B/trace_21_FC_devices_seqlen_3840.txt
/home/aatmaj/CENT/aim_simulator/build/ramulator2 -f /home/aatmaj/CENT/aim_simulator/test/example.yaml -t /home/aatmaj/CENT/experiments/dda_full_sweep/traces/32_channels_per_device/21_devices/model_parallel/Llama2-7B/trace_21_FC_devices_seqlen_3968.txt
/home/aatmaj/CENT/aim_simulator/build/ramulator2 -f /home/aatmaj/CENT/aim_simulator/test/example.yaml -t /home/aatmaj/CENT/experiments/dda_full_sweep/traces/32_channels_per_device/21_devices/model_parallel_FC/Llama2-7B/trace_21_FC_devices_seqlen_3968.txt
/home/aatmaj/CENT/aim_simulator/build/ramulator2 -f /home/aatmaj/CENT/aim_simulator/test/example.yaml -t /home/aatmaj/CENT/experiments/dda_full_sweep/traces/32_channels_per_device/21_devices/model_parallel/Llama2-7B/trace_21_FC_devices_seqlen_4096.txt
/home/aatmaj/CENT/experiments/dda_full_sweep/simulation/run_sim_full32.py:447: FutureWarning: The behavior of DataFrame concatenation with empty or all-NA entries is deprecated. In a future version, this will no longer exclude empty or all-NA columns when determining the result dtypes. To retain the old behavior, exclude the relevant entries before the concat operation.
  results_df = pd.concat([results_df, new_df], ignore_index=True)
/home/aatmaj/CENT/aim_simulator/build/ramulator2 -f /home/aatmaj/CENT/aim_simulator/test/example.yaml -t /home/aatmaj/CENT/experiments/dda_full_sweep/traces/32_channels_per_device/21_devices/model_parallel_FC/Llama2-7B/trace_21_FC_devices_seqlen_4096.txt
Processing results...
Updating simulation results to CSV...
=== Pool L | Llama2-7B | N_L=23 | TP=23, PP=1 ===
Generating traces for Llama2-7B (23 devices) ...
/home/aatmaj/CENT/aim_simulator/build/ramulator2 -f /home/aatmaj/CENT/aim_simulator/test/example.yaml -t /home/aatmaj/CENT/experiments/dda_full_sweep/traces/32_channels_per_device/23_devices/model_parallel_embedding/Llama2-7B/trace_23_FC_devices_seqlen_4096.txt
/home/aatmaj/CENT/aim_simulator/build/ramulator2 -f /home/aatmaj/CENT/aim_simulator/test/example.yaml -t /home/aatmaj/CENT/experiments/dda_full_sweep/traces/32_channels_per_device/23_devices/model_parallel/Llama2-7B/trace_23_FC_devices_seqlen_128.txt
/home/aatmaj/CENT/aim_simulator/build/ramulator2 -f /home/aatmaj/CENT/aim_simulator/test/example.yaml -t /home/aatmaj/CENT/experiments/dda_full_sweep/traces/32_channels_per_device/23_devices/model_parallel_FC/Llama2-7B/trace_23_FC_devices_seqlen_128.txt
/home/aatmaj/CENT/aim_simulator/build/ramulator2 -f /home/aatmaj/CENT/aim_simulator/test/example.yaml -t /home/aatmaj/CENT/experiments/dda_full_sweep/traces/32_channels_per_device/23_devices/model_parallel/Llama2-7B/trace_23_FC_devices_seqlen_256.txt
/home/aatmaj/CENT/aim_simulator/build/ramulator2 -f /home/aatmaj/CENT/aim_simulator/test/example.yaml -t /home/aatmaj/CENT/experiments/dda_full_sweep/traces/32_channels_per_device/23_devices/model_parallel_FC/Llama2-7B/trace_23_FC_devices_seqlen_256.txt
/home/aatmaj/CENT/aim_simulator/build/ramulator2 -f /home/aatmaj/CENT/aim_simulator/test/example.yaml -t /home/aatmaj/CENT/experiments/dda_full_sweep/traces/32_channels_per_device/23_devices/model_parallel/Llama2-7B/trace_23_FC_devices_seqlen_384.txt
/home/aatmaj/CENT/aim_simulator/build/ramulator2 -f /home/aatmaj/CENT/aim_simulator/test/example.yaml -t /home/aatmaj/CENT/experiments/dda_full_sweep/traces/32_channels_per_device/23_devices/model_parallel_FC/Llama2-7B/trace_23_FC_devices_seqlen_384.txt
/home/aatmaj/CENT/aim_simulator/build/ramulator2 -f /home/aatmaj/CENT/aim_simulator/test/example.yaml -t /home/aatmaj/CENT/experiments/dda_full_sweep/traces/32_channels_per_device/23_devices/model_parallel/Llama2-7B/trace_23_FC_devices_seqlen_512.txt
/home/aatmaj/CENT/aim_simulator/build/ramulator2 -f /home/aatmaj/CENT/aim_simulator/test/example.yaml -t /home/aatmaj/CENT/experiments/dda_full_sweep/traces/32_channels_per_device/23_devices/model_parallel_FC/Llama2-7B/trace_23_FC_devices_seqlen_512.txt
/home/aatmaj/CENT/aim_simulator/build/ramulator2 -f /home/aatmaj/CENT/aim_simulator/test/example.yaml -t /home/aatmaj/CENT/experiments/dda_full_sweep/traces/32_channels_per_device/23_devices/model_parallel/Llama2-7B/trace_23_FC_devices_seqlen_640.txt
/home/aatmaj/CENT/aim_simulator/build/ramulator2 -f /home/aatmaj/CENT/aim_simulator/test/example.yaml -t /home/aatmaj/CENT/experiments/dda_full_sweep/traces/32_channels_per_device/23_devices/model_parallel_FC/Llama2-7B/trace_23_FC_devices_seqlen_640.txt
/home/aatmaj/CENT/aim_simulator/build/ramulator2 -f /home/aatmaj/CENT/aim_simulator/test/example.yaml -t /home/aatmaj/CENT/experiments/dda_full_sweep/traces/32_channels_per_device/23_devices/model_parallel/Llama2-7B/trace_23_FC_devices_seqlen_768.txt
/home/aatmaj/CENT/aim_simulator/build/ramulator2 -f /home/aatmaj/CENT/aim_simulator/test/example.yaml -t /home/aatmaj/CENT/experiments/dda_full_sweep/traces/32_channels_per_device/23_devices/model_parallel_FC/Llama2-7B/trace_23_FC_devices_seqlen_768.txt
/home/aatmaj/CENT/aim_simulator/build/ramulator2 -f /home/aatmaj/CENT/aim_simulator/test/example.yaml -t /home/aatmaj/CENT/experiments/dda_full_sweep/traces/32_channels_per_device/23_devices/model_parallel/Llama2-7B/trace_23_FC_devices_seqlen_896.txt
/home/aatmaj/CENT/aim_simulator/build/ramulator2 -f /home/aatmaj/CENT/aim_simulator/test/example.yaml -t /home/aatmaj/CENT/experiments/dda_full_sweep/traces/32_channels_per_device/23_devices/model_parallel_FC/Llama2-7B/trace_23_FC_devices_seqlen_896.txt
/home/aatmaj/CENT/aim_simulator/build/ramulator2 -f /home/aatmaj/CENT/aim_simulator/test/example.yaml -t /home/aatmaj/CENT/experiments/dda_full_sweep/traces/32_channels_per_device/23_devices/model_parallel/Llama2-7B/trace_23_FC_devices_seqlen_1024.txt
/home/aatmaj/CENT/aim_simulator/build/ramulator2 -f /home/aatmaj/CENT/aim_simulator/test/example.yaml -t /home/aatmaj/CENT/experiments/dda_full_sweep/traces/32_channels_per_device/23_devices/model_parallel_FC/Llama2-7B/trace_23_FC_devices_seqlen_1024.txt
/home/aatmaj/CENT/aim_simulator/build/ramulator2 -f /home/aatmaj/CENT/aim_simulator/test/example.yaml -t /home/aatmaj/CENT/experiments/dda_full_sweep/traces/32_channels_per_device/23_devices/model_parallel/Llama2-7B/trace_23_FC_devices_seqlen_1152.txt
/home/aatmaj/CENT/aim_simulator/build/ramulator2 -f /home/aatmaj/CENT/aim_simulator/test/example.yaml -t /home/aatmaj/CENT/experiments/dda_full_sweep/traces/32_channels_per_device/23_devices/model_parallel_FC/Llama2-7B/trace_23_FC_devices_seqlen_1152.txt
/home/aatmaj/CENT/aim_simulator/build/ramulator2 -f /home/aatmaj/CENT/aim_simulator/test/example.yaml -t /home/aatmaj/CENT/experiments/dda_full_sweep/traces/32_channels_per_device/23_devices/model_parallel/Llama2-7B/trace_23_FC_devices_seqlen_1280.txt
/home/aatmaj/CENT/aim_simulator/build/ramulator2 -f /home/aatmaj/CENT/aim_simulator/test/example.yaml -t /home/aatmaj/CENT/experiments/dda_full_sweep/traces/32_channels_per_device/23_devices/model_parallel_FC/Llama2-7B/trace_23_FC_devices_seqlen_1280.txt
/home/aatmaj/CENT/aim_simulator/build/ramulator2 -f /home/aatmaj/CENT/aim_simulator/test/example.yaml -t /home/aatmaj/CENT/experiments/dda_full_sweep/traces/32_channels_per_device/23_devices/model_parallel/Llama2-7B/trace_23_FC_devices_seqlen_1408.txt
/home/aatmaj/CENT/aim_simulator/build/ramulator2 -f /home/aatmaj/CENT/aim_simulator/test/example.yaml -t /home/aatmaj/CENT/experiments/dda_full_sweep/traces/32_channels_per_device/23_devices/model_parallel_FC/Llama2-7B/trace_23_FC_devices_seqlen_1408.txt
/home/aatmaj/CENT/aim_simulator/build/ramulator2 -f /home/aatmaj/CENT/aim_simulator/test/example.yaml -t /home/aatmaj/CENT/experiments/dda_full_sweep/traces/32_channels_per_device/23_devices/model_parallel/Llama2-7B/trace_23_FC_devices_seqlen_1536.txt
/home/aatmaj/CENT/aim_simulator/build/ramulator2 -f /home/aatmaj/CENT/aim_simulator/test/example.yaml -t /home/aatmaj/CENT/experiments/dda_full_sweep/traces/32_channels_per_device/23_devices/model_parallel_FC/Llama2-7B/trace_23_FC_devices_seqlen_1536.txt
/home/aatmaj/CENT/aim_simulator/build/ramulator2 -f /home/aatmaj/CENT/aim_simulator/test/example.yaml -t /home/aatmaj/CENT/experiments/dda_full_sweep/traces/32_channels_per_device/23_devices/model_parallel/Llama2-7B/trace_23_FC_devices_seqlen_1664.txt
/home/aatmaj/CENT/aim_simulator/build/ramulator2 -f /home/aatmaj/CENT/aim_simulator/test/example.yaml -t /home/aatmaj/CENT/experiments/dda_full_sweep/traces/32_channels_per_device/23_devices/model_parallel_FC/Llama2-7B/trace_23_FC_devices_seqlen_1664.txt
/home/aatmaj/CENT/aim_simulator/build/ramulator2 -f /home/aatmaj/CENT/aim_simulator/test/example.yaml -t /home/aatmaj/CENT/experiments/dda_full_sweep/traces/32_channels_per_device/23_devices/model_parallel/Llama2-7B/trace_23_FC_devices_seqlen_1792.txt
/home/aatmaj/CENT/aim_simulator/build/ramulator2 -f /home/aatmaj/CENT/aim_simulator/test/example.yaml -t /home/aatmaj/CENT/experiments/dda_full_sweep/traces/32_channels_per_device/23_devices/model_parallel_FC/Llama2-7B/trace_23_FC_devices_seqlen_1792.txt
/home/aatmaj/CENT/aim_simulator/build/ramulator2 -f /home/aatmaj/CENT/aim_simulator/test/example.yaml -t /home/aatmaj/CENT/experiments/dda_full_sweep/traces/32_channels_per_device/23_devices/model_parallel/Llama2-7B/trace_23_FC_devices_seqlen_1920.txt
/home/aatmaj/CENT/aim_simulator/build/ramulator2 -f /home/aatmaj/CENT/aim_simulator/test/example.yaml -t /home/aatmaj/CENT/experiments/dda_full_sweep/traces/32_channels_per_device/23_devices/model_parallel_FC/Llama2-7B/trace_23_FC_devices_seqlen_1920.txt
/home/aatmaj/CENT/aim_simulator/build/ramulator2 -f /home/aatmaj/CENT/aim_simulator/test/example.yaml -t /home/aatmaj/CENT/experiments/dda_full_sweep/traces/32_channels_per_device/23_devices/model_parallel/Llama2-7B/trace_23_FC_devices_seqlen_2048.txt
/home/aatmaj/CENT/aim_simulator/build/ramulator2 -f /home/aatmaj/CENT/aim_simulator/test/example.yaml -t /home/aatmaj/CENT/experiments/dda_full_sweep/traces/32_channels_per_device/23_devices/model_parallel_FC/Llama2-7B/trace_23_FC_devices_seqlen_2048.txt
/home/aatmaj/CENT/aim_simulator/build/ramulator2 -f /home/aatmaj/CENT/aim_simulator/test/example.yaml -t /home/aatmaj/CENT/experiments/dda_full_sweep/traces/32_channels_per_device/23_devices/model_parallel/Llama2-7B/trace_23_FC_devices_seqlen_2176.txt
/home/aatmaj/CENT/aim_simulator/build/ramulator2 -f /home/aatmaj/CENT/aim_simulator/test/example.yaml -t /home/aatmaj/CENT/experiments/dda_full_sweep/traces/32_channels_per_device/23_devices/model_parallel_FC/Llama2-7B/trace_23_FC_devices_seqlen_2176.txt
/home/aatmaj/CENT/aim_simulator/build/ramulator2 -f /home/aatmaj/CENT/aim_simulator/test/example.yaml -t /home/aatmaj/CENT/experiments/dda_full_sweep/traces/32_channels_per_device/23_devices/model_parallel/Llama2-7B/trace_23_FC_devices_seqlen_2304.txt
/home/aatmaj/CENT/aim_simulator/build/ramulator2 -f /home/aatmaj/CENT/aim_simulator/test/example.yaml -t /home/aatmaj/CENT/experiments/dda_full_sweep/traces/32_channels_per_device/23_devices/model_parallel_FC/Llama2-7B/trace_23_FC_devices_seqlen_2304.txt
/home/aatmaj/CENT/aim_simulator/build/ramulator2 -f /home/aatmaj/CENT/aim_simulator/test/example.yaml -t /home/aatmaj/CENT/experiments/dda_full_sweep/traces/32_channels_per_device/23_devices/model_parallel/Llama2-7B/trace_23_FC_devices_seqlen_2432.txt
/home/aatmaj/CENT/aim_simulator/build/ramulator2 -f /home/aatmaj/CENT/aim_simulator/test/example.yaml -t /home/aatmaj/CENT/experiments/dda_full_sweep/traces/32_channels_per_device/23_devices/model_parallel_FC/Llama2-7B/trace_23_FC_devices_seqlen_2432.txt
/home/aatmaj/CENT/aim_simulator/build/ramulator2 -f /home/aatmaj/CENT/aim_simulator/test/example.yaml -t /home/aatmaj/CENT/experiments/dda_full_sweep/traces/32_channels_per_device/23_devices/model_parallel/Llama2-7B/trace_23_FC_devices_seqlen_2560.txt
/home/aatmaj/CENT/aim_simulator/build/ramulator2 -f /home/aatmaj/CENT/aim_simulator/test/example.yaml -t /home/aatmaj/CENT/experiments/dda_full_sweep/traces/32_channels_per_device/23_devices/model_parallel_FC/Llama2-7B/trace_23_FC_devices_seqlen_2560.txt
/home/aatmaj/CENT/aim_simulator/build/ramulator2 -f /home/aatmaj/CENT/aim_simulator/test/example.yaml -t /home/aatmaj/CENT/experiments/dda_full_sweep/traces/32_channels_per_device/23_devices/model_parallel/Llama2-7B/trace_23_FC_devices_seqlen_2688.txt
/home/aatmaj/CENT/aim_simulator/build/ramulator2 -f /home/aatmaj/CENT/aim_simulator/test/example.yaml -t /home/aatmaj/CENT/experiments/dda_full_sweep/traces/32_channels_per_device/23_devices/model_parallel_FC/Llama2-7B/trace_23_FC_devices_seqlen_2688.txt
/home/aatmaj/CENT/aim_simulator/build/ramulator2 -f /home/aatmaj/CENT/aim_simulator/test/example.yaml -t /home/aatmaj/CENT/experiments/dda_full_sweep/traces/32_channels_per_device/23_devices/model_parallel/Llama2-7B/trace_23_FC_devices_seqlen_2816.txt
/home/aatmaj/CENT/aim_simulator/build/ramulator2 -f /home/aatmaj/CENT/aim_simulator/test/example.yaml -t /home/aatmaj/CENT/experiments/dda_full_sweep/traces/32_channels_per_device/23_devices/model_parallel_FC/Llama2-7B/trace_23_FC_devices_seqlen_2816.txt
/home/aatmaj/CENT/aim_simulator/build/ramulator2 -f /home/aatmaj/CENT/aim_simulator/test/example.yaml -t /home/aatmaj/CENT/experiments/dda_full_sweep/traces/32_channels_per_device/23_devices/model_parallel/Llama2-7B/trace_23_FC_devices_seqlen_2944.txt
/home/aatmaj/CENT/aim_simulator/build/ramulator2 -f /home/aatmaj/CENT/aim_simulator/test/example.yaml -t /home/aatmaj/CENT/experiments/dda_full_sweep/traces/32_channels_per_device/23_devices/model_parallel_FC/Llama2-7B/trace_23_FC_devices_seqlen_2944.txt
/home/aatmaj/CENT/aim_simulator/build/ramulator2 -f /home/aatmaj/CENT/aim_simulator/test/example.yaml -t /home/aatmaj/CENT/experiments/dda_full_sweep/traces/32_channels_per_device/23_devices/model_parallel/Llama2-7B/trace_23_FC_devices_seqlen_3072.txt
/home/aatmaj/CENT/aim_simulator/build/ramulator2 -f /home/aatmaj/CENT/aim_simulator/test/example.yaml -t /home/aatmaj/CENT/experiments/dda_full_sweep/traces/32_channels_per_device/23_devices/model_parallel_FC/Llama2-7B/trace_23_FC_devices_seqlen_3072.txt
/home/aatmaj/CENT/aim_simulator/build/ramulator2 -f /home/aatmaj/CENT/aim_simulator/test/example.yaml -t /home/aatmaj/CENT/experiments/dda_full_sweep/traces/32_channels_per_device/23_devices/model_parallel/Llama2-7B/trace_23_FC_devices_seqlen_3200.txt
/home/aatmaj/CENT/aim_simulator/build/ramulator2 -f /home/aatmaj/CENT/aim_simulator/test/example.yaml -t /home/aatmaj/CENT/experiments/dda_full_sweep/traces/32_channels_per_device/23_devices/model_parallel_FC/Llama2-7B/trace_23_FC_devices_seqlen_3200.txt
/home/aatmaj/CENT/aim_simulator/build/ramulator2 -f /home/aatmaj/CENT/aim_simulator/test/example.yaml -t /home/aatmaj/CENT/experiments/dda_full_sweep/traces/32_channels_per_device/23_devices/model_parallel/Llama2-7B/trace_23_FC_devices_seqlen_3328.txt
/home/aatmaj/CENT/aim_simulator/build/ramulator2 -f /home/aatmaj/CENT/aim_simulator/test/example.yaml -t /home/aatmaj/CENT/experiments/dda_full_sweep/traces/32_channels_per_device/23_devices/model_parallel_FC/Llama2-7B/trace_23_FC_devices_seqlen_3328.txt
/home/aatmaj/CENT/aim_simulator/build/ramulator2 -f /home/aatmaj/CENT/aim_simulator/test/example.yaml -t /home/aatmaj/CENT/experiments/dda_full_sweep/traces/32_channels_per_device/23_devices/model_parallel/Llama2-7B/trace_23_FC_devices_seqlen_3456.txt
/home/aatmaj/CENT/aim_simulator/build/ramulator2 -f /home/aatmaj/CENT/aim_simulator/test/example.yaml -t /home/aatmaj/CENT/experiments/dda_full_sweep/traces/32_channels_per_device/23_devices/model_parallel_FC/Llama2-7B/trace_23_FC_devices_seqlen_3456.txt
/home/aatmaj/CENT/aim_simulator/build/ramulator2 -f /home/aatmaj/CENT/aim_simulator/test/example.yaml -t /home/aatmaj/CENT/experiments/dda_full_sweep/traces/32_channels_per_device/23_devices/model_parallel/Llama2-7B/trace_23_FC_devices_seqlen_3584.txt
/home/aatmaj/CENT/aim_simulator/build/ramulator2 -f /home/aatmaj/CENT/aim_simulator/test/example.yaml -t /home/aatmaj/CENT/experiments/dda_full_sweep/traces/32_channels_per_device/23_devices/model_parallel_FC/Llama2-7B/trace_23_FC_devices_seqlen_3584.txt
/home/aatmaj/CENT/aim_simulator/build/ramulator2 -f /home/aatmaj/CENT/aim_simulator/test/example.yaml -t /home/aatmaj/CENT/experiments/dda_full_sweep/traces/32_channels_per_device/23_devices/model_parallel/Llama2-7B/trace_23_FC_devices_seqlen_3712.txt
/home/aatmaj/CENT/aim_simulator/build/ramulator2 -f /home/aatmaj/CENT/aim_simulator/test/example.yaml -t /home/aatmaj/CENT/experiments/dda_full_sweep/traces/32_channels_per_device/23_devices/model_parallel_FC/Llama2-7B/trace_23_FC_devices_seqlen_3712.txt
/home/aatmaj/CENT/aim_simulator/build/ramulator2 -f /home/aatmaj/CENT/aim_simulator/test/example.yaml -t /home/aatmaj/CENT/experiments/dda_full_sweep/traces/32_channels_per_device/23_devices/model_parallel/Llama2-7B/trace_23_FC_devices_seqlen_3840.txt
/home/aatmaj/CENT/aim_simulator/build/ramulator2 -f /home/aatmaj/CENT/aim_simulator/test/example.yaml -t /home/aatmaj/CENT/experiments/dda_full_sweep/traces/32_channels_per_device/23_devices/model_parallel_FC/Llama2-7B/trace_23_FC_devices_seqlen_3840.txt
/home/aatmaj/CENT/aim_simulator/build/ramulator2 -f /home/aatmaj/CENT/aim_simulator/test/example.yaml -t /home/aatmaj/CENT/experiments/dda_full_sweep/traces/32_channels_per_device/23_devices/model_parallel/Llama2-7B/trace_23_FC_devices_seqlen_3968.txt
/home/aatmaj/CENT/aim_simulator/build/ramulator2 -f /home/aatmaj/CENT/aim_simulator/test/example.yaml -t /home/aatmaj/CENT/experiments/dda_full_sweep/traces/32_channels_per_device/23_devices/model_parallel_FC/Llama2-7B/trace_23_FC_devices_seqlen_3968.txt
/home/aatmaj/CENT/aim_simulator/build/ramulator2 -f /home/aatmaj/CENT/aim_simulator/test/example.yaml -t /home/aatmaj/CENT/experiments/dda_full_sweep/traces/32_channels_per_device/23_devices/model_parallel/Llama2-7B/trace_23_FC_devices_seqlen_4096.txt
/home/aatmaj/CENT/experiments/dda_full_sweep/simulation/run_sim_full32.py:447: FutureWarning: The behavior of DataFrame concatenation with empty or all-NA entries is deprecated. In a future version, this will no longer exclude empty or all-NA columns when determining the result dtypes. To retain the old behavior, exclude the relevant entries before the concat operation.
  results_df = pd.concat([results_df, new_df], ignore_index=True)
/home/aatmaj/CENT/aim_simulator/build/ramulator2 -f /home/aatmaj/CENT/aim_simulator/test/example.yaml -t /home/aatmaj/CENT/experiments/dda_full_sweep/traces/32_channels_per_device/23_devices/model_parallel_FC/Llama2-7B/trace_23_FC_devices_seqlen_4096.txt
Processing results...
Updating simulation results to CSV...
=== Pool L | Llama2-7B | N_L=25 | TP=25, PP=1 ===
Generating traces for Llama2-7B (25 devices) ...
/home/aatmaj/CENT/aim_simulator/build/ramulator2 -f /home/aatmaj/CENT/aim_simulator/test/example.yaml -t /home/aatmaj/CENT/experiments/dda_full_sweep/traces/32_channels_per_device/25_devices/model_parallel_embedding/Llama2-7B/trace_25_FC_devices_seqlen_4096.txt
/home/aatmaj/CENT/aim_simulator/build/ramulator2 -f /home/aatmaj/CENT/aim_simulator/test/example.yaml -t /home/aatmaj/CENT/experiments/dda_full_sweep/traces/32_channels_per_device/25_devices/model_parallel/Llama2-7B/trace_25_FC_devices_seqlen_128.txt
/home/aatmaj/CENT/aim_simulator/build/ramulator2 -f /home/aatmaj/CENT/aim_simulator/test/example.yaml -t /home/aatmaj/CENT/experiments/dda_full_sweep/traces/32_channels_per_device/25_devices/model_parallel_FC/Llama2-7B/trace_25_FC_devices_seqlen_128.txt
/home/aatmaj/CENT/aim_simulator/build/ramulator2 -f /home/aatmaj/CENT/aim_simulator/test/example.yaml -t /home/aatmaj/CENT/experiments/dda_full_sweep/traces/32_channels_per_device/25_devices/model_parallel/Llama2-7B/trace_25_FC_devices_seqlen_256.txt
/home/aatmaj/CENT/aim_simulator/build/ramulator2 -f /home/aatmaj/CENT/aim_simulator/test/example.yaml -t /home/aatmaj/CENT/experiments/dda_full_sweep/traces/32_channels_per_device/25_devices/model_parallel_FC/Llama2-7B/trace_25_FC_devices_seqlen_256.txt
/home/aatmaj/CENT/aim_simulator/build/ramulator2 -f /home/aatmaj/CENT/aim_simulator/test/example.yaml -t /home/aatmaj/CENT/experiments/dda_full_sweep/traces/32_channels_per_device/25_devices/model_parallel/Llama2-7B/trace_25_FC_devices_seqlen_384.txt
/home/aatmaj/CENT/aim_simulator/build/ramulator2 -f /home/aatmaj/CENT/aim_simulator/test/example.yaml -t /home/aatmaj/CENT/experiments/dda_full_sweep/traces/32_channels_per_device/25_devices/model_parallel_FC/Llama2-7B/trace_25_FC_devices_seqlen_384.txt
/home/aatmaj/CENT/aim_simulator/build/ramulator2 -f /home/aatmaj/CENT/aim_simulator/test/example.yaml -t /home/aatmaj/CENT/experiments/dda_full_sweep/traces/32_channels_per_device/25_devices/model_parallel/Llama2-7B/trace_25_FC_devices_seqlen_512.txt
/home/aatmaj/CENT/aim_simulator/build/ramulator2 -f /home/aatmaj/CENT/aim_simulator/test/example.yaml -t /home/aatmaj/CENT/experiments/dda_full_sweep/traces/32_channels_per_device/25_devices/model_parallel_FC/Llama2-7B/trace_25_FC_devices_seqlen_512.txt
/home/aatmaj/CENT/aim_simulator/build/ramulator2 -f /home/aatmaj/CENT/aim_simulator/test/example.yaml -t /home/aatmaj/CENT/experiments/dda_full_sweep/traces/32_channels_per_device/25_devices/model_parallel/Llama2-7B/trace_25_FC_devices_seqlen_640.txt
/home/aatmaj/CENT/aim_simulator/build/ramulator2 -f /home/aatmaj/CENT/aim_simulator/test/example.yaml -t /home/aatmaj/CENT/experiments/dda_full_sweep/traces/32_channels_per_device/25_devices/model_parallel_FC/Llama2-7B/trace_25_FC_devices_seqlen_640.txt
/home/aatmaj/CENT/aim_simulator/build/ramulator2 -f /home/aatmaj/CENT/aim_simulator/test/example.yaml -t /home/aatmaj/CENT/experiments/dda_full_sweep/traces/32_channels_per_device/25_devices/model_parallel/Llama2-7B/trace_25_FC_devices_seqlen_768.txt
/home/aatmaj/CENT/aim_simulator/build/ramulator2 -f /home/aatmaj/CENT/aim_simulator/test/example.yaml -t /home/aatmaj/CENT/experiments/dda_full_sweep/traces/32_channels_per_device/25_devices/model_parallel_FC/Llama2-7B/trace_25_FC_devices_seqlen_768.txt
/home/aatmaj/CENT/aim_simulator/build/ramulator2 -f /home/aatmaj/CENT/aim_simulator/test/example.yaml -t /home/aatmaj/CENT/experiments/dda_full_sweep/traces/32_channels_per_device/25_devices/model_parallel/Llama2-7B/trace_25_FC_devices_seqlen_896.txt
/home/aatmaj/CENT/aim_simulator/build/ramulator2 -f /home/aatmaj/CENT/aim_simulator/test/example.yaml -t /home/aatmaj/CENT/experiments/dda_full_sweep/traces/32_channels_per_device/25_devices/model_parallel_FC/Llama2-7B/trace_25_FC_devices_seqlen_896.txt
/home/aatmaj/CENT/aim_simulator/build/ramulator2 -f /home/aatmaj/CENT/aim_simulator/test/example.yaml -t /home/aatmaj/CENT/experiments/dda_full_sweep/traces/32_channels_per_device/25_devices/model_parallel/Llama2-7B/trace_25_FC_devices_seqlen_1024.txt
/home/aatmaj/CENT/aim_simulator/build/ramulator2 -f /home/aatmaj/CENT/aim_simulator/test/example.yaml -t /home/aatmaj/CENT/experiments/dda_full_sweep/traces/32_channels_per_device/25_devices/model_parallel_FC/Llama2-7B/trace_25_FC_devices_seqlen_1024.txt
/home/aatmaj/CENT/aim_simulator/build/ramulator2 -f /home/aatmaj/CENT/aim_simulator/test/example.yaml -t /home/aatmaj/CENT/experiments/dda_full_sweep/traces/32_channels_per_device/25_devices/model_parallel/Llama2-7B/trace_25_FC_devices_seqlen_1152.txt
/home/aatmaj/CENT/aim_simulator/build/ramulator2 -f /home/aatmaj/CENT/aim_simulator/test/example.yaml -t /home/aatmaj/CENT/experiments/dda_full_sweep/traces/32_channels_per_device/25_devices/model_parallel_FC/Llama2-7B/trace_25_FC_devices_seqlen_1152.txt
/home/aatmaj/CENT/aim_simulator/build/ramulator2 -f /home/aatmaj/CENT/aim_simulator/test/example.yaml -t /home/aatmaj/CENT/experiments/dda_full_sweep/traces/32_channels_per_device/25_devices/model_parallel/Llama2-7B/trace_25_FC_devices_seqlen_1280.txt
/home/aatmaj/CENT/aim_simulator/build/ramulator2 -f /home/aatmaj/CENT/aim_simulator/test/example.yaml -t /home/aatmaj/CENT/experiments/dda_full_sweep/traces/32_channels_per_device/25_devices/model_parallel_FC/Llama2-7B/trace_25_FC_devices_seqlen_1280.txt
/home/aatmaj/CENT/aim_simulator/build/ramulator2 -f /home/aatmaj/CENT/aim_simulator/test/example.yaml -t /home/aatmaj/CENT/experiments/dda_full_sweep/traces/32_channels_per_device/25_devices/model_parallel/Llama2-7B/trace_25_FC_devices_seqlen_1408.txt
/home/aatmaj/CENT/aim_simulator/build/ramulator2 -f /home/aatmaj/CENT/aim_simulator/test/example.yaml -t /home/aatmaj/CENT/experiments/dda_full_sweep/traces/32_channels_per_device/25_devices/model_parallel_FC/Llama2-7B/trace_25_FC_devices_seqlen_1408.txt
/home/aatmaj/CENT/aim_simulator/build/ramulator2 -f /home/aatmaj/CENT/aim_simulator/test/example.yaml -t /home/aatmaj/CENT/experiments/dda_full_sweep/traces/32_channels_per_device/25_devices/model_parallel/Llama2-7B/trace_25_FC_devices_seqlen_1536.txt
/home/aatmaj/CENT/aim_simulator/build/ramulator2 -f /home/aatmaj/CENT/aim_simulator/test/example.yaml -t /home/aatmaj/CENT/experiments/dda_full_sweep/traces/32_channels_per_device/25_devices/model_parallel_FC/Llama2-7B/trace_25_FC_devices_seqlen_1536.txt
/home/aatmaj/CENT/aim_simulator/build/ramulator2 -f /home/aatmaj/CENT/aim_simulator/test/example.yaml -t /home/aatmaj/CENT/experiments/dda_full_sweep/traces/32_channels_per_device/25_devices/model_parallel/Llama2-7B/trace_25_FC_devices_seqlen_1664.txt
/home/aatmaj/CENT/aim_simulator/build/ramulator2 -f /home/aatmaj/CENT/aim_simulator/test/example.yaml -t /home/aatmaj/CENT/experiments/dda_full_sweep/traces/32_channels_per_device/25_devices/model_parallel_FC/Llama2-7B/trace_25_FC_devices_seqlen_1664.txt
/home/aatmaj/CENT/aim_simulator/build/ramulator2 -f /home/aatmaj/CENT/aim_simulator/test/example.yaml -t /home/aatmaj/CENT/experiments/dda_full_sweep/traces/32_channels_per_device/25_devices/model_parallel/Llama2-7B/trace_25_FC_devices_seqlen_1792.txt
/home/aatmaj/CENT/aim_simulator/build/ramulator2 -f /home/aatmaj/CENT/aim_simulator/test/example.yaml -t /home/aatmaj/CENT/experiments/dda_full_sweep/traces/32_channels_per_device/25_devices/model_parallel_FC/Llama2-7B/trace_25_FC_devices_seqlen_1792.txt
/home/aatmaj/CENT/aim_simulator/build/ramulator2 -f /home/aatmaj/CENT/aim_simulator/test/example.yaml -t /home/aatmaj/CENT/experiments/dda_full_sweep/traces/32_channels_per_device/25_devices/model_parallel/Llama2-7B/trace_25_FC_devices_seqlen_1920.txt
/home/aatmaj/CENT/aim_simulator/build/ramulator2 -f /home/aatmaj/CENT/aim_simulator/test/example.yaml -t /home/aatmaj/CENT/experiments/dda_full_sweep/traces/32_channels_per_device/25_devices/model_parallel_FC/Llama2-7B/trace_25_FC_devices_seqlen_1920.txt
/home/aatmaj/CENT/aim_simulator/build/ramulator2 -f /home/aatmaj/CENT/aim_simulator/test/example.yaml -t /home/aatmaj/CENT/experiments/dda_full_sweep/traces/32_channels_per_device/25_devices/model_parallel/Llama2-7B/trace_25_FC_devices_seqlen_2048.txt
/home/aatmaj/CENT/aim_simulator/build/ramulator2 -f /home/aatmaj/CENT/aim_simulator/test/example.yaml -t /home/aatmaj/CENT/experiments/dda_full_sweep/traces/32_channels_per_device/25_devices/model_parallel_FC/Llama2-7B/trace_25_FC_devices_seqlen_2048.txt
/home/aatmaj/CENT/aim_simulator/build/ramulator2 -f /home/aatmaj/CENT/aim_simulator/test/example.yaml -t /home/aatmaj/CENT/experiments/dda_full_sweep/traces/32_channels_per_device/25_devices/model_parallel/Llama2-7B/trace_25_FC_devices_seqlen_2176.txt
/home/aatmaj/CENT/aim_simulator/build/ramulator2 -f /home/aatmaj/CENT/aim_simulator/test/example.yaml -t /home/aatmaj/CENT/experiments/dda_full_sweep/traces/32_channels_per_device/25_devices/model_parallel_FC/Llama2-7B/trace_25_FC_devices_seqlen_2176.txt
/home/aatmaj/CENT/aim_simulator/build/ramulator2 -f /home/aatmaj/CENT/aim_simulator/test/example.yaml -t /home/aatmaj/CENT/experiments/dda_full_sweep/traces/32_channels_per_device/25_devices/model_parallel/Llama2-7B/trace_25_FC_devices_seqlen_2304.txt
/home/aatmaj/CENT/aim_simulator/build/ramulator2 -f /home/aatmaj/CENT/aim_simulator/test/example.yaml -t /home/aatmaj/CENT/experiments/dda_full_sweep/traces/32_channels_per_device/25_devices/model_parallel_FC/Llama2-7B/trace_25_FC_devices_seqlen_2304.txt
/home/aatmaj/CENT/aim_simulator/build/ramulator2 -f /home/aatmaj/CENT/aim_simulator/test/example.yaml -t /home/aatmaj/CENT/experiments/dda_full_sweep/traces/32_channels_per_device/25_devices/model_parallel/Llama2-7B/trace_25_FC_devices_seqlen_2432.txt
/home/aatmaj/CENT/aim_simulator/build/ramulator2 -f /home/aatmaj/CENT/aim_simulator/test/example.yaml -t /home/aatmaj/CENT/experiments/dda_full_sweep/traces/32_channels_per_device/25_devices/model_parallel_FC/Llama2-7B/trace_25_FC_devices_seqlen_2432.txt
/home/aatmaj/CENT/aim_simulator/build/ramulator2 -f /home/aatmaj/CENT/aim_simulator/test/example.yaml -t /home/aatmaj/CENT/experiments/dda_full_sweep/traces/32_channels_per_device/25_devices/model_parallel/Llama2-7B/trace_25_FC_devices_seqlen_2560.txt
/home/aatmaj/CENT/aim_simulator/build/ramulator2 -f /home/aatmaj/CENT/aim_simulator/test/example.yaml -t /home/aatmaj/CENT/experiments/dda_full_sweep/traces/32_channels_per_device/25_devices/model_parallel_FC/Llama2-7B/trace_25_FC_devices_seqlen_2560.txt
/home/aatmaj/CENT/aim_simulator/build/ramulator2 -f /home/aatmaj/CENT/aim_simulator/test/example.yaml -t /home/aatmaj/CENT/experiments/dda_full_sweep/traces/32_channels_per_device/25_devices/model_parallel/Llama2-7B/trace_25_FC_devices_seqlen_2688.txt
/home/aatmaj/CENT/aim_simulator/build/ramulator2 -f /home/aatmaj/CENT/aim_simulator/test/example.yaml -t /home/aatmaj/CENT/experiments/dda_full_sweep/traces/32_channels_per_device/25_devices/model_parallel_FC/Llama2-7B/trace_25_FC_devices_seqlen_2688.txt
/home/aatmaj/CENT/aim_simulator/build/ramulator2 -f /home/aatmaj/CENT/aim_simulator/test/example.yaml -t /home/aatmaj/CENT/experiments/dda_full_sweep/traces/32_channels_per_device/25_devices/model_parallel/Llama2-7B/trace_25_FC_devices_seqlen_2816.txt
/home/aatmaj/CENT/aim_simulator/build/ramulator2 -f /home/aatmaj/CENT/aim_simulator/test/example.yaml -t /home/aatmaj/CENT/experiments/dda_full_sweep/traces/32_channels_per_device/25_devices/model_parallel_FC/Llama2-7B/trace_25_FC_devices_seqlen_2816.txt
/home/aatmaj/CENT/aim_simulator/build/ramulator2 -f /home/aatmaj/CENT/aim_simulator/test/example.yaml -t /home/aatmaj/CENT/experiments/dda_full_sweep/traces/32_channels_per_device/25_devices/model_parallel/Llama2-7B/trace_25_FC_devices_seqlen_2944.txt
/home/aatmaj/CENT/aim_simulator/build/ramulator2 -f /home/aatmaj/CENT/aim_simulator/test/example.yaml -t /home/aatmaj/CENT/experiments/dda_full_sweep/traces/32_channels_per_device/25_devices/model_parallel_FC/Llama2-7B/trace_25_FC_devices_seqlen_2944.txt
/home/aatmaj/CENT/aim_simulator/build/ramulator2 -f /home/aatmaj/CENT/aim_simulator/test/example.yaml -t /home/aatmaj/CENT/experiments/dda_full_sweep/traces/32_channels_per_device/25_devices/model_parallel/Llama2-7B/trace_25_FC_devices_seqlen_3072.txt
/home/aatmaj/CENT/aim_simulator/build/ramulator2 -f /home/aatmaj/CENT/aim_simulator/test/example.yaml -t /home/aatmaj/CENT/experiments/dda_full_sweep/traces/32_channels_per_device/25_devices/model_parallel_FC/Llama2-7B/trace_25_FC_devices_seqlen_3072.txt
/home/aatmaj/CENT/aim_simulator/build/ramulator2 -f /home/aatmaj/CENT/aim_simulator/test/example.yaml -t /home/aatmaj/CENT/experiments/dda_full_sweep/traces/32_channels_per_device/25_devices/model_parallel/Llama2-7B/trace_25_FC_devices_seqlen_3200.txt
/home/aatmaj/CENT/aim_simulator/build/ramulator2 -f /home/aatmaj/CENT/aim_simulator/test/example.yaml -t /home/aatmaj/CENT/experiments/dda_full_sweep/traces/32_channels_per_device/25_devices/model_parallel_FC/Llama2-7B/trace_25_FC_devices_seqlen_3200.txt
/home/aatmaj/CENT/aim_simulator/build/ramulator2 -f /home/aatmaj/CENT/aim_simulator/test/example.yaml -t /home/aatmaj/CENT/experiments/dda_full_sweep/traces/32_channels_per_device/25_devices/model_parallel/Llama2-7B/trace_25_FC_devices_seqlen_3328.txt
/home/aatmaj/CENT/aim_simulator/build/ramulator2 -f /home/aatmaj/CENT/aim_simulator/test/example.yaml -t /home/aatmaj/CENT/experiments/dda_full_sweep/traces/32_channels_per_device/25_devices/model_parallel_FC/Llama2-7B/trace_25_FC_devices_seqlen_3328.txt
/home/aatmaj/CENT/aim_simulator/build/ramulator2 -f /home/aatmaj/CENT/aim_simulator/test/example.yaml -t /home/aatmaj/CENT/experiments/dda_full_sweep/traces/32_channels_per_device/25_devices/model_parallel/Llama2-7B/trace_25_FC_devices_seqlen_3456.txt
/home/aatmaj/CENT/aim_simulator/build/ramulator2 -f /home/aatmaj/CENT/aim_simulator/test/example.yaml -t /home/aatmaj/CENT/experiments/dda_full_sweep/traces/32_channels_per_device/25_devices/model_parallel_FC/Llama2-7B/trace_25_FC_devices_seqlen_3456.txt
/home/aatmaj/CENT/aim_simulator/build/ramulator2 -f /home/aatmaj/CENT/aim_simulator/test/example.yaml -t /home/aatmaj/CENT/experiments/dda_full_sweep/traces/32_channels_per_device/25_devices/model_parallel/Llama2-7B/trace_25_FC_devices_seqlen_3584.txt
/home/aatmaj/CENT/aim_simulator/build/ramulator2 -f /home/aatmaj/CENT/aim_simulator/test/example.yaml -t /home/aatmaj/CENT/experiments/dda_full_sweep/traces/32_channels_per_device/25_devices/model_parallel_FC/Llama2-7B/trace_25_FC_devices_seqlen_3584.txt
/home/aatmaj/CENT/aim_simulator/build/ramulator2 -f /home/aatmaj/CENT/aim_simulator/test/example.yaml -t /home/aatmaj/CENT/experiments/dda_full_sweep/traces/32_channels_per_device/25_devices/model_parallel/Llama2-7B/trace_25_FC_devices_seqlen_3712.txt
/home/aatmaj/CENT/aim_simulator/build/ramulator2 -f /home/aatmaj/CENT/aim_simulator/test/example.yaml -t /home/aatmaj/CENT/experiments/dda_full_sweep/traces/32_channels_per_device/25_devices/model_parallel_FC/Llama2-7B/trace_25_FC_devices_seqlen_3712.txt
/home/aatmaj/CENT/aim_simulator/build/ramulator2 -f /home/aatmaj/CENT/aim_simulator/test/example.yaml -t /home/aatmaj/CENT/experiments/dda_full_sweep/traces/32_channels_per_device/25_devices/model_parallel/Llama2-7B/trace_25_FC_devices_seqlen_3840.txt
/home/aatmaj/CENT/aim_simulator/build/ramulator2 -f /home/aatmaj/CENT/aim_simulator/test/example.yaml -t /home/aatmaj/CENT/experiments/dda_full_sweep/traces/32_channels_per_device/25_devices/model_parallel_FC/Llama2-7B/trace_25_FC_devices_seqlen_3840.txt
/home/aatmaj/CENT/aim_simulator/build/ramulator2 -f /home/aatmaj/CENT/aim_simulator/test/example.yaml -t /home/aatmaj/CENT/experiments/dda_full_sweep/traces/32_channels_per_device/25_devices/model_parallel/Llama2-7B/trace_25_FC_devices_seqlen_3968.txt
/home/aatmaj/CENT/aim_simulator/build/ramulator2 -f /home/aatmaj/CENT/aim_simulator/test/example.yaml -t /home/aatmaj/CENT/experiments/dda_full_sweep/traces/32_channels_per_device/25_devices/model_parallel_FC/Llama2-7B/trace_25_FC_devices_seqlen_3968.txt
/home/aatmaj/CENT/aim_simulator/build/ramulator2 -f /home/aatmaj/CENT/aim_simulator/test/example.yaml -t /home/aatmaj/CENT/experiments/dda_full_sweep/traces/32_channels_per_device/25_devices/model_parallel/Llama2-7B/trace_25_FC_devices_seqlen_4096.txt
/home/aatmaj/CENT/experiments/dda_full_sweep/simulation/run_sim_full32.py:447: FutureWarning: The behavior of DataFrame concatenation with empty or all-NA entries is deprecated. In a future version, this will no longer exclude empty or all-NA columns when determining the result dtypes. To retain the old behavior, exclude the relevant entries before the concat operation.
  results_df = pd.concat([results_df, new_df], ignore_index=True)
/home/aatmaj/CENT/aim_simulator/build/ramulator2 -f /home/aatmaj/CENT/aim_simulator/test/example.yaml -t /home/aatmaj/CENT/experiments/dda_full_sweep/traces/32_channels_per_device/25_devices/model_parallel_FC/Llama2-7B/trace_25_FC_devices_seqlen_4096.txt
Processing results...
Updating simulation results to CSV...
skip Pool T Llama2-7B N_T=7
=== Pool T | Llama2-7B | N_T=9 | TP=1, PP=layers ===
Generating traces for Llama2-7B (9 devices) ...
/home/aatmaj/CENT/aim_simulator/build/ramulator2 -f /home/aatmaj/CENT/aim_simulator/test/example.yaml -t /home/aatmaj/CENT/experiments/dda_full_sweep/traces/32_channels_per_device/9_devices/pipeline_parallel_embedding/Llama2-7B/trace_8_channels_per_block_seqlen_4096.txt
/home/aatmaj/CENT/aim_simulator/build/ramulator2 -f /home/aatmaj/CENT/aim_simulator/test/example.yaml -t /home/aatmaj/CENT/experiments/dda_full_sweep/traces/32_channels_per_device/9_devices/pipeline_parallel/Llama2-7B/trace_8_channels_per_block_seqlen_128.txt
/home/aatmaj/CENT/aim_simulator/build/ramulator2 -f /home/aatmaj/CENT/aim_simulator/test/example.yaml -t /home/aatmaj/CENT/experiments/dda_full_sweep/traces/32_channels_per_device/9_devices/pipeline_parallel/Llama2-7B/trace_8_channels_per_block_seqlen_256.txt
/home/aatmaj/CENT/aim_simulator/build/ramulator2 -f /home/aatmaj/CENT/aim_simulator/test/example.yaml -t /home/aatmaj/CENT/experiments/dda_full_sweep/traces/32_channels_per_device/9_devices/pipeline_parallel/Llama2-7B/trace_8_channels_per_block_seqlen_384.txt
/home/aatmaj/CENT/aim_simulator/build/ramulator2 -f /home/aatmaj/CENT/aim_simulator/test/example.yaml -t /home/aatmaj/CENT/experiments/dda_full_sweep/traces/32_channels_per_device/9_devices/pipeline_parallel/Llama2-7B/trace_8_channels_per_block_seqlen_512.txt
/home/aatmaj/CENT/aim_simulator/build/ramulator2 -f /home/aatmaj/CENT/aim_simulator/test/example.yaml -t /home/aatmaj/CENT/experiments/dda_full_sweep/traces/32_channels_per_device/9_devices/pipeline_parallel/Llama2-7B/trace_8_channels_per_block_seqlen_640.txt
/home/aatmaj/CENT/aim_simulator/build/ramulator2 -f /home/aatmaj/CENT/aim_simulator/test/example.yaml -t /home/aatmaj/CENT/experiments/dda_full_sweep/traces/32_channels_per_device/9_devices/pipeline_parallel/Llama2-7B/trace_8_channels_per_block_seqlen_768.txt
/home/aatmaj/CENT/aim_simulator/build/ramulator2 -f /home/aatmaj/CENT/aim_simulator/test/example.yaml -t /home/aatmaj/CENT/experiments/dda_full_sweep/traces/32_channels_per_device/9_devices/pipeline_parallel/Llama2-7B/trace_8_channels_per_block_seqlen_896.txt
/home/aatmaj/CENT/aim_simulator/build/ramulator2 -f /home/aatmaj/CENT/aim_simulator/test/example.yaml -t /home/aatmaj/CENT/experiments/dda_full_sweep/traces/32_channels_per_device/9_devices/pipeline_parallel/Llama2-7B/trace_8_channels_per_block_seqlen_1024.txt
/home/aatmaj/CENT/aim_simulator/build/ramulator2 -f /home/aatmaj/CENT/aim_simulator/test/example.yaml -t /home/aatmaj/CENT/experiments/dda_full_sweep/traces/32_channels_per_device/9_devices/pipeline_parallel/Llama2-7B/trace_8_channels_per_block_seqlen_1152.txt
/home/aatmaj/CENT/aim_simulator/build/ramulator2 -f /home/aatmaj/CENT/aim_simulator/test/example.yaml -t /home/aatmaj/CENT/experiments/dda_full_sweep/traces/32_channels_per_device/9_devices/pipeline_parallel/Llama2-7B/trace_8_channels_per_block_seqlen_1280.txt
/home/aatmaj/CENT/aim_simulator/build/ramulator2 -f /home/aatmaj/CENT/aim_simulator/test/example.yaml -t /home/aatmaj/CENT/experiments/dda_full_sweep/traces/32_channels_per_device/9_devices/pipeline_parallel/Llama2-7B/trace_8_channels_per_block_seqlen_1408.txt
/home/aatmaj/CENT/aim_simulator/build/ramulator2 -f /home/aatmaj/CENT/aim_simulator/test/example.yaml -t /home/aatmaj/CENT/experiments/dda_full_sweep/traces/32_channels_per_device/9_devices/pipeline_parallel/Llama2-7B/trace_8_channels_per_block_seqlen_1536.txt
/home/aatmaj/CENT/aim_simulator/build/ramulator2 -f /home/aatmaj/CENT/aim_simulator/test/example.yaml -t /home/aatmaj/CENT/experiments/dda_full_sweep/traces/32_channels_per_device/9_devices/pipeline_parallel/Llama2-7B/trace_8_channels_per_block_seqlen_1664.txt
/home/aatmaj/CENT/aim_simulator/build/ramulator2 -f /home/aatmaj/CENT/aim_simulator/test/example.yaml -t /home/aatmaj/CENT/experiments/dda_full_sweep/traces/32_channels_per_device/9_devices/pipeline_parallel/Llama2-7B/trace_8_channels_per_block_seqlen_1792.txt
/home/aatmaj/CENT/aim_simulator/build/ramulator2 -f /home/aatmaj/CENT/aim_simulator/test/example.yaml -t /home/aatmaj/CENT/experiments/dda_full_sweep/traces/32_channels_per_device/9_devices/pipeline_parallel/Llama2-7B/trace_8_channels_per_block_seqlen_1920.txt
/home/aatmaj/CENT/aim_simulator/build/ramulator2 -f /home/aatmaj/CENT/aim_simulator/test/example.yaml -t /home/aatmaj/CENT/experiments/dda_full_sweep/traces/32_channels_per_device/9_devices/pipeline_parallel/Llama2-7B/trace_8_channels_per_block_seqlen_2048.txt
/home/aatmaj/CENT/aim_simulator/build/ramulator2 -f /home/aatmaj/CENT/aim_simulator/test/example.yaml -t /home/aatmaj/CENT/experiments/dda_full_sweep/traces/32_channels_per_device/9_devices/pipeline_parallel/Llama2-7B/trace_8_channels_per_block_seqlen_2176.txt
/home/aatmaj/CENT/aim_simulator/build/ramulator2 -f /home/aatmaj/CENT/aim_simulator/test/example.yaml -t /home/aatmaj/CENT/experiments/dda_full_sweep/traces/32_channels_per_device/9_devices/pipeline_parallel/Llama2-7B/trace_8_channels_per_block_seqlen_2304.txt
/home/aatmaj/CENT/aim_simulator/build/ramulator2 -f /home/aatmaj/CENT/aim_simulator/test/example.yaml -t /home/aatmaj/CENT/experiments/dda_full_sweep/traces/32_channels_per_device/9_devices/pipeline_parallel/Llama2-7B/trace_8_channels_per_block_seqlen_2432.txt
/home/aatmaj/CENT/aim_simulator/build/ramulator2 -f /home/aatmaj/CENT/aim_simulator/test/example.yaml -t /home/aatmaj/CENT/experiments/dda_full_sweep/traces/32_channels_per_device/9_devices/pipeline_parallel/Llama2-7B/trace_8_channels_per_block_seqlen_2560.txt
/home/aatmaj/CENT/aim_simulator/build/ramulator2 -f /home/aatmaj/CENT/aim_simulator/test/example.yaml -t /home/aatmaj/CENT/experiments/dda_full_sweep/traces/32_channels_per_device/9_devices/pipeline_parallel/Llama2-7B/trace_8_channels_per_block_seqlen_2688.txt
/home/aatmaj/CENT/aim_simulator/build/ramulator2 -f /home/aatmaj/CENT/aim_simulator/test/example.yaml -t /home/aatmaj/CENT/experiments/dda_full_sweep/traces/32_channels_per_device/9_devices/pipeline_parallel/Llama2-7B/trace_8_channels_per_block_seqlen_2816.txt
/home/aatmaj/CENT/aim_simulator/build/ramulator2 -f /home/aatmaj/CENT/aim_simulator/test/example.yaml -t /home/aatmaj/CENT/experiments/dda_full_sweep/traces/32_channels_per_device/9_devices/pipeline_parallel/Llama2-7B/trace_8_channels_per_block_seqlen_2944.txt
/home/aatmaj/CENT/aim_simulator/build/ramulator2 -f /home/aatmaj/CENT/aim_simulator/test/example.yaml -t /home/aatmaj/CENT/experiments/dda_full_sweep/traces/32_channels_per_device/9_devices/pipeline_parallel/Llama2-7B/trace_8_channels_per_block_seqlen_3072.txt
/home/aatmaj/CENT/aim_simulator/build/ramulator2 -f /home/aatmaj/CENT/aim_simulator/test/example.yaml -t /home/aatmaj/CENT/experiments/dda_full_sweep/traces/32_channels_per_device/9_devices/pipeline_parallel/Llama2-7B/trace_8_channels_per_block_seqlen_3200.txt
/home/aatmaj/CENT/aim_simulator/build/ramulator2 -f /home/aatmaj/CENT/aim_simulator/test/example.yaml -t /home/aatmaj/CENT/experiments/dda_full_sweep/traces/32_channels_per_device/9_devices/pipeline_parallel/Llama2-7B/trace_8_channels_per_block_seqlen_3328.txt
/home/aatmaj/CENT/aim_simulator/build/ramulator2 -f /home/aatmaj/CENT/aim_simulator/test/example.yaml -t /home/aatmaj/CENT/experiments/dda_full_sweep/traces/32_channels_per_device/9_devices/pipeline_parallel/Llama2-7B/trace_8_channels_per_block_seqlen_3456.txt
/home/aatmaj/CENT/aim_simulator/build/ramulator2 -f /home/aatmaj/CENT/aim_simulator/test/example.yaml -t /home/aatmaj/CENT/experiments/dda_full_sweep/traces/32_channels_per_device/9_devices/pipeline_parallel/Llama2-7B/trace_8_channels_per_block_seqlen_3584.txt
/home/aatmaj/CENT/aim_simulator/build/ramulator2 -f /home/aatmaj/CENT/aim_simulator/test/example.yaml -t /home/aatmaj/CENT/experiments/dda_full_sweep/traces/32_channels_per_device/9_devices/pipeline_parallel/Llama2-7B/trace_8_channels_per_block_seqlen_3712.txt
/home/aatmaj/CENT/aim_simulator/build/ramulator2 -f /home/aatmaj/CENT/aim_simulator/test/example.yaml -t /home/aatmaj/CENT/experiments/dda_full_sweep/traces/32_channels_per_device/9_devices/pipeline_parallel/Llama2-7B/trace_8_channels_per_block_seqlen_3840.txt
/home/aatmaj/CENT/experiments/dda_full_sweep/simulation/run_sim_full32.py:460: FutureWarning: The behavior of DataFrame concatenation with empty or all-NA entries is deprecated. In a future version, this will no longer exclude empty or all-NA columns when determining the result dtypes. To retain the old behavior, exclude the relevant entries before the concat operation.
  results_df = pd.concat([results_df, new_df], ignore_index=True)
/home/aatmaj/CENT/aim_simulator/build/ramulator2 -f /home/aatmaj/CENT/aim_simulator/test/example.yaml -t /home/aatmaj/CENT/experiments/dda_full_sweep/traces/32_channels_per_device/9_devices/pipeline_parallel/Llama2-7B/trace_8_channels_per_block_seqlen_3968.txt
/home/aatmaj/CENT/aim_simulator/build/ramulator2 -f /home/aatmaj/CENT/aim_simulator/test/example.yaml -t /home/aatmaj/CENT/experiments/dda_full_sweep/traces/32_channels_per_device/9_devices/pipeline_parallel/Llama2-7B/trace_8_channels_per_block_seqlen_4096.txt
Processing results...
Updating simulation results to CSV...
=== Pool T | Llama2-7B | N_T=11 | TP=1, PP=layers ===
Generating traces for Llama2-7B (11 devices) ...
/home/aatmaj/CENT/aim_simulator/build/ramulator2 -f /home/aatmaj/CENT/aim_simulator/test/example.yaml -t /home/aatmaj/CENT/experiments/dda_full_sweep/traces/32_channels_per_device/11_devices/pipeline_parallel_embedding/Llama2-7B/trace_10_channels_per_block_seqlen_4096.txt
/home/aatmaj/CENT/aim_simulator/build/ramulator2 -f /home/aatmaj/CENT/aim_simulator/test/example.yaml -t /home/aatmaj/CENT/experiments/dda_full_sweep/traces/32_channels_per_device/11_devices/pipeline_parallel/Llama2-7B/trace_10_channels_per_block_seqlen_128.txt
/home/aatmaj/CENT/aim_simulator/build/ramulator2 -f /home/aatmaj/CENT/aim_simulator/test/example.yaml -t /home/aatmaj/CENT/experiments/dda_full_sweep/traces/32_channels_per_device/11_devices/pipeline_parallel/Llama2-7B/trace_10_channels_per_block_seqlen_256.txt
/home/aatmaj/CENT/aim_simulator/build/ramulator2 -f /home/aatmaj/CENT/aim_simulator/test/example.yaml -t /home/aatmaj/CENT/experiments/dda_full_sweep/traces/32_channels_per_device/11_devices/pipeline_parallel/Llama2-7B/trace_10_channels_per_block_seqlen_384.txt
/home/aatmaj/CENT/aim_simulator/build/ramulator2 -f /home/aatmaj/CENT/aim_simulator/test/example.yaml -t /home/aatmaj/CENT/experiments/dda_full_sweep/traces/32_channels_per_device/11_devices/pipeline_parallel/Llama2-7B/trace_10_channels_per_block_seqlen_512.txt
/home/aatmaj/CENT/aim_simulator/build/ramulator2 -f /home/aatmaj/CENT/aim_simulator/test/example.yaml -t /home/aatmaj/CENT/experiments/dda_full_sweep/traces/32_channels_per_device/11_devices/pipeline_parallel/Llama2-7B/trace_10_channels_per_block_seqlen_640.txt
/home/aatmaj/CENT/aim_simulator/build/ramulator2 -f /home/aatmaj/CENT/aim_simulator/test/example.yaml -t /home/aatmaj/CENT/experiments/dda_full_sweep/traces/32_channels_per_device/11_devices/pipeline_parallel/Llama2-7B/trace_10_channels_per_block_seqlen_768.txt
/home/aatmaj/CENT/aim_simulator/build/ramulator2 -f /home/aatmaj/CENT/aim_simulator/test/example.yaml -t /home/aatmaj/CENT/experiments/dda_full_sweep/traces/32_channels_per_device/11_devices/pipeline_parallel/Llama2-7B/trace_10_channels_per_block_seqlen_896.txt
/home/aatmaj/CENT/aim_simulator/build/ramulator2 -f /home/aatmaj/CENT/aim_simulator/test/example.yaml -t /home/aatmaj/CENT/experiments/dda_full_sweep/traces/32_channels_per_device/11_devices/pipeline_parallel/Llama2-7B/trace_10_channels_per_block_seqlen_1024.txt
/home/aatmaj/CENT/aim_simulator/build/ramulator2 -f /home/aatmaj/CENT/aim_simulator/test/example.yaml -t /home/aatmaj/CENT/experiments/dda_full_sweep/traces/32_channels_per_device/11_devices/pipeline_parallel/Llama2-7B/trace_10_channels_per_block_seqlen_1152.txt
/home/aatmaj/CENT/aim_simulator/build/ramulator2 -f /home/aatmaj/CENT/aim_simulator/test/example.yaml -t /home/aatmaj/CENT/experiments/dda_full_sweep/traces/32_channels_per_device/11_devices/pipeline_parallel/Llama2-7B/trace_10_channels_per_block_seqlen_1280.txt
/home/aatmaj/CENT/aim_simulator/build/ramulator2 -f /home/aatmaj/CENT/aim_simulator/test/example.yaml -t /home/aatmaj/CENT/experiments/dda_full_sweep/traces/32_channels_per_device/11_devices/pipeline_parallel/Llama2-7B/trace_10_channels_per_block_seqlen_1408.txt
/home/aatmaj/CENT/aim_simulator/build/ramulator2 -f /home/aatmaj/CENT/aim_simulator/test/example.yaml -t /home/aatmaj/CENT/experiments/dda_full_sweep/traces/32_channels_per_device/11_devices/pipeline_parallel/Llama2-7B/trace_10_channels_per_block_seqlen_1536.txt
/home/aatmaj/CENT/aim_simulator/build/ramulator2 -f /home/aatmaj/CENT/aim_simulator/test/example.yaml -t /home/aatmaj/CENT/experiments/dda_full_sweep/traces/32_channels_per_device/11_devices/pipeline_parallel/Llama2-7B/trace_10_channels_per_block_seqlen_1664.txt
/home/aatmaj/CENT/aim_simulator/build/ramulator2 -f /home/aatmaj/CENT/aim_simulator/test/example.yaml -t /home/aatmaj/CENT/experiments/dda_full_sweep/traces/32_channels_per_device/11_devices/pipeline_parallel/Llama2-7B/trace_10_channels_per_block_seqlen_1792.txt
/home/aatmaj/CENT/aim_simulator/build/ramulator2 -f /home/aatmaj/CENT/aim_simulator/test/example.yaml -t /home/aatmaj/CENT/experiments/dda_full_sweep/traces/32_channels_per_device/11_devices/pipeline_parallel/Llama2-7B/trace_10_channels_per_block_seqlen_1920.txt
/home/aatmaj/CENT/aim_simulator/build/ramulator2 -f /home/aatmaj/CENT/aim_simulator/test/example.yaml -t /home/aatmaj/CENT/experiments/dda_full_sweep/traces/32_channels_per_device/11_devices/pipeline_parallel/Llama2-7B/trace_10_channels_per_block_seqlen_2048.txt
/home/aatmaj/CENT/aim_simulator/build/ramulator2 -f /home/aatmaj/CENT/aim_simulator/test/example.yaml -t /home/aatmaj/CENT/experiments/dda_full_sweep/traces/32_channels_per_device/11_devices/pipeline_parallel/Llama2-7B/trace_10_channels_per_block_seqlen_2176.txt
/home/aatmaj/CENT/aim_simulator/build/ramulator2 -f /home/aatmaj/CENT/aim_simulator/test/example.yaml -t /home/aatmaj/CENT/experiments/dda_full_sweep/traces/32_channels_per_device/11_devices/pipeline_parallel/Llama2-7B/trace_10_channels_per_block_seqlen_2304.txt
/home/aatmaj/CENT/aim_simulator/build/ramulator2 -f /home/aatmaj/CENT/aim_simulator/test/example.yaml -t /home/aatmaj/CENT/experiments/dda_full_sweep/traces/32_channels_per_device/11_devices/pipeline_parallel/Llama2-7B/trace_10_channels_per_block_seqlen_2432.txt
/home/aatmaj/CENT/aim_simulator/build/ramulator2 -f /home/aatmaj/CENT/aim_simulator/test/example.yaml -t /home/aatmaj/CENT/experiments/dda_full_sweep/traces/32_channels_per_device/11_devices/pipeline_parallel/Llama2-7B/trace_10_channels_per_block_seqlen_2560.txt
/home/aatmaj/CENT/aim_simulator/build/ramulator2 -f /home/aatmaj/CENT/aim_simulator/test/example.yaml -t /home/aatmaj/CENT/experiments/dda_full_sweep/traces/32_channels_per_device/11_devices/pipeline_parallel/Llama2-7B/trace_10_channels_per_block_seqlen_2688.txt
/home/aatmaj/CENT/aim_simulator/build/ramulator2 -f /home/aatmaj/CENT/aim_simulator/test/example.yaml -t /home/aatmaj/CENT/experiments/dda_full_sweep/traces/32_channels_per_device/11_devices/pipeline_parallel/Llama2-7B/trace_10_channels_per_block_seqlen_2816.txt
/home/aatmaj/CENT/aim_simulator/build/ramulator2 -f /home/aatmaj/CENT/aim_simulator/test/example.yaml -t /home/aatmaj/CENT/experiments/dda_full_sweep/traces/32_channels_per_device/11_devices/pipeline_parallel/Llama2-7B/trace_10_channels_per_block_seqlen_2944.txt
/home/aatmaj/CENT/aim_simulator/build/ramulator2 -f /home/aatmaj/CENT/aim_simulator/test/example.yaml -t /home/aatmaj/CENT/experiments/dda_full_sweep/traces/32_channels_per_device/11_devices/pipeline_parallel/Llama2-7B/trace_10_channels_per_block_seqlen_3072.txt
/home/aatmaj/CENT/aim_simulator/build/ramulator2 -f /home/aatmaj/CENT/aim_simulator/test/example.yaml -t /home/aatmaj/CENT/experiments/dda_full_sweep/traces/32_channels_per_device/11_devices/pipeline_parallel/Llama2-7B/trace_10_channels_per_block_seqlen_3200.txt
/home/aatmaj/CENT/aim_simulator/build/ramulator2 -f /home/aatmaj/CENT/aim_simulator/test/example.yaml -t /home/aatmaj/CENT/experiments/dda_full_sweep/traces/32_channels_per_device/11_devices/pipeline_parallel/Llama2-7B/trace_10_channels_per_block_seqlen_3328.txt
/home/aatmaj/CENT/aim_simulator/build/ramulator2 -f /home/aatmaj/CENT/aim_simulator/test/example.yaml -t /home/aatmaj/CENT/experiments/dda_full_sweep/traces/32_channels_per_device/11_devices/pipeline_parallel/Llama2-7B/trace_10_channels_per_block_seqlen_3456.txt
/home/aatmaj/CENT/aim_simulator/build/ramulator2 -f /home/aatmaj/CENT/aim_simulator/test/example.yaml -t /home/aatmaj/CENT/experiments/dda_full_sweep/traces/32_channels_per_device/11_devices/pipeline_parallel/Llama2-7B/trace_10_channels_per_block_seqlen_3584.txt
/home/aatmaj/CENT/aim_simulator/build/ramulator2 -f /home/aatmaj/CENT/aim_simulator/test/example.yaml -t /home/aatmaj/CENT/experiments/dda_full_sweep/traces/32_channels_per_device/11_devices/pipeline_parallel/Llama2-7B/trace_10_channels_per_block_seqlen_3712.txt
/home/aatmaj/CENT/experiments/dda_full_sweep/simulation/run_sim_full32.py:460: FutureWarning: The behavior of DataFrame concatenation with empty or all-NA entries is deprecated. In a future version, this will no longer exclude empty or all-NA columns when determining the result dtypes. To retain the old behavior, exclude the relevant entries before the concat operation.
  results_df = pd.concat([results_df, new_df], ignore_index=True)
/home/aatmaj/CENT/aim_simulator/build/ramulator2 -f /home/aatmaj/CENT/aim_simulator/test/example.yaml -t /home/aatmaj/CENT/experiments/dda_full_sweep/traces/32_channels_per_device/11_devices/pipeline_parallel/Llama2-7B/trace_10_channels_per_block_seqlen_3840.txt
/home/aatmaj/CENT/aim_simulator/build/ramulator2 -f /home/aatmaj/CENT/aim_simulator/test/example.yaml -t /home/aatmaj/CENT/experiments/dda_full_sweep/traces/32_channels_per_device/11_devices/pipeline_parallel/Llama2-7B/trace_10_channels_per_block_seqlen_3968.txt
/home/aatmaj/CENT/aim_simulator/build/ramulator2 -f /home/aatmaj/CENT/aim_simulator/test/example.yaml -t /home/aatmaj/CENT/experiments/dda_full_sweep/traces/32_channels_per_device/11_devices/pipeline_parallel/Llama2-7B/trace_10_channels_per_block_seqlen_4096.txt
Processing results...
Updating simulation results to CSV...
=== Pool T | Llama2-7B | N_T=13 | TP=1, PP=layers ===
Generating traces for Llama2-7B (13 devices) ...
/home/aatmaj/CENT/aim_simulator/build/ramulator2 -f /home/aatmaj/CENT/aim_simulator/test/example.yaml -t /home/aatmaj/CENT/experiments/dda_full_sweep/traces/32_channels_per_device/13_devices/pipeline_parallel_embedding/Llama2-7B/trace_10_channels_per_block_seqlen_4096.txt
/home/aatmaj/CENT/aim_simulator/build/ramulator2 -f /home/aatmaj/CENT/aim_simulator/test/example.yaml -t /home/aatmaj/CENT/experiments/dda_full_sweep/traces/32_channels_per_device/13_devices/pipeline_parallel/Llama2-7B/trace_10_channels_per_block_seqlen_128.txt
/home/aatmaj/CENT/aim_simulator/build/ramulator2 -f /home/aatmaj/CENT/aim_simulator/test/example.yaml -t /home/aatmaj/CENT/experiments/dda_full_sweep/traces/32_channels_per_device/13_devices/pipeline_parallel/Llama2-7B/trace_10_channels_per_block_seqlen_256.txt
/home/aatmaj/CENT/aim_simulator/build/ramulator2 -f /home/aatmaj/CENT/aim_simulator/test/example.yaml -t /home/aatmaj/CENT/experiments/dda_full_sweep/traces/32_channels_per_device/13_devices/pipeline_parallel/Llama2-7B/trace_10_channels_per_block_seqlen_384.txt
/home/aatmaj/CENT/aim_simulator/build/ramulator2 -f /home/aatmaj/CENT/aim_simulator/test/example.yaml -t /home/aatmaj/CENT/experiments/dda_full_sweep/traces/32_channels_per_device/13_devices/pipeline_parallel/Llama2-7B/trace_10_channels_per_block_seqlen_512.txt
/home/aatmaj/CENT/aim_simulator/build/ramulator2 -f /home/aatmaj/CENT/aim_simulator/test/example.yaml -t /home/aatmaj/CENT/experiments/dda_full_sweep/traces/32_channels_per_device/13_devices/pipeline_parallel/Llama2-7B/trace_10_channels_per_block_seqlen_640.txt
/home/aatmaj/CENT/aim_simulator/build/ramulator2 -f /home/aatmaj/CENT/aim_simulator/test/example.yaml -t /home/aatmaj/CENT/experiments/dda_full_sweep/traces/32_channels_per_device/13_devices/pipeline_parallel/Llama2-7B/trace_10_channels_per_block_seqlen_768.txt
/home/aatmaj/CENT/aim_simulator/build/ramulator2 -f /home/aatmaj/CENT/aim_simulator/test/example.yaml -t /home/aatmaj/CENT/experiments/dda_full_sweep/traces/32_channels_per_device/13_devices/pipeline_parallel/Llama2-7B/trace_10_channels_per_block_seqlen_896.txt
/home/aatmaj/CENT/aim_simulator/build/ramulator2 -f /home/aatmaj/CENT/aim_simulator/test/example.yaml -t /home/aatmaj/CENT/experiments/dda_full_sweep/traces/32_channels_per_device/13_devices/pipeline_parallel/Llama2-7B/trace_10_channels_per_block_seqlen_1024.txt
/home/aatmaj/CENT/aim_simulator/build/ramulator2 -f /home/aatmaj/CENT/aim_simulator/test/example.yaml -t /home/aatmaj/CENT/experiments/dda_full_sweep/traces/32_channels_per_device/13_devices/pipeline_parallel/Llama2-7B/trace_10_channels_per_block_seqlen_1152.txt
/home/aatmaj/CENT/aim_simulator/build/ramulator2 -f /home/aatmaj/CENT/aim_simulator/test/example.yaml -t /home/aatmaj/CENT/experiments/dda_full_sweep/traces/32_channels_per_device/13_devices/pipeline_parallel/Llama2-7B/trace_10_channels_per_block_seqlen_1280.txt
/home/aatmaj/CENT/aim_simulator/build/ramulator2 -f /home/aatmaj/CENT/aim_simulator/test/example.yaml -t /home/aatmaj/CENT/experiments/dda_full_sweep/traces/32_channels_per_device/13_devices/pipeline_parallel/Llama2-7B/trace_10_channels_per_block_seqlen_1408.txt
/home/aatmaj/CENT/aim_simulator/build/ramulator2 -f /home/aatmaj/CENT/aim_simulator/test/example.yaml -t /home/aatmaj/CENT/experiments/dda_full_sweep/traces/32_channels_per_device/13_devices/pipeline_parallel/Llama2-7B/trace_10_channels_per_block_seqlen_1536.txt
/home/aatmaj/CENT/aim_simulator/build/ramulator2 -f /home/aatmaj/CENT/aim_simulator/test/example.yaml -t /home/aatmaj/CENT/experiments/dda_full_sweep/traces/32_channels_per_device/13_devices/pipeline_parallel/Llama2-7B/trace_10_channels_per_block_seqlen_1664.txt
/home/aatmaj/CENT/aim_simulator/build/ramulator2 -f /home/aatmaj/CENT/aim_simulator/test/example.yaml -t /home/aatmaj/CENT/experiments/dda_full_sweep/traces/32_channels_per_device/13_devices/pipeline_parallel/Llama2-7B/trace_10_channels_per_block_seqlen_1792.txt
/home/aatmaj/CENT/aim_simulator/build/ramulator2 -f /home/aatmaj/CENT/aim_simulator/test/example.yaml -t /home/aatmaj/CENT/experiments/dda_full_sweep/traces/32_channels_per_device/13_devices/pipeline_parallel/Llama2-7B/trace_10_channels_per_block_seqlen_1920.txt
/home/aatmaj/CENT/aim_simulator/build/ramulator2 -f /home/aatmaj/CENT/aim_simulator/test/example.yaml -t /home/aatmaj/CENT/experiments/dda_full_sweep/traces/32_channels_per_device/13_devices/pipeline_parallel/Llama2-7B/trace_10_channels_per_block_seqlen_2048.txt
/home/aatmaj/CENT/aim_simulator/build/ramulator2 -f /home/aatmaj/CENT/aim_simulator/test/example.yaml -t /home/aatmaj/CENT/experiments/dda_full_sweep/traces/32_channels_per_device/13_devices/pipeline_parallel/Llama2-7B/trace_10_channels_per_block_seqlen_2176.txt
/home/aatmaj/CENT/aim_simulator/build/ramulator2 -f /home/aatmaj/CENT/aim_simulator/test/example.yaml -t /home/aatmaj/CENT/experiments/dda_full_sweep/traces/32_channels_per_device/13_devices/pipeline_parallel/Llama2-7B/trace_10_channels_per_block_seqlen_2304.txt
/home/aatmaj/CENT/aim_simulator/build/ramulator2 -f /home/aatmaj/CENT/aim_simulator/test/example.yaml -t /home/aatmaj/CENT/experiments/dda_full_sweep/traces/32_channels_per_device/13_devices/pipeline_parallel/Llama2-7B/trace_10_channels_per_block_seqlen_2432.txt
/home/aatmaj/CENT/aim_simulator/build/ramulator2 -f /home/aatmaj/CENT/aim_simulator/test/example.yaml -t /home/aatmaj/CENT/experiments/dda_full_sweep/traces/32_channels_per_device/13_devices/pipeline_parallel/Llama2-7B/trace_10_channels_per_block_seqlen_2560.txt
/home/aatmaj/CENT/aim_simulator/build/ramulator2 -f /home/aatmaj/CENT/aim_simulator/test/example.yaml -t /home/aatmaj/CENT/experiments/dda_full_sweep/traces/32_channels_per_device/13_devices/pipeline_parallel/Llama2-7B/trace_10_channels_per_block_seqlen_2688.txt
/home/aatmaj/CENT/aim_simulator/build/ramulator2 -f /home/aatmaj/CENT/aim_simulator/test/example.yaml -t /home/aatmaj/CENT/experiments/dda_full_sweep/traces/32_channels_per_device/13_devices/pipeline_parallel/Llama2-7B/trace_10_channels_per_block_seqlen_2816.txt
/home/aatmaj/CENT/aim_simulator/build/ramulator2 -f /home/aatmaj/CENT/aim_simulator/test/example.yaml -t /home/aatmaj/CENT/experiments/dda_full_sweep/traces/32_channels_per_device/13_devices/pipeline_parallel/Llama2-7B/trace_10_channels_per_block_seqlen_2944.txt
/home/aatmaj/CENT/aim_simulator/build/ramulator2 -f /home/aatmaj/CENT/aim_simulator/test/example.yaml -t /home/aatmaj/CENT/experiments/dda_full_sweep/traces/32_channels_per_device/13_devices/pipeline_parallel/Llama2-7B/trace_10_channels_per_block_seqlen_3072.txt
/home/aatmaj/CENT/aim_simulator/build/ramulator2 -f /home/aatmaj/CENT/aim_simulator/test/example.yaml -t /home/aatmaj/CENT/experiments/dda_full_sweep/traces/32_channels_per_device/13_devices/pipeline_parallel/Llama2-7B/trace_10_channels_per_block_seqlen_3200.txt
/home/aatmaj/CENT/aim_simulator/build/ramulator2 -f /home/aatmaj/CENT/aim_simulator/test/example.yaml -t /home/aatmaj/CENT/experiments/dda_full_sweep/traces/32_channels_per_device/13_devices/pipeline_parallel/Llama2-7B/trace_10_channels_per_block_seqlen_3328.txt
/home/aatmaj/CENT/aim_simulator/build/ramulator2 -f /home/aatmaj/CENT/aim_simulator/test/example.yaml -t /home/aatmaj/CENT/experiments/dda_full_sweep/traces/32_channels_per_device/13_devices/pipeline_parallel/Llama2-7B/trace_10_channels_per_block_seqlen_3456.txt
/home/aatmaj/CENT/aim_simulator/build/ramulator2 -f /home/aatmaj/CENT/aim_simulator/test/example.yaml -t /home/aatmaj/CENT/experiments/dda_full_sweep/traces/32_channels_per_device/13_devices/pipeline_parallel/Llama2-7B/trace_10_channels_per_block_seqlen_3584.txt
/home/aatmaj/CENT/aim_simulator/build/ramulator2 -f /home/aatmaj/CENT/aim_simulator/test/example.yaml -t /home/aatmaj/CENT/experiments/dda_full_sweep/traces/32_channels_per_device/13_devices/pipeline_parallel/Llama2-7B/trace_10_channels_per_block_seqlen_3712.txt
/home/aatmaj/CENT/experiments/dda_full_sweep/simulation/run_sim_full32.py:460: FutureWarning: The behavior of DataFrame concatenation with empty or all-NA entries is deprecated. In a future version, this will no longer exclude empty or all-NA columns when determining the result dtypes. To retain the old behavior, exclude the relevant entries before the concat operation.
  results_df = pd.concat([results_df, new_df], ignore_index=True)
/home/aatmaj/CENT/aim_simulator/build/ramulator2 -f /home/aatmaj/CENT/aim_simulator/test/example.yaml -t /home/aatmaj/CENT/experiments/dda_full_sweep/traces/32_channels_per_device/13_devices/pipeline_parallel/Llama2-7B/trace_10_channels_per_block_seqlen_3840.txt
/home/aatmaj/CENT/aim_simulator/build/ramulator2 -f /home/aatmaj/CENT/aim_simulator/test/example.yaml -t /home/aatmaj/CENT/experiments/dda_full_sweep/traces/32_channels_per_device/13_devices/pipeline_parallel/Llama2-7B/trace_10_channels_per_block_seqlen_3968.txt
/home/aatmaj/CENT/aim_simulator/build/ramulator2 -f /home/aatmaj/CENT/aim_simulator/test/example.yaml -t /home/aatmaj/CENT/experiments/dda_full_sweep/traces/32_channels_per_device/13_devices/pipeline_parallel/Llama2-7B/trace_10_channels_per_block_seqlen_4096.txt
Processing results...
Updating simulation results to CSV...
=== Pool T | Llama2-7B | N_T=15 | TP=1, PP=layers ===
Generating traces for Llama2-7B (15 devices) ...
/home/aatmaj/CENT/aim_simulator/build/ramulator2 -f /home/aatmaj/CENT/aim_simulator/test/example.yaml -t /home/aatmaj/CENT/experiments/dda_full_sweep/traces/32_channels_per_device/15_devices/pipeline_parallel_embedding/Llama2-7B/trace_10_channels_per_block_seqlen_4096.txt
/home/aatmaj/CENT/aim_simulator/build/ramulator2 -f /home/aatmaj/CENT/aim_simulator/test/example.yaml -t /home/aatmaj/CENT/experiments/dda_full_sweep/traces/32_channels_per_device/15_devices/pipeline_parallel/Llama2-7B/trace_10_channels_per_block_seqlen_128.txt
/home/aatmaj/CENT/aim_simulator/build/ramulator2 -f /home/aatmaj/CENT/aim_simulator/test/example.yaml -t /home/aatmaj/CENT/experiments/dda_full_sweep/traces/32_channels_per_device/15_devices/pipeline_parallel/Llama2-7B/trace_10_channels_per_block_seqlen_256.txt
/home/aatmaj/CENT/aim_simulator/build/ramulator2 -f /home/aatmaj/CENT/aim_simulator/test/example.yaml -t /home/aatmaj/CENT/experiments/dda_full_sweep/traces/32_channels_per_device/15_devices/pipeline_parallel/Llama2-7B/trace_10_channels_per_block_seqlen_384.txt
/home/aatmaj/CENT/aim_simulator/build/ramulator2 -f /home/aatmaj/CENT/aim_simulator/test/example.yaml -t /home/aatmaj/CENT/experiments/dda_full_sweep/traces/32_channels_per_device/15_devices/pipeline_parallel/Llama2-7B/trace_10_channels_per_block_seqlen_512.txt
/home/aatmaj/CENT/aim_simulator/build/ramulator2 -f /home/aatmaj/CENT/aim_simulator/test/example.yaml -t /home/aatmaj/CENT/experiments/dda_full_sweep/traces/32_channels_per_device/15_devices/pipeline_parallel/Llama2-7B/trace_10_channels_per_block_seqlen_640.txt
/home/aatmaj/CENT/aim_simulator/build/ramulator2 -f /home/aatmaj/CENT/aim_simulator/test/example.yaml -t /home/aatmaj/CENT/experiments/dda_full_sweep/traces/32_channels_per_device/15_devices/pipeline_parallel/Llama2-7B/trace_10_channels_per_block_seqlen_768.txt
/home/aatmaj/CENT/aim_simulator/build/ramulator2 -f /home/aatmaj/CENT/aim_simulator/test/example.yaml -t /home/aatmaj/CENT/experiments/dda_full_sweep/traces/32_channels_per_device/15_devices/pipeline_parallel/Llama2-7B/trace_10_channels_per_block_seqlen_896.txt
/home/aatmaj/CENT/aim_simulator/build/ramulator2 -f /home/aatmaj/CENT/aim_simulator/test/example.yaml -t /home/aatmaj/CENT/experiments/dda_full_sweep/traces/32_channels_per_device/15_devices/pipeline_parallel/Llama2-7B/trace_10_channels_per_block_seqlen_1024.txt
/home/aatmaj/CENT/aim_simulator/build/ramulator2 -f /home/aatmaj/CENT/aim_simulator/test/example.yaml -t /home/aatmaj/CENT/experiments/dda_full_sweep/traces/32_channels_per_device/15_devices/pipeline_parallel/Llama2-7B/trace_10_channels_per_block_seqlen_1152.txt
/home/aatmaj/CENT/aim_simulator/build/ramulator2 -f /home/aatmaj/CENT/aim_simulator/test/example.yaml -t /home/aatmaj/CENT/experiments/dda_full_sweep/traces/32_channels_per_device/15_devices/pipeline_parallel/Llama2-7B/trace_10_channels_per_block_seqlen_1280.txt
/home/aatmaj/CENT/aim_simulator/build/ramulator2 -f /home/aatmaj/CENT/aim_simulator/test/example.yaml -t /home/aatmaj/CENT/experiments/dda_full_sweep/traces/32_channels_per_device/15_devices/pipeline_parallel/Llama2-7B/trace_10_channels_per_block_seqlen_1408.txt
/home/aatmaj/CENT/aim_simulator/build/ramulator2 -f /home/aatmaj/CENT/aim_simulator/test/example.yaml -t /home/aatmaj/CENT/experiments/dda_full_sweep/traces/32_channels_per_device/15_devices/pipeline_parallel/Llama2-7B/trace_10_channels_per_block_seqlen_1536.txt
/home/aatmaj/CENT/aim_simulator/build/ramulator2 -f /home/aatmaj/CENT/aim_simulator/test/example.yaml -t /home/aatmaj/CENT/experiments/dda_full_sweep/traces/32_channels_per_device/15_devices/pipeline_parallel/Llama2-7B/trace_10_channels_per_block_seqlen_1664.txt
/home/aatmaj/CENT/aim_simulator/build/ramulator2 -f /home/aatmaj/CENT/aim_simulator/test/example.yaml -t /home/aatmaj/CENT/experiments/dda_full_sweep/traces/32_channels_per_device/15_devices/pipeline_parallel/Llama2-7B/trace_10_channels_per_block_seqlen_1792.txt
/home/aatmaj/CENT/aim_simulator/build/ramulator2 -f /home/aatmaj/CENT/aim_simulator/test/example.yaml -t /home/aatmaj/CENT/experiments/dda_full_sweep/traces/32_channels_per_device/15_devices/pipeline_parallel/Llama2-7B/trace_10_channels_per_block_seqlen_1920.txt
/home/aatmaj/CENT/aim_simulator/build/ramulator2 -f /home/aatmaj/CENT/aim_simulator/test/example.yaml -t /home/aatmaj/CENT/experiments/dda_full_sweep/traces/32_channels_per_device/15_devices/pipeline_parallel/Llama2-7B/trace_10_channels_per_block_seqlen_2048.txt
/home/aatmaj/CENT/aim_simulator/build/ramulator2 -f /home/aatmaj/CENT/aim_simulator/test/example.yaml -t /home/aatmaj/CENT/experiments/dda_full_sweep/traces/32_channels_per_device/15_devices/pipeline_parallel/Llama2-7B/trace_10_channels_per_block_seqlen_2176.txt
/home/aatmaj/CENT/aim_simulator/build/ramulator2 -f /home/aatmaj/CENT/aim_simulator/test/example.yaml -t /home/aatmaj/CENT/experiments/dda_full_sweep/traces/32_channels_per_device/15_devices/pipeline_parallel/Llama2-7B/trace_10_channels_per_block_seqlen_2304.txt
/home/aatmaj/CENT/aim_simulator/build/ramulator2 -f /home/aatmaj/CENT/aim_simulator/test/example.yaml -t /home/aatmaj/CENT/experiments/dda_full_sweep/traces/32_channels_per_device/15_devices/pipeline_parallel/Llama2-7B/trace_10_channels_per_block_seqlen_2432.txt
/home/aatmaj/CENT/aim_simulator/build/ramulator2 -f /home/aatmaj/CENT/aim_simulator/test/example.yaml -t /home/aatmaj/CENT/experiments/dda_full_sweep/traces/32_channels_per_device/15_devices/pipeline_parallel/Llama2-7B/trace_10_channels_per_block_seqlen_2560.txt
/home/aatmaj/CENT/aim_simulator/build/ramulator2 -f /home/aatmaj/CENT/aim_simulator/test/example.yaml -t /home/aatmaj/CENT/experiments/dda_full_sweep/traces/32_channels_per_device/15_devices/pipeline_parallel/Llama2-7B/trace_10_channels_per_block_seqlen_2688.txt
/home/aatmaj/CENT/aim_simulator/build/ramulator2 -f /home/aatmaj/CENT/aim_simulator/test/example.yaml -t /home/aatmaj/CENT/experiments/dda_full_sweep/traces/32_channels_per_device/15_devices/pipeline_parallel/Llama2-7B/trace_10_channels_per_block_seqlen_2816.txt
/home/aatmaj/CENT/aim_simulator/build/ramulator2 -f /home/aatmaj/CENT/aim_simulator/test/example.yaml -t /home/aatmaj/CENT/experiments/dda_full_sweep/traces/32_channels_per_device/15_devices/pipeline_parallel/Llama2-7B/trace_10_channels_per_block_seqlen_2944.txt
/home/aatmaj/CENT/aim_simulator/build/ramulator2 -f /home/aatmaj/CENT/aim_simulator/test/example.yaml -t /home/aatmaj/CENT/experiments/dda_full_sweep/traces/32_channels_per_device/15_devices/pipeline_parallel/Llama2-7B/trace_10_channels_per_block_seqlen_3072.txt
/home/aatmaj/CENT/aim_simulator/build/ramulator2 -f /home/aatmaj/CENT/aim_simulator/test/example.yaml -t /home/aatmaj/CENT/experiments/dda_full_sweep/traces/32_channels_per_device/15_devices/pipeline_parallel/Llama2-7B/trace_10_channels_per_block_seqlen_3200.txt
/home/aatmaj/CENT/aim_simulator/build/ramulator2 -f /home/aatmaj/CENT/aim_simulator/test/example.yaml -t /home/aatmaj/CENT/experiments/dda_full_sweep/traces/32_channels_per_device/15_devices/pipeline_parallel/Llama2-7B/trace_10_channels_per_block_seqlen_3328.txt
/home/aatmaj/CENT/aim_simulator/build/ramulator2 -f /home/aatmaj/CENT/aim_simulator/test/example.yaml -t /home/aatmaj/CENT/experiments/dda_full_sweep/traces/32_channels_per_device/15_devices/pipeline_parallel/Llama2-7B/trace_10_channels_per_block_seqlen_3456.txt
/home/aatmaj/CENT/aim_simulator/build/ramulator2 -f /home/aatmaj/CENT/aim_simulator/test/example.yaml -t /home/aatmaj/CENT/experiments/dda_full_sweep/traces/32_channels_per_device/15_devices/pipeline_parallel/Llama2-7B/trace_10_channels_per_block_seqlen_3584.txt
/home/aatmaj/CENT/aim_simulator/build/ramulator2 -f /home/aatmaj/CENT/aim_simulator/test/example.yaml -t /home/aatmaj/CENT/experiments/dda_full_sweep/traces/32_channels_per_device/15_devices/pipeline_parallel/Llama2-7B/trace_10_channels_per_block_seqlen_3712.txt
/home/aatmaj/CENT/experiments/dda_full_sweep/simulation/run_sim_full32.py:460: FutureWarning: The behavior of DataFrame concatenation with empty or all-NA entries is deprecated. In a future version, this will no longer exclude empty or all-NA columns when determining the result dtypes. To retain the old behavior, exclude the relevant entries before the concat operation.
  results_df = pd.concat([results_df, new_df], ignore_index=True)
/home/aatmaj/CENT/aim_simulator/build/ramulator2 -f /home/aatmaj/CENT/aim_simulator/test/example.yaml -t /home/aatmaj/CENT/experiments/dda_full_sweep/traces/32_channels_per_device/15_devices/pipeline_parallel/Llama2-7B/trace_10_channels_per_block_seqlen_3840.txt
/home/aatmaj/CENT/aim_simulator/build/ramulator2 -f /home/aatmaj/CENT/aim_simulator/test/example.yaml -t /home/aatmaj/CENT/experiments/dda_full_sweep/traces/32_channels_per_device/15_devices/pipeline_parallel/Llama2-7B/trace_10_channels_per_block_seqlen_3968.txt
/home/aatmaj/CENT/aim_simulator/build/ramulator2 -f /home/aatmaj/CENT/aim_simulator/test/example.yaml -t /home/aatmaj/CENT/experiments/dda_full_sweep/traces/32_channels_per_device/15_devices/pipeline_parallel/Llama2-7B/trace_10_channels_per_block_seqlen_4096.txt
Processing results...
Updating simulation results to CSV...
=== Pool T | Llama2-7B | N_T=17 | TP=1, PP=layers ===
Generating traces for Llama2-7B (17 devices) ...
/home/aatmaj/CENT/aim_simulator/build/ramulator2 -f /home/aatmaj/CENT/aim_simulator/test/example.yaml -t /home/aatmaj/CENT/experiments/dda_full_sweep/traces/32_channels_per_device/17_devices/pipeline_parallel_embedding/Llama2-7B/trace_16_channels_per_block_seqlen_4096.txt
/home/aatmaj/CENT/aim_simulator/build/ramulator2 -f /home/aatmaj/CENT/aim_simulator/test/example.yaml -t /home/aatmaj/CENT/experiments/dda_full_sweep/traces/32_channels_per_device/17_devices/pipeline_parallel/Llama2-7B/trace_16_channels_per_block_seqlen_128.txt
/home/aatmaj/CENT/aim_simulator/build/ramulator2 -f /home/aatmaj/CENT/aim_simulator/test/example.yaml -t /home/aatmaj/CENT/experiments/dda_full_sweep/traces/32_channels_per_device/17_devices/pipeline_parallel/Llama2-7B/trace_16_channels_per_block_seqlen_256.txt
/home/aatmaj/CENT/aim_simulator/build/ramulator2 -f /home/aatmaj/CENT/aim_simulator/test/example.yaml -t /home/aatmaj/CENT/experiments/dda_full_sweep/traces/32_channels_per_device/17_devices/pipeline_parallel/Llama2-7B/trace_16_channels_per_block_seqlen_384.txt
/home/aatmaj/CENT/aim_simulator/build/ramulator2 -f /home/aatmaj/CENT/aim_simulator/test/example.yaml -t /home/aatmaj/CENT/experiments/dda_full_sweep/traces/32_channels_per_device/17_devices/pipeline_parallel/Llama2-7B/trace_16_channels_per_block_seqlen_512.txt
/home/aatmaj/CENT/aim_simulator/build/ramulator2 -f /home/aatmaj/CENT/aim_simulator/test/example.yaml -t /home/aatmaj/CENT/experiments/dda_full_sweep/traces/32_channels_per_device/17_devices/pipeline_parallel/Llama2-7B/trace_16_channels_per_block_seqlen_640.txt
/home/aatmaj/CENT/aim_simulator/build/ramulator2 -f /home/aatmaj/CENT/aim_simulator/test/example.yaml -t /home/aatmaj/CENT/experiments/dda_full_sweep/traces/32_channels_per_device/17_devices/pipeline_parallel/Llama2-7B/trace_16_channels_per_block_seqlen_768.txt
/home/aatmaj/CENT/aim_simulator/build/ramulator2 -f /home/aatmaj/CENT/aim_simulator/test/example.yaml -t /home/aatmaj/CENT/experiments/dda_full_sweep/traces/32_channels_per_device/17_devices/pipeline_parallel/Llama2-7B/trace_16_channels_per_block_seqlen_896.txt
/home/aatmaj/CENT/aim_simulator/build/ramulator2 -f /home/aatmaj/CENT/aim_simulator/test/example.yaml -t /home/aatmaj/CENT/experiments/dda_full_sweep/traces/32_channels_per_device/17_devices/pipeline_parallel/Llama2-7B/trace_16_channels_per_block_seqlen_1024.txt
/home/aatmaj/CENT/aim_simulator/build/ramulator2 -f /home/aatmaj/CENT/aim_simulator/test/example.yaml -t /home/aatmaj/CENT/experiments/dda_full_sweep/traces/32_channels_per_device/17_devices/pipeline_parallel/Llama2-7B/trace_16_channels_per_block_seqlen_1152.txt
/home/aatmaj/CENT/aim_simulator/build/ramulator2 -f /home/aatmaj/CENT/aim_simulator/test/example.yaml -t /home/aatmaj/CENT/experiments/dda_full_sweep/traces/32_channels_per_device/17_devices/pipeline_parallel/Llama2-7B/trace_16_channels_per_block_seqlen_1280.txt
/home/aatmaj/CENT/aim_simulator/build/ramulator2 -f /home/aatmaj/CENT/aim_simulator/test/example.yaml -t /home/aatmaj/CENT/experiments/dda_full_sweep/traces/32_channels_per_device/17_devices/pipeline_parallel/Llama2-7B/trace_16_channels_per_block_seqlen_1408.txt
/home/aatmaj/CENT/aim_simulator/build/ramulator2 -f /home/aatmaj/CENT/aim_simulator/test/example.yaml -t /home/aatmaj/CENT/experiments/dda_full_sweep/traces/32_channels_per_device/17_devices/pipeline_parallel/Llama2-7B/trace_16_channels_per_block_seqlen_1536.txt
/home/aatmaj/CENT/aim_simulator/build/ramulator2 -f /home/aatmaj/CENT/aim_simulator/test/example.yaml -t /home/aatmaj/CENT/experiments/dda_full_sweep/traces/32_channels_per_device/17_devices/pipeline_parallel/Llama2-7B/trace_16_channels_per_block_seqlen_1664.txt
/home/aatmaj/CENT/aim_simulator/build/ramulator2 -f /home/aatmaj/CENT/aim_simulator/test/example.yaml -t /home/aatmaj/CENT/experiments/dda_full_sweep/traces/32_channels_per_device/17_devices/pipeline_parallel/Llama2-7B/trace_16_channels_per_block_seqlen_1792.txt
/home/aatmaj/CENT/aim_simulator/build/ramulator2 -f /home/aatmaj/CENT/aim_simulator/test/example.yaml -t /home/aatmaj/CENT/experiments/dda_full_sweep/traces/32_channels_per_device/17_devices/pipeline_parallel/Llama2-7B/trace_16_channels_per_block_seqlen_1920.txt
/home/aatmaj/CENT/aim_simulator/build/ramulator2 -f /home/aatmaj/CENT/aim_simulator/test/example.yaml -t /home/aatmaj/CENT/experiments/dda_full_sweep/traces/32_channels_per_device/17_devices/pipeline_parallel/Llama2-7B/trace_16_channels_per_block_seqlen_2048.txt
/home/aatmaj/CENT/aim_simulator/build/ramulator2 -f /home/aatmaj/CENT/aim_simulator/test/example.yaml -t /home/aatmaj/CENT/experiments/dda_full_sweep/traces/32_channels_per_device/17_devices/pipeline_parallel/Llama2-7B/trace_16_channels_per_block_seqlen_2176.txt
/home/aatmaj/CENT/aim_simulator/build/ramulator2 -f /home/aatmaj/CENT/aim_simulator/test/example.yaml -t /home/aatmaj/CENT/experiments/dda_full_sweep/traces/32_channels_per_device/17_devices/pipeline_parallel/Llama2-7B/trace_16_channels_per_block_seqlen_2304.txt
/home/aatmaj/CENT/aim_simulator/build/ramulator2 -f /home/aatmaj/CENT/aim_simulator/test/example.yaml -t /home/aatmaj/CENT/experiments/dda_full_sweep/traces/32_channels_per_device/17_devices/pipeline_parallel/Llama2-7B/trace_16_channels_per_block_seqlen_2432.txt
/home/aatmaj/CENT/aim_simulator/build/ramulator2 -f /home/aatmaj/CENT/aim_simulator/test/example.yaml -t /home/aatmaj/CENT/experiments/dda_full_sweep/traces/32_channels_per_device/17_devices/pipeline_parallel/Llama2-7B/trace_16_channels_per_block_seqlen_2560.txt
/home/aatmaj/CENT/aim_simulator/build/ramulator2 -f /home/aatmaj/CENT/aim_simulator/test/example.yaml -t /home/aatmaj/CENT/experiments/dda_full_sweep/traces/32_channels_per_device/17_devices/pipeline_parallel/Llama2-7B/trace_16_channels_per_block_seqlen_2688.txt
/home/aatmaj/CENT/aim_simulator/build/ramulator2 -f /home/aatmaj/CENT/aim_simulator/test/example.yaml -t /home/aatmaj/CENT/experiments/dda_full_sweep/traces/32_channels_per_device/17_devices/pipeline_parallel/Llama2-7B/trace_16_channels_per_block_seqlen_2816.txt
/home/aatmaj/CENT/aim_simulator/build/ramulator2 -f /home/aatmaj/CENT/aim_simulator/test/example.yaml -t /home/aatmaj/CENT/experiments/dda_full_sweep/traces/32_channels_per_device/17_devices/pipeline_parallel/Llama2-7B/trace_16_channels_per_block_seqlen_2944.txt
/home/aatmaj/CENT/aim_simulator/build/ramulator2 -f /home/aatmaj/CENT/aim_simulator/test/example.yaml -t /home/aatmaj/CENT/experiments/dda_full_sweep/traces/32_channels_per_device/17_devices/pipeline_parallel/Llama2-7B/trace_16_channels_per_block_seqlen_3072.txt
/home/aatmaj/CENT/aim_simulator/build/ramulator2 -f /home/aatmaj/CENT/aim_simulator/test/example.yaml -t /home/aatmaj/CENT/experiments/dda_full_sweep/traces/32_channels_per_device/17_devices/pipeline_parallel/Llama2-7B/trace_16_channels_per_block_seqlen_3200.txt
/home/aatmaj/CENT/aim_simulator/build/ramulator2 -f /home/aatmaj/CENT/aim_simulator/test/example.yaml -t /home/aatmaj/CENT/experiments/dda_full_sweep/traces/32_channels_per_device/17_devices/pipeline_parallel/Llama2-7B/trace_16_channels_per_block_seqlen_3328.txt
/home/aatmaj/CENT/aim_simulator/build/ramulator2 -f /home/aatmaj/CENT/aim_simulator/test/example.yaml -t /home/aatmaj/CENT/experiments/dda_full_sweep/traces/32_channels_per_device/17_devices/pipeline_parallel/Llama2-7B/trace_16_channels_per_block_seqlen_3456.txt
/home/aatmaj/CENT/aim_simulator/build/ramulator2 -f /home/aatmaj/CENT/aim_simulator/test/example.yaml -t /home/aatmaj/CENT/experiments/dda_full_sweep/traces/32_channels_per_device/17_devices/pipeline_parallel/Llama2-7B/trace_16_channels_per_block_seqlen_3584.txt
/home/aatmaj/CENT/aim_simulator/build/ramulator2 -f /home/aatmaj/CENT/aim_simulator/test/example.yaml -t /home/aatmaj/CENT/experiments/dda_full_sweep/traces/32_channels_per_device/17_devices/pipeline_parallel/Llama2-7B/trace_16_channels_per_block_seqlen_3712.txt
/home/aatmaj/CENT/experiments/dda_full_sweep/simulation/run_sim_full32.py:460: FutureWarning: The behavior of DataFrame concatenation with empty or all-NA entries is deprecated. In a future version, this will no longer exclude empty or all-NA columns when determining the result dtypes. To retain the old behavior, exclude the relevant entries before the concat operation.
  results_df = pd.concat([results_df, new_df], ignore_index=True)
/home/aatmaj/CENT/aim_simulator/build/ramulator2 -f /home/aatmaj/CENT/aim_simulator/test/example.yaml -t /home/aatmaj/CENT/experiments/dda_full_sweep/traces/32_channels_per_device/17_devices/pipeline_parallel/Llama2-7B/trace_16_channels_per_block_seqlen_3840.txt
/home/aatmaj/CENT/aim_simulator/build/ramulator2 -f /home/aatmaj/CENT/aim_simulator/test/example.yaml -t /home/aatmaj/CENT/experiments/dda_full_sweep/traces/32_channels_per_device/17_devices/pipeline_parallel/Llama2-7B/trace_16_channels_per_block_seqlen_3968.txt
/home/aatmaj/CENT/aim_simulator/build/ramulator2 -f /home/aatmaj/CENT/aim_simulator/test/example.yaml -t /home/aatmaj/CENT/experiments/dda_full_sweep/traces/32_channels_per_device/17_devices/pipeline_parallel/Llama2-7B/trace_16_channels_per_block_seqlen_4096.txt
Processing results...
Updating simulation results to CSV...
=== Pool T | Llama2-7B | N_T=19 | TP=1, PP=layers ===
Generating traces for Llama2-7B (19 devices) ...
/home/aatmaj/CENT/aim_simulator/build/ramulator2 -f /home/aatmaj/CENT/aim_simulator/test/example.yaml -t /home/aatmaj/CENT/experiments/dda_full_sweep/traces/32_channels_per_device/19_devices/pipeline_parallel_embedding/Llama2-7B/trace_16_channels_per_block_seqlen_4096.txt
/home/aatmaj/CENT/aim_simulator/build/ramulator2 -f /home/aatmaj/CENT/aim_simulator/test/example.yaml -t /home/aatmaj/CENT/experiments/dda_full_sweep/traces/32_channels_per_device/19_devices/pipeline_parallel/Llama2-7B/trace_16_channels_per_block_seqlen_128.txt
/home/aatmaj/CENT/aim_simulator/build/ramulator2 -f /home/aatmaj/CENT/aim_simulator/test/example.yaml -t /home/aatmaj/CENT/experiments/dda_full_sweep/traces/32_channels_per_device/19_devices/pipeline_parallel/Llama2-7B/trace_16_channels_per_block_seqlen_256.txt
/home/aatmaj/CENT/aim_simulator/build/ramulator2 -f /home/aatmaj/CENT/aim_simulator/test/example.yaml -t /home/aatmaj/CENT/experiments/dda_full_sweep/traces/32_channels_per_device/19_devices/pipeline_parallel/Llama2-7B/trace_16_channels_per_block_seqlen_384.txt
/home/aatmaj/CENT/aim_simulator/build/ramulator2 -f /home/aatmaj/CENT/aim_simulator/test/example.yaml -t /home/aatmaj/CENT/experiments/dda_full_sweep/traces/32_channels_per_device/19_devices/pipeline_parallel/Llama2-7B/trace_16_channels_per_block_seqlen_512.txt
/home/aatmaj/CENT/aim_simulator/build/ramulator2 -f /home/aatmaj/CENT/aim_simulator/test/example.yaml -t /home/aatmaj/CENT/experiments/dda_full_sweep/traces/32_channels_per_device/19_devices/pipeline_parallel/Llama2-7B/trace_16_channels_per_block_seqlen_640.txt
/home/aatmaj/CENT/aim_simulator/build/ramulator2 -f /home/aatmaj/CENT/aim_simulator/test/example.yaml -t /home/aatmaj/CENT/experiments/dda_full_sweep/traces/32_channels_per_device/19_devices/pipeline_parallel/Llama2-7B/trace_16_channels_per_block_seqlen_768.txt
/home/aatmaj/CENT/aim_simulator/build/ramulator2 -f /home/aatmaj/CENT/aim_simulator/test/example.yaml -t /home/aatmaj/CENT/experiments/dda_full_sweep/traces/32_channels_per_device/19_devices/pipeline_parallel/Llama2-7B/trace_16_channels_per_block_seqlen_896.txt
/home/aatmaj/CENT/aim_simulator/build/ramulator2 -f /home/aatmaj/CENT/aim_simulator/test/example.yaml -t /home/aatmaj/CENT/experiments/dda_full_sweep/traces/32_channels_per_device/19_devices/pipeline_parallel/Llama2-7B/trace_16_channels_per_block_seqlen_1024.txt
/home/aatmaj/CENT/aim_simulator/build/ramulator2 -f /home/aatmaj/CENT/aim_simulator/test/example.yaml -t /home/aatmaj/CENT/experiments/dda_full_sweep/traces/32_channels_per_device/19_devices/pipeline_parallel/Llama2-7B/trace_16_channels_per_block_seqlen_1152.txt
/home/aatmaj/CENT/aim_simulator/build/ramulator2 -f /home/aatmaj/CENT/aim_simulator/test/example.yaml -t /home/aatmaj/CENT/experiments/dda_full_sweep/traces/32_channels_per_device/19_devices/pipeline_parallel/Llama2-7B/trace_16_channels_per_block_seqlen_1280.txt
/home/aatmaj/CENT/aim_simulator/build/ramulator2 -f /home/aatmaj/CENT/aim_simulator/test/example.yaml -t /home/aatmaj/CENT/experiments/dda_full_sweep/traces/32_channels_per_device/19_devices/pipeline_parallel/Llama2-7B/trace_16_channels_per_block_seqlen_1408.txt
/home/aatmaj/CENT/aim_simulator/build/ramulator2 -f /home/aatmaj/CENT/aim_simulator/test/example.yaml -t /home/aatmaj/CENT/experiments/dda_full_sweep/traces/32_channels_per_device/19_devices/pipeline_parallel/Llama2-7B/trace_16_channels_per_block_seqlen_1536.txt
/home/aatmaj/CENT/aim_simulator/build/ramulator2 -f /home/aatmaj/CENT/aim_simulator/test/example.yaml -t /home/aatmaj/CENT/experiments/dda_full_sweep/traces/32_channels_per_device/19_devices/pipeline_parallel/Llama2-7B/trace_16_channels_per_block_seqlen_1664.txt
/home/aatmaj/CENT/aim_simulator/build/ramulator2 -f /home/aatmaj/CENT/aim_simulator/test/example.yaml -t /home/aatmaj/CENT/experiments/dda_full_sweep/traces/32_channels_per_device/19_devices/pipeline_parallel/Llama2-7B/trace_16_channels_per_block_seqlen_1792.txt
/home/aatmaj/CENT/aim_simulator/build/ramulator2 -f /home/aatmaj/CENT/aim_simulator/test/example.yaml -t /home/aatmaj/CENT/experiments/dda_full_sweep/traces/32_channels_per_device/19_devices/pipeline_parallel/Llama2-7B/trace_16_channels_per_block_seqlen_1920.txt
/home/aatmaj/CENT/aim_simulator/build/ramulator2 -f /home/aatmaj/CENT/aim_simulator/test/example.yaml -t /home/aatmaj/CENT/experiments/dda_full_sweep/traces/32_channels_per_device/19_devices/pipeline_parallel/Llama2-7B/trace_16_channels_per_block_seqlen_2048.txt
/home/aatmaj/CENT/aim_simulator/build/ramulator2 -f /home/aatmaj/CENT/aim_simulator/test/example.yaml -t /home/aatmaj/CENT/experiments/dda_full_sweep/traces/32_channels_per_device/19_devices/pipeline_parallel/Llama2-7B/trace_16_channels_per_block_seqlen_2176.txt
/home/aatmaj/CENT/aim_simulator/build/ramulator2 -f /home/aatmaj/CENT/aim_simulator/test/example.yaml -t /home/aatmaj/CENT/experiments/dda_full_sweep/traces/32_channels_per_device/19_devices/pipeline_parallel/Llama2-7B/trace_16_channels_per_block_seqlen_2304.txt
/home/aatmaj/CENT/aim_simulator/build/ramulator2 -f /home/aatmaj/CENT/aim_simulator/test/example.yaml -t /home/aatmaj/CENT/experiments/dda_full_sweep/traces/32_channels_per_device/19_devices/pipeline_parallel/Llama2-7B/trace_16_channels_per_block_seqlen_2432.txt
/home/aatmaj/CENT/aim_simulator/build/ramulator2 -f /home/aatmaj/CENT/aim_simulator/test/example.yaml -t /home/aatmaj/CENT/experiments/dda_full_sweep/traces/32_channels_per_device/19_devices/pipeline_parallel/Llama2-7B/trace_16_channels_per_block_seqlen_2560.txt
/home/aatmaj/CENT/aim_simulator/build/ramulator2 -f /home/aatmaj/CENT/aim_simulator/test/example.yaml -t /home/aatmaj/CENT/experiments/dda_full_sweep/traces/32_channels_per_device/19_devices/pipeline_parallel/Llama2-7B/trace_16_channels_per_block_seqlen_2688.txt
/home/aatmaj/CENT/aim_simulator/build/ramulator2 -f /home/aatmaj/CENT/aim_simulator/test/example.yaml -t /home/aatmaj/CENT/experiments/dda_full_sweep/traces/32_channels_per_device/19_devices/pipeline_parallel/Llama2-7B/trace_16_channels_per_block_seqlen_2816.txt
/home/aatmaj/CENT/aim_simulator/build/ramulator2 -f /home/aatmaj/CENT/aim_simulator/test/example.yaml -t /home/aatmaj/CENT/experiments/dda_full_sweep/traces/32_channels_per_device/19_devices/pipeline_parallel/Llama2-7B/trace_16_channels_per_block_seqlen_2944.txt
/home/aatmaj/CENT/aim_simulator/build/ramulator2 -f /home/aatmaj/CENT/aim_simulator/test/example.yaml -t /home/aatmaj/CENT/experiments/dda_full_sweep/traces/32_channels_per_device/19_devices/pipeline_parallel/Llama2-7B/trace_16_channels_per_block_seqlen_3072.txt
/home/aatmaj/CENT/aim_simulator/build/ramulator2 -f /home/aatmaj/CENT/aim_simulator/test/example.yaml -t /home/aatmaj/CENT/experiments/dda_full_sweep/traces/32_channels_per_device/19_devices/pipeline_parallel/Llama2-7B/trace_16_channels_per_block_seqlen_3200.txt
/home/aatmaj/CENT/aim_simulator/build/ramulator2 -f /home/aatmaj/CENT/aim_simulator/test/example.yaml -t /home/aatmaj/CENT/experiments/dda_full_sweep/traces/32_channels_per_device/19_devices/pipeline_parallel/Llama2-7B/trace_16_channels_per_block_seqlen_3328.txt
/home/aatmaj/CENT/aim_simulator/build/ramulator2 -f /home/aatmaj/CENT/aim_simulator/test/example.yaml -t /home/aatmaj/CENT/experiments/dda_full_sweep/traces/32_channels_per_device/19_devices/pipeline_parallel/Llama2-7B/trace_16_channels_per_block_seqlen_3456.txt
/home/aatmaj/CENT/aim_simulator/build/ramulator2 -f /home/aatmaj/CENT/aim_simulator/test/example.yaml -t /home/aatmaj/CENT/experiments/dda_full_sweep/traces/32_channels_per_device/19_devices/pipeline_parallel/Llama2-7B/trace_16_channels_per_block_seqlen_3584.txt
/home/aatmaj/CENT/aim_simulator/build/ramulator2 -f /home/aatmaj/CENT/aim_simulator/test/example.yaml -t /home/aatmaj/CENT/experiments/dda_full_sweep/traces/32_channels_per_device/19_devices/pipeline_parallel/Llama2-7B/trace_16_channels_per_block_seqlen_3712.txt
/home/aatmaj/CENT/experiments/dda_full_sweep/simulation/run_sim_full32.py:460: FutureWarning: The behavior of DataFrame concatenation with empty or all-NA entries is deprecated. In a future version, this will no longer exclude empty or all-NA columns when determining the result dtypes. To retain the old behavior, exclude the relevant entries before the concat operation.
  results_df = pd.concat([results_df, new_df], ignore_index=True)
/home/aatmaj/CENT/aim_simulator/build/ramulator2 -f /home/aatmaj/CENT/aim_simulator/test/example.yaml -t /home/aatmaj/CENT/experiments/dda_full_sweep/traces/32_channels_per_device/19_devices/pipeline_parallel/Llama2-7B/trace_16_channels_per_block_seqlen_3840.txt
/home/aatmaj/CENT/aim_simulator/build/ramulator2 -f /home/aatmaj/CENT/aim_simulator/test/example.yaml -t /home/aatmaj/CENT/experiments/dda_full_sweep/traces/32_channels_per_device/19_devices/pipeline_parallel/Llama2-7B/trace_16_channels_per_block_seqlen_3968.txt
/home/aatmaj/CENT/aim_simulator/build/ramulator2 -f /home/aatmaj/CENT/aim_simulator/test/example.yaml -t /home/aatmaj/CENT/experiments/dda_full_sweep/traces/32_channels_per_device/19_devices/pipeline_parallel/Llama2-7B/trace_16_channels_per_block_seqlen_4096.txt
Processing results...
Updating simulation results to CSV...
=== Pool T | Llama2-7B | N_T=21 | TP=1, PP=layers ===
Generating traces for Llama2-7B (21 devices) ...
/home/aatmaj/CENT/aim_simulator/build/ramulator2 -f /home/aatmaj/CENT/aim_simulator/test/example.yaml -t /home/aatmaj/CENT/experiments/dda_full_sweep/traces/32_channels_per_device/21_devices/pipeline_parallel_embedding/Llama2-7B/trace_16_channels_per_block_seqlen_4096.txt
/home/aatmaj/CENT/aim_simulator/build/ramulator2 -f /home/aatmaj/CENT/aim_simulator/test/example.yaml -t /home/aatmaj/CENT/experiments/dda_full_sweep/traces/32_channels_per_device/21_devices/pipeline_parallel/Llama2-7B/trace_16_channels_per_block_seqlen_128.txt
/home/aatmaj/CENT/aim_simulator/build/ramulator2 -f /home/aatmaj/CENT/aim_simulator/test/example.yaml -t /home/aatmaj/CENT/experiments/dda_full_sweep/traces/32_channels_per_device/21_devices/pipeline_parallel/Llama2-7B/trace_16_channels_per_block_seqlen_256.txt
/home/aatmaj/CENT/aim_simulator/build/ramulator2 -f /home/aatmaj/CENT/aim_simulator/test/example.yaml -t /home/aatmaj/CENT/experiments/dda_full_sweep/traces/32_channels_per_device/21_devices/pipeline_parallel/Llama2-7B/trace_16_channels_per_block_seqlen_384.txt
/home/aatmaj/CENT/aim_simulator/build/ramulator2 -f /home/aatmaj/CENT/aim_simulator/test/example.yaml -t /home/aatmaj/CENT/experiments/dda_full_sweep/traces/32_channels_per_device/21_devices/pipeline_parallel/Llama2-7B/trace_16_channels_per_block_seqlen_512.txt
/home/aatmaj/CENT/aim_simulator/build/ramulator2 -f /home/aatmaj/CENT/aim_simulator/test/example.yaml -t /home/aatmaj/CENT/experiments/dda_full_sweep/traces/32_channels_per_device/21_devices/pipeline_parallel/Llama2-7B/trace_16_channels_per_block_seqlen_640.txt
/home/aatmaj/CENT/aim_simulator/build/ramulator2 -f /home/aatmaj/CENT/aim_simulator/test/example.yaml -t /home/aatmaj/CENT/experiments/dda_full_sweep/traces/32_channels_per_device/21_devices/pipeline_parallel/Llama2-7B/trace_16_channels_per_block_seqlen_768.txt
/home/aatmaj/CENT/aim_simulator/build/ramulator2 -f /home/aatmaj/CENT/aim_simulator/test/example.yaml -t /home/aatmaj/CENT/experiments/dda_full_sweep/traces/32_channels_per_device/21_devices/pipeline_parallel/Llama2-7B/trace_16_channels_per_block_seqlen_896.txt
/home/aatmaj/CENT/aim_simulator/build/ramulator2 -f /home/aatmaj/CENT/aim_simulator/test/example.yaml -t /home/aatmaj/CENT/experiments/dda_full_sweep/traces/32_channels_per_device/21_devices/pipeline_parallel/Llama2-7B/trace_16_channels_per_block_seqlen_1024.txt
/home/aatmaj/CENT/aim_simulator/build/ramulator2 -f /home/aatmaj/CENT/aim_simulator/test/example.yaml -t /home/aatmaj/CENT/experiments/dda_full_sweep/traces/32_channels_per_device/21_devices/pipeline_parallel/Llama2-7B/trace_16_channels_per_block_seqlen_1152.txt
/home/aatmaj/CENT/aim_simulator/build/ramulator2 -f /home/aatmaj/CENT/aim_simulator/test/example.yaml -t /home/aatmaj/CENT/experiments/dda_full_sweep/traces/32_channels_per_device/21_devices/pipeline_parallel/Llama2-7B/trace_16_channels_per_block_seqlen_1280.txt
/home/aatmaj/CENT/aim_simulator/build/ramulator2 -f /home/aatmaj/CENT/aim_simulator/test/example.yaml -t /home/aatmaj/CENT/experiments/dda_full_sweep/traces/32_channels_per_device/21_devices/pipeline_parallel/Llama2-7B/trace_16_channels_per_block_seqlen_1408.txt
/home/aatmaj/CENT/aim_simulator/build/ramulator2 -f /home/aatmaj/CENT/aim_simulator/test/example.yaml -t /home/aatmaj/CENT/experiments/dda_full_sweep/traces/32_channels_per_device/21_devices/pipeline_parallel/Llama2-7B/trace_16_channels_per_block_seqlen_1536.txt
/home/aatmaj/CENT/aim_simulator/build/ramulator2 -f /home/aatmaj/CENT/aim_simulator/test/example.yaml -t /home/aatmaj/CENT/experiments/dda_full_sweep/traces/32_channels_per_device/21_devices/pipeline_parallel/Llama2-7B/trace_16_channels_per_block_seqlen_1664.txt
/home/aatmaj/CENT/aim_simulator/build/ramulator2 -f /home/aatmaj/CENT/aim_simulator/test/example.yaml -t /home/aatmaj/CENT/experiments/dda_full_sweep/traces/32_channels_per_device/21_devices/pipeline_parallel/Llama2-7B/trace_16_channels_per_block_seqlen_1792.txt
/home/aatmaj/CENT/aim_simulator/build/ramulator2 -f /home/aatmaj/CENT/aim_simulator/test/example.yaml -t /home/aatmaj/CENT/experiments/dda_full_sweep/traces/32_channels_per_device/21_devices/pipeline_parallel/Llama2-7B/trace_16_channels_per_block_seqlen_1920.txt
/home/aatmaj/CENT/aim_simulator/build/ramulator2 -f /home/aatmaj/CENT/aim_simulator/test/example.yaml -t /home/aatmaj/CENT/experiments/dda_full_sweep/traces/32_channels_per_device/21_devices/pipeline_parallel/Llama2-7B/trace_16_channels_per_block_seqlen_2048.txt
/home/aatmaj/CENT/aim_simulator/build/ramulator2 -f /home/aatmaj/CENT/aim_simulator/test/example.yaml -t /home/aatmaj/CENT/experiments/dda_full_sweep/traces/32_channels_per_device/21_devices/pipeline_parallel/Llama2-7B/trace_16_channels_per_block_seqlen_2176.txt
/home/aatmaj/CENT/aim_simulator/build/ramulator2 -f /home/aatmaj/CENT/aim_simulator/test/example.yaml -t /home/aatmaj/CENT/experiments/dda_full_sweep/traces/32_channels_per_device/21_devices/pipeline_parallel/Llama2-7B/trace_16_channels_per_block_seqlen_2304.txt
/home/aatmaj/CENT/aim_simulator/build/ramulator2 -f /home/aatmaj/CENT/aim_simulator/test/example.yaml -t /home/aatmaj/CENT/experiments/dda_full_sweep/traces/32_channels_per_device/21_devices/pipeline_parallel/Llama2-7B/trace_16_channels_per_block_seqlen_2432.txt
/home/aatmaj/CENT/aim_simulator/build/ramulator2 -f /home/aatmaj/CENT/aim_simulator/test/example.yaml -t /home/aatmaj/CENT/experiments/dda_full_sweep/traces/32_channels_per_device/21_devices/pipeline_parallel/Llama2-7B/trace_16_channels_per_block_seqlen_2560.txt
/home/aatmaj/CENT/aim_simulator/build/ramulator2 -f /home/aatmaj/CENT/aim_simulator/test/example.yaml -t /home/aatmaj/CENT/experiments/dda_full_sweep/traces/32_channels_per_device/21_devices/pipeline_parallel/Llama2-7B/trace_16_channels_per_block_seqlen_2688.txt
/home/aatmaj/CENT/aim_simulator/build/ramulator2 -f /home/aatmaj/CENT/aim_simulator/test/example.yaml -t /home/aatmaj/CENT/experiments/dda_full_sweep/traces/32_channels_per_device/21_devices/pipeline_parallel/Llama2-7B/trace_16_channels_per_block_seqlen_2816.txt
/home/aatmaj/CENT/aim_simulator/build/ramulator2 -f /home/aatmaj/CENT/aim_simulator/test/example.yaml -t /home/aatmaj/CENT/experiments/dda_full_sweep/traces/32_channels_per_device/21_devices/pipeline_parallel/Llama2-7B/trace_16_channels_per_block_seqlen_2944.txt
/home/aatmaj/CENT/aim_simulator/build/ramulator2 -f /home/aatmaj/CENT/aim_simulator/test/example.yaml -t /home/aatmaj/CENT/experiments/dda_full_sweep/traces/32_channels_per_device/21_devices/pipeline_parallel/Llama2-7B/trace_16_channels_per_block_seqlen_3072.txt
/home/aatmaj/CENT/aim_simulator/build/ramulator2 -f /home/aatmaj/CENT/aim_simulator/test/example.yaml -t /home/aatmaj/CENT/experiments/dda_full_sweep/traces/32_channels_per_device/21_devices/pipeline_parallel/Llama2-7B/trace_16_channels_per_block_seqlen_3200.txt
/home/aatmaj/CENT/aim_simulator/build/ramulator2 -f /home/aatmaj/CENT/aim_simulator/test/example.yaml -t /home/aatmaj/CENT/experiments/dda_full_sweep/traces/32_channels_per_device/21_devices/pipeline_parallel/Llama2-7B/trace_16_channels_per_block_seqlen_3328.txt
/home/aatmaj/CENT/aim_simulator/build/ramulator2 -f /home/aatmaj/CENT/aim_simulator/test/example.yaml -t /home/aatmaj/CENT/experiments/dda_full_sweep/traces/32_channels_per_device/21_devices/pipeline_parallel/Llama2-7B/trace_16_channels_per_block_seqlen_3456.txt
/home/aatmaj/CENT/aim_simulator/build/ramulator2 -f /home/aatmaj/CENT/aim_simulator/test/example.yaml -t /home/aatmaj/CENT/experiments/dda_full_sweep/traces/32_channels_per_device/21_devices/pipeline_parallel/Llama2-7B/trace_16_channels_per_block_seqlen_3584.txt
/home/aatmaj/CENT/aim_simulator/build/ramulator2 -f /home/aatmaj/CENT/aim_simulator/test/example.yaml -t /home/aatmaj/CENT/experiments/dda_full_sweep/traces/32_channels_per_device/21_devices/pipeline_parallel/Llama2-7B/trace_16_channels_per_block_seqlen_3712.txt
/home/aatmaj/CENT/experiments/dda_full_sweep/simulation/run_sim_full32.py:460: FutureWarning: The behavior of DataFrame concatenation with empty or all-NA entries is deprecated. In a future version, this will no longer exclude empty or all-NA columns when determining the result dtypes. To retain the old behavior, exclude the relevant entries before the concat operation.
  results_df = pd.concat([results_df, new_df], ignore_index=True)
/home/aatmaj/CENT/aim_simulator/build/ramulator2 -f /home/aatmaj/CENT/aim_simulator/test/example.yaml -t /home/aatmaj/CENT/experiments/dda_full_sweep/traces/32_channels_per_device/21_devices/pipeline_parallel/Llama2-7B/trace_16_channels_per_block_seqlen_3840.txt
/home/aatmaj/CENT/aim_simulator/build/ramulator2 -f /home/aatmaj/CENT/aim_simulator/test/example.yaml -t /home/aatmaj/CENT/experiments/dda_full_sweep/traces/32_channels_per_device/21_devices/pipeline_parallel/Llama2-7B/trace_16_channels_per_block_seqlen_3968.txt
/home/aatmaj/CENT/aim_simulator/build/ramulator2 -f /home/aatmaj/CENT/aim_simulator/test/example.yaml -t /home/aatmaj/CENT/experiments/dda_full_sweep/traces/32_channels_per_device/21_devices/pipeline_parallel/Llama2-7B/trace_16_channels_per_block_seqlen_4096.txt
Processing results...
Updating simulation results to CSV...
=== Pool T | Llama2-7B | N_T=23 | TP=1, PP=layers ===
Generating traces for Llama2-7B (23 devices) ...
/home/aatmaj/CENT/aim_simulator/build/ramulator2 -f /home/aatmaj/CENT/aim_simulator/test/example.yaml -t /home/aatmaj/CENT/experiments/dda_full_sweep/traces/32_channels_per_device/23_devices/pipeline_parallel_embedding/Llama2-7B/trace_16_channels_per_block_seqlen_4096.txt
/home/aatmaj/CENT/aim_simulator/build/ramulator2 -f /home/aatmaj/CENT/aim_simulator/test/example.yaml -t /home/aatmaj/CENT/experiments/dda_full_sweep/traces/32_channels_per_device/23_devices/pipeline_parallel/Llama2-7B/trace_16_channels_per_block_seqlen_128.txt
/home/aatmaj/CENT/aim_simulator/build/ramulator2 -f /home/aatmaj/CENT/aim_simulator/test/example.yaml -t /home/aatmaj/CENT/experiments/dda_full_sweep/traces/32_channels_per_device/23_devices/pipeline_parallel/Llama2-7B/trace_16_channels_per_block_seqlen_256.txt
/home/aatmaj/CENT/aim_simulator/build/ramulator2 -f /home/aatmaj/CENT/aim_simulator/test/example.yaml -t /home/aatmaj/CENT/experiments/dda_full_sweep/traces/32_channels_per_device/23_devices/pipeline_parallel/Llama2-7B/trace_16_channels_per_block_seqlen_384.txt
/home/aatmaj/CENT/aim_simulator/build/ramulator2 -f /home/aatmaj/CENT/aim_simulator/test/example.yaml -t /home/aatmaj/CENT/experiments/dda_full_sweep/traces/32_channels_per_device/23_devices/pipeline_parallel/Llama2-7B/trace_16_channels_per_block_seqlen_512.txt
/home/aatmaj/CENT/aim_simulator/build/ramulator2 -f /home/aatmaj/CENT/aim_simulator/test/example.yaml -t /home/aatmaj/CENT/experiments/dda_full_sweep/traces/32_channels_per_device/23_devices/pipeline_parallel/Llama2-7B/trace_16_channels_per_block_seqlen_640.txt
/home/aatmaj/CENT/aim_simulator/build/ramulator2 -f /home/aatmaj/CENT/aim_simulator/test/example.yaml -t /home/aatmaj/CENT/experiments/dda_full_sweep/traces/32_channels_per_device/23_devices/pipeline_parallel/Llama2-7B/trace_16_channels_per_block_seqlen_768.txt
/home/aatmaj/CENT/aim_simulator/build/ramulator2 -f /home/aatmaj/CENT/aim_simulator/test/example.yaml -t /home/aatmaj/CENT/experiments/dda_full_sweep/traces/32_channels_per_device/23_devices/pipeline_parallel/Llama2-7B/trace_16_channels_per_block_seqlen_896.txt
/home/aatmaj/CENT/aim_simulator/build/ramulator2 -f /home/aatmaj/CENT/aim_simulator/test/example.yaml -t /home/aatmaj/CENT/experiments/dda_full_sweep/traces/32_channels_per_device/23_devices/pipeline_parallel/Llama2-7B/trace_16_channels_per_block_seqlen_1024.txt
/home/aatmaj/CENT/aim_simulator/build/ramulator2 -f /home/aatmaj/CENT/aim_simulator/test/example.yaml -t /home/aatmaj/CENT/experiments/dda_full_sweep/traces/32_channels_per_device/23_devices/pipeline_parallel/Llama2-7B/trace_16_channels_per_block_seqlen_1152.txt
/home/aatmaj/CENT/aim_simulator/build/ramulator2 -f /home/aatmaj/CENT/aim_simulator/test/example.yaml -t /home/aatmaj/CENT/experiments/dda_full_sweep/traces/32_channels_per_device/23_devices/pipeline_parallel/Llama2-7B/trace_16_channels_per_block_seqlen_1280.txt
/home/aatmaj/CENT/aim_simulator/build/ramulator2 -f /home/aatmaj/CENT/aim_simulator/test/example.yaml -t /home/aatmaj/CENT/experiments/dda_full_sweep/traces/32_channels_per_device/23_devices/pipeline_parallel/Llama2-7B/trace_16_channels_per_block_seqlen_1408.txt
/home/aatmaj/CENT/aim_simulator/build/ramulator2 -f /home/aatmaj/CENT/aim_simulator/test/example.yaml -t /home/aatmaj/CENT/experiments/dda_full_sweep/traces/32_channels_per_device/23_devices/pipeline_parallel/Llama2-7B/trace_16_channels_per_block_seqlen_1536.txt
/home/aatmaj/CENT/aim_simulator/build/ramulator2 -f /home/aatmaj/CENT/aim_simulator/test/example.yaml -t /home/aatmaj/CENT/experiments/dda_full_sweep/traces/32_channels_per_device/23_devices/pipeline_parallel/Llama2-7B/trace_16_channels_per_block_seqlen_1664.txt
/home/aatmaj/CENT/aim_simulator/build/ramulator2 -f /home/aatmaj/CENT/aim_simulator/test/example.yaml -t /home/aatmaj/CENT/experiments/dda_full_sweep/traces/32_channels_per_device/23_devices/pipeline_parallel/Llama2-7B/trace_16_channels_per_block_seqlen_1792.txt
/home/aatmaj/CENT/aim_simulator/build/ramulator2 -f /home/aatmaj/CENT/aim_simulator/test/example.yaml -t /home/aatmaj/CENT/experiments/dda_full_sweep/traces/32_channels_per_device/23_devices/pipeline_parallel/Llama2-7B/trace_16_channels_per_block_seqlen_1920.txt
/home/aatmaj/CENT/aim_simulator/build/ramulator2 -f /home/aatmaj/CENT/aim_simulator/test/example.yaml -t /home/aatmaj/CENT/experiments/dda_full_sweep/traces/32_channels_per_device/23_devices/pipeline_parallel/Llama2-7B/trace_16_channels_per_block_seqlen_2048.txt
/home/aatmaj/CENT/aim_simulator/build/ramulator2 -f /home/aatmaj/CENT/aim_simulator/test/example.yaml -t /home/aatmaj/CENT/experiments/dda_full_sweep/traces/32_channels_per_device/23_devices/pipeline_parallel/Llama2-7B/trace_16_channels_per_block_seqlen_2176.txt
/home/aatmaj/CENT/aim_simulator/build/ramulator2 -f /home/aatmaj/CENT/aim_simulator/test/example.yaml -t /home/aatmaj/CENT/experiments/dda_full_sweep/traces/32_channels_per_device/23_devices/pipeline_parallel/Llama2-7B/trace_16_channels_per_block_seqlen_2304.txt
/home/aatmaj/CENT/aim_simulator/build/ramulator2 -f /home/aatmaj/CENT/aim_simulator/test/example.yaml -t /home/aatmaj/CENT/experiments/dda_full_sweep/traces/32_channels_per_device/23_devices/pipeline_parallel/Llama2-7B/trace_16_channels_per_block_seqlen_2432.txt
/home/aatmaj/CENT/aim_simulator/build/ramulator2 -f /home/aatmaj/CENT/aim_simulator/test/example.yaml -t /home/aatmaj/CENT/experiments/dda_full_sweep/traces/32_channels_per_device/23_devices/pipeline_parallel/Llama2-7B/trace_16_channels_per_block_seqlen_2560.txt
/home/aatmaj/CENT/aim_simulator/build/ramulator2 -f /home/aatmaj/CENT/aim_simulator/test/example.yaml -t /home/aatmaj/CENT/experiments/dda_full_sweep/traces/32_channels_per_device/23_devices/pipeline_parallel/Llama2-7B/trace_16_channels_per_block_seqlen_2688.txt
/home/aatmaj/CENT/aim_simulator/build/ramulator2 -f /home/aatmaj/CENT/aim_simulator/test/example.yaml -t /home/aatmaj/CENT/experiments/dda_full_sweep/traces/32_channels_per_device/23_devices/pipeline_parallel/Llama2-7B/trace_16_channels_per_block_seqlen_2816.txt
/home/aatmaj/CENT/aim_simulator/build/ramulator2 -f /home/aatmaj/CENT/aim_simulator/test/example.yaml -t /home/aatmaj/CENT/experiments/dda_full_sweep/traces/32_channels_per_device/23_devices/pipeline_parallel/Llama2-7B/trace_16_channels_per_block_seqlen_2944.txt
/home/aatmaj/CENT/aim_simulator/build/ramulator2 -f /home/aatmaj/CENT/aim_simulator/test/example.yaml -t /home/aatmaj/CENT/experiments/dda_full_sweep/traces/32_channels_per_device/23_devices/pipeline_parallel/Llama2-7B/trace_16_channels_per_block_seqlen_3072.txt
/home/aatmaj/CENT/aim_simulator/build/ramulator2 -f /home/aatmaj/CENT/aim_simulator/test/example.yaml -t /home/aatmaj/CENT/experiments/dda_full_sweep/traces/32_channels_per_device/23_devices/pipeline_parallel/Llama2-7B/trace_16_channels_per_block_seqlen_3200.txt
/home/aatmaj/CENT/aim_simulator/build/ramulator2 -f /home/aatmaj/CENT/aim_simulator/test/example.yaml -t /home/aatmaj/CENT/experiments/dda_full_sweep/traces/32_channels_per_device/23_devices/pipeline_parallel/Llama2-7B/trace_16_channels_per_block_seqlen_3328.txt
/home/aatmaj/CENT/aim_simulator/build/ramulator2 -f /home/aatmaj/CENT/aim_simulator/test/example.yaml -t /home/aatmaj/CENT/experiments/dda_full_sweep/traces/32_channels_per_device/23_devices/pipeline_parallel/Llama2-7B/trace_16_channels_per_block_seqlen_3456.txt
/home/aatmaj/CENT/aim_simulator/build/ramulator2 -f /home/aatmaj/CENT/aim_simulator/test/example.yaml -t /home/aatmaj/CENT/experiments/dda_full_sweep/traces/32_channels_per_device/23_devices/pipeline_parallel/Llama2-7B/trace_16_channels_per_block_seqlen_3584.txt
/home/aatmaj/CENT/aim_simulator/build/ramulator2 -f /home/aatmaj/CENT/aim_simulator/test/example.yaml -t /home/aatmaj/CENT/experiments/dda_full_sweep/traces/32_channels_per_device/23_devices/pipeline_parallel/Llama2-7B/trace_16_channels_per_block_seqlen_3712.txt
/home/aatmaj/CENT/experiments/dda_full_sweep/simulation/run_sim_full32.py:460: FutureWarning: The behavior of DataFrame concatenation with empty or all-NA entries is deprecated. In a future version, this will no longer exclude empty or all-NA columns when determining the result dtypes. To retain the old behavior, exclude the relevant entries before the concat operation.
  results_df = pd.concat([results_df, new_df], ignore_index=True)
/home/aatmaj/CENT/aim_simulator/build/ramulator2 -f /home/aatmaj/CENT/aim_simulator/test/example.yaml -t /home/aatmaj/CENT/experiments/dda_full_sweep/traces/32_channels_per_device/23_devices/pipeline_parallel/Llama2-7B/trace_16_channels_per_block_seqlen_3840.txt
/home/aatmaj/CENT/aim_simulator/build/ramulator2 -f /home/aatmaj/CENT/aim_simulator/test/example.yaml -t /home/aatmaj/CENT/experiments/dda_full_sweep/traces/32_channels_per_device/23_devices/pipeline_parallel/Llama2-7B/trace_16_channels_per_block_seqlen_3968.txt
/home/aatmaj/CENT/aim_simulator/build/ramulator2 -f /home/aatmaj/CENT/aim_simulator/test/example.yaml -t /home/aatmaj/CENT/experiments/dda_full_sweep/traces/32_channels_per_device/23_devices/pipeline_parallel/Llama2-7B/trace_16_channels_per_block_seqlen_4096.txt
Processing results...
Updating simulation results to CSV...
=== Pool T | Llama2-7B | N_T=25 | TP=1, PP=layers ===
Generating traces for Llama2-7B (25 devices) ...
/home/aatmaj/CENT/aim_simulator/build/ramulator2 -f /home/aatmaj/CENT/aim_simulator/test/example.yaml -t /home/aatmaj/CENT/experiments/dda_full_sweep/traces/32_channels_per_device/25_devices/pipeline_parallel_embedding/Llama2-7B/trace_16_channels_per_block_seqlen_4096.txt
/home/aatmaj/CENT/aim_simulator/build/ramulator2 -f /home/aatmaj/CENT/aim_simulator/test/example.yaml -t /home/aatmaj/CENT/experiments/dda_full_sweep/traces/32_channels_per_device/25_devices/pipeline_parallel/Llama2-7B/trace_16_channels_per_block_seqlen_128.txt
/home/aatmaj/CENT/aim_simulator/build/ramulator2 -f /home/aatmaj/CENT/aim_simulator/test/example.yaml -t /home/aatmaj/CENT/experiments/dda_full_sweep/traces/32_channels_per_device/25_devices/pipeline_parallel/Llama2-7B/trace_16_channels_per_block_seqlen_256.txt
/home/aatmaj/CENT/aim_simulator/build/ramulator2 -f /home/aatmaj/CENT/aim_simulator/test/example.yaml -t /home/aatmaj/CENT/experiments/dda_full_sweep/traces/32_channels_per_device/25_devices/pipeline_parallel/Llama2-7B/trace_16_channels_per_block_seqlen_384.txt
/home/aatmaj/CENT/aim_simulator/build/ramulator2 -f /home/aatmaj/CENT/aim_simulator/test/example.yaml -t /home/aatmaj/CENT/experiments/dda_full_sweep/traces/32_channels_per_device/25_devices/pipeline_parallel/Llama2-7B/trace_16_channels_per_block_seqlen_512.txt
/home/aatmaj/CENT/aim_simulator/build/ramulator2 -f /home/aatmaj/CENT/aim_simulator/test/example.yaml -t /home/aatmaj/CENT/experiments/dda_full_sweep/traces/32_channels_per_device/25_devices/pipeline_parallel/Llama2-7B/trace_16_channels_per_block_seqlen_640.txt
/home/aatmaj/CENT/aim_simulator/build/ramulator2 -f /home/aatmaj/CENT/aim_simulator/test/example.yaml -t /home/aatmaj/CENT/experiments/dda_full_sweep/traces/32_channels_per_device/25_devices/pipeline_parallel/Llama2-7B/trace_16_channels_per_block_seqlen_768.txt
/home/aatmaj/CENT/aim_simulator/build/ramulator2 -f /home/aatmaj/CENT/aim_simulator/test/example.yaml -t /home/aatmaj/CENT/experiments/dda_full_sweep/traces/32_channels_per_device/25_devices/pipeline_parallel/Llama2-7B/trace_16_channels_per_block_seqlen_896.txt
/home/aatmaj/CENT/aim_simulator/build/ramulator2 -f /home/aatmaj/CENT/aim_simulator/test/example.yaml -t /home/aatmaj/CENT/experiments/dda_full_sweep/traces/32_channels_per_device/25_devices/pipeline_parallel/Llama2-7B/trace_16_channels_per_block_seqlen_1024.txt
/home/aatmaj/CENT/aim_simulator/build/ramulator2 -f /home/aatmaj/CENT/aim_simulator/test/example.yaml -t /home/aatmaj/CENT/experiments/dda_full_sweep/traces/32_channels_per_device/25_devices/pipeline_parallel/Llama2-7B/trace_16_channels_per_block_seqlen_1152.txt
/home/aatmaj/CENT/aim_simulator/build/ramulator2 -f /home/aatmaj/CENT/aim_simulator/test/example.yaml -t /home/aatmaj/CENT/experiments/dda_full_sweep/traces/32_channels_per_device/25_devices/pipeline_parallel/Llama2-7B/trace_16_channels_per_block_seqlen_1280.txt
/home/aatmaj/CENT/aim_simulator/build/ramulator2 -f /home/aatmaj/CENT/aim_simulator/test/example.yaml -t /home/aatmaj/CENT/experiments/dda_full_sweep/traces/32_channels_per_device/25_devices/pipeline_parallel/Llama2-7B/trace_16_channels_per_block_seqlen_1408.txt
/home/aatmaj/CENT/aim_simulator/build/ramulator2 -f /home/aatmaj/CENT/aim_simulator/test/example.yaml -t /home/aatmaj/CENT/experiments/dda_full_sweep/traces/32_channels_per_device/25_devices/pipeline_parallel/Llama2-7B/trace_16_channels_per_block_seqlen_1536.txt
/home/aatmaj/CENT/aim_simulator/build/ramulator2 -f /home/aatmaj/CENT/aim_simulator/test/example.yaml -t /home/aatmaj/CENT/experiments/dda_full_sweep/traces/32_channels_per_device/25_devices/pipeline_parallel/Llama2-7B/trace_16_channels_per_block_seqlen_1664.txt
/home/aatmaj/CENT/aim_simulator/build/ramulator2 -f /home/aatmaj/CENT/aim_simulator/test/example.yaml -t /home/aatmaj/CENT/experiments/dda_full_sweep/traces/32_channels_per_device/25_devices/pipeline_parallel/Llama2-7B/trace_16_channels_per_block_seqlen_1792.txt
/home/aatmaj/CENT/aim_simulator/build/ramulator2 -f /home/aatmaj/CENT/aim_simulator/test/example.yaml -t /home/aatmaj/CENT/experiments/dda_full_sweep/traces/32_channels_per_device/25_devices/pipeline_parallel/Llama2-7B/trace_16_channels_per_block_seqlen_1920.txt
/home/aatmaj/CENT/aim_simulator/build/ramulator2 -f /home/aatmaj/CENT/aim_simulator/test/example.yaml -t /home/aatmaj/CENT/experiments/dda_full_sweep/traces/32_channels_per_device/25_devices/pipeline_parallel/Llama2-7B/trace_16_channels_per_block_seqlen_2048.txt
/home/aatmaj/CENT/aim_simulator/build/ramulator2 -f /home/aatmaj/CENT/aim_simulator/test/example.yaml -t /home/aatmaj/CENT/experiments/dda_full_sweep/traces/32_channels_per_device/25_devices/pipeline_parallel/Llama2-7B/trace_16_channels_per_block_seqlen_2176.txt
/home/aatmaj/CENT/aim_simulator/build/ramulator2 -f /home/aatmaj/CENT/aim_simulator/test/example.yaml -t /home/aatmaj/CENT/experiments/dda_full_sweep/traces/32_channels_per_device/25_devices/pipeline_parallel/Llama2-7B/trace_16_channels_per_block_seqlen_2304.txt
/home/aatmaj/CENT/aim_simulator/build/ramulator2 -f /home/aatmaj/CENT/aim_simulator/test/example.yaml -t /home/aatmaj/CENT/experiments/dda_full_sweep/traces/32_channels_per_device/25_devices/pipeline_parallel/Llama2-7B/trace_16_channels_per_block_seqlen_2432.txt
/home/aatmaj/CENT/aim_simulator/build/ramulator2 -f /home/aatmaj/CENT/aim_simulator/test/example.yaml -t /home/aatmaj/CENT/experiments/dda_full_sweep/traces/32_channels_per_device/25_devices/pipeline_parallel/Llama2-7B/trace_16_channels_per_block_seqlen_2560.txt
/home/aatmaj/CENT/aim_simulator/build/ramulator2 -f /home/aatmaj/CENT/aim_simulator/test/example.yaml -t /home/aatmaj/CENT/experiments/dda_full_sweep/traces/32_channels_per_device/25_devices/pipeline_parallel/Llama2-7B/trace_16_channels_per_block_seqlen_2688.txt
/home/aatmaj/CENT/aim_simulator/build/ramulator2 -f /home/aatmaj/CENT/aim_simulator/test/example.yaml -t /home/aatmaj/CENT/experiments/dda_full_sweep/traces/32_channels_per_device/25_devices/pipeline_parallel/Llama2-7B/trace_16_channels_per_block_seqlen_2816.txt
/home/aatmaj/CENT/aim_simulator/build/ramulator2 -f /home/aatmaj/CENT/aim_simulator/test/example.yaml -t /home/aatmaj/CENT/experiments/dda_full_sweep/traces/32_channels_per_device/25_devices/pipeline_parallel/Llama2-7B/trace_16_channels_per_block_seqlen_2944.txt
/home/aatmaj/CENT/aim_simulator/build/ramulator2 -f /home/aatmaj/CENT/aim_simulator/test/example.yaml -t /home/aatmaj/CENT/experiments/dda_full_sweep/traces/32_channels_per_device/25_devices/pipeline_parallel/Llama2-7B/trace_16_channels_per_block_seqlen_3072.txt
/home/aatmaj/CENT/aim_simulator/build/ramulator2 -f /home/aatmaj/CENT/aim_simulator/test/example.yaml -t /home/aatmaj/CENT/experiments/dda_full_sweep/traces/32_channels_per_device/25_devices/pipeline_parallel/Llama2-7B/trace_16_channels_per_block_seqlen_3200.txt
/home/aatmaj/CENT/aim_simulator/build/ramulator2 -f /home/aatmaj/CENT/aim_simulator/test/example.yaml -t /home/aatmaj/CENT/experiments/dda_full_sweep/traces/32_channels_per_device/25_devices/pipeline_parallel/Llama2-7B/trace_16_channels_per_block_seqlen_3328.txt
/home/aatmaj/CENT/aim_simulator/build/ramulator2 -f /home/aatmaj/CENT/aim_simulator/test/example.yaml -t /home/aatmaj/CENT/experiments/dda_full_sweep/traces/32_channels_per_device/25_devices/pipeline_parallel/Llama2-7B/trace_16_channels_per_block_seqlen_3456.txt
/home/aatmaj/CENT/aim_simulator/build/ramulator2 -f /home/aatmaj/CENT/aim_simulator/test/example.yaml -t /home/aatmaj/CENT/experiments/dda_full_sweep/traces/32_channels_per_device/25_devices/pipeline_parallel/Llama2-7B/trace_16_channels_per_block_seqlen_3584.txt
/home/aatmaj/CENT/aim_simulator/build/ramulator2 -f /home/aatmaj/CENT/aim_simulator/test/example.yaml -t /home/aatmaj/CENT/experiments/dda_full_sweep/traces/32_channels_per_device/25_devices/pipeline_parallel/Llama2-7B/trace_16_channels_per_block_seqlen_3712.txt
/home/aatmaj/CENT/experiments/dda_full_sweep/simulation/run_sim_full32.py:460: FutureWarning: The behavior of DataFrame concatenation with empty or all-NA entries is deprecated. In a future version, this will no longer exclude empty or all-NA columns when determining the result dtypes. To retain the old behavior, exclude the relevant entries before the concat operation.
  results_df = pd.concat([results_df, new_df], ignore_index=True)
/home/aatmaj/CENT/aim_simulator/build/ramulator2 -f /home/aatmaj/CENT/aim_simulator/test/example.yaml -t /home/aatmaj/CENT/experiments/dda_full_sweep/traces/32_channels_per_device/25_devices/pipeline_parallel/Llama2-7B/trace_16_channels_per_block_seqlen_3840.txt
/home/aatmaj/CENT/aim_simulator/build/ramulator2 -f /home/aatmaj/CENT/aim_simulator/test/example.yaml -t /home/aatmaj/CENT/experiments/dda_full_sweep/traces/32_channels_per_device/25_devices/pipeline_parallel/Llama2-7B/trace_16_channels_per_block_seqlen_3968.txt
/home/aatmaj/CENT/aim_simulator/build/ramulator2 -f /home/aatmaj/CENT/aim_simulator/test/example.yaml -t /home/aatmaj/CENT/experiments/dda_full_sweep/traces/32_channels_per_device/25_devices/pipeline_parallel/Llama2-7B/trace_16_channels_per_block_seqlen_4096.txt
Processing results...
Updating simulation results to CSV...
=== Pool T | Llama2-7B | N_T=27 | TP=1, PP=layers ===
Generating traces for Llama2-7B (27 devices) ...
/home/aatmaj/CENT/aim_simulator/build/ramulator2 -f /home/aatmaj/CENT/aim_simulator/test/example.yaml -t /home/aatmaj/CENT/experiments/dda_full_sweep/traces/32_channels_per_device/27_devices/pipeline_parallel_embedding/Llama2-7B/trace_16_channels_per_block_seqlen_4096.txt
/home/aatmaj/CENT/aim_simulator/build/ramulator2 -f /home/aatmaj/CENT/aim_simulator/test/example.yaml -t /home/aatmaj/CENT/experiments/dda_full_sweep/traces/32_channels_per_device/27_devices/pipeline_parallel/Llama2-7B/trace_16_channels_per_block_seqlen_128.txt
/home/aatmaj/CENT/aim_simulator/build/ramulator2 -f /home/aatmaj/CENT/aim_simulator/test/example.yaml -t /home/aatmaj/CENT/experiments/dda_full_sweep/traces/32_channels_per_device/27_devices/pipeline_parallel/Llama2-7B/trace_16_channels_per_block_seqlen_256.txt
/home/aatmaj/CENT/aim_simulator/build/ramulator2 -f /home/aatmaj/CENT/aim_simulator/test/example.yaml -t /home/aatmaj/CENT/experiments/dda_full_sweep/traces/32_channels_per_device/27_devices/pipeline_parallel/Llama2-7B/trace_16_channels_per_block_seqlen_384.txt
/home/aatmaj/CENT/aim_simulator/build/ramulator2 -f /home/aatmaj/CENT/aim_simulator/test/example.yaml -t /home/aatmaj/CENT/experiments/dda_full_sweep/traces/32_channels_per_device/27_devices/pipeline_parallel/Llama2-7B/trace_16_channels_per_block_seqlen_512.txt
/home/aatmaj/CENT/aim_simulator/build/ramulator2 -f /home/aatmaj/CENT/aim_simulator/test/example.yaml -t /home/aatmaj/CENT/experiments/dda_full_sweep/traces/32_channels_per_device/27_devices/pipeline_parallel/Llama2-7B/trace_16_channels_per_block_seqlen_640.txt
/home/aatmaj/CENT/aim_simulator/build/ramulator2 -f /home/aatmaj/CENT/aim_simulator/test/example.yaml -t /home/aatmaj/CENT/experiments/dda_full_sweep/traces/32_channels_per_device/27_devices/pipeline_parallel/Llama2-7B/trace_16_channels_per_block_seqlen_768.txt
/home/aatmaj/CENT/aim_simulator/build/ramulator2 -f /home/aatmaj/CENT/aim_simulator/test/example.yaml -t /home/aatmaj/CENT/experiments/dda_full_sweep/traces/32_channels_per_device/27_devices/pipeline_parallel/Llama2-7B/trace_16_channels_per_block_seqlen_896.txt
/home/aatmaj/CENT/aim_simulator/build/ramulator2 -f /home/aatmaj/CENT/aim_simulator/test/example.yaml -t /home/aatmaj/CENT/experiments/dda_full_sweep/traces/32_channels_per_device/27_devices/pipeline_parallel/Llama2-7B/trace_16_channels_per_block_seqlen_1024.txt
/home/aatmaj/CENT/aim_simulator/build/ramulator2 -f /home/aatmaj/CENT/aim_simulator/test/example.yaml -t /home/aatmaj/CENT/experiments/dda_full_sweep/traces/32_channels_per_device/27_devices/pipeline_parallel/Llama2-7B/trace_16_channels_per_block_seqlen_1152.txt
/home/aatmaj/CENT/aim_simulator/build/ramulator2 -f /home/aatmaj/CENT/aim_simulator/test/example.yaml -t /home/aatmaj/CENT/experiments/dda_full_sweep/traces/32_channels_per_device/27_devices/pipeline_parallel/Llama2-7B/trace_16_channels_per_block_seqlen_1280.txt
/home/aatmaj/CENT/aim_simulator/build/ramulator2 -f /home/aatmaj/CENT/aim_simulator/test/example.yaml -t /home/aatmaj/CENT/experiments/dda_full_sweep/traces/32_channels_per_device/27_devices/pipeline_parallel/Llama2-7B/trace_16_channels_per_block_seqlen_1408.txt
/home/aatmaj/CENT/aim_simulator/build/ramulator2 -f /home/aatmaj/CENT/aim_simulator/test/example.yaml -t /home/aatmaj/CENT/experiments/dda_full_sweep/traces/32_channels_per_device/27_devices/pipeline_parallel/Llama2-7B/trace_16_channels_per_block_seqlen_1536.txt
/home/aatmaj/CENT/aim_simulator/build/ramulator2 -f /home/aatmaj/CENT/aim_simulator/test/example.yaml -t /home/aatmaj/CENT/experiments/dda_full_sweep/traces/32_channels_per_device/27_devices/pipeline_parallel/Llama2-7B/trace_16_channels_per_block_seqlen_1664.txt
/home/aatmaj/CENT/aim_simulator/build/ramulator2 -f /home/aatmaj/CENT/aim_simulator/test/example.yaml -t /home/aatmaj/CENT/experiments/dda_full_sweep/traces/32_channels_per_device/27_devices/pipeline_parallel/Llama2-7B/trace_16_channels_per_block_seqlen_1792.txt
/home/aatmaj/CENT/aim_simulator/build/ramulator2 -f /home/aatmaj/CENT/aim_simulator/test/example.yaml -t /home/aatmaj/CENT/experiments/dda_full_sweep/traces/32_channels_per_device/27_devices/pipeline_parallel/Llama2-7B/trace_16_channels_per_block_seqlen_1920.txt
/home/aatmaj/CENT/aim_simulator/build/ramulator2 -f /home/aatmaj/CENT/aim_simulator/test/example.yaml -t /home/aatmaj/CENT/experiments/dda_full_sweep/traces/32_channels_per_device/27_devices/pipeline_parallel/Llama2-7B/trace_16_channels_per_block_seqlen_2048.txt
/home/aatmaj/CENT/aim_simulator/build/ramulator2 -f /home/aatmaj/CENT/aim_simulator/test/example.yaml -t /home/aatmaj/CENT/experiments/dda_full_sweep/traces/32_channels_per_device/27_devices/pipeline_parallel/Llama2-7B/trace_16_channels_per_block_seqlen_2176.txt
/home/aatmaj/CENT/aim_simulator/build/ramulator2 -f /home/aatmaj/CENT/aim_simulator/test/example.yaml -t /home/aatmaj/CENT/experiments/dda_full_sweep/traces/32_channels_per_device/27_devices/pipeline_parallel/Llama2-7B/trace_16_channels_per_block_seqlen_2304.txt
/home/aatmaj/CENT/aim_simulator/build/ramulator2 -f /home/aatmaj/CENT/aim_simulator/test/example.yaml -t /home/aatmaj/CENT/experiments/dda_full_sweep/traces/32_channels_per_device/27_devices/pipeline_parallel/Llama2-7B/trace_16_channels_per_block_seqlen_2432.txt
/home/aatmaj/CENT/aim_simulator/build/ramulator2 -f /home/aatmaj/CENT/aim_simulator/test/example.yaml -t /home/aatmaj/CENT/experiments/dda_full_sweep/traces/32_channels_per_device/27_devices/pipeline_parallel/Llama2-7B/trace_16_channels_per_block_seqlen_2560.txt
/home/aatmaj/CENT/aim_simulator/build/ramulator2 -f /home/aatmaj/CENT/aim_simulator/test/example.yaml -t /home/aatmaj/CENT/experiments/dda_full_sweep/traces/32_channels_per_device/27_devices/pipeline_parallel/Llama2-7B/trace_16_channels_per_block_seqlen_2688.txt
/home/aatmaj/CENT/aim_simulator/build/ramulator2 -f /home/aatmaj/CENT/aim_simulator/test/example.yaml -t /home/aatmaj/CENT/experiments/dda_full_sweep/traces/32_channels_per_device/27_devices/pipeline_parallel/Llama2-7B/trace_16_channels_per_block_seqlen_2816.txt
/home/aatmaj/CENT/aim_simulator/build/ramulator2 -f /home/aatmaj/CENT/aim_simulator/test/example.yaml -t /home/aatmaj/CENT/experiments/dda_full_sweep/traces/32_channels_per_device/27_devices/pipeline_parallel/Llama2-7B/trace_16_channels_per_block_seqlen_2944.txt
/home/aatmaj/CENT/aim_simulator/build/ramulator2 -f /home/aatmaj/CENT/aim_simulator/test/example.yaml -t /home/aatmaj/CENT/experiments/dda_full_sweep/traces/32_channels_per_device/27_devices/pipeline_parallel/Llama2-7B/trace_16_channels_per_block_seqlen_3072.txt
/home/aatmaj/CENT/aim_simulator/build/ramulator2 -f /home/aatmaj/CENT/aim_simulator/test/example.yaml -t /home/aatmaj/CENT/experiments/dda_full_sweep/traces/32_channels_per_device/27_devices/pipeline_parallel/Llama2-7B/trace_16_channels_per_block_seqlen_3200.txt
/home/aatmaj/CENT/aim_simulator/build/ramulator2 -f /home/aatmaj/CENT/aim_simulator/test/example.yaml -t /home/aatmaj/CENT/experiments/dda_full_sweep/traces/32_channels_per_device/27_devices/pipeline_parallel/Llama2-7B/trace_16_channels_per_block_seqlen_3328.txt
/home/aatmaj/CENT/aim_simulator/build/ramulator2 -f /home/aatmaj/CENT/aim_simulator/test/example.yaml -t /home/aatmaj/CENT/experiments/dda_full_sweep/traces/32_channels_per_device/27_devices/pipeline_parallel/Llama2-7B/trace_16_channels_per_block_seqlen_3456.txt
/home/aatmaj/CENT/aim_simulator/build/ramulator2 -f /home/aatmaj/CENT/aim_simulator/test/example.yaml -t /home/aatmaj/CENT/experiments/dda_full_sweep/traces/32_channels_per_device/27_devices/pipeline_parallel/Llama2-7B/trace_16_channels_per_block_seqlen_3584.txt
/home/aatmaj/CENT/aim_simulator/build/ramulator2 -f /home/aatmaj/CENT/aim_simulator/test/example.yaml -t /home/aatmaj/CENT/experiments/dda_full_sweep/traces/32_channels_per_device/27_devices/pipeline_parallel/Llama2-7B/trace_16_channels_per_block_seqlen_3712.txt
/home/aatmaj/CENT/experiments/dda_full_sweep/simulation/run_sim_full32.py:460: FutureWarning: The behavior of DataFrame concatenation with empty or all-NA entries is deprecated. In a future version, this will no longer exclude empty or all-NA columns when determining the result dtypes. To retain the old behavior, exclude the relevant entries before the concat operation.
  results_df = pd.concat([results_df, new_df], ignore_index=True)
/home/aatmaj/CENT/aim_simulator/build/ramulator2 -f /home/aatmaj/CENT/aim_simulator/test/example.yaml -t /home/aatmaj/CENT/experiments/dda_full_sweep/traces/32_channels_per_device/27_devices/pipeline_parallel/Llama2-7B/trace_16_channels_per_block_seqlen_3840.txt
/home/aatmaj/CENT/aim_simulator/build/ramulator2 -f /home/aatmaj/CENT/aim_simulator/test/example.yaml -t /home/aatmaj/CENT/experiments/dda_full_sweep/traces/32_channels_per_device/27_devices/pipeline_parallel/Llama2-7B/trace_16_channels_per_block_seqlen_3968.txt
/home/aatmaj/CENT/aim_simulator/build/ramulator2 -f /home/aatmaj/CENT/aim_simulator/test/example.yaml -t /home/aatmaj/CENT/experiments/dda_full_sweep/traces/32_channels_per_device/27_devices/pipeline_parallel/Llama2-7B/trace_16_channels_per_block_seqlen_4096.txt
Processing results...
Updating simulation results to CSV...
=== Pool T | Llama2-7B | N_T=29 | TP=1, PP=layers ===
Generating traces for Llama2-7B (29 devices) ...
/home/aatmaj/CENT/aim_simulator/build/ramulator2 -f /home/aatmaj/CENT/aim_simulator/test/example.yaml -t /home/aatmaj/CENT/experiments/dda_full_sweep/traces/32_channels_per_device/29_devices/pipeline_parallel_embedding/Llama2-7B/trace_16_channels_per_block_seqlen_4096.txt
/home/aatmaj/CENT/aim_simulator/build/ramulator2 -f /home/aatmaj/CENT/aim_simulator/test/example.yaml -t /home/aatmaj/CENT/experiments/dda_full_sweep/traces/32_channels_per_device/29_devices/pipeline_parallel/Llama2-7B/trace_16_channels_per_block_seqlen_128.txt
/home/aatmaj/CENT/aim_simulator/build/ramulator2 -f /home/aatmaj/CENT/aim_simulator/test/example.yaml -t /home/aatmaj/CENT/experiments/dda_full_sweep/traces/32_channels_per_device/29_devices/pipeline_parallel/Llama2-7B/trace_16_channels_per_block_seqlen_256.txt
/home/aatmaj/CENT/aim_simulator/build/ramulator2 -f /home/aatmaj/CENT/aim_simulator/test/example.yaml -t /home/aatmaj/CENT/experiments/dda_full_sweep/traces/32_channels_per_device/29_devices/pipeline_parallel/Llama2-7B/trace_16_channels_per_block_seqlen_384.txt
/home/aatmaj/CENT/aim_simulator/build/ramulator2 -f /home/aatmaj/CENT/aim_simulator/test/example.yaml -t /home/aatmaj/CENT/experiments/dda_full_sweep/traces/32_channels_per_device/29_devices/pipeline_parallel/Llama2-7B/trace_16_channels_per_block_seqlen_512.txt
/home/aatmaj/CENT/aim_simulator/build/ramulator2 -f /home/aatmaj/CENT/aim_simulator/test/example.yaml -t /home/aatmaj/CENT/experiments/dda_full_sweep/traces/32_channels_per_device/29_devices/pipeline_parallel/Llama2-7B/trace_16_channels_per_block_seqlen_640.txt
/home/aatmaj/CENT/aim_simulator/build/ramulator2 -f /home/aatmaj/CENT/aim_simulator/test/example.yaml -t /home/aatmaj/CENT/experiments/dda_full_sweep/traces/32_channels_per_device/29_devices/pipeline_parallel/Llama2-7B/trace_16_channels_per_block_seqlen_768.txt
/home/aatmaj/CENT/aim_simulator/build/ramulator2 -f /home/aatmaj/CENT/aim_simulator/test/example.yaml -t /home/aatmaj/CENT/experiments/dda_full_sweep/traces/32_channels_per_device/29_devices/pipeline_parallel/Llama2-7B/trace_16_channels_per_block_seqlen_896.txt
/home/aatmaj/CENT/aim_simulator/build/ramulator2 -f /home/aatmaj/CENT/aim_simulator/test/example.yaml -t /home/aatmaj/CENT/experiments/dda_full_sweep/traces/32_channels_per_device/29_devices/pipeline_parallel/Llama2-7B/trace_16_channels_per_block_seqlen_1024.txt
/home/aatmaj/CENT/aim_simulator/build/ramulator2 -f /home/aatmaj/CENT/aim_simulator/test/example.yaml -t /home/aatmaj/CENT/experiments/dda_full_sweep/traces/32_channels_per_device/29_devices/pipeline_parallel/Llama2-7B/trace_16_channels_per_block_seqlen_1152.txt
/home/aatmaj/CENT/aim_simulator/build/ramulator2 -f /home/aatmaj/CENT/aim_simulator/test/example.yaml -t /home/aatmaj/CENT/experiments/dda_full_sweep/traces/32_channels_per_device/29_devices/pipeline_parallel/Llama2-7B/trace_16_channels_per_block_seqlen_1280.txt
/home/aatmaj/CENT/aim_simulator/build/ramulator2 -f /home/aatmaj/CENT/aim_simulator/test/example.yaml -t /home/aatmaj/CENT/experiments/dda_full_sweep/traces/32_channels_per_device/29_devices/pipeline_parallel/Llama2-7B/trace_16_channels_per_block_seqlen_1408.txt
/home/aatmaj/CENT/aim_simulator/build/ramulator2 -f /home/aatmaj/CENT/aim_simulator/test/example.yaml -t /home/aatmaj/CENT/experiments/dda_full_sweep/traces/32_channels_per_device/29_devices/pipeline_parallel/Llama2-7B/trace_16_channels_per_block_seqlen_1536.txt
/home/aatmaj/CENT/aim_simulator/build/ramulator2 -f /home/aatmaj/CENT/aim_simulator/test/example.yaml -t /home/aatmaj/CENT/experiments/dda_full_sweep/traces/32_channels_per_device/29_devices/pipeline_parallel/Llama2-7B/trace_16_channels_per_block_seqlen_1664.txt
/home/aatmaj/CENT/aim_simulator/build/ramulator2 -f /home/aatmaj/CENT/aim_simulator/test/example.yaml -t /home/aatmaj/CENT/experiments/dda_full_sweep/traces/32_channels_per_device/29_devices/pipeline_parallel/Llama2-7B/trace_16_channels_per_block_seqlen_1792.txt
/home/aatmaj/CENT/aim_simulator/build/ramulator2 -f /home/aatmaj/CENT/aim_simulator/test/example.yaml -t /home/aatmaj/CENT/experiments/dda_full_sweep/traces/32_channels_per_device/29_devices/pipeline_parallel/Llama2-7B/trace_16_channels_per_block_seqlen_1920.txt
/home/aatmaj/CENT/aim_simulator/build/ramulator2 -f /home/aatmaj/CENT/aim_simulator/test/example.yaml -t /home/aatmaj/CENT/experiments/dda_full_sweep/traces/32_channels_per_device/29_devices/pipeline_parallel/Llama2-7B/trace_16_channels_per_block_seqlen_2048.txt
/home/aatmaj/CENT/aim_simulator/build/ramulator2 -f /home/aatmaj/CENT/aim_simulator/test/example.yaml -t /home/aatmaj/CENT/experiments/dda_full_sweep/traces/32_channels_per_device/29_devices/pipeline_parallel/Llama2-7B/trace_16_channels_per_block_seqlen_2176.txt
/home/aatmaj/CENT/aim_simulator/build/ramulator2 -f /home/aatmaj/CENT/aim_simulator/test/example.yaml -t /home/aatmaj/CENT/experiments/dda_full_sweep/traces/32_channels_per_device/29_devices/pipeline_parallel/Llama2-7B/trace_16_channels_per_block_seqlen_2304.txt
/home/aatmaj/CENT/aim_simulator/build/ramulator2 -f /home/aatmaj/CENT/aim_simulator/test/example.yaml -t /home/aatmaj/CENT/experiments/dda_full_sweep/traces/32_channels_per_device/29_devices/pipeline_parallel/Llama2-7B/trace_16_channels_per_block_seqlen_2432.txt
/home/aatmaj/CENT/aim_simulator/build/ramulator2 -f /home/aatmaj/CENT/aim_simulator/test/example.yaml -t /home/aatmaj/CENT/experiments/dda_full_sweep/traces/32_channels_per_device/29_devices/pipeline_parallel/Llama2-7B/trace_16_channels_per_block_seqlen_2560.txt
/home/aatmaj/CENT/aim_simulator/build/ramulator2 -f /home/aatmaj/CENT/aim_simulator/test/example.yaml -t /home/aatmaj/CENT/experiments/dda_full_sweep/traces/32_channels_per_device/29_devices/pipeline_parallel/Llama2-7B/trace_16_channels_per_block_seqlen_2688.txt
/home/aatmaj/CENT/aim_simulator/build/ramulator2 -f /home/aatmaj/CENT/aim_simulator/test/example.yaml -t /home/aatmaj/CENT/experiments/dda_full_sweep/traces/32_channels_per_device/29_devices/pipeline_parallel/Llama2-7B/trace_16_channels_per_block_seqlen_2816.txt
/home/aatmaj/CENT/aim_simulator/build/ramulator2 -f /home/aatmaj/CENT/aim_simulator/test/example.yaml -t /home/aatmaj/CENT/experiments/dda_full_sweep/traces/32_channels_per_device/29_devices/pipeline_parallel/Llama2-7B/trace_16_channels_per_block_seqlen_2944.txt
/home/aatmaj/CENT/aim_simulator/build/ramulator2 -f /home/aatmaj/CENT/aim_simulator/test/example.yaml -t /home/aatmaj/CENT/experiments/dda_full_sweep/traces/32_channels_per_device/29_devices/pipeline_parallel/Llama2-7B/trace_16_channels_per_block_seqlen_3072.txt
/home/aatmaj/CENT/aim_simulator/build/ramulator2 -f /home/aatmaj/CENT/aim_simulator/test/example.yaml -t /home/aatmaj/CENT/experiments/dda_full_sweep/traces/32_channels_per_device/29_devices/pipeline_parallel/Llama2-7B/trace_16_channels_per_block_seqlen_3200.txt
/home/aatmaj/CENT/aim_simulator/build/ramulator2 -f /home/aatmaj/CENT/aim_simulator/test/example.yaml -t /home/aatmaj/CENT/experiments/dda_full_sweep/traces/32_channels_per_device/29_devices/pipeline_parallel/Llama2-7B/trace_16_channels_per_block_seqlen_3328.txt
/home/aatmaj/CENT/aim_simulator/build/ramulator2 -f /home/aatmaj/CENT/aim_simulator/test/example.yaml -t /home/aatmaj/CENT/experiments/dda_full_sweep/traces/32_channels_per_device/29_devices/pipeline_parallel/Llama2-7B/trace_16_channels_per_block_seqlen_3456.txt
/home/aatmaj/CENT/aim_simulator/build/ramulator2 -f /home/aatmaj/CENT/aim_simulator/test/example.yaml -t /home/aatmaj/CENT/experiments/dda_full_sweep/traces/32_channels_per_device/29_devices/pipeline_parallel/Llama2-7B/trace_16_channels_per_block_seqlen_3584.txt
/home/aatmaj/CENT/aim_simulator/build/ramulator2 -f /home/aatmaj/CENT/aim_simulator/test/example.yaml -t /home/aatmaj/CENT/experiments/dda_full_sweep/traces/32_channels_per_device/29_devices/pipeline_parallel/Llama2-7B/trace_16_channels_per_block_seqlen_3712.txt
/home/aatmaj/CENT/experiments/dda_full_sweep/simulation/run_sim_full32.py:460: FutureWarning: The behavior of DataFrame concatenation with empty or all-NA entries is deprecated. In a future version, this will no longer exclude empty or all-NA columns when determining the result dtypes. To retain the old behavior, exclude the relevant entries before the concat operation.
  results_df = pd.concat([results_df, new_df], ignore_index=True)
/home/aatmaj/CENT/aim_simulator/build/ramulator2 -f /home/aatmaj/CENT/aim_simulator/test/example.yaml -t /home/aatmaj/CENT/experiments/dda_full_sweep/traces/32_channels_per_device/29_devices/pipeline_parallel/Llama2-7B/trace_16_channels_per_block_seqlen_3840.txt
/home/aatmaj/CENT/aim_simulator/build/ramulator2 -f /home/aatmaj/CENT/aim_simulator/test/example.yaml -t /home/aatmaj/CENT/experiments/dda_full_sweep/traces/32_channels_per_device/29_devices/pipeline_parallel/Llama2-7B/trace_16_channels_per_block_seqlen_3968.txt
/home/aatmaj/CENT/aim_simulator/build/ramulator2 -f /home/aatmaj/CENT/aim_simulator/test/example.yaml -t /home/aatmaj/CENT/experiments/dda_full_sweep/traces/32_channels_per_device/29_devices/pipeline_parallel/Llama2-7B/trace_16_channels_per_block_seqlen_4096.txt
Processing results...
Updating simulation results to CSV...
=== Pool T | Llama2-7B | N_T=31 | TP=1, PP=layers ===
Generating traces for Llama2-7B (31 devices) ...
/home/aatmaj/CENT/aim_simulator/build/ramulator2 -f /home/aatmaj/CENT/aim_simulator/test/example.yaml -t /home/aatmaj/CENT/experiments/dda_full_sweep/traces/32_channels_per_device/31_devices/pipeline_parallel_embedding/Llama2-7B/trace_16_channels_per_block_seqlen_4096.txt
/home/aatmaj/CENT/aim_simulator/build/ramulator2 -f /home/aatmaj/CENT/aim_simulator/test/example.yaml -t /home/aatmaj/CENT/experiments/dda_full_sweep/traces/32_channels_per_device/31_devices/pipeline_parallel/Llama2-7B/trace_16_channels_per_block_seqlen_128.txt
/home/aatmaj/CENT/aim_simulator/build/ramulator2 -f /home/aatmaj/CENT/aim_simulator/test/example.yaml -t /home/aatmaj/CENT/experiments/dda_full_sweep/traces/32_channels_per_device/31_devices/pipeline_parallel/Llama2-7B/trace_16_channels_per_block_seqlen_256.txt
/home/aatmaj/CENT/aim_simulator/build/ramulator2 -f /home/aatmaj/CENT/aim_simulator/test/example.yaml -t /home/aatmaj/CENT/experiments/dda_full_sweep/traces/32_channels_per_device/31_devices/pipeline_parallel/Llama2-7B/trace_16_channels_per_block_seqlen_384.txt
/home/aatmaj/CENT/aim_simulator/build/ramulator2 -f /home/aatmaj/CENT/aim_simulator/test/example.yaml -t /home/aatmaj/CENT/experiments/dda_full_sweep/traces/32_channels_per_device/31_devices/pipeline_parallel/Llama2-7B/trace_16_channels_per_block_seqlen_512.txt
/home/aatmaj/CENT/aim_simulator/build/ramulator2 -f /home/aatmaj/CENT/aim_simulator/test/example.yaml -t /home/aatmaj/CENT/experiments/dda_full_sweep/traces/32_channels_per_device/31_devices/pipeline_parallel/Llama2-7B/trace_16_channels_per_block_seqlen_640.txt
/home/aatmaj/CENT/aim_simulator/build/ramulator2 -f /home/aatmaj/CENT/aim_simulator/test/example.yaml -t /home/aatmaj/CENT/experiments/dda_full_sweep/traces/32_channels_per_device/31_devices/pipeline_parallel/Llama2-7B/trace_16_channels_per_block_seqlen_768.txt
/home/aatmaj/CENT/aim_simulator/build/ramulator2 -f /home/aatmaj/CENT/aim_simulator/test/example.yaml -t /home/aatmaj/CENT/experiments/dda_full_sweep/traces/32_channels_per_device/31_devices/pipeline_parallel/Llama2-7B/trace_16_channels_per_block_seqlen_896.txt
/home/aatmaj/CENT/aim_simulator/build/ramulator2 -f /home/aatmaj/CENT/aim_simulator/test/example.yaml -t /home/aatmaj/CENT/experiments/dda_full_sweep/traces/32_channels_per_device/31_devices/pipeline_parallel/Llama2-7B/trace_16_channels_per_block_seqlen_1024.txt
/home/aatmaj/CENT/aim_simulator/build/ramulator2 -f /home/aatmaj/CENT/aim_simulator/test/example.yaml -t /home/aatmaj/CENT/experiments/dda_full_sweep/traces/32_channels_per_device/31_devices/pipeline_parallel/Llama2-7B/trace_16_channels_per_block_seqlen_1152.txt
/home/aatmaj/CENT/aim_simulator/build/ramulator2 -f /home/aatmaj/CENT/aim_simulator/test/example.yaml -t /home/aatmaj/CENT/experiments/dda_full_sweep/traces/32_channels_per_device/31_devices/pipeline_parallel/Llama2-7B/trace_16_channels_per_block_seqlen_1280.txt
/home/aatmaj/CENT/aim_simulator/build/ramulator2 -f /home/aatmaj/CENT/aim_simulator/test/example.yaml -t /home/aatmaj/CENT/experiments/dda_full_sweep/traces/32_channels_per_device/31_devices/pipeline_parallel/Llama2-7B/trace_16_channels_per_block_seqlen_1408.txt
/home/aatmaj/CENT/aim_simulator/build/ramulator2 -f /home/aatmaj/CENT/aim_simulator/test/example.yaml -t /home/aatmaj/CENT/experiments/dda_full_sweep/traces/32_channels_per_device/31_devices/pipeline_parallel/Llama2-7B/trace_16_channels_per_block_seqlen_1536.txt
/home/aatmaj/CENT/aim_simulator/build/ramulator2 -f /home/aatmaj/CENT/aim_simulator/test/example.yaml -t /home/aatmaj/CENT/experiments/dda_full_sweep/traces/32_channels_per_device/31_devices/pipeline_parallel/Llama2-7B/trace_16_channels_per_block_seqlen_1664.txt
/home/aatmaj/CENT/aim_simulator/build/ramulator2 -f /home/aatmaj/CENT/aim_simulator/test/example.yaml -t /home/aatmaj/CENT/experiments/dda_full_sweep/traces/32_channels_per_device/31_devices/pipeline_parallel/Llama2-7B/trace_16_channels_per_block_seqlen_1792.txt
/home/aatmaj/CENT/aim_simulator/build/ramulator2 -f /home/aatmaj/CENT/aim_simulator/test/example.yaml -t /home/aatmaj/CENT/experiments/dda_full_sweep/traces/32_channels_per_device/31_devices/pipeline_parallel/Llama2-7B/trace_16_channels_per_block_seqlen_1920.txt
/home/aatmaj/CENT/aim_simulator/build/ramulator2 -f /home/aatmaj/CENT/aim_simulator/test/example.yaml -t /home/aatmaj/CENT/experiments/dda_full_sweep/traces/32_channels_per_device/31_devices/pipeline_parallel/Llama2-7B/trace_16_channels_per_block_seqlen_2048.txt
/home/aatmaj/CENT/aim_simulator/build/ramulator2 -f /home/aatmaj/CENT/aim_simulator/test/example.yaml -t /home/aatmaj/CENT/experiments/dda_full_sweep/traces/32_channels_per_device/31_devices/pipeline_parallel/Llama2-7B/trace_16_channels_per_block_seqlen_2176.txt
/home/aatmaj/CENT/aim_simulator/build/ramulator2 -f /home/aatmaj/CENT/aim_simulator/test/example.yaml -t /home/aatmaj/CENT/experiments/dda_full_sweep/traces/32_channels_per_device/31_devices/pipeline_parallel/Llama2-7B/trace_16_channels_per_block_seqlen_2304.txt
/home/aatmaj/CENT/aim_simulator/build/ramulator2 -f /home/aatmaj/CENT/aim_simulator/test/example.yaml -t /home/aatmaj/CENT/experiments/dda_full_sweep/traces/32_channels_per_device/31_devices/pipeline_parallel/Llama2-7B/trace_16_channels_per_block_seqlen_2432.txt
/home/aatmaj/CENT/aim_simulator/build/ramulator2 -f /home/aatmaj/CENT/aim_simulator/test/example.yaml -t /home/aatmaj/CENT/experiments/dda_full_sweep/traces/32_channels_per_device/31_devices/pipeline_parallel/Llama2-7B/trace_16_channels_per_block_seqlen_2560.txt
/home/aatmaj/CENT/aim_simulator/build/ramulator2 -f /home/aatmaj/CENT/aim_simulator/test/example.yaml -t /home/aatmaj/CENT/experiments/dda_full_sweep/traces/32_channels_per_device/31_devices/pipeline_parallel/Llama2-7B/trace_16_channels_per_block_seqlen_2688.txt
/home/aatmaj/CENT/aim_simulator/build/ramulator2 -f /home/aatmaj/CENT/aim_simulator/test/example.yaml -t /home/aatmaj/CENT/experiments/dda_full_sweep/traces/32_channels_per_device/31_devices/pipeline_parallel/Llama2-7B/trace_16_channels_per_block_seqlen_2816.txt
/home/aatmaj/CENT/aim_simulator/build/ramulator2 -f /home/aatmaj/CENT/aim_simulator/test/example.yaml -t /home/aatmaj/CENT/experiments/dda_full_sweep/traces/32_channels_per_device/31_devices/pipeline_parallel/Llama2-7B/trace_16_channels_per_block_seqlen_2944.txt
/home/aatmaj/CENT/aim_simulator/build/ramulator2 -f /home/aatmaj/CENT/aim_simulator/test/example.yaml -t /home/aatmaj/CENT/experiments/dda_full_sweep/traces/32_channels_per_device/31_devices/pipeline_parallel/Llama2-7B/trace_16_channels_per_block_seqlen_3072.txt
/home/aatmaj/CENT/aim_simulator/build/ramulator2 -f /home/aatmaj/CENT/aim_simulator/test/example.yaml -t /home/aatmaj/CENT/experiments/dda_full_sweep/traces/32_channels_per_device/31_devices/pipeline_parallel/Llama2-7B/trace_16_channels_per_block_seqlen_3200.txt
/home/aatmaj/CENT/aim_simulator/build/ramulator2 -f /home/aatmaj/CENT/aim_simulator/test/example.yaml -t /home/aatmaj/CENT/experiments/dda_full_sweep/traces/32_channels_per_device/31_devices/pipeline_parallel/Llama2-7B/trace_16_channels_per_block_seqlen_3328.txt
/home/aatmaj/CENT/aim_simulator/build/ramulator2 -f /home/aatmaj/CENT/aim_simulator/test/example.yaml -t /home/aatmaj/CENT/experiments/dda_full_sweep/traces/32_channels_per_device/31_devices/pipeline_parallel/Llama2-7B/trace_16_channels_per_block_seqlen_3456.txt
/home/aatmaj/CENT/aim_simulator/build/ramulator2 -f /home/aatmaj/CENT/aim_simulator/test/example.yaml -t /home/aatmaj/CENT/experiments/dda_full_sweep/traces/32_channels_per_device/31_devices/pipeline_parallel/Llama2-7B/trace_16_channels_per_block_seqlen_3584.txt
/home/aatmaj/CENT/aim_simulator/build/ramulator2 -f /home/aatmaj/CENT/aim_simulator/test/example.yaml -t /home/aatmaj/CENT/experiments/dda_full_sweep/traces/32_channels_per_device/31_devices/pipeline_parallel/Llama2-7B/trace_16_channels_per_block_seqlen_3712.txt
/home/aatmaj/CENT/experiments/dda_full_sweep/simulation/run_sim_full32.py:460: FutureWarning: The behavior of DataFrame concatenation with empty or all-NA entries is deprecated. In a future version, this will no longer exclude empty or all-NA columns when determining the result dtypes. To retain the old behavior, exclude the relevant entries before the concat operation.
  results_df = pd.concat([results_df, new_df], ignore_index=True)
/home/aatmaj/CENT/aim_simulator/build/ramulator2 -f /home/aatmaj/CENT/aim_simulator/test/example.yaml -t /home/aatmaj/CENT/experiments/dda_full_sweep/traces/32_channels_per_device/31_devices/pipeline_parallel/Llama2-7B/trace_16_channels_per_block_seqlen_3840.txt
/home/aatmaj/CENT/aim_simulator/build/ramulator2 -f /home/aatmaj/CENT/aim_simulator/test/example.yaml -t /home/aatmaj/CENT/experiments/dda_full_sweep/traces/32_channels_per_device/31_devices/pipeline_parallel/Llama2-7B/trace_16_channels_per_block_seqlen_3968.txt
/home/aatmaj/CENT/aim_simulator/build/ramulator2 -f /home/aatmaj/CENT/aim_simulator/test/example.yaml -t /home/aatmaj/CENT/experiments/dda_full_sweep/traces/32_channels_per_device/31_devices/pipeline_parallel/Llama2-7B/trace_16_channels_per_block_seqlen_4096.txt
Processing results...
Updating simulation results to CSV...
############ Llama2-13B (N_L 2..22, N_T 10..30) ###########
=== Pool L | Llama2-13B | N_L=3 | TP=3, PP=1 ===
Generating traces for Llama2-13B (3 devices) ...
/home/aatmaj/CENT/aim_simulator/build/ramulator2 -f /home/aatmaj/CENT/aim_simulator/test/example.yaml -t /home/aatmaj/CENT/experiments/dda_full_sweep/traces/32_channels_per_device/3_devices/model_parallel_embedding/Llama2-13B/trace_3_FC_devices_seqlen_4096.txt
/home/aatmaj/CENT/aim_simulator/build/ramulator2 -f /home/aatmaj/CENT/aim_simulator/test/example.yaml -t /home/aatmaj/CENT/experiments/dda_full_sweep/traces/32_channels_per_device/3_devices/model_parallel/Llama2-13B/trace_3_FC_devices_seqlen_128.txt
/home/aatmaj/CENT/aim_simulator/build/ramulator2 -f /home/aatmaj/CENT/aim_simulator/test/example.yaml -t /home/aatmaj/CENT/experiments/dda_full_sweep/traces/32_channels_per_device/3_devices/model_parallel_FC/Llama2-13B/trace_3_FC_devices_seqlen_128.txt
/home/aatmaj/CENT/aim_simulator/build/ramulator2 -f /home/aatmaj/CENT/aim_simulator/test/example.yaml -t /home/aatmaj/CENT/experiments/dda_full_sweep/traces/32_channels_per_device/3_devices/model_parallel/Llama2-13B/trace_3_FC_devices_seqlen_256.txt
/home/aatmaj/CENT/aim_simulator/build/ramulator2 -f /home/aatmaj/CENT/aim_simulator/test/example.yaml -t /home/aatmaj/CENT/experiments/dda_full_sweep/traces/32_channels_per_device/3_devices/model_parallel_FC/Llama2-13B/trace_3_FC_devices_seqlen_256.txt
/home/aatmaj/CENT/aim_simulator/build/ramulator2 -f /home/aatmaj/CENT/aim_simulator/test/example.yaml -t /home/aatmaj/CENT/experiments/dda_full_sweep/traces/32_channels_per_device/3_devices/model_parallel/Llama2-13B/trace_3_FC_devices_seqlen_384.txt
/home/aatmaj/CENT/aim_simulator/build/ramulator2 -f /home/aatmaj/CENT/aim_simulator/test/example.yaml -t /home/aatmaj/CENT/experiments/dda_full_sweep/traces/32_channels_per_device/3_devices/model_parallel_FC/Llama2-13B/trace_3_FC_devices_seqlen_384.txt
/home/aatmaj/CENT/aim_simulator/build/ramulator2 -f /home/aatmaj/CENT/aim_simulator/test/example.yaml -t /home/aatmaj/CENT/experiments/dda_full_sweep/traces/32_channels_per_device/3_devices/model_parallel/Llama2-13B/trace_3_FC_devices_seqlen_512.txt
/home/aatmaj/CENT/aim_simulator/build/ramulator2 -f /home/aatmaj/CENT/aim_simulator/test/example.yaml -t /home/aatmaj/CENT/experiments/dda_full_sweep/traces/32_channels_per_device/3_devices/model_parallel_FC/Llama2-13B/trace_3_FC_devices_seqlen_512.txt
/home/aatmaj/CENT/aim_simulator/build/ramulator2 -f /home/aatmaj/CENT/aim_simulator/test/example.yaml -t /home/aatmaj/CENT/experiments/dda_full_sweep/traces/32_channels_per_device/3_devices/model_parallel/Llama2-13B/trace_3_FC_devices_seqlen_640.txt
/home/aatmaj/CENT/aim_simulator/build/ramulator2 -f /home/aatmaj/CENT/aim_simulator/test/example.yaml -t /home/aatmaj/CENT/experiments/dda_full_sweep/traces/32_channels_per_device/3_devices/model_parallel_FC/Llama2-13B/trace_3_FC_devices_seqlen_640.txt
/home/aatmaj/CENT/aim_simulator/build/ramulator2 -f /home/aatmaj/CENT/aim_simulator/test/example.yaml -t /home/aatmaj/CENT/experiments/dda_full_sweep/traces/32_channels_per_device/3_devices/model_parallel/Llama2-13B/trace_3_FC_devices_seqlen_768.txt
/home/aatmaj/CENT/aim_simulator/build/ramulator2 -f /home/aatmaj/CENT/aim_simulator/test/example.yaml -t /home/aatmaj/CENT/experiments/dda_full_sweep/traces/32_channels_per_device/3_devices/model_parallel_FC/Llama2-13B/trace_3_FC_devices_seqlen_768.txt
/home/aatmaj/CENT/aim_simulator/build/ramulator2 -f /home/aatmaj/CENT/aim_simulator/test/example.yaml -t /home/aatmaj/CENT/experiments/dda_full_sweep/traces/32_channels_per_device/3_devices/model_parallel/Llama2-13B/trace_3_FC_devices_seqlen_896.txt
/home/aatmaj/CENT/aim_simulator/build/ramulator2 -f /home/aatmaj/CENT/aim_simulator/test/example.yaml -t /home/aatmaj/CENT/experiments/dda_full_sweep/traces/32_channels_per_device/3_devices/model_parallel_FC/Llama2-13B/trace_3_FC_devices_seqlen_896.txt
/home/aatmaj/CENT/aim_simulator/build/ramulator2 -f /home/aatmaj/CENT/aim_simulator/test/example.yaml -t /home/aatmaj/CENT/experiments/dda_full_sweep/traces/32_channels_per_device/3_devices/model_parallel/Llama2-13B/trace_3_FC_devices_seqlen_1024.txt
/home/aatmaj/CENT/aim_simulator/build/ramulator2 -f /home/aatmaj/CENT/aim_simulator/test/example.yaml -t /home/aatmaj/CENT/experiments/dda_full_sweep/traces/32_channels_per_device/3_devices/model_parallel_FC/Llama2-13B/trace_3_FC_devices_seqlen_1024.txt
/home/aatmaj/CENT/aim_simulator/build/ramulator2 -f /home/aatmaj/CENT/aim_simulator/test/example.yaml -t /home/aatmaj/CENT/experiments/dda_full_sweep/traces/32_channels_per_device/3_devices/model_parallel/Llama2-13B/trace_3_FC_devices_seqlen_1152.txt
/home/aatmaj/CENT/aim_simulator/build/ramulator2 -f /home/aatmaj/CENT/aim_simulator/test/example.yaml -t /home/aatmaj/CENT/experiments/dda_full_sweep/traces/32_channels_per_device/3_devices/model_parallel_FC/Llama2-13B/trace_3_FC_devices_seqlen_1152.txt
/home/aatmaj/CENT/aim_simulator/build/ramulator2 -f /home/aatmaj/CENT/aim_simulator/test/example.yaml -t /home/aatmaj/CENT/experiments/dda_full_sweep/traces/32_channels_per_device/3_devices/model_parallel/Llama2-13B/trace_3_FC_devices_seqlen_1280.txt
/home/aatmaj/CENT/aim_simulator/build/ramulator2 -f /home/aatmaj/CENT/aim_simulator/test/example.yaml -t /home/aatmaj/CENT/experiments/dda_full_sweep/traces/32_channels_per_device/3_devices/model_parallel_FC/Llama2-13B/trace_3_FC_devices_seqlen_1280.txt
/home/aatmaj/CENT/aim_simulator/build/ramulator2 -f /home/aatmaj/CENT/aim_simulator/test/example.yaml -t /home/aatmaj/CENT/experiments/dda_full_sweep/traces/32_channels_per_device/3_devices/model_parallel/Llama2-13B/trace_3_FC_devices_seqlen_1408.txt
/home/aatmaj/CENT/aim_simulator/build/ramulator2 -f /home/aatmaj/CENT/aim_simulator/test/example.yaml -t /home/aatmaj/CENT/experiments/dda_full_sweep/traces/32_channels_per_device/3_devices/model_parallel_FC/Llama2-13B/trace_3_FC_devices_seqlen_1408.txt
/home/aatmaj/CENT/aim_simulator/build/ramulator2 -f /home/aatmaj/CENT/aim_simulator/test/example.yaml -t /home/aatmaj/CENT/experiments/dda_full_sweep/traces/32_channels_per_device/3_devices/model_parallel/Llama2-13B/trace_3_FC_devices_seqlen_1536.txt
/home/aatmaj/CENT/aim_simulator/build/ramulator2 -f /home/aatmaj/CENT/aim_simulator/test/example.yaml -t /home/aatmaj/CENT/experiments/dda_full_sweep/traces/32_channels_per_device/3_devices/model_parallel_FC/Llama2-13B/trace_3_FC_devices_seqlen_1536.txt
/home/aatmaj/CENT/aim_simulator/build/ramulator2 -f /home/aatmaj/CENT/aim_simulator/test/example.yaml -t /home/aatmaj/CENT/experiments/dda_full_sweep/traces/32_channels_per_device/3_devices/model_parallel/Llama2-13B/trace_3_FC_devices_seqlen_1664.txt
/home/aatmaj/CENT/aim_simulator/build/ramulator2 -f /home/aatmaj/CENT/aim_simulator/test/example.yaml -t /home/aatmaj/CENT/experiments/dda_full_sweep/traces/32_channels_per_device/3_devices/model_parallel_FC/Llama2-13B/trace_3_FC_devices_seqlen_1664.txt
/home/aatmaj/CENT/aim_simulator/build/ramulator2 -f /home/aatmaj/CENT/aim_simulator/test/example.yaml -t /home/aatmaj/CENT/experiments/dda_full_sweep/traces/32_channels_per_device/3_devices/model_parallel/Llama2-13B/trace_3_FC_devices_seqlen_1792.txt
/home/aatmaj/CENT/aim_simulator/build/ramulator2 -f /home/aatmaj/CENT/aim_simulator/test/example.yaml -t /home/aatmaj/CENT/experiments/dda_full_sweep/traces/32_channels_per_device/3_devices/model_parallel_FC/Llama2-13B/trace_3_FC_devices_seqlen_1792.txt
/home/aatmaj/CENT/aim_simulator/build/ramulator2 -f /home/aatmaj/CENT/aim_simulator/test/example.yaml -t /home/aatmaj/CENT/experiments/dda_full_sweep/traces/32_channels_per_device/3_devices/model_parallel/Llama2-13B/trace_3_FC_devices_seqlen_1920.txt
/home/aatmaj/CENT/aim_simulator/build/ramulator2 -f /home/aatmaj/CENT/aim_simulator/test/example.yaml -t /home/aatmaj/CENT/experiments/dda_full_sweep/traces/32_channels_per_device/3_devices/model_parallel_FC/Llama2-13B/trace_3_FC_devices_seqlen_1920.txt
/home/aatmaj/CENT/aim_simulator/build/ramulator2 -f /home/aatmaj/CENT/aim_simulator/test/example.yaml -t /home/aatmaj/CENT/experiments/dda_full_sweep/traces/32_channels_per_device/3_devices/model_parallel/Llama2-13B/trace_3_FC_devices_seqlen_2048.txt
/home/aatmaj/CENT/aim_simulator/build/ramulator2 -f /home/aatmaj/CENT/aim_simulator/test/example.yaml -t /home/aatmaj/CENT/experiments/dda_full_sweep/traces/32_channels_per_device/3_devices/model_parallel_FC/Llama2-13B/trace_3_FC_devices_seqlen_2048.txt
/home/aatmaj/CENT/aim_simulator/build/ramulator2 -f /home/aatmaj/CENT/aim_simulator/test/example.yaml -t /home/aatmaj/CENT/experiments/dda_full_sweep/traces/32_channels_per_device/3_devices/model_parallel/Llama2-13B/trace_3_FC_devices_seqlen_2176.txt
/home/aatmaj/CENT/aim_simulator/build/ramulator2 -f /home/aatmaj/CENT/aim_simulator/test/example.yaml -t /home/aatmaj/CENT/experiments/dda_full_sweep/traces/32_channels_per_device/3_devices/model_parallel_FC/Llama2-13B/trace_3_FC_devices_seqlen_2176.txt
/home/aatmaj/CENT/aim_simulator/build/ramulator2 -f /home/aatmaj/CENT/aim_simulator/test/example.yaml -t /home/aatmaj/CENT/experiments/dda_full_sweep/traces/32_channels_per_device/3_devices/model_parallel/Llama2-13B/trace_3_FC_devices_seqlen_2304.txt
/home/aatmaj/CENT/aim_simulator/build/ramulator2 -f /home/aatmaj/CENT/aim_simulator/test/example.yaml -t /home/aatmaj/CENT/experiments/dda_full_sweep/traces/32_channels_per_device/3_devices/model_parallel_FC/Llama2-13B/trace_3_FC_devices_seqlen_2304.txt
/home/aatmaj/CENT/aim_simulator/build/ramulator2 -f /home/aatmaj/CENT/aim_simulator/test/example.yaml -t /home/aatmaj/CENT/experiments/dda_full_sweep/traces/32_channels_per_device/3_devices/model_parallel/Llama2-13B/trace_3_FC_devices_seqlen_2432.txt
/home/aatmaj/CENT/aim_simulator/build/ramulator2 -f /home/aatmaj/CENT/aim_simulator/test/example.yaml -t /home/aatmaj/CENT/experiments/dda_full_sweep/traces/32_channels_per_device/3_devices/model_parallel_FC/Llama2-13B/trace_3_FC_devices_seqlen_2432.txt
/home/aatmaj/CENT/aim_simulator/build/ramulator2 -f /home/aatmaj/CENT/aim_simulator/test/example.yaml -t /home/aatmaj/CENT/experiments/dda_full_sweep/traces/32_channels_per_device/3_devices/model_parallel/Llama2-13B/trace_3_FC_devices_seqlen_2560.txt
/home/aatmaj/CENT/aim_simulator/build/ramulator2 -f /home/aatmaj/CENT/aim_simulator/test/example.yaml -t /home/aatmaj/CENT/experiments/dda_full_sweep/traces/32_channels_per_device/3_devices/model_parallel_FC/Llama2-13B/trace_3_FC_devices_seqlen_2560.txt
/home/aatmaj/CENT/aim_simulator/build/ramulator2 -f /home/aatmaj/CENT/aim_simulator/test/example.yaml -t /home/aatmaj/CENT/experiments/dda_full_sweep/traces/32_channels_per_device/3_devices/model_parallel/Llama2-13B/trace_3_FC_devices_seqlen_2688.txt
/home/aatmaj/CENT/aim_simulator/build/ramulator2 -f /home/aatmaj/CENT/aim_simulator/test/example.yaml -t /home/aatmaj/CENT/experiments/dda_full_sweep/traces/32_channels_per_device/3_devices/model_parallel_FC/Llama2-13B/trace_3_FC_devices_seqlen_2688.txt
/home/aatmaj/CENT/aim_simulator/build/ramulator2 -f /home/aatmaj/CENT/aim_simulator/test/example.yaml -t /home/aatmaj/CENT/experiments/dda_full_sweep/traces/32_channels_per_device/3_devices/model_parallel/Llama2-13B/trace_3_FC_devices_seqlen_2816.txt
/home/aatmaj/CENT/aim_simulator/build/ramulator2 -f /home/aatmaj/CENT/aim_simulator/test/example.yaml -t /home/aatmaj/CENT/experiments/dda_full_sweep/traces/32_channels_per_device/3_devices/model_parallel_FC/Llama2-13B/trace_3_FC_devices_seqlen_2816.txt
/home/aatmaj/CENT/aim_simulator/build/ramulator2 -f /home/aatmaj/CENT/aim_simulator/test/example.yaml -t /home/aatmaj/CENT/experiments/dda_full_sweep/traces/32_channels_per_device/3_devices/model_parallel/Llama2-13B/trace_3_FC_devices_seqlen_2944.txt
/home/aatmaj/CENT/aim_simulator/build/ramulator2 -f /home/aatmaj/CENT/aim_simulator/test/example.yaml -t /home/aatmaj/CENT/experiments/dda_full_sweep/traces/32_channels_per_device/3_devices/model_parallel_FC/Llama2-13B/trace_3_FC_devices_seqlen_2944.txt
/home/aatmaj/CENT/aim_simulator/build/ramulator2 -f /home/aatmaj/CENT/aim_simulator/test/example.yaml -t /home/aatmaj/CENT/experiments/dda_full_sweep/traces/32_channels_per_device/3_devices/model_parallel/Llama2-13B/trace_3_FC_devices_seqlen_3072.txt
/home/aatmaj/CENT/aim_simulator/build/ramulator2 -f /home/aatmaj/CENT/aim_simulator/test/example.yaml -t /home/aatmaj/CENT/experiments/dda_full_sweep/traces/32_channels_per_device/3_devices/model_parallel_FC/Llama2-13B/trace_3_FC_devices_seqlen_3072.txt
/home/aatmaj/CENT/aim_simulator/build/ramulator2 -f /home/aatmaj/CENT/aim_simulator/test/example.yaml -t /home/aatmaj/CENT/experiments/dda_full_sweep/traces/32_channels_per_device/3_devices/model_parallel/Llama2-13B/trace_3_FC_devices_seqlen_3200.txt
/home/aatmaj/CENT/aim_simulator/build/ramulator2 -f /home/aatmaj/CENT/aim_simulator/test/example.yaml -t /home/aatmaj/CENT/experiments/dda_full_sweep/traces/32_channels_per_device/3_devices/model_parallel_FC/Llama2-13B/trace_3_FC_devices_seqlen_3200.txt
/home/aatmaj/CENT/aim_simulator/build/ramulator2 -f /home/aatmaj/CENT/aim_simulator/test/example.yaml -t /home/aatmaj/CENT/experiments/dda_full_sweep/traces/32_channels_per_device/3_devices/model_parallel/Llama2-13B/trace_3_FC_devices_seqlen_3328.txt
/home/aatmaj/CENT/aim_simulator/build/ramulator2 -f /home/aatmaj/CENT/aim_simulator/test/example.yaml -t /home/aatmaj/CENT/experiments/dda_full_sweep/traces/32_channels_per_device/3_devices/model_parallel_FC/Llama2-13B/trace_3_FC_devices_seqlen_3328.txt
/home/aatmaj/CENT/aim_simulator/build/ramulator2 -f /home/aatmaj/CENT/aim_simulator/test/example.yaml -t /home/aatmaj/CENT/experiments/dda_full_sweep/traces/32_channels_per_device/3_devices/model_parallel/Llama2-13B/trace_3_FC_devices_seqlen_3456.txt
/home/aatmaj/CENT/aim_simulator/build/ramulator2 -f /home/aatmaj/CENT/aim_simulator/test/example.yaml -t /home/aatmaj/CENT/experiments/dda_full_sweep/traces/32_channels_per_device/3_devices/model_parallel_FC/Llama2-13B/trace_3_FC_devices_seqlen_3456.txt
/home/aatmaj/CENT/aim_simulator/build/ramulator2 -f /home/aatmaj/CENT/aim_simulator/test/example.yaml -t /home/aatmaj/CENT/experiments/dda_full_sweep/traces/32_channels_per_device/3_devices/model_parallel/Llama2-13B/trace_3_FC_devices_seqlen_3584.txt
/home/aatmaj/CENT/aim_simulator/build/ramulator2 -f /home/aatmaj/CENT/aim_simulator/test/example.yaml -t /home/aatmaj/CENT/experiments/dda_full_sweep/traces/32_channels_per_device/3_devices/model_parallel_FC/Llama2-13B/trace_3_FC_devices_seqlen_3584.txt
/home/aatmaj/CENT/aim_simulator/build/ramulator2 -f /home/aatmaj/CENT/aim_simulator/test/example.yaml -t /home/aatmaj/CENT/experiments/dda_full_sweep/traces/32_channels_per_device/3_devices/model_parallel/Llama2-13B/trace_3_FC_devices_seqlen_3712.txt
/home/aatmaj/CENT/aim_simulator/build/ramulator2 -f /home/aatmaj/CENT/aim_simulator/test/example.yaml -t /home/aatmaj/CENT/experiments/dda_full_sweep/traces/32_channels_per_device/3_devices/model_parallel_FC/Llama2-13B/trace_3_FC_devices_seqlen_3712.txt
/home/aatmaj/CENT/aim_simulator/build/ramulator2 -f /home/aatmaj/CENT/aim_simulator/test/example.yaml -t /home/aatmaj/CENT/experiments/dda_full_sweep/traces/32_channels_per_device/3_devices/model_parallel/Llama2-13B/trace_3_FC_devices_seqlen_3840.txt
/home/aatmaj/CENT/aim_simulator/build/ramulator2 -f /home/aatmaj/CENT/aim_simulator/test/example.yaml -t /home/aatmaj/CENT/experiments/dda_full_sweep/traces/32_channels_per_device/3_devices/model_parallel_FC/Llama2-13B/trace_3_FC_devices_seqlen_3840.txt
/home/aatmaj/CENT/aim_simulator/build/ramulator2 -f /home/aatmaj/CENT/aim_simulator/test/example.yaml -t /home/aatmaj/CENT/experiments/dda_full_sweep/traces/32_channels_per_device/3_devices/model_parallel/Llama2-13B/trace_3_FC_devices_seqlen_3968.txt
/home/aatmaj/CENT/aim_simulator/build/ramulator2 -f /home/aatmaj/CENT/aim_simulator/test/example.yaml -t /home/aatmaj/CENT/experiments/dda_full_sweep/traces/32_channels_per_device/3_devices/model_parallel_FC/Llama2-13B/trace_3_FC_devices_seqlen_3968.txt
/home/aatmaj/CENT/aim_simulator/build/ramulator2 -f /home/aatmaj/CENT/aim_simulator/test/example.yaml -t /home/aatmaj/CENT/experiments/dda_full_sweep/traces/32_channels_per_device/3_devices/model_parallel/Llama2-13B/trace_3_FC_devices_seqlen_4096.txt
/home/aatmaj/CENT/experiments/dda_full_sweep/simulation/run_sim_full32.py:447: FutureWarning: The behavior of DataFrame concatenation with empty or all-NA entries is deprecated. In a future version, this will no longer exclude empty or all-NA columns when determining the result dtypes. To retain the old behavior, exclude the relevant entries before the concat operation.
  results_df = pd.concat([results_df, new_df], ignore_index=True)
/home/aatmaj/CENT/aim_simulator/build/ramulator2 -f /home/aatmaj/CENT/aim_simulator/test/example.yaml -t /home/aatmaj/CENT/experiments/dda_full_sweep/traces/32_channels_per_device/3_devices/model_parallel_FC/Llama2-13B/trace_3_FC_devices_seqlen_4096.txt
Processing results...
Updating simulation results to CSV...
=== Pool L | Llama2-13B | N_L=5 | TP=5, PP=1 ===
Generating traces for Llama2-13B (5 devices) ...
/home/aatmaj/CENT/aim_simulator/build/ramulator2 -f /home/aatmaj/CENT/aim_simulator/test/example.yaml -t /home/aatmaj/CENT/experiments/dda_full_sweep/traces/32_channels_per_device/5_devices/model_parallel_embedding/Llama2-13B/trace_5_FC_devices_seqlen_4096.txt
/home/aatmaj/CENT/aim_simulator/build/ramulator2 -f /home/aatmaj/CENT/aim_simulator/test/example.yaml -t /home/aatmaj/CENT/experiments/dda_full_sweep/traces/32_channels_per_device/5_devices/model_parallel/Llama2-13B/trace_5_FC_devices_seqlen_128.txt
/home/aatmaj/CENT/aim_simulator/build/ramulator2 -f /home/aatmaj/CENT/aim_simulator/test/example.yaml -t /home/aatmaj/CENT/experiments/dda_full_sweep/traces/32_channels_per_device/5_devices/model_parallel_FC/Llama2-13B/trace_5_FC_devices_seqlen_128.txt
/home/aatmaj/CENT/aim_simulator/build/ramulator2 -f /home/aatmaj/CENT/aim_simulator/test/example.yaml -t /home/aatmaj/CENT/experiments/dda_full_sweep/traces/32_channels_per_device/5_devices/model_parallel/Llama2-13B/trace_5_FC_devices_seqlen_256.txt
/home/aatmaj/CENT/aim_simulator/build/ramulator2 -f /home/aatmaj/CENT/aim_simulator/test/example.yaml -t /home/aatmaj/CENT/experiments/dda_full_sweep/traces/32_channels_per_device/5_devices/model_parallel_FC/Llama2-13B/trace_5_FC_devices_seqlen_256.txt
/home/aatmaj/CENT/aim_simulator/build/ramulator2 -f /home/aatmaj/CENT/aim_simulator/test/example.yaml -t /home/aatmaj/CENT/experiments/dda_full_sweep/traces/32_channels_per_device/5_devices/model_parallel/Llama2-13B/trace_5_FC_devices_seqlen_384.txt
/home/aatmaj/CENT/aim_simulator/build/ramulator2 -f /home/aatmaj/CENT/aim_simulator/test/example.yaml -t /home/aatmaj/CENT/experiments/dda_full_sweep/traces/32_channels_per_device/5_devices/model_parallel_FC/Llama2-13B/trace_5_FC_devices_seqlen_384.txt
/home/aatmaj/CENT/aim_simulator/build/ramulator2 -f /home/aatmaj/CENT/aim_simulator/test/example.yaml -t /home/aatmaj/CENT/experiments/dda_full_sweep/traces/32_channels_per_device/5_devices/model_parallel/Llama2-13B/trace_5_FC_devices_seqlen_512.txt
/home/aatmaj/CENT/aim_simulator/build/ramulator2 -f /home/aatmaj/CENT/aim_simulator/test/example.yaml -t /home/aatmaj/CENT/experiments/dda_full_sweep/traces/32_channels_per_device/5_devices/model_parallel_FC/Llama2-13B/trace_5_FC_devices_seqlen_512.txt
/home/aatmaj/CENT/aim_simulator/build/ramulator2 -f /home/aatmaj/CENT/aim_simulator/test/example.yaml -t /home/aatmaj/CENT/experiments/dda_full_sweep/traces/32_channels_per_device/5_devices/model_parallel/Llama2-13B/trace_5_FC_devices_seqlen_640.txt
/home/aatmaj/CENT/aim_simulator/build/ramulator2 -f /home/aatmaj/CENT/aim_simulator/test/example.yaml -t /home/aatmaj/CENT/experiments/dda_full_sweep/traces/32_channels_per_device/5_devices/model_parallel_FC/Llama2-13B/trace_5_FC_devices_seqlen_640.txt
/home/aatmaj/CENT/aim_simulator/build/ramulator2 -f /home/aatmaj/CENT/aim_simulator/test/example.yaml -t /home/aatmaj/CENT/experiments/dda_full_sweep/traces/32_channels_per_device/5_devices/model_parallel/Llama2-13B/trace_5_FC_devices_seqlen_768.txt
/home/aatmaj/CENT/aim_simulator/build/ramulator2 -f /home/aatmaj/CENT/aim_simulator/test/example.yaml -t /home/aatmaj/CENT/experiments/dda_full_sweep/traces/32_channels_per_device/5_devices/model_parallel_FC/Llama2-13B/trace_5_FC_devices_seqlen_768.txt
/home/aatmaj/CENT/aim_simulator/build/ramulator2 -f /home/aatmaj/CENT/aim_simulator/test/example.yaml -t /home/aatmaj/CENT/experiments/dda_full_sweep/traces/32_channels_per_device/5_devices/model_parallel/Llama2-13B/trace_5_FC_devices_seqlen_896.txt
/home/aatmaj/CENT/aim_simulator/build/ramulator2 -f /home/aatmaj/CENT/aim_simulator/test/example.yaml -t /home/aatmaj/CENT/experiments/dda_full_sweep/traces/32_channels_per_device/5_devices/model_parallel_FC/Llama2-13B/trace_5_FC_devices_seqlen_896.txt
/home/aatmaj/CENT/aim_simulator/build/ramulator2 -f /home/aatmaj/CENT/aim_simulator/test/example.yaml -t /home/aatmaj/CENT/experiments/dda_full_sweep/traces/32_channels_per_device/5_devices/model_parallel/Llama2-13B/trace_5_FC_devices_seqlen_1024.txt
/home/aatmaj/CENT/aim_simulator/build/ramulator2 -f /home/aatmaj/CENT/aim_simulator/test/example.yaml -t /home/aatmaj/CENT/experiments/dda_full_sweep/traces/32_channels_per_device/5_devices/model_parallel_FC/Llama2-13B/trace_5_FC_devices_seqlen_1024.txt
/home/aatmaj/CENT/aim_simulator/build/ramulator2 -f /home/aatmaj/CENT/aim_simulator/test/example.yaml -t /home/aatmaj/CENT/experiments/dda_full_sweep/traces/32_channels_per_device/5_devices/model_parallel/Llama2-13B/trace_5_FC_devices_seqlen_1152.txt
/home/aatmaj/CENT/aim_simulator/build/ramulator2 -f /home/aatmaj/CENT/aim_simulator/test/example.yaml -t /home/aatmaj/CENT/experiments/dda_full_sweep/traces/32_channels_per_device/5_devices/model_parallel_FC/Llama2-13B/trace_5_FC_devices_seqlen_1152.txt
/home/aatmaj/CENT/aim_simulator/build/ramulator2 -f /home/aatmaj/CENT/aim_simulator/test/example.yaml -t /home/aatmaj/CENT/experiments/dda_full_sweep/traces/32_channels_per_device/5_devices/model_parallel/Llama2-13B/trace_5_FC_devices_seqlen_1280.txt
/home/aatmaj/CENT/aim_simulator/build/ramulator2 -f /home/aatmaj/CENT/aim_simulator/test/example.yaml -t /home/aatmaj/CENT/experiments/dda_full_sweep/traces/32_channels_per_device/5_devices/model_parallel_FC/Llama2-13B/trace_5_FC_devices_seqlen_1280.txt
/home/aatmaj/CENT/aim_simulator/build/ramulator2 -f /home/aatmaj/CENT/aim_simulator/test/example.yaml -t /home/aatmaj/CENT/experiments/dda_full_sweep/traces/32_channels_per_device/5_devices/model_parallel/Llama2-13B/trace_5_FC_devices_seqlen_1408.txt
/home/aatmaj/CENT/aim_simulator/build/ramulator2 -f /home/aatmaj/CENT/aim_simulator/test/example.yaml -t /home/aatmaj/CENT/experiments/dda_full_sweep/traces/32_channels_per_device/5_devices/model_parallel_FC/Llama2-13B/trace_5_FC_devices_seqlen_1408.txt
/home/aatmaj/CENT/aim_simulator/build/ramulator2 -f /home/aatmaj/CENT/aim_simulator/test/example.yaml -t /home/aatmaj/CENT/experiments/dda_full_sweep/traces/32_channels_per_device/5_devices/model_parallel/Llama2-13B/trace_5_FC_devices_seqlen_1536.txt
/home/aatmaj/CENT/aim_simulator/build/ramulator2 -f /home/aatmaj/CENT/aim_simulator/test/example.yaml -t /home/aatmaj/CENT/experiments/dda_full_sweep/traces/32_channels_per_device/5_devices/model_parallel_FC/Llama2-13B/trace_5_FC_devices_seqlen_1536.txt
/home/aatmaj/CENT/aim_simulator/build/ramulator2 -f /home/aatmaj/CENT/aim_simulator/test/example.yaml -t /home/aatmaj/CENT/experiments/dda_full_sweep/traces/32_channels_per_device/5_devices/model_parallel/Llama2-13B/trace_5_FC_devices_seqlen_1664.txt
/home/aatmaj/CENT/aim_simulator/build/ramulator2 -f /home/aatmaj/CENT/aim_simulator/test/example.yaml -t /home/aatmaj/CENT/experiments/dda_full_sweep/traces/32_channels_per_device/5_devices/model_parallel_FC/Llama2-13B/trace_5_FC_devices_seqlen_1664.txt
/home/aatmaj/CENT/aim_simulator/build/ramulator2 -f /home/aatmaj/CENT/aim_simulator/test/example.yaml -t /home/aatmaj/CENT/experiments/dda_full_sweep/traces/32_channels_per_device/5_devices/model_parallel/Llama2-13B/trace_5_FC_devices_seqlen_1792.txt
/home/aatmaj/CENT/aim_simulator/build/ramulator2 -f /home/aatmaj/CENT/aim_simulator/test/example.yaml -t /home/aatmaj/CENT/experiments/dda_full_sweep/traces/32_channels_per_device/5_devices/model_parallel_FC/Llama2-13B/trace_5_FC_devices_seqlen_1792.txt
/home/aatmaj/CENT/aim_simulator/build/ramulator2 -f /home/aatmaj/CENT/aim_simulator/test/example.yaml -t /home/aatmaj/CENT/experiments/dda_full_sweep/traces/32_channels_per_device/5_devices/model_parallel/Llama2-13B/trace_5_FC_devices_seqlen_1920.txt
/home/aatmaj/CENT/aim_simulator/build/ramulator2 -f /home/aatmaj/CENT/aim_simulator/test/example.yaml -t /home/aatmaj/CENT/experiments/dda_full_sweep/traces/32_channels_per_device/5_devices/model_parallel_FC/Llama2-13B/trace_5_FC_devices_seqlen_1920.txt
/home/aatmaj/CENT/aim_simulator/build/ramulator2 -f /home/aatmaj/CENT/aim_simulator/test/example.yaml -t /home/aatmaj/CENT/experiments/dda_full_sweep/traces/32_channels_per_device/5_devices/model_parallel/Llama2-13B/trace_5_FC_devices_seqlen_2048.txt
/home/aatmaj/CENT/aim_simulator/build/ramulator2 -f /home/aatmaj/CENT/aim_simulator/test/example.yaml -t /home/aatmaj/CENT/experiments/dda_full_sweep/traces/32_channels_per_device/5_devices/model_parallel_FC/Llama2-13B/trace_5_FC_devices_seqlen_2048.txt
/home/aatmaj/CENT/aim_simulator/build/ramulator2 -f /home/aatmaj/CENT/aim_simulator/test/example.yaml -t /home/aatmaj/CENT/experiments/dda_full_sweep/traces/32_channels_per_device/5_devices/model_parallel/Llama2-13B/trace_5_FC_devices_seqlen_2176.txt
/home/aatmaj/CENT/aim_simulator/build/ramulator2 -f /home/aatmaj/CENT/aim_simulator/test/example.yaml -t /home/aatmaj/CENT/experiments/dda_full_sweep/traces/32_channels_per_device/5_devices/model_parallel_FC/Llama2-13B/trace_5_FC_devices_seqlen_2176.txt
/home/aatmaj/CENT/aim_simulator/build/ramulator2 -f /home/aatmaj/CENT/aim_simulator/test/example.yaml -t /home/aatmaj/CENT/experiments/dda_full_sweep/traces/32_channels_per_device/5_devices/model_parallel/Llama2-13B/trace_5_FC_devices_seqlen_2304.txt
/home/aatmaj/CENT/aim_simulator/build/ramulator2 -f /home/aatmaj/CENT/aim_simulator/test/example.yaml -t /home/aatmaj/CENT/experiments/dda_full_sweep/traces/32_channels_per_device/5_devices/model_parallel_FC/Llama2-13B/trace_5_FC_devices_seqlen_2304.txt
/home/aatmaj/CENT/aim_simulator/build/ramulator2 -f /home/aatmaj/CENT/aim_simulator/test/example.yaml -t /home/aatmaj/CENT/experiments/dda_full_sweep/traces/32_channels_per_device/5_devices/model_parallel/Llama2-13B/trace_5_FC_devices_seqlen_2432.txt
/home/aatmaj/CENT/aim_simulator/build/ramulator2 -f /home/aatmaj/CENT/aim_simulator/test/example.yaml -t /home/aatmaj/CENT/experiments/dda_full_sweep/traces/32_channels_per_device/5_devices/model_parallel_FC/Llama2-13B/trace_5_FC_devices_seqlen_2432.txt
/home/aatmaj/CENT/aim_simulator/build/ramulator2 -f /home/aatmaj/CENT/aim_simulator/test/example.yaml -t /home/aatmaj/CENT/experiments/dda_full_sweep/traces/32_channels_per_device/5_devices/model_parallel/Llama2-13B/trace_5_FC_devices_seqlen_2560.txt
/home/aatmaj/CENT/aim_simulator/build/ramulator2 -f /home/aatmaj/CENT/aim_simulator/test/example.yaml -t /home/aatmaj/CENT/experiments/dda_full_sweep/traces/32_channels_per_device/5_devices/model_parallel_FC/Llama2-13B/trace_5_FC_devices_seqlen_2560.txt
/home/aatmaj/CENT/aim_simulator/build/ramulator2 -f /home/aatmaj/CENT/aim_simulator/test/example.yaml -t /home/aatmaj/CENT/experiments/dda_full_sweep/traces/32_channels_per_device/5_devices/model_parallel/Llama2-13B/trace_5_FC_devices_seqlen_2688.txt
/home/aatmaj/CENT/aim_simulator/build/ramulator2 -f /home/aatmaj/CENT/aim_simulator/test/example.yaml -t /home/aatmaj/CENT/experiments/dda_full_sweep/traces/32_channels_per_device/5_devices/model_parallel_FC/Llama2-13B/trace_5_FC_devices_seqlen_2688.txt
/home/aatmaj/CENT/aim_simulator/build/ramulator2 -f /home/aatmaj/CENT/aim_simulator/test/example.yaml -t /home/aatmaj/CENT/experiments/dda_full_sweep/traces/32_channels_per_device/5_devices/model_parallel/Llama2-13B/trace_5_FC_devices_seqlen_2816.txt
/home/aatmaj/CENT/aim_simulator/build/ramulator2 -f /home/aatmaj/CENT/aim_simulator/test/example.yaml -t /home/aatmaj/CENT/experiments/dda_full_sweep/traces/32_channels_per_device/5_devices/model_parallel_FC/Llama2-13B/trace_5_FC_devices_seqlen_2816.txt
/home/aatmaj/CENT/aim_simulator/build/ramulator2 -f /home/aatmaj/CENT/aim_simulator/test/example.yaml -t /home/aatmaj/CENT/experiments/dda_full_sweep/traces/32_channels_per_device/5_devices/model_parallel/Llama2-13B/trace_5_FC_devices_seqlen_2944.txt
/home/aatmaj/CENT/aim_simulator/build/ramulator2 -f /home/aatmaj/CENT/aim_simulator/test/example.yaml -t /home/aatmaj/CENT/experiments/dda_full_sweep/traces/32_channels_per_device/5_devices/model_parallel_FC/Llama2-13B/trace_5_FC_devices_seqlen_2944.txt
/home/aatmaj/CENT/aim_simulator/build/ramulator2 -f /home/aatmaj/CENT/aim_simulator/test/example.yaml -t /home/aatmaj/CENT/experiments/dda_full_sweep/traces/32_channels_per_device/5_devices/model_parallel/Llama2-13B/trace_5_FC_devices_seqlen_3072.txt
/home/aatmaj/CENT/aim_simulator/build/ramulator2 -f /home/aatmaj/CENT/aim_simulator/test/example.yaml -t /home/aatmaj/CENT/experiments/dda_full_sweep/traces/32_channels_per_device/5_devices/model_parallel_FC/Llama2-13B/trace_5_FC_devices_seqlen_3072.txt
/home/aatmaj/CENT/aim_simulator/build/ramulator2 -f /home/aatmaj/CENT/aim_simulator/test/example.yaml -t /home/aatmaj/CENT/experiments/dda_full_sweep/traces/32_channels_per_device/5_devices/model_parallel/Llama2-13B/trace_5_FC_devices_seqlen_3200.txt
/home/aatmaj/CENT/aim_simulator/build/ramulator2 -f /home/aatmaj/CENT/aim_simulator/test/example.yaml -t /home/aatmaj/CENT/experiments/dda_full_sweep/traces/32_channels_per_device/5_devices/model_parallel_FC/Llama2-13B/trace_5_FC_devices_seqlen_3200.txt
/home/aatmaj/CENT/aim_simulator/build/ramulator2 -f /home/aatmaj/CENT/aim_simulator/test/example.yaml -t /home/aatmaj/CENT/experiments/dda_full_sweep/traces/32_channels_per_device/5_devices/model_parallel/Llama2-13B/trace_5_FC_devices_seqlen_3328.txt
/home/aatmaj/CENT/aim_simulator/build/ramulator2 -f /home/aatmaj/CENT/aim_simulator/test/example.yaml -t /home/aatmaj/CENT/experiments/dda_full_sweep/traces/32_channels_per_device/5_devices/model_parallel_FC/Llama2-13B/trace_5_FC_devices_seqlen_3328.txt
/home/aatmaj/CENT/aim_simulator/build/ramulator2 -f /home/aatmaj/CENT/aim_simulator/test/example.yaml -t /home/aatmaj/CENT/experiments/dda_full_sweep/traces/32_channels_per_device/5_devices/model_parallel/Llama2-13B/trace_5_FC_devices_seqlen_3456.txt
/home/aatmaj/CENT/aim_simulator/build/ramulator2 -f /home/aatmaj/CENT/aim_simulator/test/example.yaml -t /home/aatmaj/CENT/experiments/dda_full_sweep/traces/32_channels_per_device/5_devices/model_parallel_FC/Llama2-13B/trace_5_FC_devices_seqlen_3456.txt
/home/aatmaj/CENT/aim_simulator/build/ramulator2 -f /home/aatmaj/CENT/aim_simulator/test/example.yaml -t /home/aatmaj/CENT/experiments/dda_full_sweep/traces/32_channels_per_device/5_devices/model_parallel/Llama2-13B/trace_5_FC_devices_seqlen_3584.txt
/home/aatmaj/CENT/aim_simulator/build/ramulator2 -f /home/aatmaj/CENT/aim_simulator/test/example.yaml -t /home/aatmaj/CENT/experiments/dda_full_sweep/traces/32_channels_per_device/5_devices/model_parallel_FC/Llama2-13B/trace_5_FC_devices_seqlen_3584.txt
/home/aatmaj/CENT/aim_simulator/build/ramulator2 -f /home/aatmaj/CENT/aim_simulator/test/example.yaml -t /home/aatmaj/CENT/experiments/dda_full_sweep/traces/32_channels_per_device/5_devices/model_parallel/Llama2-13B/trace_5_FC_devices_seqlen_3712.txt
/home/aatmaj/CENT/aim_simulator/build/ramulator2 -f /home/aatmaj/CENT/aim_simulator/test/example.yaml -t /home/aatmaj/CENT/experiments/dda_full_sweep/traces/32_channels_per_device/5_devices/model_parallel_FC/Llama2-13B/trace_5_FC_devices_seqlen_3712.txt
/home/aatmaj/CENT/aim_simulator/build/ramulator2 -f /home/aatmaj/CENT/aim_simulator/test/example.yaml -t /home/aatmaj/CENT/experiments/dda_full_sweep/traces/32_channels_per_device/5_devices/model_parallel/Llama2-13B/trace_5_FC_devices_seqlen_3840.txt
/home/aatmaj/CENT/aim_simulator/build/ramulator2 -f /home/aatmaj/CENT/aim_simulator/test/example.yaml -t /home/aatmaj/CENT/experiments/dda_full_sweep/traces/32_channels_per_device/5_devices/model_parallel_FC/Llama2-13B/trace_5_FC_devices_seqlen_3840.txt
/home/aatmaj/CENT/aim_simulator/build/ramulator2 -f /home/aatmaj/CENT/aim_simulator/test/example.yaml -t /home/aatmaj/CENT/experiments/dda_full_sweep/traces/32_channels_per_device/5_devices/model_parallel/Llama2-13B/trace_5_FC_devices_seqlen_3968.txt
/home/aatmaj/CENT/aim_simulator/build/ramulator2 -f /home/aatmaj/CENT/aim_simulator/test/example.yaml -t /home/aatmaj/CENT/experiments/dda_full_sweep/traces/32_channels_per_device/5_devices/model_parallel_FC/Llama2-13B/trace_5_FC_devices_seqlen_3968.txt
/home/aatmaj/CENT/aim_simulator/build/ramulator2 -f /home/aatmaj/CENT/aim_simulator/test/example.yaml -t /home/aatmaj/CENT/experiments/dda_full_sweep/traces/32_channels_per_device/5_devices/model_parallel/Llama2-13B/trace_5_FC_devices_seqlen_4096.txt
/home/aatmaj/CENT/experiments/dda_full_sweep/simulation/run_sim_full32.py:447: FutureWarning: The behavior of DataFrame concatenation with empty or all-NA entries is deprecated. In a future version, this will no longer exclude empty or all-NA columns when determining the result dtypes. To retain the old behavior, exclude the relevant entries before the concat operation.
  results_df = pd.concat([results_df, new_df], ignore_index=True)
/home/aatmaj/CENT/aim_simulator/build/ramulator2 -f /home/aatmaj/CENT/aim_simulator/test/example.yaml -t /home/aatmaj/CENT/experiments/dda_full_sweep/traces/32_channels_per_device/5_devices/model_parallel_FC/Llama2-13B/trace_5_FC_devices_seqlen_4096.txt
Processing results...
Updating simulation results to CSV...
=== Pool L | Llama2-13B | N_L=7 | TP=7, PP=1 ===
Generating traces for Llama2-13B (7 devices) ...
/home/aatmaj/CENT/aim_simulator/build/ramulator2 -f /home/aatmaj/CENT/aim_simulator/test/example.yaml -t /home/aatmaj/CENT/experiments/dda_full_sweep/traces/32_channels_per_device/7_devices/model_parallel_embedding/Llama2-13B/trace_7_FC_devices_seqlen_4096.txt
/home/aatmaj/CENT/aim_simulator/build/ramulator2 -f /home/aatmaj/CENT/aim_simulator/test/example.yaml -t /home/aatmaj/CENT/experiments/dda_full_sweep/traces/32_channels_per_device/7_devices/model_parallel/Llama2-13B/trace_7_FC_devices_seqlen_128.txt
/home/aatmaj/CENT/aim_simulator/build/ramulator2 -f /home/aatmaj/CENT/aim_simulator/test/example.yaml -t /home/aatmaj/CENT/experiments/dda_full_sweep/traces/32_channels_per_device/7_devices/model_parallel_FC/Llama2-13B/trace_7_FC_devices_seqlen_128.txt
/home/aatmaj/CENT/aim_simulator/build/ramulator2 -f /home/aatmaj/CENT/aim_simulator/test/example.yaml -t /home/aatmaj/CENT/experiments/dda_full_sweep/traces/32_channels_per_device/7_devices/model_parallel/Llama2-13B/trace_7_FC_devices_seqlen_256.txt
/home/aatmaj/CENT/aim_simulator/build/ramulator2 -f /home/aatmaj/CENT/aim_simulator/test/example.yaml -t /home/aatmaj/CENT/experiments/dda_full_sweep/traces/32_channels_per_device/7_devices/model_parallel_FC/Llama2-13B/trace_7_FC_devices_seqlen_256.txt
/home/aatmaj/CENT/aim_simulator/build/ramulator2 -f /home/aatmaj/CENT/aim_simulator/test/example.yaml -t /home/aatmaj/CENT/experiments/dda_full_sweep/traces/32_channels_per_device/7_devices/model_parallel/Llama2-13B/trace_7_FC_devices_seqlen_384.txt
/home/aatmaj/CENT/aim_simulator/build/ramulator2 -f /home/aatmaj/CENT/aim_simulator/test/example.yaml -t /home/aatmaj/CENT/experiments/dda_full_sweep/traces/32_channels_per_device/7_devices/model_parallel_FC/Llama2-13B/trace_7_FC_devices_seqlen_384.txt
/home/aatmaj/CENT/aim_simulator/build/ramulator2 -f /home/aatmaj/CENT/aim_simulator/test/example.yaml -t /home/aatmaj/CENT/experiments/dda_full_sweep/traces/32_channels_per_device/7_devices/model_parallel/Llama2-13B/trace_7_FC_devices_seqlen_512.txt
/home/aatmaj/CENT/aim_simulator/build/ramulator2 -f /home/aatmaj/CENT/aim_simulator/test/example.yaml -t /home/aatmaj/CENT/experiments/dda_full_sweep/traces/32_channels_per_device/7_devices/model_parallel_FC/Llama2-13B/trace_7_FC_devices_seqlen_512.txt
/home/aatmaj/CENT/aim_simulator/build/ramulator2 -f /home/aatmaj/CENT/aim_simulator/test/example.yaml -t /home/aatmaj/CENT/experiments/dda_full_sweep/traces/32_channels_per_device/7_devices/model_parallel/Llama2-13B/trace_7_FC_devices_seqlen_640.txt
/home/aatmaj/CENT/aim_simulator/build/ramulator2 -f /home/aatmaj/CENT/aim_simulator/test/example.yaml -t /home/aatmaj/CENT/experiments/dda_full_sweep/traces/32_channels_per_device/7_devices/model_parallel_FC/Llama2-13B/trace_7_FC_devices_seqlen_640.txt
/home/aatmaj/CENT/aim_simulator/build/ramulator2 -f /home/aatmaj/CENT/aim_simulator/test/example.yaml -t /home/aatmaj/CENT/experiments/dda_full_sweep/traces/32_channels_per_device/7_devices/model_parallel/Llama2-13B/trace_7_FC_devices_seqlen_768.txt
/home/aatmaj/CENT/aim_simulator/build/ramulator2 -f /home/aatmaj/CENT/aim_simulator/test/example.yaml -t /home/aatmaj/CENT/experiments/dda_full_sweep/traces/32_channels_per_device/7_devices/model_parallel_FC/Llama2-13B/trace_7_FC_devices_seqlen_768.txt
/home/aatmaj/CENT/aim_simulator/build/ramulator2 -f /home/aatmaj/CENT/aim_simulator/test/example.yaml -t /home/aatmaj/CENT/experiments/dda_full_sweep/traces/32_channels_per_device/7_devices/model_parallel/Llama2-13B/trace_7_FC_devices_seqlen_896.txt
/home/aatmaj/CENT/aim_simulator/build/ramulator2 -f /home/aatmaj/CENT/aim_simulator/test/example.yaml -t /home/aatmaj/CENT/experiments/dda_full_sweep/traces/32_channels_per_device/7_devices/model_parallel_FC/Llama2-13B/trace_7_FC_devices_seqlen_896.txt
/home/aatmaj/CENT/aim_simulator/build/ramulator2 -f /home/aatmaj/CENT/aim_simulator/test/example.yaml -t /home/aatmaj/CENT/experiments/dda_full_sweep/traces/32_channels_per_device/7_devices/model_parallel/Llama2-13B/trace_7_FC_devices_seqlen_1024.txt
/home/aatmaj/CENT/aim_simulator/build/ramulator2 -f /home/aatmaj/CENT/aim_simulator/test/example.yaml -t /home/aatmaj/CENT/experiments/dda_full_sweep/traces/32_channels_per_device/7_devices/model_parallel_FC/Llama2-13B/trace_7_FC_devices_seqlen_1024.txt
/home/aatmaj/CENT/aim_simulator/build/ramulator2 -f /home/aatmaj/CENT/aim_simulator/test/example.yaml -t /home/aatmaj/CENT/experiments/dda_full_sweep/traces/32_channels_per_device/7_devices/model_parallel/Llama2-13B/trace_7_FC_devices_seqlen_1152.txt
/home/aatmaj/CENT/aim_simulator/build/ramulator2 -f /home/aatmaj/CENT/aim_simulator/test/example.yaml -t /home/aatmaj/CENT/experiments/dda_full_sweep/traces/32_channels_per_device/7_devices/model_parallel_FC/Llama2-13B/trace_7_FC_devices_seqlen_1152.txt
/home/aatmaj/CENT/aim_simulator/build/ramulator2 -f /home/aatmaj/CENT/aim_simulator/test/example.yaml -t /home/aatmaj/CENT/experiments/dda_full_sweep/traces/32_channels_per_device/7_devices/model_parallel/Llama2-13B/trace_7_FC_devices_seqlen_1280.txt
/home/aatmaj/CENT/aim_simulator/build/ramulator2 -f /home/aatmaj/CENT/aim_simulator/test/example.yaml -t /home/aatmaj/CENT/experiments/dda_full_sweep/traces/32_channels_per_device/7_devices/model_parallel_FC/Llama2-13B/trace_7_FC_devices_seqlen_1280.txt
/home/aatmaj/CENT/aim_simulator/build/ramulator2 -f /home/aatmaj/CENT/aim_simulator/test/example.yaml -t /home/aatmaj/CENT/experiments/dda_full_sweep/traces/32_channels_per_device/7_devices/model_parallel/Llama2-13B/trace_7_FC_devices_seqlen_1408.txt
/home/aatmaj/CENT/aim_simulator/build/ramulator2 -f /home/aatmaj/CENT/aim_simulator/test/example.yaml -t /home/aatmaj/CENT/experiments/dda_full_sweep/traces/32_channels_per_device/7_devices/model_parallel_FC/Llama2-13B/trace_7_FC_devices_seqlen_1408.txt
/home/aatmaj/CENT/aim_simulator/build/ramulator2 -f /home/aatmaj/CENT/aim_simulator/test/example.yaml -t /home/aatmaj/CENT/experiments/dda_full_sweep/traces/32_channels_per_device/7_devices/model_parallel/Llama2-13B/trace_7_FC_devices_seqlen_1536.txt
/home/aatmaj/CENT/aim_simulator/build/ramulator2 -f /home/aatmaj/CENT/aim_simulator/test/example.yaml -t /home/aatmaj/CENT/experiments/dda_full_sweep/traces/32_channels_per_device/7_devices/model_parallel_FC/Llama2-13B/trace_7_FC_devices_seqlen_1536.txt
/home/aatmaj/CENT/aim_simulator/build/ramulator2 -f /home/aatmaj/CENT/aim_simulator/test/example.yaml -t /home/aatmaj/CENT/experiments/dda_full_sweep/traces/32_channels_per_device/7_devices/model_parallel/Llama2-13B/trace_7_FC_devices_seqlen_1664.txt
/home/aatmaj/CENT/aim_simulator/build/ramulator2 -f /home/aatmaj/CENT/aim_simulator/test/example.yaml -t /home/aatmaj/CENT/experiments/dda_full_sweep/traces/32_channels_per_device/7_devices/model_parallel_FC/Llama2-13B/trace_7_FC_devices_seqlen_1664.txt
/home/aatmaj/CENT/aim_simulator/build/ramulator2 -f /home/aatmaj/CENT/aim_simulator/test/example.yaml -t /home/aatmaj/CENT/experiments/dda_full_sweep/traces/32_channels_per_device/7_devices/model_parallel/Llama2-13B/trace_7_FC_devices_seqlen_1792.txt
/home/aatmaj/CENT/aim_simulator/build/ramulator2 -f /home/aatmaj/CENT/aim_simulator/test/example.yaml -t /home/aatmaj/CENT/experiments/dda_full_sweep/traces/32_channels_per_device/7_devices/model_parallel_FC/Llama2-13B/trace_7_FC_devices_seqlen_1792.txt
/home/aatmaj/CENT/aim_simulator/build/ramulator2 -f /home/aatmaj/CENT/aim_simulator/test/example.yaml -t /home/aatmaj/CENT/experiments/dda_full_sweep/traces/32_channels_per_device/7_devices/model_parallel/Llama2-13B/trace_7_FC_devices_seqlen_1920.txt
/home/aatmaj/CENT/aim_simulator/build/ramulator2 -f /home/aatmaj/CENT/aim_simulator/test/example.yaml -t /home/aatmaj/CENT/experiments/dda_full_sweep/traces/32_channels_per_device/7_devices/model_parallel_FC/Llama2-13B/trace_7_FC_devices_seqlen_1920.txt
/home/aatmaj/CENT/aim_simulator/build/ramulator2 -f /home/aatmaj/CENT/aim_simulator/test/example.yaml -t /home/aatmaj/CENT/experiments/dda_full_sweep/traces/32_channels_per_device/7_devices/model_parallel/Llama2-13B/trace_7_FC_devices_seqlen_2048.txt
/home/aatmaj/CENT/aim_simulator/build/ramulator2 -f /home/aatmaj/CENT/aim_simulator/test/example.yaml -t /home/aatmaj/CENT/experiments/dda_full_sweep/traces/32_channels_per_device/7_devices/model_parallel_FC/Llama2-13B/trace_7_FC_devices_seqlen_2048.txt
/home/aatmaj/CENT/aim_simulator/build/ramulator2 -f /home/aatmaj/CENT/aim_simulator/test/example.yaml -t /home/aatmaj/CENT/experiments/dda_full_sweep/traces/32_channels_per_device/7_devices/model_parallel/Llama2-13B/trace_7_FC_devices_seqlen_2176.txt
/home/aatmaj/CENT/aim_simulator/build/ramulator2 -f /home/aatmaj/CENT/aim_simulator/test/example.yaml -t /home/aatmaj/CENT/experiments/dda_full_sweep/traces/32_channels_per_device/7_devices/model_parallel_FC/Llama2-13B/trace_7_FC_devices_seqlen_2176.txt
/home/aatmaj/CENT/aim_simulator/build/ramulator2 -f /home/aatmaj/CENT/aim_simulator/test/example.yaml -t /home/aatmaj/CENT/experiments/dda_full_sweep/traces/32_channels_per_device/7_devices/model_parallel/Llama2-13B/trace_7_FC_devices_seqlen_2304.txt
/home/aatmaj/CENT/aim_simulator/build/ramulator2 -f /home/aatmaj/CENT/aim_simulator/test/example.yaml -t /home/aatmaj/CENT/experiments/dda_full_sweep/traces/32_channels_per_device/7_devices/model_parallel_FC/Llama2-13B/trace_7_FC_devices_seqlen_2304.txt
/home/aatmaj/CENT/aim_simulator/build/ramulator2 -f /home/aatmaj/CENT/aim_simulator/test/example.yaml -t /home/aatmaj/CENT/experiments/dda_full_sweep/traces/32_channels_per_device/7_devices/model_parallel/Llama2-13B/trace_7_FC_devices_seqlen_2432.txt
/home/aatmaj/CENT/aim_simulator/build/ramulator2 -f /home/aatmaj/CENT/aim_simulator/test/example.yaml -t /home/aatmaj/CENT/experiments/dda_full_sweep/traces/32_channels_per_device/7_devices/model_parallel_FC/Llama2-13B/trace_7_FC_devices_seqlen_2432.txt
/home/aatmaj/CENT/aim_simulator/build/ramulator2 -f /home/aatmaj/CENT/aim_simulator/test/example.yaml -t /home/aatmaj/CENT/experiments/dda_full_sweep/traces/32_channels_per_device/7_devices/model_parallel/Llama2-13B/trace_7_FC_devices_seqlen_2560.txt
/home/aatmaj/CENT/aim_simulator/build/ramulator2 -f /home/aatmaj/CENT/aim_simulator/test/example.yaml -t /home/aatmaj/CENT/experiments/dda_full_sweep/traces/32_channels_per_device/7_devices/model_parallel_FC/Llama2-13B/trace_7_FC_devices_seqlen_2560.txt
/home/aatmaj/CENT/aim_simulator/build/ramulator2 -f /home/aatmaj/CENT/aim_simulator/test/example.yaml -t /home/aatmaj/CENT/experiments/dda_full_sweep/traces/32_channels_per_device/7_devices/model_parallel/Llama2-13B/trace_7_FC_devices_seqlen_2688.txt
/home/aatmaj/CENT/aim_simulator/build/ramulator2 -f /home/aatmaj/CENT/aim_simulator/test/example.yaml -t /home/aatmaj/CENT/experiments/dda_full_sweep/traces/32_channels_per_device/7_devices/model_parallel_FC/Llama2-13B/trace_7_FC_devices_seqlen_2688.txt
/home/aatmaj/CENT/aim_simulator/build/ramulator2 -f /home/aatmaj/CENT/aim_simulator/test/example.yaml -t /home/aatmaj/CENT/experiments/dda_full_sweep/traces/32_channels_per_device/7_devices/model_parallel/Llama2-13B/trace_7_FC_devices_seqlen_2816.txt
/home/aatmaj/CENT/aim_simulator/build/ramulator2 -f /home/aatmaj/CENT/aim_simulator/test/example.yaml -t /home/aatmaj/CENT/experiments/dda_full_sweep/traces/32_channels_per_device/7_devices/model_parallel_FC/Llama2-13B/trace_7_FC_devices_seqlen_2816.txt
/home/aatmaj/CENT/aim_simulator/build/ramulator2 -f /home/aatmaj/CENT/aim_simulator/test/example.yaml -t /home/aatmaj/CENT/experiments/dda_full_sweep/traces/32_channels_per_device/7_devices/model_parallel/Llama2-13B/trace_7_FC_devices_seqlen_2944.txt
/home/aatmaj/CENT/aim_simulator/build/ramulator2 -f /home/aatmaj/CENT/aim_simulator/test/example.yaml -t /home/aatmaj/CENT/experiments/dda_full_sweep/traces/32_channels_per_device/7_devices/model_parallel_FC/Llama2-13B/trace_7_FC_devices_seqlen_2944.txt
/home/aatmaj/CENT/aim_simulator/build/ramulator2 -f /home/aatmaj/CENT/aim_simulator/test/example.yaml -t /home/aatmaj/CENT/experiments/dda_full_sweep/traces/32_channels_per_device/7_devices/model_parallel/Llama2-13B/trace_7_FC_devices_seqlen_3072.txt
/home/aatmaj/CENT/aim_simulator/build/ramulator2 -f /home/aatmaj/CENT/aim_simulator/test/example.yaml -t /home/aatmaj/CENT/experiments/dda_full_sweep/traces/32_channels_per_device/7_devices/model_parallel_FC/Llama2-13B/trace_7_FC_devices_seqlen_3072.txt
/home/aatmaj/CENT/aim_simulator/build/ramulator2 -f /home/aatmaj/CENT/aim_simulator/test/example.yaml -t /home/aatmaj/CENT/experiments/dda_full_sweep/traces/32_channels_per_device/7_devices/model_parallel/Llama2-13B/trace_7_FC_devices_seqlen_3200.txt
/home/aatmaj/CENT/aim_simulator/build/ramulator2 -f /home/aatmaj/CENT/aim_simulator/test/example.yaml -t /home/aatmaj/CENT/experiments/dda_full_sweep/traces/32_channels_per_device/7_devices/model_parallel_FC/Llama2-13B/trace_7_FC_devices_seqlen_3200.txt
/home/aatmaj/CENT/aim_simulator/build/ramulator2 -f /home/aatmaj/CENT/aim_simulator/test/example.yaml -t /home/aatmaj/CENT/experiments/dda_full_sweep/traces/32_channels_per_device/7_devices/model_parallel/Llama2-13B/trace_7_FC_devices_seqlen_3328.txt
/home/aatmaj/CENT/aim_simulator/build/ramulator2 -f /home/aatmaj/CENT/aim_simulator/test/example.yaml -t /home/aatmaj/CENT/experiments/dda_full_sweep/traces/32_channels_per_device/7_devices/model_parallel_FC/Llama2-13B/trace_7_FC_devices_seqlen_3328.txt
/home/aatmaj/CENT/aim_simulator/build/ramulator2 -f /home/aatmaj/CENT/aim_simulator/test/example.yaml -t /home/aatmaj/CENT/experiments/dda_full_sweep/traces/32_channels_per_device/7_devices/model_parallel/Llama2-13B/trace_7_FC_devices_seqlen_3456.txt
/home/aatmaj/CENT/aim_simulator/build/ramulator2 -f /home/aatmaj/CENT/aim_simulator/test/example.yaml -t /home/aatmaj/CENT/experiments/dda_full_sweep/traces/32_channels_per_device/7_devices/model_parallel_FC/Llama2-13B/trace_7_FC_devices_seqlen_3456.txt
/home/aatmaj/CENT/aim_simulator/build/ramulator2 -f /home/aatmaj/CENT/aim_simulator/test/example.yaml -t /home/aatmaj/CENT/experiments/dda_full_sweep/traces/32_channels_per_device/7_devices/model_parallel/Llama2-13B/trace_7_FC_devices_seqlen_3584.txt
/home/aatmaj/CENT/aim_simulator/build/ramulator2 -f /home/aatmaj/CENT/aim_simulator/test/example.yaml -t /home/aatmaj/CENT/experiments/dda_full_sweep/traces/32_channels_per_device/7_devices/model_parallel_FC/Llama2-13B/trace_7_FC_devices_seqlen_3584.txt
/home/aatmaj/CENT/aim_simulator/build/ramulator2 -f /home/aatmaj/CENT/aim_simulator/test/example.yaml -t /home/aatmaj/CENT/experiments/dda_full_sweep/traces/32_channels_per_device/7_devices/model_parallel/Llama2-13B/trace_7_FC_devices_seqlen_3712.txt
/home/aatmaj/CENT/aim_simulator/build/ramulator2 -f /home/aatmaj/CENT/aim_simulator/test/example.yaml -t /home/aatmaj/CENT/experiments/dda_full_sweep/traces/32_channels_per_device/7_devices/model_parallel_FC/Llama2-13B/trace_7_FC_devices_seqlen_3712.txt
/home/aatmaj/CENT/aim_simulator/build/ramulator2 -f /home/aatmaj/CENT/aim_simulator/test/example.yaml -t /home/aatmaj/CENT/experiments/dda_full_sweep/traces/32_channels_per_device/7_devices/model_parallel/Llama2-13B/trace_7_FC_devices_seqlen_3840.txt
/home/aatmaj/CENT/aim_simulator/build/ramulator2 -f /home/aatmaj/CENT/aim_simulator/test/example.yaml -t /home/aatmaj/CENT/experiments/dda_full_sweep/traces/32_channels_per_device/7_devices/model_parallel_FC/Llama2-13B/trace_7_FC_devices_seqlen_3840.txt
/home/aatmaj/CENT/aim_simulator/build/ramulator2 -f /home/aatmaj/CENT/aim_simulator/test/example.yaml -t /home/aatmaj/CENT/experiments/dda_full_sweep/traces/32_channels_per_device/7_devices/model_parallel/Llama2-13B/trace_7_FC_devices_seqlen_3968.txt
/home/aatmaj/CENT/aim_simulator/build/ramulator2 -f /home/aatmaj/CENT/aim_simulator/test/example.yaml -t /home/aatmaj/CENT/experiments/dda_full_sweep/traces/32_channels_per_device/7_devices/model_parallel_FC/Llama2-13B/trace_7_FC_devices_seqlen_3968.txt
/home/aatmaj/CENT/aim_simulator/build/ramulator2 -f /home/aatmaj/CENT/aim_simulator/test/example.yaml -t /home/aatmaj/CENT/experiments/dda_full_sweep/traces/32_channels_per_device/7_devices/model_parallel/Llama2-13B/trace_7_FC_devices_seqlen_4096.txt
/home/aatmaj/CENT/experiments/dda_full_sweep/simulation/run_sim_full32.py:447: FutureWarning: The behavior of DataFrame concatenation with empty or all-NA entries is deprecated. In a future version, this will no longer exclude empty or all-NA columns when determining the result dtypes. To retain the old behavior, exclude the relevant entries before the concat operation.
  results_df = pd.concat([results_df, new_df], ignore_index=True)
/home/aatmaj/CENT/aim_simulator/build/ramulator2 -f /home/aatmaj/CENT/aim_simulator/test/example.yaml -t /home/aatmaj/CENT/experiments/dda_full_sweep/traces/32_channels_per_device/7_devices/model_parallel_FC/Llama2-13B/trace_7_FC_devices_seqlen_4096.txt
Processing results...
Updating simulation results to CSV...
=== Pool L | Llama2-13B | N_L=9 | TP=9, PP=1 ===
Generating traces for Llama2-13B (9 devices) ...
/home/aatmaj/CENT/aim_simulator/build/ramulator2 -f /home/aatmaj/CENT/aim_simulator/test/example.yaml -t /home/aatmaj/CENT/experiments/dda_full_sweep/traces/32_channels_per_device/9_devices/model_parallel_embedding/Llama2-13B/trace_9_FC_devices_seqlen_4096.txt
/home/aatmaj/CENT/aim_simulator/build/ramulator2 -f /home/aatmaj/CENT/aim_simulator/test/example.yaml -t /home/aatmaj/CENT/experiments/dda_full_sweep/traces/32_channels_per_device/9_devices/model_parallel/Llama2-13B/trace_9_FC_devices_seqlen_128.txt
/home/aatmaj/CENT/aim_simulator/build/ramulator2 -f /home/aatmaj/CENT/aim_simulator/test/example.yaml -t /home/aatmaj/CENT/experiments/dda_full_sweep/traces/32_channels_per_device/9_devices/model_parallel_FC/Llama2-13B/trace_9_FC_devices_seqlen_128.txt
/home/aatmaj/CENT/aim_simulator/build/ramulator2 -f /home/aatmaj/CENT/aim_simulator/test/example.yaml -t /home/aatmaj/CENT/experiments/dda_full_sweep/traces/32_channels_per_device/9_devices/model_parallel/Llama2-13B/trace_9_FC_devices_seqlen_256.txt
/home/aatmaj/CENT/aim_simulator/build/ramulator2 -f /home/aatmaj/CENT/aim_simulator/test/example.yaml -t /home/aatmaj/CENT/experiments/dda_full_sweep/traces/32_channels_per_device/9_devices/model_parallel_FC/Llama2-13B/trace_9_FC_devices_seqlen_256.txt
/home/aatmaj/CENT/aim_simulator/build/ramulator2 -f /home/aatmaj/CENT/aim_simulator/test/example.yaml -t /home/aatmaj/CENT/experiments/dda_full_sweep/traces/32_channels_per_device/9_devices/model_parallel/Llama2-13B/trace_9_FC_devices_seqlen_384.txt
/home/aatmaj/CENT/aim_simulator/build/ramulator2 -f /home/aatmaj/CENT/aim_simulator/test/example.yaml -t /home/aatmaj/CENT/experiments/dda_full_sweep/traces/32_channels_per_device/9_devices/model_parallel_FC/Llama2-13B/trace_9_FC_devices_seqlen_384.txt
/home/aatmaj/CENT/aim_simulator/build/ramulator2 -f /home/aatmaj/CENT/aim_simulator/test/example.yaml -t /home/aatmaj/CENT/experiments/dda_full_sweep/traces/32_channels_per_device/9_devices/model_parallel/Llama2-13B/trace_9_FC_devices_seqlen_512.txt
/home/aatmaj/CENT/aim_simulator/build/ramulator2 -f /home/aatmaj/CENT/aim_simulator/test/example.yaml -t /home/aatmaj/CENT/experiments/dda_full_sweep/traces/32_channels_per_device/9_devices/model_parallel_FC/Llama2-13B/trace_9_FC_devices_seqlen_512.txt
/home/aatmaj/CENT/aim_simulator/build/ramulator2 -f /home/aatmaj/CENT/aim_simulator/test/example.yaml -t /home/aatmaj/CENT/experiments/dda_full_sweep/traces/32_channels_per_device/9_devices/model_parallel/Llama2-13B/trace_9_FC_devices_seqlen_640.txt
/home/aatmaj/CENT/aim_simulator/build/ramulator2 -f /home/aatmaj/CENT/aim_simulator/test/example.yaml -t /home/aatmaj/CENT/experiments/dda_full_sweep/traces/32_channels_per_device/9_devices/model_parallel_FC/Llama2-13B/trace_9_FC_devices_seqlen_640.txt
/home/aatmaj/CENT/aim_simulator/build/ramulator2 -f /home/aatmaj/CENT/aim_simulator/test/example.yaml -t /home/aatmaj/CENT/experiments/dda_full_sweep/traces/32_channels_per_device/9_devices/model_parallel/Llama2-13B/trace_9_FC_devices_seqlen_768.txt
/home/aatmaj/CENT/aim_simulator/build/ramulator2 -f /home/aatmaj/CENT/aim_simulator/test/example.yaml -t /home/aatmaj/CENT/experiments/dda_full_sweep/traces/32_channels_per_device/9_devices/model_parallel_FC/Llama2-13B/trace_9_FC_devices_seqlen_768.txt
/home/aatmaj/CENT/aim_simulator/build/ramulator2 -f /home/aatmaj/CENT/aim_simulator/test/example.yaml -t /home/aatmaj/CENT/experiments/dda_full_sweep/traces/32_channels_per_device/9_devices/model_parallel/Llama2-13B/trace_9_FC_devices_seqlen_896.txt
/home/aatmaj/CENT/aim_simulator/build/ramulator2 -f /home/aatmaj/CENT/aim_simulator/test/example.yaml -t /home/aatmaj/CENT/experiments/dda_full_sweep/traces/32_channels_per_device/9_devices/model_parallel_FC/Llama2-13B/trace_9_FC_devices_seqlen_896.txt
/home/aatmaj/CENT/aim_simulator/build/ramulator2 -f /home/aatmaj/CENT/aim_simulator/test/example.yaml -t /home/aatmaj/CENT/experiments/dda_full_sweep/traces/32_channels_per_device/9_devices/model_parallel/Llama2-13B/trace_9_FC_devices_seqlen_1024.txt
/home/aatmaj/CENT/aim_simulator/build/ramulator2 -f /home/aatmaj/CENT/aim_simulator/test/example.yaml -t /home/aatmaj/CENT/experiments/dda_full_sweep/traces/32_channels_per_device/9_devices/model_parallel_FC/Llama2-13B/trace_9_FC_devices_seqlen_1024.txt
/home/aatmaj/CENT/aim_simulator/build/ramulator2 -f /home/aatmaj/CENT/aim_simulator/test/example.yaml -t /home/aatmaj/CENT/experiments/dda_full_sweep/traces/32_channels_per_device/9_devices/model_parallel/Llama2-13B/trace_9_FC_devices_seqlen_1152.txt
/home/aatmaj/CENT/aim_simulator/build/ramulator2 -f /home/aatmaj/CENT/aim_simulator/test/example.yaml -t /home/aatmaj/CENT/experiments/dda_full_sweep/traces/32_channels_per_device/9_devices/model_parallel_FC/Llama2-13B/trace_9_FC_devices_seqlen_1152.txt
/home/aatmaj/CENT/aim_simulator/build/ramulator2 -f /home/aatmaj/CENT/aim_simulator/test/example.yaml -t /home/aatmaj/CENT/experiments/dda_full_sweep/traces/32_channels_per_device/9_devices/model_parallel/Llama2-13B/trace_9_FC_devices_seqlen_1280.txt
/home/aatmaj/CENT/aim_simulator/build/ramulator2 -f /home/aatmaj/CENT/aim_simulator/test/example.yaml -t /home/aatmaj/CENT/experiments/dda_full_sweep/traces/32_channels_per_device/9_devices/model_parallel_FC/Llama2-13B/trace_9_FC_devices_seqlen_1280.txt
/home/aatmaj/CENT/aim_simulator/build/ramulator2 -f /home/aatmaj/CENT/aim_simulator/test/example.yaml -t /home/aatmaj/CENT/experiments/dda_full_sweep/traces/32_channels_per_device/9_devices/model_parallel/Llama2-13B/trace_9_FC_devices_seqlen_1408.txt
/home/aatmaj/CENT/aim_simulator/build/ramulator2 -f /home/aatmaj/CENT/aim_simulator/test/example.yaml -t /home/aatmaj/CENT/experiments/dda_full_sweep/traces/32_channels_per_device/9_devices/model_parallel_FC/Llama2-13B/trace_9_FC_devices_seqlen_1408.txt
/home/aatmaj/CENT/aim_simulator/build/ramulator2 -f /home/aatmaj/CENT/aim_simulator/test/example.yaml -t /home/aatmaj/CENT/experiments/dda_full_sweep/traces/32_channels_per_device/9_devices/model_parallel/Llama2-13B/trace_9_FC_devices_seqlen_1536.txt
/home/aatmaj/CENT/aim_simulator/build/ramulator2 -f /home/aatmaj/CENT/aim_simulator/test/example.yaml -t /home/aatmaj/CENT/experiments/dda_full_sweep/traces/32_channels_per_device/9_devices/model_parallel_FC/Llama2-13B/trace_9_FC_devices_seqlen_1536.txt
/home/aatmaj/CENT/aim_simulator/build/ramulator2 -f /home/aatmaj/CENT/aim_simulator/test/example.yaml -t /home/aatmaj/CENT/experiments/dda_full_sweep/traces/32_channels_per_device/9_devices/model_parallel/Llama2-13B/trace_9_FC_devices_seqlen_1664.txt
/home/aatmaj/CENT/aim_simulator/build/ramulator2 -f /home/aatmaj/CENT/aim_simulator/test/example.yaml -t /home/aatmaj/CENT/experiments/dda_full_sweep/traces/32_channels_per_device/9_devices/model_parallel_FC/Llama2-13B/trace_9_FC_devices_seqlen_1664.txt
/home/aatmaj/CENT/aim_simulator/build/ramulator2 -f /home/aatmaj/CENT/aim_simulator/test/example.yaml -t /home/aatmaj/CENT/experiments/dda_full_sweep/traces/32_channels_per_device/9_devices/model_parallel/Llama2-13B/trace_9_FC_devices_seqlen_1792.txt
/home/aatmaj/CENT/aim_simulator/build/ramulator2 -f /home/aatmaj/CENT/aim_simulator/test/example.yaml -t /home/aatmaj/CENT/experiments/dda_full_sweep/traces/32_channels_per_device/9_devices/model_parallel_FC/Llama2-13B/trace_9_FC_devices_seqlen_1792.txt
/home/aatmaj/CENT/aim_simulator/build/ramulator2 -f /home/aatmaj/CENT/aim_simulator/test/example.yaml -t /home/aatmaj/CENT/experiments/dda_full_sweep/traces/32_channels_per_device/9_devices/model_parallel/Llama2-13B/trace_9_FC_devices_seqlen_1920.txt
/home/aatmaj/CENT/aim_simulator/build/ramulator2 -f /home/aatmaj/CENT/aim_simulator/test/example.yaml -t /home/aatmaj/CENT/experiments/dda_full_sweep/traces/32_channels_per_device/9_devices/model_parallel_FC/Llama2-13B/trace_9_FC_devices_seqlen_1920.txt
/home/aatmaj/CENT/aim_simulator/build/ramulator2 -f /home/aatmaj/CENT/aim_simulator/test/example.yaml -t /home/aatmaj/CENT/experiments/dda_full_sweep/traces/32_channels_per_device/9_devices/model_parallel/Llama2-13B/trace_9_FC_devices_seqlen_2048.txt
/home/aatmaj/CENT/aim_simulator/build/ramulator2 -f /home/aatmaj/CENT/aim_simulator/test/example.yaml -t /home/aatmaj/CENT/experiments/dda_full_sweep/traces/32_channels_per_device/9_devices/model_parallel_FC/Llama2-13B/trace_9_FC_devices_seqlen_2048.txt
/home/aatmaj/CENT/aim_simulator/build/ramulator2 -f /home/aatmaj/CENT/aim_simulator/test/example.yaml -t /home/aatmaj/CENT/experiments/dda_full_sweep/traces/32_channels_per_device/9_devices/model_parallel/Llama2-13B/trace_9_FC_devices_seqlen_2176.txt
/home/aatmaj/CENT/aim_simulator/build/ramulator2 -f /home/aatmaj/CENT/aim_simulator/test/example.yaml -t /home/aatmaj/CENT/experiments/dda_full_sweep/traces/32_channels_per_device/9_devices/model_parallel_FC/Llama2-13B/trace_9_FC_devices_seqlen_2176.txt
/home/aatmaj/CENT/aim_simulator/build/ramulator2 -f /home/aatmaj/CENT/aim_simulator/test/example.yaml -t /home/aatmaj/CENT/experiments/dda_full_sweep/traces/32_channels_per_device/9_devices/model_parallel/Llama2-13B/trace_9_FC_devices_seqlen_2304.txt
/home/aatmaj/CENT/aim_simulator/build/ramulator2 -f /home/aatmaj/CENT/aim_simulator/test/example.yaml -t /home/aatmaj/CENT/experiments/dda_full_sweep/traces/32_channels_per_device/9_devices/model_parallel_FC/Llama2-13B/trace_9_FC_devices_seqlen_2304.txt
/home/aatmaj/CENT/aim_simulator/build/ramulator2 -f /home/aatmaj/CENT/aim_simulator/test/example.yaml -t /home/aatmaj/CENT/experiments/dda_full_sweep/traces/32_channels_per_device/9_devices/model_parallel/Llama2-13B/trace_9_FC_devices_seqlen_2432.txt
/home/aatmaj/CENT/aim_simulator/build/ramulator2 -f /home/aatmaj/CENT/aim_simulator/test/example.yaml -t /home/aatmaj/CENT/experiments/dda_full_sweep/traces/32_channels_per_device/9_devices/model_parallel_FC/Llama2-13B/trace_9_FC_devices_seqlen_2432.txt
/home/aatmaj/CENT/aim_simulator/build/ramulator2 -f /home/aatmaj/CENT/aim_simulator/test/example.yaml -t /home/aatmaj/CENT/experiments/dda_full_sweep/traces/32_channels_per_device/9_devices/model_parallel/Llama2-13B/trace_9_FC_devices_seqlen_2560.txt
/home/aatmaj/CENT/aim_simulator/build/ramulator2 -f /home/aatmaj/CENT/aim_simulator/test/example.yaml -t /home/aatmaj/CENT/experiments/dda_full_sweep/traces/32_channels_per_device/9_devices/model_parallel_FC/Llama2-13B/trace_9_FC_devices_seqlen_2560.txt
/home/aatmaj/CENT/aim_simulator/build/ramulator2 -f /home/aatmaj/CENT/aim_simulator/test/example.yaml -t /home/aatmaj/CENT/experiments/dda_full_sweep/traces/32_channels_per_device/9_devices/model_parallel/Llama2-13B/trace_9_FC_devices_seqlen_2688.txt
/home/aatmaj/CENT/aim_simulator/build/ramulator2 -f /home/aatmaj/CENT/aim_simulator/test/example.yaml -t /home/aatmaj/CENT/experiments/dda_full_sweep/traces/32_channels_per_device/9_devices/model_parallel_FC/Llama2-13B/trace_9_FC_devices_seqlen_2688.txt
/home/aatmaj/CENT/aim_simulator/build/ramulator2 -f /home/aatmaj/CENT/aim_simulator/test/example.yaml -t /home/aatmaj/CENT/experiments/dda_full_sweep/traces/32_channels_per_device/9_devices/model_parallel/Llama2-13B/trace_9_FC_devices_seqlen_2816.txt
/home/aatmaj/CENT/aim_simulator/build/ramulator2 -f /home/aatmaj/CENT/aim_simulator/test/example.yaml -t /home/aatmaj/CENT/experiments/dda_full_sweep/traces/32_channels_per_device/9_devices/model_parallel_FC/Llama2-13B/trace_9_FC_devices_seqlen_2816.txt
/home/aatmaj/CENT/aim_simulator/build/ramulator2 -f /home/aatmaj/CENT/aim_simulator/test/example.yaml -t /home/aatmaj/CENT/experiments/dda_full_sweep/traces/32_channels_per_device/9_devices/model_parallel/Llama2-13B/trace_9_FC_devices_seqlen_2944.txt
/home/aatmaj/CENT/aim_simulator/build/ramulator2 -f /home/aatmaj/CENT/aim_simulator/test/example.yaml -t /home/aatmaj/CENT/experiments/dda_full_sweep/traces/32_channels_per_device/9_devices/model_parallel_FC/Llama2-13B/trace_9_FC_devices_seqlen_2944.txt
/home/aatmaj/CENT/aim_simulator/build/ramulator2 -f /home/aatmaj/CENT/aim_simulator/test/example.yaml -t /home/aatmaj/CENT/experiments/dda_full_sweep/traces/32_channels_per_device/9_devices/model_parallel/Llama2-13B/trace_9_FC_devices_seqlen_3072.txt
/home/aatmaj/CENT/aim_simulator/build/ramulator2 -f /home/aatmaj/CENT/aim_simulator/test/example.yaml -t /home/aatmaj/CENT/experiments/dda_full_sweep/traces/32_channels_per_device/9_devices/model_parallel_FC/Llama2-13B/trace_9_FC_devices_seqlen_3072.txt
/home/aatmaj/CENT/aim_simulator/build/ramulator2 -f /home/aatmaj/CENT/aim_simulator/test/example.yaml -t /home/aatmaj/CENT/experiments/dda_full_sweep/traces/32_channels_per_device/9_devices/model_parallel/Llama2-13B/trace_9_FC_devices_seqlen_3200.txt
/home/aatmaj/CENT/aim_simulator/build/ramulator2 -f /home/aatmaj/CENT/aim_simulator/test/example.yaml -t /home/aatmaj/CENT/experiments/dda_full_sweep/traces/32_channels_per_device/9_devices/model_parallel_FC/Llama2-13B/trace_9_FC_devices_seqlen_3200.txt
/home/aatmaj/CENT/aim_simulator/build/ramulator2 -f /home/aatmaj/CENT/aim_simulator/test/example.yaml -t /home/aatmaj/CENT/experiments/dda_full_sweep/traces/32_channels_per_device/9_devices/model_parallel/Llama2-13B/trace_9_FC_devices_seqlen_3328.txt
/home/aatmaj/CENT/aim_simulator/build/ramulator2 -f /home/aatmaj/CENT/aim_simulator/test/example.yaml -t /home/aatmaj/CENT/experiments/dda_full_sweep/traces/32_channels_per_device/9_devices/model_parallel_FC/Llama2-13B/trace_9_FC_devices_seqlen_3328.txt
/home/aatmaj/CENT/aim_simulator/build/ramulator2 -f /home/aatmaj/CENT/aim_simulator/test/example.yaml -t /home/aatmaj/CENT/experiments/dda_full_sweep/traces/32_channels_per_device/9_devices/model_parallel/Llama2-13B/trace_9_FC_devices_seqlen_3456.txt
/home/aatmaj/CENT/aim_simulator/build/ramulator2 -f /home/aatmaj/CENT/aim_simulator/test/example.yaml -t /home/aatmaj/CENT/experiments/dda_full_sweep/traces/32_channels_per_device/9_devices/model_parallel_FC/Llama2-13B/trace_9_FC_devices_seqlen_3456.txt
/home/aatmaj/CENT/aim_simulator/build/ramulator2 -f /home/aatmaj/CENT/aim_simulator/test/example.yaml -t /home/aatmaj/CENT/experiments/dda_full_sweep/traces/32_channels_per_device/9_devices/model_parallel/Llama2-13B/trace_9_FC_devices_seqlen_3584.txt
/home/aatmaj/CENT/aim_simulator/build/ramulator2 -f /home/aatmaj/CENT/aim_simulator/test/example.yaml -t /home/aatmaj/CENT/experiments/dda_full_sweep/traces/32_channels_per_device/9_devices/model_parallel_FC/Llama2-13B/trace_9_FC_devices_seqlen_3584.txt
/home/aatmaj/CENT/aim_simulator/build/ramulator2 -f /home/aatmaj/CENT/aim_simulator/test/example.yaml -t /home/aatmaj/CENT/experiments/dda_full_sweep/traces/32_channels_per_device/9_devices/model_parallel/Llama2-13B/trace_9_FC_devices_seqlen_3712.txt
/home/aatmaj/CENT/aim_simulator/build/ramulator2 -f /home/aatmaj/CENT/aim_simulator/test/example.yaml -t /home/aatmaj/CENT/experiments/dda_full_sweep/traces/32_channels_per_device/9_devices/model_parallel_FC/Llama2-13B/trace_9_FC_devices_seqlen_3712.txt
/home/aatmaj/CENT/aim_simulator/build/ramulator2 -f /home/aatmaj/CENT/aim_simulator/test/example.yaml -t /home/aatmaj/CENT/experiments/dda_full_sweep/traces/32_channels_per_device/9_devices/model_parallel/Llama2-13B/trace_9_FC_devices_seqlen_3840.txt
/home/aatmaj/CENT/aim_simulator/build/ramulator2 -f /home/aatmaj/CENT/aim_simulator/test/example.yaml -t /home/aatmaj/CENT/experiments/dda_full_sweep/traces/32_channels_per_device/9_devices/model_parallel_FC/Llama2-13B/trace_9_FC_devices_seqlen_3840.txt
/home/aatmaj/CENT/aim_simulator/build/ramulator2 -f /home/aatmaj/CENT/aim_simulator/test/example.yaml -t /home/aatmaj/CENT/experiments/dda_full_sweep/traces/32_channels_per_device/9_devices/model_parallel/Llama2-13B/trace_9_FC_devices_seqlen_3968.txt
/home/aatmaj/CENT/aim_simulator/build/ramulator2 -f /home/aatmaj/CENT/aim_simulator/test/example.yaml -t /home/aatmaj/CENT/experiments/dda_full_sweep/traces/32_channels_per_device/9_devices/model_parallel_FC/Llama2-13B/trace_9_FC_devices_seqlen_3968.txt
/home/aatmaj/CENT/aim_simulator/build/ramulator2 -f /home/aatmaj/CENT/aim_simulator/test/example.yaml -t /home/aatmaj/CENT/experiments/dda_full_sweep/traces/32_channels_per_device/9_devices/model_parallel/Llama2-13B/trace_9_FC_devices_seqlen_4096.txt
/home/aatmaj/CENT/experiments/dda_full_sweep/simulation/run_sim_full32.py:447: FutureWarning: The behavior of DataFrame concatenation with empty or all-NA entries is deprecated. In a future version, this will no longer exclude empty or all-NA columns when determining the result dtypes. To retain the old behavior, exclude the relevant entries before the concat operation.
  results_df = pd.concat([results_df, new_df], ignore_index=True)
/home/aatmaj/CENT/aim_simulator/build/ramulator2 -f /home/aatmaj/CENT/aim_simulator/test/example.yaml -t /home/aatmaj/CENT/experiments/dda_full_sweep/traces/32_channels_per_device/9_devices/model_parallel_FC/Llama2-13B/trace_9_FC_devices_seqlen_4096.txt
Processing results...
Updating simulation results to CSV...
=== Pool L | Llama2-13B | N_L=11 | TP=11, PP=1 ===
Generating traces for Llama2-13B (11 devices) ...
/home/aatmaj/CENT/aim_simulator/build/ramulator2 -f /home/aatmaj/CENT/aim_simulator/test/example.yaml -t /home/aatmaj/CENT/experiments/dda_full_sweep/traces/32_channels_per_device/11_devices/model_parallel_embedding/Llama2-13B/trace_11_FC_devices_seqlen_4096.txt
/home/aatmaj/CENT/aim_simulator/build/ramulator2 -f /home/aatmaj/CENT/aim_simulator/test/example.yaml -t /home/aatmaj/CENT/experiments/dda_full_sweep/traces/32_channels_per_device/11_devices/model_parallel/Llama2-13B/trace_11_FC_devices_seqlen_128.txt
/home/aatmaj/CENT/aim_simulator/build/ramulator2 -f /home/aatmaj/CENT/aim_simulator/test/example.yaml -t /home/aatmaj/CENT/experiments/dda_full_sweep/traces/32_channels_per_device/11_devices/model_parallel_FC/Llama2-13B/trace_11_FC_devices_seqlen_128.txt
/home/aatmaj/CENT/aim_simulator/build/ramulator2 -f /home/aatmaj/CENT/aim_simulator/test/example.yaml -t /home/aatmaj/CENT/experiments/dda_full_sweep/traces/32_channels_per_device/11_devices/model_parallel/Llama2-13B/trace_11_FC_devices_seqlen_256.txt
/home/aatmaj/CENT/aim_simulator/build/ramulator2 -f /home/aatmaj/CENT/aim_simulator/test/example.yaml -t /home/aatmaj/CENT/experiments/dda_full_sweep/traces/32_channels_per_device/11_devices/model_parallel_FC/Llama2-13B/trace_11_FC_devices_seqlen_256.txt
/home/aatmaj/CENT/aim_simulator/build/ramulator2 -f /home/aatmaj/CENT/aim_simulator/test/example.yaml -t /home/aatmaj/CENT/experiments/dda_full_sweep/traces/32_channels_per_device/11_devices/model_parallel/Llama2-13B/trace_11_FC_devices_seqlen_384.txt
/home/aatmaj/CENT/aim_simulator/build/ramulator2 -f /home/aatmaj/CENT/aim_simulator/test/example.yaml -t /home/aatmaj/CENT/experiments/dda_full_sweep/traces/32_channels_per_device/11_devices/model_parallel_FC/Llama2-13B/trace_11_FC_devices_seqlen_384.txt
/home/aatmaj/CENT/aim_simulator/build/ramulator2 -f /home/aatmaj/CENT/aim_simulator/test/example.yaml -t /home/aatmaj/CENT/experiments/dda_full_sweep/traces/32_channels_per_device/11_devices/model_parallel/Llama2-13B/trace_11_FC_devices_seqlen_512.txt
/home/aatmaj/CENT/aim_simulator/build/ramulator2 -f /home/aatmaj/CENT/aim_simulator/test/example.yaml -t /home/aatmaj/CENT/experiments/dda_full_sweep/traces/32_channels_per_device/11_devices/model_parallel_FC/Llama2-13B/trace_11_FC_devices_seqlen_512.txt
/home/aatmaj/CENT/aim_simulator/build/ramulator2 -f /home/aatmaj/CENT/aim_simulator/test/example.yaml -t /home/aatmaj/CENT/experiments/dda_full_sweep/traces/32_channels_per_device/11_devices/model_parallel/Llama2-13B/trace_11_FC_devices_seqlen_640.txt
/home/aatmaj/CENT/aim_simulator/build/ramulator2 -f /home/aatmaj/CENT/aim_simulator/test/example.yaml -t /home/aatmaj/CENT/experiments/dda_full_sweep/traces/32_channels_per_device/11_devices/model_parallel_FC/Llama2-13B/trace_11_FC_devices_seqlen_640.txt
/home/aatmaj/CENT/aim_simulator/build/ramulator2 -f /home/aatmaj/CENT/aim_simulator/test/example.yaml -t /home/aatmaj/CENT/experiments/dda_full_sweep/traces/32_channels_per_device/11_devices/model_parallel/Llama2-13B/trace_11_FC_devices_seqlen_768.txt
/home/aatmaj/CENT/aim_simulator/build/ramulator2 -f /home/aatmaj/CENT/aim_simulator/test/example.yaml -t /home/aatmaj/CENT/experiments/dda_full_sweep/traces/32_channels_per_device/11_devices/model_parallel_FC/Llama2-13B/trace_11_FC_devices_seqlen_768.txt
/home/aatmaj/CENT/aim_simulator/build/ramulator2 -f /home/aatmaj/CENT/aim_simulator/test/example.yaml -t /home/aatmaj/CENT/experiments/dda_full_sweep/traces/32_channels_per_device/11_devices/model_parallel/Llama2-13B/trace_11_FC_devices_seqlen_896.txt
/home/aatmaj/CENT/aim_simulator/build/ramulator2 -f /home/aatmaj/CENT/aim_simulator/test/example.yaml -t /home/aatmaj/CENT/experiments/dda_full_sweep/traces/32_channels_per_device/11_devices/model_parallel_FC/Llama2-13B/trace_11_FC_devices_seqlen_896.txt
/home/aatmaj/CENT/aim_simulator/build/ramulator2 -f /home/aatmaj/CENT/aim_simulator/test/example.yaml -t /home/aatmaj/CENT/experiments/dda_full_sweep/traces/32_channels_per_device/11_devices/model_parallel/Llama2-13B/trace_11_FC_devices_seqlen_1024.txt
/home/aatmaj/CENT/aim_simulator/build/ramulator2 -f /home/aatmaj/CENT/aim_simulator/test/example.yaml -t /home/aatmaj/CENT/experiments/dda_full_sweep/traces/32_channels_per_device/11_devices/model_parallel_FC/Llama2-13B/trace_11_FC_devices_seqlen_1024.txt
/home/aatmaj/CENT/aim_simulator/build/ramulator2 -f /home/aatmaj/CENT/aim_simulator/test/example.yaml -t /home/aatmaj/CENT/experiments/dda_full_sweep/traces/32_channels_per_device/11_devices/model_parallel/Llama2-13B/trace_11_FC_devices_seqlen_1152.txt
/home/aatmaj/CENT/aim_simulator/build/ramulator2 -f /home/aatmaj/CENT/aim_simulator/test/example.yaml -t /home/aatmaj/CENT/experiments/dda_full_sweep/traces/32_channels_per_device/11_devices/model_parallel_FC/Llama2-13B/trace_11_FC_devices_seqlen_1152.txt
/home/aatmaj/CENT/aim_simulator/build/ramulator2 -f /home/aatmaj/CENT/aim_simulator/test/example.yaml -t /home/aatmaj/CENT/experiments/dda_full_sweep/traces/32_channels_per_device/11_devices/model_parallel/Llama2-13B/trace_11_FC_devices_seqlen_1280.txt
/home/aatmaj/CENT/aim_simulator/build/ramulator2 -f /home/aatmaj/CENT/aim_simulator/test/example.yaml -t /home/aatmaj/CENT/experiments/dda_full_sweep/traces/32_channels_per_device/11_devices/model_parallel_FC/Llama2-13B/trace_11_FC_devices_seqlen_1280.txt
/home/aatmaj/CENT/aim_simulator/build/ramulator2 -f /home/aatmaj/CENT/aim_simulator/test/example.yaml -t /home/aatmaj/CENT/experiments/dda_full_sweep/traces/32_channels_per_device/11_devices/model_parallel/Llama2-13B/trace_11_FC_devices_seqlen_1408.txt
/home/aatmaj/CENT/aim_simulator/build/ramulator2 -f /home/aatmaj/CENT/aim_simulator/test/example.yaml -t /home/aatmaj/CENT/experiments/dda_full_sweep/traces/32_channels_per_device/11_devices/model_parallel_FC/Llama2-13B/trace_11_FC_devices_seqlen_1408.txt
/home/aatmaj/CENT/aim_simulator/build/ramulator2 -f /home/aatmaj/CENT/aim_simulator/test/example.yaml -t /home/aatmaj/CENT/experiments/dda_full_sweep/traces/32_channels_per_device/11_devices/model_parallel/Llama2-13B/trace_11_FC_devices_seqlen_1536.txt
/home/aatmaj/CENT/aim_simulator/build/ramulator2 -f /home/aatmaj/CENT/aim_simulator/test/example.yaml -t /home/aatmaj/CENT/experiments/dda_full_sweep/traces/32_channels_per_device/11_devices/model_parallel_FC/Llama2-13B/trace_11_FC_devices_seqlen_1536.txt
/home/aatmaj/CENT/aim_simulator/build/ramulator2 -f /home/aatmaj/CENT/aim_simulator/test/example.yaml -t /home/aatmaj/CENT/experiments/dda_full_sweep/traces/32_channels_per_device/11_devices/model_parallel/Llama2-13B/trace_11_FC_devices_seqlen_1664.txt
/home/aatmaj/CENT/aim_simulator/build/ramulator2 -f /home/aatmaj/CENT/aim_simulator/test/example.yaml -t /home/aatmaj/CENT/experiments/dda_full_sweep/traces/32_channels_per_device/11_devices/model_parallel_FC/Llama2-13B/trace_11_FC_devices_seqlen_1664.txt
/home/aatmaj/CENT/aim_simulator/build/ramulator2 -f /home/aatmaj/CENT/aim_simulator/test/example.yaml -t /home/aatmaj/CENT/experiments/dda_full_sweep/traces/32_channels_per_device/11_devices/model_parallel/Llama2-13B/trace_11_FC_devices_seqlen_1792.txt
/home/aatmaj/CENT/aim_simulator/build/ramulator2 -f /home/aatmaj/CENT/aim_simulator/test/example.yaml -t /home/aatmaj/CENT/experiments/dda_full_sweep/traces/32_channels_per_device/11_devices/model_parallel_FC/Llama2-13B/trace_11_FC_devices_seqlen_1792.txt
/home/aatmaj/CENT/aim_simulator/build/ramulator2 -f /home/aatmaj/CENT/aim_simulator/test/example.yaml -t /home/aatmaj/CENT/experiments/dda_full_sweep/traces/32_channels_per_device/11_devices/model_parallel/Llama2-13B/trace_11_FC_devices_seqlen_1920.txt
/home/aatmaj/CENT/aim_simulator/build/ramulator2 -f /home/aatmaj/CENT/aim_simulator/test/example.yaml -t /home/aatmaj/CENT/experiments/dda_full_sweep/traces/32_channels_per_device/11_devices/model_parallel_FC/Llama2-13B/trace_11_FC_devices_seqlen_1920.txt
/home/aatmaj/CENT/aim_simulator/build/ramulator2 -f /home/aatmaj/CENT/aim_simulator/test/example.yaml -t /home/aatmaj/CENT/experiments/dda_full_sweep/traces/32_channels_per_device/11_devices/model_parallel/Llama2-13B/trace_11_FC_devices_seqlen_2048.txt
/home/aatmaj/CENT/aim_simulator/build/ramulator2 -f /home/aatmaj/CENT/aim_simulator/test/example.yaml -t /home/aatmaj/CENT/experiments/dda_full_sweep/traces/32_channels_per_device/11_devices/model_parallel_FC/Llama2-13B/trace_11_FC_devices_seqlen_2048.txt
/home/aatmaj/CENT/aim_simulator/build/ramulator2 -f /home/aatmaj/CENT/aim_simulator/test/example.yaml -t /home/aatmaj/CENT/experiments/dda_full_sweep/traces/32_channels_per_device/11_devices/model_parallel/Llama2-13B/trace_11_FC_devices_seqlen_2176.txt
/home/aatmaj/CENT/aim_simulator/build/ramulator2 -f /home/aatmaj/CENT/aim_simulator/test/example.yaml -t /home/aatmaj/CENT/experiments/dda_full_sweep/traces/32_channels_per_device/11_devices/model_parallel_FC/Llama2-13B/trace_11_FC_devices_seqlen_2176.txt
/home/aatmaj/CENT/aim_simulator/build/ramulator2 -f /home/aatmaj/CENT/aim_simulator/test/example.yaml -t /home/aatmaj/CENT/experiments/dda_full_sweep/traces/32_channels_per_device/11_devices/model_parallel/Llama2-13B/trace_11_FC_devices_seqlen_2304.txt
/home/aatmaj/CENT/aim_simulator/build/ramulator2 -f /home/aatmaj/CENT/aim_simulator/test/example.yaml -t /home/aatmaj/CENT/experiments/dda_full_sweep/traces/32_channels_per_device/11_devices/model_parallel_FC/Llama2-13B/trace_11_FC_devices_seqlen_2304.txt
/home/aatmaj/CENT/aim_simulator/build/ramulator2 -f /home/aatmaj/CENT/aim_simulator/test/example.yaml -t /home/aatmaj/CENT/experiments/dda_full_sweep/traces/32_channels_per_device/11_devices/model_parallel/Llama2-13B/trace_11_FC_devices_seqlen_2432.txt
/home/aatmaj/CENT/aim_simulator/build/ramulator2 -f /home/aatmaj/CENT/aim_simulator/test/example.yaml -t /home/aatmaj/CENT/experiments/dda_full_sweep/traces/32_channels_per_device/11_devices/model_parallel_FC/Llama2-13B/trace_11_FC_devices_seqlen_2432.txt
/home/aatmaj/CENT/aim_simulator/build/ramulator2 -f /home/aatmaj/CENT/aim_simulator/test/example.yaml -t /home/aatmaj/CENT/experiments/dda_full_sweep/traces/32_channels_per_device/11_devices/model_parallel/Llama2-13B/trace_11_FC_devices_seqlen_2560.txt
/home/aatmaj/CENT/aim_simulator/build/ramulator2 -f /home/aatmaj/CENT/aim_simulator/test/example.yaml -t /home/aatmaj/CENT/experiments/dda_full_sweep/traces/32_channels_per_device/11_devices/model_parallel_FC/Llama2-13B/trace_11_FC_devices_seqlen_2560.txt
/home/aatmaj/CENT/aim_simulator/build/ramulator2 -f /home/aatmaj/CENT/aim_simulator/test/example.yaml -t /home/aatmaj/CENT/experiments/dda_full_sweep/traces/32_channels_per_device/11_devices/model_parallel/Llama2-13B/trace_11_FC_devices_seqlen_2688.txt
/home/aatmaj/CENT/aim_simulator/build/ramulator2 -f /home/aatmaj/CENT/aim_simulator/test/example.yaml -t /home/aatmaj/CENT/experiments/dda_full_sweep/traces/32_channels_per_device/11_devices/model_parallel_FC/Llama2-13B/trace_11_FC_devices_seqlen_2688.txt
/home/aatmaj/CENT/aim_simulator/build/ramulator2 -f /home/aatmaj/CENT/aim_simulator/test/example.yaml -t /home/aatmaj/CENT/experiments/dda_full_sweep/traces/32_channels_per_device/11_devices/model_parallel/Llama2-13B/trace_11_FC_devices_seqlen_2816.txt
/home/aatmaj/CENT/aim_simulator/build/ramulator2 -f /home/aatmaj/CENT/aim_simulator/test/example.yaml -t /home/aatmaj/CENT/experiments/dda_full_sweep/traces/32_channels_per_device/11_devices/model_parallel_FC/Llama2-13B/trace_11_FC_devices_seqlen_2816.txt
/home/aatmaj/CENT/aim_simulator/build/ramulator2 -f /home/aatmaj/CENT/aim_simulator/test/example.yaml -t /home/aatmaj/CENT/experiments/dda_full_sweep/traces/32_channels_per_device/11_devices/model_parallel/Llama2-13B/trace_11_FC_devices_seqlen_2944.txt
/home/aatmaj/CENT/aim_simulator/build/ramulator2 -f /home/aatmaj/CENT/aim_simulator/test/example.yaml -t /home/aatmaj/CENT/experiments/dda_full_sweep/traces/32_channels_per_device/11_devices/model_parallel_FC/Llama2-13B/trace_11_FC_devices_seqlen_2944.txt
/home/aatmaj/CENT/aim_simulator/build/ramulator2 -f /home/aatmaj/CENT/aim_simulator/test/example.yaml -t /home/aatmaj/CENT/experiments/dda_full_sweep/traces/32_channels_per_device/11_devices/model_parallel/Llama2-13B/trace_11_FC_devices_seqlen_3072.txt
/home/aatmaj/CENT/aim_simulator/build/ramulator2 -f /home/aatmaj/CENT/aim_simulator/test/example.yaml -t /home/aatmaj/CENT/experiments/dda_full_sweep/traces/32_channels_per_device/11_devices/model_parallel_FC/Llama2-13B/trace_11_FC_devices_seqlen_3072.txt
/home/aatmaj/CENT/aim_simulator/build/ramulator2 -f /home/aatmaj/CENT/aim_simulator/test/example.yaml -t /home/aatmaj/CENT/experiments/dda_full_sweep/traces/32_channels_per_device/11_devices/model_parallel/Llama2-13B/trace_11_FC_devices_seqlen_3200.txt
/home/aatmaj/CENT/aim_simulator/build/ramulator2 -f /home/aatmaj/CENT/aim_simulator/test/example.yaml -t /home/aatmaj/CENT/experiments/dda_full_sweep/traces/32_channels_per_device/11_devices/model_parallel_FC/Llama2-13B/trace_11_FC_devices_seqlen_3200.txt
/home/aatmaj/CENT/aim_simulator/build/ramulator2 -f /home/aatmaj/CENT/aim_simulator/test/example.yaml -t /home/aatmaj/CENT/experiments/dda_full_sweep/traces/32_channels_per_device/11_devices/model_parallel/Llama2-13B/trace_11_FC_devices_seqlen_3328.txt
/home/aatmaj/CENT/aim_simulator/build/ramulator2 -f /home/aatmaj/CENT/aim_simulator/test/example.yaml -t /home/aatmaj/CENT/experiments/dda_full_sweep/traces/32_channels_per_device/11_devices/model_parallel_FC/Llama2-13B/trace_11_FC_devices_seqlen_3328.txt
/home/aatmaj/CENT/aim_simulator/build/ramulator2 -f /home/aatmaj/CENT/aim_simulator/test/example.yaml -t /home/aatmaj/CENT/experiments/dda_full_sweep/traces/32_channels_per_device/11_devices/model_parallel/Llama2-13B/trace_11_FC_devices_seqlen_3456.txt
/home/aatmaj/CENT/aim_simulator/build/ramulator2 -f /home/aatmaj/CENT/aim_simulator/test/example.yaml -t /home/aatmaj/CENT/experiments/dda_full_sweep/traces/32_channels_per_device/11_devices/model_parallel_FC/Llama2-13B/trace_11_FC_devices_seqlen_3456.txt
/home/aatmaj/CENT/aim_simulator/build/ramulator2 -f /home/aatmaj/CENT/aim_simulator/test/example.yaml -t /home/aatmaj/CENT/experiments/dda_full_sweep/traces/32_channels_per_device/11_devices/model_parallel/Llama2-13B/trace_11_FC_devices_seqlen_3584.txt
/home/aatmaj/CENT/aim_simulator/build/ramulator2 -f /home/aatmaj/CENT/aim_simulator/test/example.yaml -t /home/aatmaj/CENT/experiments/dda_full_sweep/traces/32_channels_per_device/11_devices/model_parallel_FC/Llama2-13B/trace_11_FC_devices_seqlen_3584.txt
/home/aatmaj/CENT/aim_simulator/build/ramulator2 -f /home/aatmaj/CENT/aim_simulator/test/example.yaml -t /home/aatmaj/CENT/experiments/dda_full_sweep/traces/32_channels_per_device/11_devices/model_parallel/Llama2-13B/trace_11_FC_devices_seqlen_3712.txt
/home/aatmaj/CENT/aim_simulator/build/ramulator2 -f /home/aatmaj/CENT/aim_simulator/test/example.yaml -t /home/aatmaj/CENT/experiments/dda_full_sweep/traces/32_channels_per_device/11_devices/model_parallel_FC/Llama2-13B/trace_11_FC_devices_seqlen_3712.txt
/home/aatmaj/CENT/aim_simulator/build/ramulator2 -f /home/aatmaj/CENT/aim_simulator/test/example.yaml -t /home/aatmaj/CENT/experiments/dda_full_sweep/traces/32_channels_per_device/11_devices/model_parallel/Llama2-13B/trace_11_FC_devices_seqlen_3840.txt
/home/aatmaj/CENT/aim_simulator/build/ramulator2 -f /home/aatmaj/CENT/aim_simulator/test/example.yaml -t /home/aatmaj/CENT/experiments/dda_full_sweep/traces/32_channels_per_device/11_devices/model_parallel_FC/Llama2-13B/trace_11_FC_devices_seqlen_3840.txt
/home/aatmaj/CENT/aim_simulator/build/ramulator2 -f /home/aatmaj/CENT/aim_simulator/test/example.yaml -t /home/aatmaj/CENT/experiments/dda_full_sweep/traces/32_channels_per_device/11_devices/model_parallel/Llama2-13B/trace_11_FC_devices_seqlen_3968.txt
/home/aatmaj/CENT/aim_simulator/build/ramulator2 -f /home/aatmaj/CENT/aim_simulator/test/example.yaml -t /home/aatmaj/CENT/experiments/dda_full_sweep/traces/32_channels_per_device/11_devices/model_parallel_FC/Llama2-13B/trace_11_FC_devices_seqlen_3968.txt
/home/aatmaj/CENT/aim_simulator/build/ramulator2 -f /home/aatmaj/CENT/aim_simulator/test/example.yaml -t /home/aatmaj/CENT/experiments/dda_full_sweep/traces/32_channels_per_device/11_devices/model_parallel/Llama2-13B/trace_11_FC_devices_seqlen_4096.txt
/home/aatmaj/CENT/experiments/dda_full_sweep/simulation/run_sim_full32.py:447: FutureWarning: The behavior of DataFrame concatenation with empty or all-NA entries is deprecated. In a future version, this will no longer exclude empty or all-NA columns when determining the result dtypes. To retain the old behavior, exclude the relevant entries before the concat operation.
  results_df = pd.concat([results_df, new_df], ignore_index=True)
/home/aatmaj/CENT/aim_simulator/build/ramulator2 -f /home/aatmaj/CENT/aim_simulator/test/example.yaml -t /home/aatmaj/CENT/experiments/dda_full_sweep/traces/32_channels_per_device/11_devices/model_parallel_FC/Llama2-13B/trace_11_FC_devices_seqlen_4096.txt
Processing results...
Updating simulation results to CSV...
=== Pool L | Llama2-13B | N_L=13 | TP=13, PP=1 ===
Generating traces for Llama2-13B (13 devices) ...
/home/aatmaj/CENT/aim_simulator/build/ramulator2 -f /home/aatmaj/CENT/aim_simulator/test/example.yaml -t /home/aatmaj/CENT/experiments/dda_full_sweep/traces/32_channels_per_device/13_devices/model_parallel_embedding/Llama2-13B/trace_13_FC_devices_seqlen_4096.txt
/home/aatmaj/CENT/aim_simulator/build/ramulator2 -f /home/aatmaj/CENT/aim_simulator/test/example.yaml -t /home/aatmaj/CENT/experiments/dda_full_sweep/traces/32_channels_per_device/13_devices/model_parallel/Llama2-13B/trace_13_FC_devices_seqlen_128.txt
/home/aatmaj/CENT/aim_simulator/build/ramulator2 -f /home/aatmaj/CENT/aim_simulator/test/example.yaml -t /home/aatmaj/CENT/experiments/dda_full_sweep/traces/32_channels_per_device/13_devices/model_parallel_FC/Llama2-13B/trace_13_FC_devices_seqlen_128.txt
/home/aatmaj/CENT/aim_simulator/build/ramulator2 -f /home/aatmaj/CENT/aim_simulator/test/example.yaml -t /home/aatmaj/CENT/experiments/dda_full_sweep/traces/32_channels_per_device/13_devices/model_parallel/Llama2-13B/trace_13_FC_devices_seqlen_256.txt
/home/aatmaj/CENT/aim_simulator/build/ramulator2 -f /home/aatmaj/CENT/aim_simulator/test/example.yaml -t /home/aatmaj/CENT/experiments/dda_full_sweep/traces/32_channels_per_device/13_devices/model_parallel_FC/Llama2-13B/trace_13_FC_devices_seqlen_256.txt
/home/aatmaj/CENT/aim_simulator/build/ramulator2 -f /home/aatmaj/CENT/aim_simulator/test/example.yaml -t /home/aatmaj/CENT/experiments/dda_full_sweep/traces/32_channels_per_device/13_devices/model_parallel/Llama2-13B/trace_13_FC_devices_seqlen_384.txt
/home/aatmaj/CENT/aim_simulator/build/ramulator2 -f /home/aatmaj/CENT/aim_simulator/test/example.yaml -t /home/aatmaj/CENT/experiments/dda_full_sweep/traces/32_channels_per_device/13_devices/model_parallel_FC/Llama2-13B/trace_13_FC_devices_seqlen_384.txt
/home/aatmaj/CENT/aim_simulator/build/ramulator2 -f /home/aatmaj/CENT/aim_simulator/test/example.yaml -t /home/aatmaj/CENT/experiments/dda_full_sweep/traces/32_channels_per_device/13_devices/model_parallel/Llama2-13B/trace_13_FC_devices_seqlen_512.txt
/home/aatmaj/CENT/aim_simulator/build/ramulator2 -f /home/aatmaj/CENT/aim_simulator/test/example.yaml -t /home/aatmaj/CENT/experiments/dda_full_sweep/traces/32_channels_per_device/13_devices/model_parallel_FC/Llama2-13B/trace_13_FC_devices_seqlen_512.txt
/home/aatmaj/CENT/aim_simulator/build/ramulator2 -f /home/aatmaj/CENT/aim_simulator/test/example.yaml -t /home/aatmaj/CENT/experiments/dda_full_sweep/traces/32_channels_per_device/13_devices/model_parallel/Llama2-13B/trace_13_FC_devices_seqlen_640.txt
/home/aatmaj/CENT/aim_simulator/build/ramulator2 -f /home/aatmaj/CENT/aim_simulator/test/example.yaml -t /home/aatmaj/CENT/experiments/dda_full_sweep/traces/32_channels_per_device/13_devices/model_parallel_FC/Llama2-13B/trace_13_FC_devices_seqlen_640.txt
/home/aatmaj/CENT/aim_simulator/build/ramulator2 -f /home/aatmaj/CENT/aim_simulator/test/example.yaml -t /home/aatmaj/CENT/experiments/dda_full_sweep/traces/32_channels_per_device/13_devices/model_parallel/Llama2-13B/trace_13_FC_devices_seqlen_768.txt
/home/aatmaj/CENT/aim_simulator/build/ramulator2 -f /home/aatmaj/CENT/aim_simulator/test/example.yaml -t /home/aatmaj/CENT/experiments/dda_full_sweep/traces/32_channels_per_device/13_devices/model_parallel_FC/Llama2-13B/trace_13_FC_devices_seqlen_768.txt
/home/aatmaj/CENT/aim_simulator/build/ramulator2 -f /home/aatmaj/CENT/aim_simulator/test/example.yaml -t /home/aatmaj/CENT/experiments/dda_full_sweep/traces/32_channels_per_device/13_devices/model_parallel/Llama2-13B/trace_13_FC_devices_seqlen_896.txt
/home/aatmaj/CENT/aim_simulator/build/ramulator2 -f /home/aatmaj/CENT/aim_simulator/test/example.yaml -t /home/aatmaj/CENT/experiments/dda_full_sweep/traces/32_channels_per_device/13_devices/model_parallel_FC/Llama2-13B/trace_13_FC_devices_seqlen_896.txt
/home/aatmaj/CENT/aim_simulator/build/ramulator2 -f /home/aatmaj/CENT/aim_simulator/test/example.yaml -t /home/aatmaj/CENT/experiments/dda_full_sweep/traces/32_channels_per_device/13_devices/model_parallel/Llama2-13B/trace_13_FC_devices_seqlen_1024.txt
/home/aatmaj/CENT/aim_simulator/build/ramulator2 -f /home/aatmaj/CENT/aim_simulator/test/example.yaml -t /home/aatmaj/CENT/experiments/dda_full_sweep/traces/32_channels_per_device/13_devices/model_parallel_FC/Llama2-13B/trace_13_FC_devices_seqlen_1024.txt
/home/aatmaj/CENT/aim_simulator/build/ramulator2 -f /home/aatmaj/CENT/aim_simulator/test/example.yaml -t /home/aatmaj/CENT/experiments/dda_full_sweep/traces/32_channels_per_device/13_devices/model_parallel/Llama2-13B/trace_13_FC_devices_seqlen_1152.txt
/home/aatmaj/CENT/aim_simulator/build/ramulator2 -f /home/aatmaj/CENT/aim_simulator/test/example.yaml -t /home/aatmaj/CENT/experiments/dda_full_sweep/traces/32_channels_per_device/13_devices/model_parallel_FC/Llama2-13B/trace_13_FC_devices_seqlen_1152.txt
/home/aatmaj/CENT/aim_simulator/build/ramulator2 -f /home/aatmaj/CENT/aim_simulator/test/example.yaml -t /home/aatmaj/CENT/experiments/dda_full_sweep/traces/32_channels_per_device/13_devices/model_parallel/Llama2-13B/trace_13_FC_devices_seqlen_1280.txt
/home/aatmaj/CENT/aim_simulator/build/ramulator2 -f /home/aatmaj/CENT/aim_simulator/test/example.yaml -t /home/aatmaj/CENT/experiments/dda_full_sweep/traces/32_channels_per_device/13_devices/model_parallel_FC/Llama2-13B/trace_13_FC_devices_seqlen_1280.txt
/home/aatmaj/CENT/aim_simulator/build/ramulator2 -f /home/aatmaj/CENT/aim_simulator/test/example.yaml -t /home/aatmaj/CENT/experiments/dda_full_sweep/traces/32_channels_per_device/13_devices/model_parallel/Llama2-13B/trace_13_FC_devices_seqlen_1408.txt
/home/aatmaj/CENT/aim_simulator/build/ramulator2 -f /home/aatmaj/CENT/aim_simulator/test/example.yaml -t /home/aatmaj/CENT/experiments/dda_full_sweep/traces/32_channels_per_device/13_devices/model_parallel_FC/Llama2-13B/trace_13_FC_devices_seqlen_1408.txt
/home/aatmaj/CENT/aim_simulator/build/ramulator2 -f /home/aatmaj/CENT/aim_simulator/test/example.yaml -t /home/aatmaj/CENT/experiments/dda_full_sweep/traces/32_channels_per_device/13_devices/model_parallel/Llama2-13B/trace_13_FC_devices_seqlen_1536.txt
/home/aatmaj/CENT/aim_simulator/build/ramulator2 -f /home/aatmaj/CENT/aim_simulator/test/example.yaml -t /home/aatmaj/CENT/experiments/dda_full_sweep/traces/32_channels_per_device/13_devices/model_parallel_FC/Llama2-13B/trace_13_FC_devices_seqlen_1536.txt
/home/aatmaj/CENT/aim_simulator/build/ramulator2 -f /home/aatmaj/CENT/aim_simulator/test/example.yaml -t /home/aatmaj/CENT/experiments/dda_full_sweep/traces/32_channels_per_device/13_devices/model_parallel/Llama2-13B/trace_13_FC_devices_seqlen_1664.txt
/home/aatmaj/CENT/aim_simulator/build/ramulator2 -f /home/aatmaj/CENT/aim_simulator/test/example.yaml -t /home/aatmaj/CENT/experiments/dda_full_sweep/traces/32_channels_per_device/13_devices/model_parallel_FC/Llama2-13B/trace_13_FC_devices_seqlen_1664.txt
/home/aatmaj/CENT/aim_simulator/build/ramulator2 -f /home/aatmaj/CENT/aim_simulator/test/example.yaml -t /home/aatmaj/CENT/experiments/dda_full_sweep/traces/32_channels_per_device/13_devices/model_parallel/Llama2-13B/trace_13_FC_devices_seqlen_1792.txt
/home/aatmaj/CENT/aim_simulator/build/ramulator2 -f /home/aatmaj/CENT/aim_simulator/test/example.yaml -t /home/aatmaj/CENT/experiments/dda_full_sweep/traces/32_channels_per_device/13_devices/model_parallel_FC/Llama2-13B/trace_13_FC_devices_seqlen_1792.txt
/home/aatmaj/CENT/aim_simulator/build/ramulator2 -f /home/aatmaj/CENT/aim_simulator/test/example.yaml -t /home/aatmaj/CENT/experiments/dda_full_sweep/traces/32_channels_per_device/13_devices/model_parallel/Llama2-13B/trace_13_FC_devices_seqlen_1920.txt
/home/aatmaj/CENT/aim_simulator/build/ramulator2 -f /home/aatmaj/CENT/aim_simulator/test/example.yaml -t /home/aatmaj/CENT/experiments/dda_full_sweep/traces/32_channels_per_device/13_devices/model_parallel_FC/Llama2-13B/trace_13_FC_devices_seqlen_1920.txt
/home/aatmaj/CENT/aim_simulator/build/ramulator2 -f /home/aatmaj/CENT/aim_simulator/test/example.yaml -t /home/aatmaj/CENT/experiments/dda_full_sweep/traces/32_channels_per_device/13_devices/model_parallel/Llama2-13B/trace_13_FC_devices_seqlen_2048.txt
/home/aatmaj/CENT/aim_simulator/build/ramulator2 -f /home/aatmaj/CENT/aim_simulator/test/example.yaml -t /home/aatmaj/CENT/experiments/dda_full_sweep/traces/32_channels_per_device/13_devices/model_parallel_FC/Llama2-13B/trace_13_FC_devices_seqlen_2048.txt
/home/aatmaj/CENT/aim_simulator/build/ramulator2 -f /home/aatmaj/CENT/aim_simulator/test/example.yaml -t /home/aatmaj/CENT/experiments/dda_full_sweep/traces/32_channels_per_device/13_devices/model_parallel/Llama2-13B/trace_13_FC_devices_seqlen_2176.txt
/home/aatmaj/CENT/aim_simulator/build/ramulator2 -f /home/aatmaj/CENT/aim_simulator/test/example.yaml -t /home/aatmaj/CENT/experiments/dda_full_sweep/traces/32_channels_per_device/13_devices/model_parallel_FC/Llama2-13B/trace_13_FC_devices_seqlen_2176.txt
/home/aatmaj/CENT/aim_simulator/build/ramulator2 -f /home/aatmaj/CENT/aim_simulator/test/example.yaml -t /home/aatmaj/CENT/experiments/dda_full_sweep/traces/32_channels_per_device/13_devices/model_parallel/Llama2-13B/trace_13_FC_devices_seqlen_2304.txt
/home/aatmaj/CENT/aim_simulator/build/ramulator2 -f /home/aatmaj/CENT/aim_simulator/test/example.yaml -t /home/aatmaj/CENT/experiments/dda_full_sweep/traces/32_channels_per_device/13_devices/model_parallel_FC/Llama2-13B/trace_13_FC_devices_seqlen_2304.txt
/home/aatmaj/CENT/aim_simulator/build/ramulator2 -f /home/aatmaj/CENT/aim_simulator/test/example.yaml -t /home/aatmaj/CENT/experiments/dda_full_sweep/traces/32_channels_per_device/13_devices/model_parallel/Llama2-13B/trace_13_FC_devices_seqlen_2432.txt
/home/aatmaj/CENT/aim_simulator/build/ramulator2 -f /home/aatmaj/CENT/aim_simulator/test/example.yaml -t /home/aatmaj/CENT/experiments/dda_full_sweep/traces/32_channels_per_device/13_devices/model_parallel_FC/Llama2-13B/trace_13_FC_devices_seqlen_2432.txt
/home/aatmaj/CENT/aim_simulator/build/ramulator2 -f /home/aatmaj/CENT/aim_simulator/test/example.yaml -t /home/aatmaj/CENT/experiments/dda_full_sweep/traces/32_channels_per_device/13_devices/model_parallel/Llama2-13B/trace_13_FC_devices_seqlen_2560.txt
/home/aatmaj/CENT/aim_simulator/build/ramulator2 -f /home/aatmaj/CENT/aim_simulator/test/example.yaml -t /home/aatmaj/CENT/experiments/dda_full_sweep/traces/32_channels_per_device/13_devices/model_parallel_FC/Llama2-13B/trace_13_FC_devices_seqlen_2560.txt
/home/aatmaj/CENT/aim_simulator/build/ramulator2 -f /home/aatmaj/CENT/aim_simulator/test/example.yaml -t /home/aatmaj/CENT/experiments/dda_full_sweep/traces/32_channels_per_device/13_devices/model_parallel/Llama2-13B/trace_13_FC_devices_seqlen_2688.txt
/home/aatmaj/CENT/aim_simulator/build/ramulator2 -f /home/aatmaj/CENT/aim_simulator/test/example.yaml -t /home/aatmaj/CENT/experiments/dda_full_sweep/traces/32_channels_per_device/13_devices/model_parallel_FC/Llama2-13B/trace_13_FC_devices_seqlen_2688.txt
/home/aatmaj/CENT/aim_simulator/build/ramulator2 -f /home/aatmaj/CENT/aim_simulator/test/example.yaml -t /home/aatmaj/CENT/experiments/dda_full_sweep/traces/32_channels_per_device/13_devices/model_parallel/Llama2-13B/trace_13_FC_devices_seqlen_2816.txt
/home/aatmaj/CENT/aim_simulator/build/ramulator2 -f /home/aatmaj/CENT/aim_simulator/test/example.yaml -t /home/aatmaj/CENT/experiments/dda_full_sweep/traces/32_channels_per_device/13_devices/model_parallel_FC/Llama2-13B/trace_13_FC_devices_seqlen_2816.txt
/home/aatmaj/CENT/aim_simulator/build/ramulator2 -f /home/aatmaj/CENT/aim_simulator/test/example.yaml -t /home/aatmaj/CENT/experiments/dda_full_sweep/traces/32_channels_per_device/13_devices/model_parallel/Llama2-13B/trace_13_FC_devices_seqlen_2944.txt
/home/aatmaj/CENT/aim_simulator/build/ramulator2 -f /home/aatmaj/CENT/aim_simulator/test/example.yaml -t /home/aatmaj/CENT/experiments/dda_full_sweep/traces/32_channels_per_device/13_devices/model_parallel_FC/Llama2-13B/trace_13_FC_devices_seqlen_2944.txt
/home/aatmaj/CENT/aim_simulator/build/ramulator2 -f /home/aatmaj/CENT/aim_simulator/test/example.yaml -t /home/aatmaj/CENT/experiments/dda_full_sweep/traces/32_channels_per_device/13_devices/model_parallel/Llama2-13B/trace_13_FC_devices_seqlen_3072.txt
/home/aatmaj/CENT/aim_simulator/build/ramulator2 -f /home/aatmaj/CENT/aim_simulator/test/example.yaml -t /home/aatmaj/CENT/experiments/dda_full_sweep/traces/32_channels_per_device/13_devices/model_parallel_FC/Llama2-13B/trace_13_FC_devices_seqlen_3072.txt
/home/aatmaj/CENT/aim_simulator/build/ramulator2 -f /home/aatmaj/CENT/aim_simulator/test/example.yaml -t /home/aatmaj/CENT/experiments/dda_full_sweep/traces/32_channels_per_device/13_devices/model_parallel/Llama2-13B/trace_13_FC_devices_seqlen_3200.txt
/home/aatmaj/CENT/aim_simulator/build/ramulator2 -f /home/aatmaj/CENT/aim_simulator/test/example.yaml -t /home/aatmaj/CENT/experiments/dda_full_sweep/traces/32_channels_per_device/13_devices/model_parallel_FC/Llama2-13B/trace_13_FC_devices_seqlen_3200.txt
/home/aatmaj/CENT/aim_simulator/build/ramulator2 -f /home/aatmaj/CENT/aim_simulator/test/example.yaml -t /home/aatmaj/CENT/experiments/dda_full_sweep/traces/32_channels_per_device/13_devices/model_parallel/Llama2-13B/trace_13_FC_devices_seqlen_3328.txt
/home/aatmaj/CENT/aim_simulator/build/ramulator2 -f /home/aatmaj/CENT/aim_simulator/test/example.yaml -t /home/aatmaj/CENT/experiments/dda_full_sweep/traces/32_channels_per_device/13_devices/model_parallel_FC/Llama2-13B/trace_13_FC_devices_seqlen_3328.txt
/home/aatmaj/CENT/aim_simulator/build/ramulator2 -f /home/aatmaj/CENT/aim_simulator/test/example.yaml -t /home/aatmaj/CENT/experiments/dda_full_sweep/traces/32_channels_per_device/13_devices/model_parallel/Llama2-13B/trace_13_FC_devices_seqlen_3456.txt
/home/aatmaj/CENT/aim_simulator/build/ramulator2 -f /home/aatmaj/CENT/aim_simulator/test/example.yaml -t /home/aatmaj/CENT/experiments/dda_full_sweep/traces/32_channels_per_device/13_devices/model_parallel_FC/Llama2-13B/trace_13_FC_devices_seqlen_3456.txt
/home/aatmaj/CENT/aim_simulator/build/ramulator2 -f /home/aatmaj/CENT/aim_simulator/test/example.yaml -t /home/aatmaj/CENT/experiments/dda_full_sweep/traces/32_channels_per_device/13_devices/model_parallel/Llama2-13B/trace_13_FC_devices_seqlen_3584.txt
/home/aatmaj/CENT/aim_simulator/build/ramulator2 -f /home/aatmaj/CENT/aim_simulator/test/example.yaml -t /home/aatmaj/CENT/experiments/dda_full_sweep/traces/32_channels_per_device/13_devices/model_parallel_FC/Llama2-13B/trace_13_FC_devices_seqlen_3584.txt
/home/aatmaj/CENT/aim_simulator/build/ramulator2 -f /home/aatmaj/CENT/aim_simulator/test/example.yaml -t /home/aatmaj/CENT/experiments/dda_full_sweep/traces/32_channels_per_device/13_devices/model_parallel/Llama2-13B/trace_13_FC_devices_seqlen_3712.txt
/home/aatmaj/CENT/aim_simulator/build/ramulator2 -f /home/aatmaj/CENT/aim_simulator/test/example.yaml -t /home/aatmaj/CENT/experiments/dda_full_sweep/traces/32_channels_per_device/13_devices/model_parallel_FC/Llama2-13B/trace_13_FC_devices_seqlen_3712.txt
/home/aatmaj/CENT/aim_simulator/build/ramulator2 -f /home/aatmaj/CENT/aim_simulator/test/example.yaml -t /home/aatmaj/CENT/experiments/dda_full_sweep/traces/32_channels_per_device/13_devices/model_parallel/Llama2-13B/trace_13_FC_devices_seqlen_3840.txt
/home/aatmaj/CENT/aim_simulator/build/ramulator2 -f /home/aatmaj/CENT/aim_simulator/test/example.yaml -t /home/aatmaj/CENT/experiments/dda_full_sweep/traces/32_channels_per_device/13_devices/model_parallel_FC/Llama2-13B/trace_13_FC_devices_seqlen_3840.txt
/home/aatmaj/CENT/aim_simulator/build/ramulator2 -f /home/aatmaj/CENT/aim_simulator/test/example.yaml -t /home/aatmaj/CENT/experiments/dda_full_sweep/traces/32_channels_per_device/13_devices/model_parallel/Llama2-13B/trace_13_FC_devices_seqlen_3968.txt
/home/aatmaj/CENT/aim_simulator/build/ramulator2 -f /home/aatmaj/CENT/aim_simulator/test/example.yaml -t /home/aatmaj/CENT/experiments/dda_full_sweep/traces/32_channels_per_device/13_devices/model_parallel_FC/Llama2-13B/trace_13_FC_devices_seqlen_3968.txt
/home/aatmaj/CENT/aim_simulator/build/ramulator2 -f /home/aatmaj/CENT/aim_simulator/test/example.yaml -t /home/aatmaj/CENT/experiments/dda_full_sweep/traces/32_channels_per_device/13_devices/model_parallel/Llama2-13B/trace_13_FC_devices_seqlen_4096.txt
/home/aatmaj/CENT/experiments/dda_full_sweep/simulation/run_sim_full32.py:447: FutureWarning: The behavior of DataFrame concatenation with empty or all-NA entries is deprecated. In a future version, this will no longer exclude empty or all-NA columns when determining the result dtypes. To retain the old behavior, exclude the relevant entries before the concat operation.
  results_df = pd.concat([results_df, new_df], ignore_index=True)
/home/aatmaj/CENT/aim_simulator/build/ramulator2 -f /home/aatmaj/CENT/aim_simulator/test/example.yaml -t /home/aatmaj/CENT/experiments/dda_full_sweep/traces/32_channels_per_device/13_devices/model_parallel_FC/Llama2-13B/trace_13_FC_devices_seqlen_4096.txt
Processing results...
Updating simulation results to CSV...
=== Pool L | Llama2-13B | N_L=15 | TP=15, PP=1 ===
Generating traces for Llama2-13B (15 devices) ...
/home/aatmaj/CENT/aim_simulator/build/ramulator2 -f /home/aatmaj/CENT/aim_simulator/test/example.yaml -t /home/aatmaj/CENT/experiments/dda_full_sweep/traces/32_channels_per_device/15_devices/model_parallel_embedding/Llama2-13B/trace_15_FC_devices_seqlen_4096.txt
/home/aatmaj/CENT/aim_simulator/build/ramulator2 -f /home/aatmaj/CENT/aim_simulator/test/example.yaml -t /home/aatmaj/CENT/experiments/dda_full_sweep/traces/32_channels_per_device/15_devices/model_parallel/Llama2-13B/trace_15_FC_devices_seqlen_128.txt
/home/aatmaj/CENT/aim_simulator/build/ramulator2 -f /home/aatmaj/CENT/aim_simulator/test/example.yaml -t /home/aatmaj/CENT/experiments/dda_full_sweep/traces/32_channels_per_device/15_devices/model_parallel_FC/Llama2-13B/trace_15_FC_devices_seqlen_128.txt
/home/aatmaj/CENT/aim_simulator/build/ramulator2 -f /home/aatmaj/CENT/aim_simulator/test/example.yaml -t /home/aatmaj/CENT/experiments/dda_full_sweep/traces/32_channels_per_device/15_devices/model_parallel/Llama2-13B/trace_15_FC_devices_seqlen_256.txt
/home/aatmaj/CENT/aim_simulator/build/ramulator2 -f /home/aatmaj/CENT/aim_simulator/test/example.yaml -t /home/aatmaj/CENT/experiments/dda_full_sweep/traces/32_channels_per_device/15_devices/model_parallel_FC/Llama2-13B/trace_15_FC_devices_seqlen_256.txt
/home/aatmaj/CENT/aim_simulator/build/ramulator2 -f /home/aatmaj/CENT/aim_simulator/test/example.yaml -t /home/aatmaj/CENT/experiments/dda_full_sweep/traces/32_channels_per_device/15_devices/model_parallel/Llama2-13B/trace_15_FC_devices_seqlen_384.txt
/home/aatmaj/CENT/aim_simulator/build/ramulator2 -f /home/aatmaj/CENT/aim_simulator/test/example.yaml -t /home/aatmaj/CENT/experiments/dda_full_sweep/traces/32_channels_per_device/15_devices/model_parallel_FC/Llama2-13B/trace_15_FC_devices_seqlen_384.txt
/home/aatmaj/CENT/aim_simulator/build/ramulator2 -f /home/aatmaj/CENT/aim_simulator/test/example.yaml -t /home/aatmaj/CENT/experiments/dda_full_sweep/traces/32_channels_per_device/15_devices/model_parallel/Llama2-13B/trace_15_FC_devices_seqlen_512.txt
/home/aatmaj/CENT/aim_simulator/build/ramulator2 -f /home/aatmaj/CENT/aim_simulator/test/example.yaml -t /home/aatmaj/CENT/experiments/dda_full_sweep/traces/32_channels_per_device/15_devices/model_parallel_FC/Llama2-13B/trace_15_FC_devices_seqlen_512.txt
/home/aatmaj/CENT/aim_simulator/build/ramulator2 -f /home/aatmaj/CENT/aim_simulator/test/example.yaml -t /home/aatmaj/CENT/experiments/dda_full_sweep/traces/32_channels_per_device/15_devices/model_parallel/Llama2-13B/trace_15_FC_devices_seqlen_640.txt
/home/aatmaj/CENT/aim_simulator/build/ramulator2 -f /home/aatmaj/CENT/aim_simulator/test/example.yaml -t /home/aatmaj/CENT/experiments/dda_full_sweep/traces/32_channels_per_device/15_devices/model_parallel_FC/Llama2-13B/trace_15_FC_devices_seqlen_640.txt
/home/aatmaj/CENT/aim_simulator/build/ramulator2 -f /home/aatmaj/CENT/aim_simulator/test/example.yaml -t /home/aatmaj/CENT/experiments/dda_full_sweep/traces/32_channels_per_device/15_devices/model_parallel/Llama2-13B/trace_15_FC_devices_seqlen_768.txt
/home/aatmaj/CENT/aim_simulator/build/ramulator2 -f /home/aatmaj/CENT/aim_simulator/test/example.yaml -t /home/aatmaj/CENT/experiments/dda_full_sweep/traces/32_channels_per_device/15_devices/model_parallel_FC/Llama2-13B/trace_15_FC_devices_seqlen_768.txt
/home/aatmaj/CENT/aim_simulator/build/ramulator2 -f /home/aatmaj/CENT/aim_simulator/test/example.yaml -t /home/aatmaj/CENT/experiments/dda_full_sweep/traces/32_channels_per_device/15_devices/model_parallel/Llama2-13B/trace_15_FC_devices_seqlen_896.txt
/home/aatmaj/CENT/aim_simulator/build/ramulator2 -f /home/aatmaj/CENT/aim_simulator/test/example.yaml -t /home/aatmaj/CENT/experiments/dda_full_sweep/traces/32_channels_per_device/15_devices/model_parallel_FC/Llama2-13B/trace_15_FC_devices_seqlen_896.txt
/home/aatmaj/CENT/aim_simulator/build/ramulator2 -f /home/aatmaj/CENT/aim_simulator/test/example.yaml -t /home/aatmaj/CENT/experiments/dda_full_sweep/traces/32_channels_per_device/15_devices/model_parallel/Llama2-13B/trace_15_FC_devices_seqlen_1024.txt
/home/aatmaj/CENT/aim_simulator/build/ramulator2 -f /home/aatmaj/CENT/aim_simulator/test/example.yaml -t /home/aatmaj/CENT/experiments/dda_full_sweep/traces/32_channels_per_device/15_devices/model_parallel_FC/Llama2-13B/trace_15_FC_devices_seqlen_1024.txt
/home/aatmaj/CENT/aim_simulator/build/ramulator2 -f /home/aatmaj/CENT/aim_simulator/test/example.yaml -t /home/aatmaj/CENT/experiments/dda_full_sweep/traces/32_channels_per_device/15_devices/model_parallel/Llama2-13B/trace_15_FC_devices_seqlen_1152.txt
/home/aatmaj/CENT/aim_simulator/build/ramulator2 -f /home/aatmaj/CENT/aim_simulator/test/example.yaml -t /home/aatmaj/CENT/experiments/dda_full_sweep/traces/32_channels_per_device/15_devices/model_parallel_FC/Llama2-13B/trace_15_FC_devices_seqlen_1152.txt
/home/aatmaj/CENT/aim_simulator/build/ramulator2 -f /home/aatmaj/CENT/aim_simulator/test/example.yaml -t /home/aatmaj/CENT/experiments/dda_full_sweep/traces/32_channels_per_device/15_devices/model_parallel/Llama2-13B/trace_15_FC_devices_seqlen_1280.txt
/home/aatmaj/CENT/aim_simulator/build/ramulator2 -f /home/aatmaj/CENT/aim_simulator/test/example.yaml -t /home/aatmaj/CENT/experiments/dda_full_sweep/traces/32_channels_per_device/15_devices/model_parallel_FC/Llama2-13B/trace_15_FC_devices_seqlen_1280.txt
/home/aatmaj/CENT/aim_simulator/build/ramulator2 -f /home/aatmaj/CENT/aim_simulator/test/example.yaml -t /home/aatmaj/CENT/experiments/dda_full_sweep/traces/32_channels_per_device/15_devices/model_parallel/Llama2-13B/trace_15_FC_devices_seqlen_1408.txt
/home/aatmaj/CENT/aim_simulator/build/ramulator2 -f /home/aatmaj/CENT/aim_simulator/test/example.yaml -t /home/aatmaj/CENT/experiments/dda_full_sweep/traces/32_channels_per_device/15_devices/model_parallel_FC/Llama2-13B/trace_15_FC_devices_seqlen_1408.txt
/home/aatmaj/CENT/aim_simulator/build/ramulator2 -f /home/aatmaj/CENT/aim_simulator/test/example.yaml -t /home/aatmaj/CENT/experiments/dda_full_sweep/traces/32_channels_per_device/15_devices/model_parallel/Llama2-13B/trace_15_FC_devices_seqlen_1536.txt
/home/aatmaj/CENT/aim_simulator/build/ramulator2 -f /home/aatmaj/CENT/aim_simulator/test/example.yaml -t /home/aatmaj/CENT/experiments/dda_full_sweep/traces/32_channels_per_device/15_devices/model_parallel_FC/Llama2-13B/trace_15_FC_devices_seqlen_1536.txt
/home/aatmaj/CENT/aim_simulator/build/ramulator2 -f /home/aatmaj/CENT/aim_simulator/test/example.yaml -t /home/aatmaj/CENT/experiments/dda_full_sweep/traces/32_channels_per_device/15_devices/model_parallel/Llama2-13B/trace_15_FC_devices_seqlen_1664.txt
/home/aatmaj/CENT/aim_simulator/build/ramulator2 -f /home/aatmaj/CENT/aim_simulator/test/example.yaml -t /home/aatmaj/CENT/experiments/dda_full_sweep/traces/32_channels_per_device/15_devices/model_parallel_FC/Llama2-13B/trace_15_FC_devices_seqlen_1664.txt
/home/aatmaj/CENT/aim_simulator/build/ramulator2 -f /home/aatmaj/CENT/aim_simulator/test/example.yaml -t /home/aatmaj/CENT/experiments/dda_full_sweep/traces/32_channels_per_device/15_devices/model_parallel/Llama2-13B/trace_15_FC_devices_seqlen_1792.txt
/home/aatmaj/CENT/aim_simulator/build/ramulator2 -f /home/aatmaj/CENT/aim_simulator/test/example.yaml -t /home/aatmaj/CENT/experiments/dda_full_sweep/traces/32_channels_per_device/15_devices/model_parallel_FC/Llama2-13B/trace_15_FC_devices_seqlen_1792.txt
/home/aatmaj/CENT/aim_simulator/build/ramulator2 -f /home/aatmaj/CENT/aim_simulator/test/example.yaml -t /home/aatmaj/CENT/experiments/dda_full_sweep/traces/32_channels_per_device/15_devices/model_parallel/Llama2-13B/trace_15_FC_devices_seqlen_1920.txt
/home/aatmaj/CENT/aim_simulator/build/ramulator2 -f /home/aatmaj/CENT/aim_simulator/test/example.yaml -t /home/aatmaj/CENT/experiments/dda_full_sweep/traces/32_channels_per_device/15_devices/model_parallel_FC/Llama2-13B/trace_15_FC_devices_seqlen_1920.txt
/home/aatmaj/CENT/aim_simulator/build/ramulator2 -f /home/aatmaj/CENT/aim_simulator/test/example.yaml -t /home/aatmaj/CENT/experiments/dda_full_sweep/traces/32_channels_per_device/15_devices/model_parallel/Llama2-13B/trace_15_FC_devices_seqlen_2048.txt
/home/aatmaj/CENT/aim_simulator/build/ramulator2 -f /home/aatmaj/CENT/aim_simulator/test/example.yaml -t /home/aatmaj/CENT/experiments/dda_full_sweep/traces/32_channels_per_device/15_devices/model_parallel_FC/Llama2-13B/trace_15_FC_devices_seqlen_2048.txt
/home/aatmaj/CENT/aim_simulator/build/ramulator2 -f /home/aatmaj/CENT/aim_simulator/test/example.yaml -t /home/aatmaj/CENT/experiments/dda_full_sweep/traces/32_channels_per_device/15_devices/model_parallel/Llama2-13B/trace_15_FC_devices_seqlen_2176.txt
/home/aatmaj/CENT/aim_simulator/build/ramulator2 -f /home/aatmaj/CENT/aim_simulator/test/example.yaml -t /home/aatmaj/CENT/experiments/dda_full_sweep/traces/32_channels_per_device/15_devices/model_parallel_FC/Llama2-13B/trace_15_FC_devices_seqlen_2176.txt
/home/aatmaj/CENT/aim_simulator/build/ramulator2 -f /home/aatmaj/CENT/aim_simulator/test/example.yaml -t /home/aatmaj/CENT/experiments/dda_full_sweep/traces/32_channels_per_device/15_devices/model_parallel/Llama2-13B/trace_15_FC_devices_seqlen_2304.txt
/home/aatmaj/CENT/aim_simulator/build/ramulator2 -f /home/aatmaj/CENT/aim_simulator/test/example.yaml -t /home/aatmaj/CENT/experiments/dda_full_sweep/traces/32_channels_per_device/15_devices/model_parallel_FC/Llama2-13B/trace_15_FC_devices_seqlen_2304.txt
/home/aatmaj/CENT/aim_simulator/build/ramulator2 -f /home/aatmaj/CENT/aim_simulator/test/example.yaml -t /home/aatmaj/CENT/experiments/dda_full_sweep/traces/32_channels_per_device/15_devices/model_parallel/Llama2-13B/trace_15_FC_devices_seqlen_2432.txt
/home/aatmaj/CENT/aim_simulator/build/ramulator2 -f /home/aatmaj/CENT/aim_simulator/test/example.yaml -t /home/aatmaj/CENT/experiments/dda_full_sweep/traces/32_channels_per_device/15_devices/model_parallel_FC/Llama2-13B/trace_15_FC_devices_seqlen_2432.txt
/home/aatmaj/CENT/aim_simulator/build/ramulator2 -f /home/aatmaj/CENT/aim_simulator/test/example.yaml -t /home/aatmaj/CENT/experiments/dda_full_sweep/traces/32_channels_per_device/15_devices/model_parallel/Llama2-13B/trace_15_FC_devices_seqlen_2560.txt
/home/aatmaj/CENT/aim_simulator/build/ramulator2 -f /home/aatmaj/CENT/aim_simulator/test/example.yaml -t /home/aatmaj/CENT/experiments/dda_full_sweep/traces/32_channels_per_device/15_devices/model_parallel_FC/Llama2-13B/trace_15_FC_devices_seqlen_2560.txt
/home/aatmaj/CENT/aim_simulator/build/ramulator2 -f /home/aatmaj/CENT/aim_simulator/test/example.yaml -t /home/aatmaj/CENT/experiments/dda_full_sweep/traces/32_channels_per_device/15_devices/model_parallel/Llama2-13B/trace_15_FC_devices_seqlen_2688.txt
/home/aatmaj/CENT/aim_simulator/build/ramulator2 -f /home/aatmaj/CENT/aim_simulator/test/example.yaml -t /home/aatmaj/CENT/experiments/dda_full_sweep/traces/32_channels_per_device/15_devices/model_parallel_FC/Llama2-13B/trace_15_FC_devices_seqlen_2688.txt
/home/aatmaj/CENT/aim_simulator/build/ramulator2 -f /home/aatmaj/CENT/aim_simulator/test/example.yaml -t /home/aatmaj/CENT/experiments/dda_full_sweep/traces/32_channels_per_device/15_devices/model_parallel/Llama2-13B/trace_15_FC_devices_seqlen_2816.txt
/home/aatmaj/CENT/aim_simulator/build/ramulator2 -f /home/aatmaj/CENT/aim_simulator/test/example.yaml -t /home/aatmaj/CENT/experiments/dda_full_sweep/traces/32_channels_per_device/15_devices/model_parallel_FC/Llama2-13B/trace_15_FC_devices_seqlen_2816.txt
/home/aatmaj/CENT/aim_simulator/build/ramulator2 -f /home/aatmaj/CENT/aim_simulator/test/example.yaml -t /home/aatmaj/CENT/experiments/dda_full_sweep/traces/32_channels_per_device/15_devices/model_parallel/Llama2-13B/trace_15_FC_devices_seqlen_2944.txt
/home/aatmaj/CENT/aim_simulator/build/ramulator2 -f /home/aatmaj/CENT/aim_simulator/test/example.yaml -t /home/aatmaj/CENT/experiments/dda_full_sweep/traces/32_channels_per_device/15_devices/model_parallel_FC/Llama2-13B/trace_15_FC_devices_seqlen_2944.txt
/home/aatmaj/CENT/aim_simulator/build/ramulator2 -f /home/aatmaj/CENT/aim_simulator/test/example.yaml -t /home/aatmaj/CENT/experiments/dda_full_sweep/traces/32_channels_per_device/15_devices/model_parallel/Llama2-13B/trace_15_FC_devices_seqlen_3072.txt
/home/aatmaj/CENT/aim_simulator/build/ramulator2 -f /home/aatmaj/CENT/aim_simulator/test/example.yaml -t /home/aatmaj/CENT/experiments/dda_full_sweep/traces/32_channels_per_device/15_devices/model_parallel_FC/Llama2-13B/trace_15_FC_devices_seqlen_3072.txt
/home/aatmaj/CENT/aim_simulator/build/ramulator2 -f /home/aatmaj/CENT/aim_simulator/test/example.yaml -t /home/aatmaj/CENT/experiments/dda_full_sweep/traces/32_channels_per_device/15_devices/model_parallel/Llama2-13B/trace_15_FC_devices_seqlen_3200.txt
/home/aatmaj/CENT/aim_simulator/build/ramulator2 -f /home/aatmaj/CENT/aim_simulator/test/example.yaml -t /home/aatmaj/CENT/experiments/dda_full_sweep/traces/32_channels_per_device/15_devices/model_parallel_FC/Llama2-13B/trace_15_FC_devices_seqlen_3200.txt
/home/aatmaj/CENT/aim_simulator/build/ramulator2 -f /home/aatmaj/CENT/aim_simulator/test/example.yaml -t /home/aatmaj/CENT/experiments/dda_full_sweep/traces/32_channels_per_device/15_devices/model_parallel/Llama2-13B/trace_15_FC_devices_seqlen_3328.txt
/home/aatmaj/CENT/aim_simulator/build/ramulator2 -f /home/aatmaj/CENT/aim_simulator/test/example.yaml -t /home/aatmaj/CENT/experiments/dda_full_sweep/traces/32_channels_per_device/15_devices/model_parallel_FC/Llama2-13B/trace_15_FC_devices_seqlen_3328.txt
/home/aatmaj/CENT/aim_simulator/build/ramulator2 -f /home/aatmaj/CENT/aim_simulator/test/example.yaml -t /home/aatmaj/CENT/experiments/dda_full_sweep/traces/32_channels_per_device/15_devices/model_parallel/Llama2-13B/trace_15_FC_devices_seqlen_3456.txt
/home/aatmaj/CENT/aim_simulator/build/ramulator2 -f /home/aatmaj/CENT/aim_simulator/test/example.yaml -t /home/aatmaj/CENT/experiments/dda_full_sweep/traces/32_channels_per_device/15_devices/model_parallel_FC/Llama2-13B/trace_15_FC_devices_seqlen_3456.txt
/home/aatmaj/CENT/aim_simulator/build/ramulator2 -f /home/aatmaj/CENT/aim_simulator/test/example.yaml -t /home/aatmaj/CENT/experiments/dda_full_sweep/traces/32_channels_per_device/15_devices/model_parallel/Llama2-13B/trace_15_FC_devices_seqlen_3584.txt
/home/aatmaj/CENT/aim_simulator/build/ramulator2 -f /home/aatmaj/CENT/aim_simulator/test/example.yaml -t /home/aatmaj/CENT/experiments/dda_full_sweep/traces/32_channels_per_device/15_devices/model_parallel_FC/Llama2-13B/trace_15_FC_devices_seqlen_3584.txt
/home/aatmaj/CENT/aim_simulator/build/ramulator2 -f /home/aatmaj/CENT/aim_simulator/test/example.yaml -t /home/aatmaj/CENT/experiments/dda_full_sweep/traces/32_channels_per_device/15_devices/model_parallel/Llama2-13B/trace_15_FC_devices_seqlen_3712.txt
/home/aatmaj/CENT/aim_simulator/build/ramulator2 -f /home/aatmaj/CENT/aim_simulator/test/example.yaml -t /home/aatmaj/CENT/experiments/dda_full_sweep/traces/32_channels_per_device/15_devices/model_parallel_FC/Llama2-13B/trace_15_FC_devices_seqlen_3712.txt
/home/aatmaj/CENT/aim_simulator/build/ramulator2 -f /home/aatmaj/CENT/aim_simulator/test/example.yaml -t /home/aatmaj/CENT/experiments/dda_full_sweep/traces/32_channels_per_device/15_devices/model_parallel/Llama2-13B/trace_15_FC_devices_seqlen_3840.txt
/home/aatmaj/CENT/aim_simulator/build/ramulator2 -f /home/aatmaj/CENT/aim_simulator/test/example.yaml -t /home/aatmaj/CENT/experiments/dda_full_sweep/traces/32_channels_per_device/15_devices/model_parallel_FC/Llama2-13B/trace_15_FC_devices_seqlen_3840.txt
/home/aatmaj/CENT/aim_simulator/build/ramulator2 -f /home/aatmaj/CENT/aim_simulator/test/example.yaml -t /home/aatmaj/CENT/experiments/dda_full_sweep/traces/32_channels_per_device/15_devices/model_parallel/Llama2-13B/trace_15_FC_devices_seqlen_3968.txt
/home/aatmaj/CENT/aim_simulator/build/ramulator2 -f /home/aatmaj/CENT/aim_simulator/test/example.yaml -t /home/aatmaj/CENT/experiments/dda_full_sweep/traces/32_channels_per_device/15_devices/model_parallel_FC/Llama2-13B/trace_15_FC_devices_seqlen_3968.txt
/home/aatmaj/CENT/aim_simulator/build/ramulator2 -f /home/aatmaj/CENT/aim_simulator/test/example.yaml -t /home/aatmaj/CENT/experiments/dda_full_sweep/traces/32_channels_per_device/15_devices/model_parallel/Llama2-13B/trace_15_FC_devices_seqlen_4096.txt
/home/aatmaj/CENT/experiments/dda_full_sweep/simulation/run_sim_full32.py:447: FutureWarning: The behavior of DataFrame concatenation with empty or all-NA entries is deprecated. In a future version, this will no longer exclude empty or all-NA columns when determining the result dtypes. To retain the old behavior, exclude the relevant entries before the concat operation.
  results_df = pd.concat([results_df, new_df], ignore_index=True)
/home/aatmaj/CENT/aim_simulator/build/ramulator2 -f /home/aatmaj/CENT/aim_simulator/test/example.yaml -t /home/aatmaj/CENT/experiments/dda_full_sweep/traces/32_channels_per_device/15_devices/model_parallel_FC/Llama2-13B/trace_15_FC_devices_seqlen_4096.txt
Processing results...
Updating simulation results to CSV...
=== Pool L | Llama2-13B | N_L=17 | TP=17, PP=1 ===
Generating traces for Llama2-13B (17 devices) ...
/home/aatmaj/CENT/aim_simulator/build/ramulator2 -f /home/aatmaj/CENT/aim_simulator/test/example.yaml -t /home/aatmaj/CENT/experiments/dda_full_sweep/traces/32_channels_per_device/17_devices/model_parallel_embedding/Llama2-13B/trace_17_FC_devices_seqlen_4096.txt
/home/aatmaj/CENT/aim_simulator/build/ramulator2 -f /home/aatmaj/CENT/aim_simulator/test/example.yaml -t /home/aatmaj/CENT/experiments/dda_full_sweep/traces/32_channels_per_device/17_devices/model_parallel/Llama2-13B/trace_17_FC_devices_seqlen_128.txt
/home/aatmaj/CENT/aim_simulator/build/ramulator2 -f /home/aatmaj/CENT/aim_simulator/test/example.yaml -t /home/aatmaj/CENT/experiments/dda_full_sweep/traces/32_channels_per_device/17_devices/model_parallel_FC/Llama2-13B/trace_17_FC_devices_seqlen_128.txt
/home/aatmaj/CENT/aim_simulator/build/ramulator2 -f /home/aatmaj/CENT/aim_simulator/test/example.yaml -t /home/aatmaj/CENT/experiments/dda_full_sweep/traces/32_channels_per_device/17_devices/model_parallel/Llama2-13B/trace_17_FC_devices_seqlen_256.txt
/home/aatmaj/CENT/aim_simulator/build/ramulator2 -f /home/aatmaj/CENT/aim_simulator/test/example.yaml -t /home/aatmaj/CENT/experiments/dda_full_sweep/traces/32_channels_per_device/17_devices/model_parallel_FC/Llama2-13B/trace_17_FC_devices_seqlen_256.txt
/home/aatmaj/CENT/aim_simulator/build/ramulator2 -f /home/aatmaj/CENT/aim_simulator/test/example.yaml -t /home/aatmaj/CENT/experiments/dda_full_sweep/traces/32_channels_per_device/17_devices/model_parallel/Llama2-13B/trace_17_FC_devices_seqlen_384.txt
/home/aatmaj/CENT/aim_simulator/build/ramulator2 -f /home/aatmaj/CENT/aim_simulator/test/example.yaml -t /home/aatmaj/CENT/experiments/dda_full_sweep/traces/32_channels_per_device/17_devices/model_parallel_FC/Llama2-13B/trace_17_FC_devices_seqlen_384.txt
/home/aatmaj/CENT/aim_simulator/build/ramulator2 -f /home/aatmaj/CENT/aim_simulator/test/example.yaml -t /home/aatmaj/CENT/experiments/dda_full_sweep/traces/32_channels_per_device/17_devices/model_parallel/Llama2-13B/trace_17_FC_devices_seqlen_512.txt
/home/aatmaj/CENT/aim_simulator/build/ramulator2 -f /home/aatmaj/CENT/aim_simulator/test/example.yaml -t /home/aatmaj/CENT/experiments/dda_full_sweep/traces/32_channels_per_device/17_devices/model_parallel_FC/Llama2-13B/trace_17_FC_devices_seqlen_512.txt
/home/aatmaj/CENT/aim_simulator/build/ramulator2 -f /home/aatmaj/CENT/aim_simulator/test/example.yaml -t /home/aatmaj/CENT/experiments/dda_full_sweep/traces/32_channels_per_device/17_devices/model_parallel/Llama2-13B/trace_17_FC_devices_seqlen_640.txt
/home/aatmaj/CENT/aim_simulator/build/ramulator2 -f /home/aatmaj/CENT/aim_simulator/test/example.yaml -t /home/aatmaj/CENT/experiments/dda_full_sweep/traces/32_channels_per_device/17_devices/model_parallel_FC/Llama2-13B/trace_17_FC_devices_seqlen_640.txt
/home/aatmaj/CENT/aim_simulator/build/ramulator2 -f /home/aatmaj/CENT/aim_simulator/test/example.yaml -t /home/aatmaj/CENT/experiments/dda_full_sweep/traces/32_channels_per_device/17_devices/model_parallel/Llama2-13B/trace_17_FC_devices_seqlen_768.txt
/home/aatmaj/CENT/aim_simulator/build/ramulator2 -f /home/aatmaj/CENT/aim_simulator/test/example.yaml -t /home/aatmaj/CENT/experiments/dda_full_sweep/traces/32_channels_per_device/17_devices/model_parallel_FC/Llama2-13B/trace_17_FC_devices_seqlen_768.txt
/home/aatmaj/CENT/aim_simulator/build/ramulator2 -f /home/aatmaj/CENT/aim_simulator/test/example.yaml -t /home/aatmaj/CENT/experiments/dda_full_sweep/traces/32_channels_per_device/17_devices/model_parallel/Llama2-13B/trace_17_FC_devices_seqlen_896.txt
/home/aatmaj/CENT/aim_simulator/build/ramulator2 -f /home/aatmaj/CENT/aim_simulator/test/example.yaml -t /home/aatmaj/CENT/experiments/dda_full_sweep/traces/32_channels_per_device/17_devices/model_parallel_FC/Llama2-13B/trace_17_FC_devices_seqlen_896.txt
/home/aatmaj/CENT/aim_simulator/build/ramulator2 -f /home/aatmaj/CENT/aim_simulator/test/example.yaml -t /home/aatmaj/CENT/experiments/dda_full_sweep/traces/32_channels_per_device/17_devices/model_parallel/Llama2-13B/trace_17_FC_devices_seqlen_1024.txt
/home/aatmaj/CENT/aim_simulator/build/ramulator2 -f /home/aatmaj/CENT/aim_simulator/test/example.yaml -t /home/aatmaj/CENT/experiments/dda_full_sweep/traces/32_channels_per_device/17_devices/model_parallel_FC/Llama2-13B/trace_17_FC_devices_seqlen_1024.txt
/home/aatmaj/CENT/aim_simulator/build/ramulator2 -f /home/aatmaj/CENT/aim_simulator/test/example.yaml -t /home/aatmaj/CENT/experiments/dda_full_sweep/traces/32_channels_per_device/17_devices/model_parallel/Llama2-13B/trace_17_FC_devices_seqlen_1152.txt
/home/aatmaj/CENT/aim_simulator/build/ramulator2 -f /home/aatmaj/CENT/aim_simulator/test/example.yaml -t /home/aatmaj/CENT/experiments/dda_full_sweep/traces/32_channels_per_device/17_devices/model_parallel_FC/Llama2-13B/trace_17_FC_devices_seqlen_1152.txt
/home/aatmaj/CENT/aim_simulator/build/ramulator2 -f /home/aatmaj/CENT/aim_simulator/test/example.yaml -t /home/aatmaj/CENT/experiments/dda_full_sweep/traces/32_channels_per_device/17_devices/model_parallel/Llama2-13B/trace_17_FC_devices_seqlen_1280.txt
/home/aatmaj/CENT/aim_simulator/build/ramulator2 -f /home/aatmaj/CENT/aim_simulator/test/example.yaml -t /home/aatmaj/CENT/experiments/dda_full_sweep/traces/32_channels_per_device/17_devices/model_parallel_FC/Llama2-13B/trace_17_FC_devices_seqlen_1280.txt
/home/aatmaj/CENT/aim_simulator/build/ramulator2 -f /home/aatmaj/CENT/aim_simulator/test/example.yaml -t /home/aatmaj/CENT/experiments/dda_full_sweep/traces/32_channels_per_device/17_devices/model_parallel/Llama2-13B/trace_17_FC_devices_seqlen_1408.txt
/home/aatmaj/CENT/aim_simulator/build/ramulator2 -f /home/aatmaj/CENT/aim_simulator/test/example.yaml -t /home/aatmaj/CENT/experiments/dda_full_sweep/traces/32_channels_per_device/17_devices/model_parallel_FC/Llama2-13B/trace_17_FC_devices_seqlen_1408.txt
/home/aatmaj/CENT/aim_simulator/build/ramulator2 -f /home/aatmaj/CENT/aim_simulator/test/example.yaml -t /home/aatmaj/CENT/experiments/dda_full_sweep/traces/32_channels_per_device/17_devices/model_parallel/Llama2-13B/trace_17_FC_devices_seqlen_1536.txt
/home/aatmaj/CENT/aim_simulator/build/ramulator2 -f /home/aatmaj/CENT/aim_simulator/test/example.yaml -t /home/aatmaj/CENT/experiments/dda_full_sweep/traces/32_channels_per_device/17_devices/model_parallel_FC/Llama2-13B/trace_17_FC_devices_seqlen_1536.txt
/home/aatmaj/CENT/aim_simulator/build/ramulator2 -f /home/aatmaj/CENT/aim_simulator/test/example.yaml -t /home/aatmaj/CENT/experiments/dda_full_sweep/traces/32_channels_per_device/17_devices/model_parallel/Llama2-13B/trace_17_FC_devices_seqlen_1664.txt
/home/aatmaj/CENT/aim_simulator/build/ramulator2 -f /home/aatmaj/CENT/aim_simulator/test/example.yaml -t /home/aatmaj/CENT/experiments/dda_full_sweep/traces/32_channels_per_device/17_devices/model_parallel_FC/Llama2-13B/trace_17_FC_devices_seqlen_1664.txt
/home/aatmaj/CENT/aim_simulator/build/ramulator2 -f /home/aatmaj/CENT/aim_simulator/test/example.yaml -t /home/aatmaj/CENT/experiments/dda_full_sweep/traces/32_channels_per_device/17_devices/model_parallel/Llama2-13B/trace_17_FC_devices_seqlen_1792.txt
/home/aatmaj/CENT/aim_simulator/build/ramulator2 -f /home/aatmaj/CENT/aim_simulator/test/example.yaml -t /home/aatmaj/CENT/experiments/dda_full_sweep/traces/32_channels_per_device/17_devices/model_parallel_FC/Llama2-13B/trace_17_FC_devices_seqlen_1792.txt
/home/aatmaj/CENT/aim_simulator/build/ramulator2 -f /home/aatmaj/CENT/aim_simulator/test/example.yaml -t /home/aatmaj/CENT/experiments/dda_full_sweep/traces/32_channels_per_device/17_devices/model_parallel/Llama2-13B/trace_17_FC_devices_seqlen_1920.txt
/home/aatmaj/CENT/aim_simulator/build/ramulator2 -f /home/aatmaj/CENT/aim_simulator/test/example.yaml -t /home/aatmaj/CENT/experiments/dda_full_sweep/traces/32_channels_per_device/17_devices/model_parallel_FC/Llama2-13B/trace_17_FC_devices_seqlen_1920.txt
/home/aatmaj/CENT/aim_simulator/build/ramulator2 -f /home/aatmaj/CENT/aim_simulator/test/example.yaml -t /home/aatmaj/CENT/experiments/dda_full_sweep/traces/32_channels_per_device/17_devices/model_parallel/Llama2-13B/trace_17_FC_devices_seqlen_2048.txt
/home/aatmaj/CENT/aim_simulator/build/ramulator2 -f /home/aatmaj/CENT/aim_simulator/test/example.yaml -t /home/aatmaj/CENT/experiments/dda_full_sweep/traces/32_channels_per_device/17_devices/model_parallel_FC/Llama2-13B/trace_17_FC_devices_seqlen_2048.txt
/home/aatmaj/CENT/aim_simulator/build/ramulator2 -f /home/aatmaj/CENT/aim_simulator/test/example.yaml -t /home/aatmaj/CENT/experiments/dda_full_sweep/traces/32_channels_per_device/17_devices/model_parallel/Llama2-13B/trace_17_FC_devices_seqlen_2176.txt
/home/aatmaj/CENT/aim_simulator/build/ramulator2 -f /home/aatmaj/CENT/aim_simulator/test/example.yaml -t /home/aatmaj/CENT/experiments/dda_full_sweep/traces/32_channels_per_device/17_devices/model_parallel_FC/Llama2-13B/trace_17_FC_devices_seqlen_2176.txt
/home/aatmaj/CENT/aim_simulator/build/ramulator2 -f /home/aatmaj/CENT/aim_simulator/test/example.yaml -t /home/aatmaj/CENT/experiments/dda_full_sweep/traces/32_channels_per_device/17_devices/model_parallel/Llama2-13B/trace_17_FC_devices_seqlen_2304.txt
/home/aatmaj/CENT/aim_simulator/build/ramulator2 -f /home/aatmaj/CENT/aim_simulator/test/example.yaml -t /home/aatmaj/CENT/experiments/dda_full_sweep/traces/32_channels_per_device/17_devices/model_parallel_FC/Llama2-13B/trace_17_FC_devices_seqlen_2304.txt
/home/aatmaj/CENT/aim_simulator/build/ramulator2 -f /home/aatmaj/CENT/aim_simulator/test/example.yaml -t /home/aatmaj/CENT/experiments/dda_full_sweep/traces/32_channels_per_device/17_devices/model_parallel/Llama2-13B/trace_17_FC_devices_seqlen_2432.txt
/home/aatmaj/CENT/aim_simulator/build/ramulator2 -f /home/aatmaj/CENT/aim_simulator/test/example.yaml -t /home/aatmaj/CENT/experiments/dda_full_sweep/traces/32_channels_per_device/17_devices/model_parallel_FC/Llama2-13B/trace_17_FC_devices_seqlen_2432.txt
/home/aatmaj/CENT/aim_simulator/build/ramulator2 -f /home/aatmaj/CENT/aim_simulator/test/example.yaml -t /home/aatmaj/CENT/experiments/dda_full_sweep/traces/32_channels_per_device/17_devices/model_parallel/Llama2-13B/trace_17_FC_devices_seqlen_2560.txt
/home/aatmaj/CENT/aim_simulator/build/ramulator2 -f /home/aatmaj/CENT/aim_simulator/test/example.yaml -t /home/aatmaj/CENT/experiments/dda_full_sweep/traces/32_channels_per_device/17_devices/model_parallel_FC/Llama2-13B/trace_17_FC_devices_seqlen_2560.txt
/home/aatmaj/CENT/aim_simulator/build/ramulator2 -f /home/aatmaj/CENT/aim_simulator/test/example.yaml -t /home/aatmaj/CENT/experiments/dda_full_sweep/traces/32_channels_per_device/17_devices/model_parallel/Llama2-13B/trace_17_FC_devices_seqlen_2688.txt
/home/aatmaj/CENT/aim_simulator/build/ramulator2 -f /home/aatmaj/CENT/aim_simulator/test/example.yaml -t /home/aatmaj/CENT/experiments/dda_full_sweep/traces/32_channels_per_device/17_devices/model_parallel_FC/Llama2-13B/trace_17_FC_devices_seqlen_2688.txt
/home/aatmaj/CENT/aim_simulator/build/ramulator2 -f /home/aatmaj/CENT/aim_simulator/test/example.yaml -t /home/aatmaj/CENT/experiments/dda_full_sweep/traces/32_channels_per_device/17_devices/model_parallel/Llama2-13B/trace_17_FC_devices_seqlen_2816.txt
/home/aatmaj/CENT/aim_simulator/build/ramulator2 -f /home/aatmaj/CENT/aim_simulator/test/example.yaml -t /home/aatmaj/CENT/experiments/dda_full_sweep/traces/32_channels_per_device/17_devices/model_parallel_FC/Llama2-13B/trace_17_FC_devices_seqlen_2816.txt
/home/aatmaj/CENT/aim_simulator/build/ramulator2 -f /home/aatmaj/CENT/aim_simulator/test/example.yaml -t /home/aatmaj/CENT/experiments/dda_full_sweep/traces/32_channels_per_device/17_devices/model_parallel/Llama2-13B/trace_17_FC_devices_seqlen_2944.txt
/home/aatmaj/CENT/aim_simulator/build/ramulator2 -f /home/aatmaj/CENT/aim_simulator/test/example.yaml -t /home/aatmaj/CENT/experiments/dda_full_sweep/traces/32_channels_per_device/17_devices/model_parallel_FC/Llama2-13B/trace_17_FC_devices_seqlen_2944.txt
/home/aatmaj/CENT/aim_simulator/build/ramulator2 -f /home/aatmaj/CENT/aim_simulator/test/example.yaml -t /home/aatmaj/CENT/experiments/dda_full_sweep/traces/32_channels_per_device/17_devices/model_parallel/Llama2-13B/trace_17_FC_devices_seqlen_3072.txt
/home/aatmaj/CENT/aim_simulator/build/ramulator2 -f /home/aatmaj/CENT/aim_simulator/test/example.yaml -t /home/aatmaj/CENT/experiments/dda_full_sweep/traces/32_channels_per_device/17_devices/model_parallel_FC/Llama2-13B/trace_17_FC_devices_seqlen_3072.txt
/home/aatmaj/CENT/aim_simulator/build/ramulator2 -f /home/aatmaj/CENT/aim_simulator/test/example.yaml -t /home/aatmaj/CENT/experiments/dda_full_sweep/traces/32_channels_per_device/17_devices/model_parallel/Llama2-13B/trace_17_FC_devices_seqlen_3200.txt
/home/aatmaj/CENT/aim_simulator/build/ramulator2 -f /home/aatmaj/CENT/aim_simulator/test/example.yaml -t /home/aatmaj/CENT/experiments/dda_full_sweep/traces/32_channels_per_device/17_devices/model_parallel_FC/Llama2-13B/trace_17_FC_devices_seqlen_3200.txt
/home/aatmaj/CENT/aim_simulator/build/ramulator2 -f /home/aatmaj/CENT/aim_simulator/test/example.yaml -t /home/aatmaj/CENT/experiments/dda_full_sweep/traces/32_channels_per_device/17_devices/model_parallel/Llama2-13B/trace_17_FC_devices_seqlen_3328.txt
/home/aatmaj/CENT/aim_simulator/build/ramulator2 -f /home/aatmaj/CENT/aim_simulator/test/example.yaml -t /home/aatmaj/CENT/experiments/dda_full_sweep/traces/32_channels_per_device/17_devices/model_parallel_FC/Llama2-13B/trace_17_FC_devices_seqlen_3328.txt
/home/aatmaj/CENT/aim_simulator/build/ramulator2 -f /home/aatmaj/CENT/aim_simulator/test/example.yaml -t /home/aatmaj/CENT/experiments/dda_full_sweep/traces/32_channels_per_device/17_devices/model_parallel/Llama2-13B/trace_17_FC_devices_seqlen_3456.txt
/home/aatmaj/CENT/aim_simulator/build/ramulator2 -f /home/aatmaj/CENT/aim_simulator/test/example.yaml -t /home/aatmaj/CENT/experiments/dda_full_sweep/traces/32_channels_per_device/17_devices/model_parallel_FC/Llama2-13B/trace_17_FC_devices_seqlen_3456.txt
/home/aatmaj/CENT/aim_simulator/build/ramulator2 -f /home/aatmaj/CENT/aim_simulator/test/example.yaml -t /home/aatmaj/CENT/experiments/dda_full_sweep/traces/32_channels_per_device/17_devices/model_parallel/Llama2-13B/trace_17_FC_devices_seqlen_3584.txt
/home/aatmaj/CENT/aim_simulator/build/ramulator2 -f /home/aatmaj/CENT/aim_simulator/test/example.yaml -t /home/aatmaj/CENT/experiments/dda_full_sweep/traces/32_channels_per_device/17_devices/model_parallel_FC/Llama2-13B/trace_17_FC_devices_seqlen_3584.txt
/home/aatmaj/CENT/aim_simulator/build/ramulator2 -f /home/aatmaj/CENT/aim_simulator/test/example.yaml -t /home/aatmaj/CENT/experiments/dda_full_sweep/traces/32_channels_per_device/17_devices/model_parallel/Llama2-13B/trace_17_FC_devices_seqlen_3712.txt
/home/aatmaj/CENT/aim_simulator/build/ramulator2 -f /home/aatmaj/CENT/aim_simulator/test/example.yaml -t /home/aatmaj/CENT/experiments/dda_full_sweep/traces/32_channels_per_device/17_devices/model_parallel_FC/Llama2-13B/trace_17_FC_devices_seqlen_3712.txt
/home/aatmaj/CENT/aim_simulator/build/ramulator2 -f /home/aatmaj/CENT/aim_simulator/test/example.yaml -t /home/aatmaj/CENT/experiments/dda_full_sweep/traces/32_channels_per_device/17_devices/model_parallel/Llama2-13B/trace_17_FC_devices_seqlen_3840.txt
/home/aatmaj/CENT/aim_simulator/build/ramulator2 -f /home/aatmaj/CENT/aim_simulator/test/example.yaml -t /home/aatmaj/CENT/experiments/dda_full_sweep/traces/32_channels_per_device/17_devices/model_parallel_FC/Llama2-13B/trace_17_FC_devices_seqlen_3840.txt
/home/aatmaj/CENT/aim_simulator/build/ramulator2 -f /home/aatmaj/CENT/aim_simulator/test/example.yaml -t /home/aatmaj/CENT/experiments/dda_full_sweep/traces/32_channels_per_device/17_devices/model_parallel/Llama2-13B/trace_17_FC_devices_seqlen_3968.txt
/home/aatmaj/CENT/aim_simulator/build/ramulator2 -f /home/aatmaj/CENT/aim_simulator/test/example.yaml -t /home/aatmaj/CENT/experiments/dda_full_sweep/traces/32_channels_per_device/17_devices/model_parallel_FC/Llama2-13B/trace_17_FC_devices_seqlen_3968.txt
/home/aatmaj/CENT/aim_simulator/build/ramulator2 -f /home/aatmaj/CENT/aim_simulator/test/example.yaml -t /home/aatmaj/CENT/experiments/dda_full_sweep/traces/32_channels_per_device/17_devices/model_parallel/Llama2-13B/trace_17_FC_devices_seqlen_4096.txt
/home/aatmaj/CENT/experiments/dda_full_sweep/simulation/run_sim_full32.py:447: FutureWarning: The behavior of DataFrame concatenation with empty or all-NA entries is deprecated. In a future version, this will no longer exclude empty or all-NA columns when determining the result dtypes. To retain the old behavior, exclude the relevant entries before the concat operation.
  results_df = pd.concat([results_df, new_df], ignore_index=True)
/home/aatmaj/CENT/aim_simulator/build/ramulator2 -f /home/aatmaj/CENT/aim_simulator/test/example.yaml -t /home/aatmaj/CENT/experiments/dda_full_sweep/traces/32_channels_per_device/17_devices/model_parallel_FC/Llama2-13B/trace_17_FC_devices_seqlen_4096.txt
Processing results...
Updating simulation results to CSV...
=== Pool L | Llama2-13B | N_L=19 | TP=19, PP=1 ===
Generating traces for Llama2-13B (19 devices) ...
/home/aatmaj/CENT/aim_simulator/build/ramulator2 -f /home/aatmaj/CENT/aim_simulator/test/example.yaml -t /home/aatmaj/CENT/experiments/dda_full_sweep/traces/32_channels_per_device/19_devices/model_parallel_embedding/Llama2-13B/trace_19_FC_devices_seqlen_4096.txt
/home/aatmaj/CENT/aim_simulator/build/ramulator2 -f /home/aatmaj/CENT/aim_simulator/test/example.yaml -t /home/aatmaj/CENT/experiments/dda_full_sweep/traces/32_channels_per_device/19_devices/model_parallel/Llama2-13B/trace_19_FC_devices_seqlen_128.txt
/home/aatmaj/CENT/aim_simulator/build/ramulator2 -f /home/aatmaj/CENT/aim_simulator/test/example.yaml -t /home/aatmaj/CENT/experiments/dda_full_sweep/traces/32_channels_per_device/19_devices/model_parallel_FC/Llama2-13B/trace_19_FC_devices_seqlen_128.txt
/home/aatmaj/CENT/aim_simulator/build/ramulator2 -f /home/aatmaj/CENT/aim_simulator/test/example.yaml -t /home/aatmaj/CENT/experiments/dda_full_sweep/traces/32_channels_per_device/19_devices/model_parallel/Llama2-13B/trace_19_FC_devices_seqlen_256.txt
/home/aatmaj/CENT/aim_simulator/build/ramulator2 -f /home/aatmaj/CENT/aim_simulator/test/example.yaml -t /home/aatmaj/CENT/experiments/dda_full_sweep/traces/32_channels_per_device/19_devices/model_parallel_FC/Llama2-13B/trace_19_FC_devices_seqlen_256.txt
/home/aatmaj/CENT/aim_simulator/build/ramulator2 -f /home/aatmaj/CENT/aim_simulator/test/example.yaml -t /home/aatmaj/CENT/experiments/dda_full_sweep/traces/32_channels_per_device/19_devices/model_parallel/Llama2-13B/trace_19_FC_devices_seqlen_384.txt
/home/aatmaj/CENT/aim_simulator/build/ramulator2 -f /home/aatmaj/CENT/aim_simulator/test/example.yaml -t /home/aatmaj/CENT/experiments/dda_full_sweep/traces/32_channels_per_device/19_devices/model_parallel_FC/Llama2-13B/trace_19_FC_devices_seqlen_384.txt
/home/aatmaj/CENT/aim_simulator/build/ramulator2 -f /home/aatmaj/CENT/aim_simulator/test/example.yaml -t /home/aatmaj/CENT/experiments/dda_full_sweep/traces/32_channels_per_device/19_devices/model_parallel/Llama2-13B/trace_19_FC_devices_seqlen_512.txt
/home/aatmaj/CENT/aim_simulator/build/ramulator2 -f /home/aatmaj/CENT/aim_simulator/test/example.yaml -t /home/aatmaj/CENT/experiments/dda_full_sweep/traces/32_channels_per_device/19_devices/model_parallel_FC/Llama2-13B/trace_19_FC_devices_seqlen_512.txt
/home/aatmaj/CENT/aim_simulator/build/ramulator2 -f /home/aatmaj/CENT/aim_simulator/test/example.yaml -t /home/aatmaj/CENT/experiments/dda_full_sweep/traces/32_channels_per_device/19_devices/model_parallel/Llama2-13B/trace_19_FC_devices_seqlen_640.txt
/home/aatmaj/CENT/aim_simulator/build/ramulator2 -f /home/aatmaj/CENT/aim_simulator/test/example.yaml -t /home/aatmaj/CENT/experiments/dda_full_sweep/traces/32_channels_per_device/19_devices/model_parallel_FC/Llama2-13B/trace_19_FC_devices_seqlen_640.txt
/home/aatmaj/CENT/aim_simulator/build/ramulator2 -f /home/aatmaj/CENT/aim_simulator/test/example.yaml -t /home/aatmaj/CENT/experiments/dda_full_sweep/traces/32_channels_per_device/19_devices/model_parallel/Llama2-13B/trace_19_FC_devices_seqlen_768.txt
/home/aatmaj/CENT/aim_simulator/build/ramulator2 -f /home/aatmaj/CENT/aim_simulator/test/example.yaml -t /home/aatmaj/CENT/experiments/dda_full_sweep/traces/32_channels_per_device/19_devices/model_parallel_FC/Llama2-13B/trace_19_FC_devices_seqlen_768.txt
/home/aatmaj/CENT/aim_simulator/build/ramulator2 -f /home/aatmaj/CENT/aim_simulator/test/example.yaml -t /home/aatmaj/CENT/experiments/dda_full_sweep/traces/32_channels_per_device/19_devices/model_parallel/Llama2-13B/trace_19_FC_devices_seqlen_896.txt
/home/aatmaj/CENT/aim_simulator/build/ramulator2 -f /home/aatmaj/CENT/aim_simulator/test/example.yaml -t /home/aatmaj/CENT/experiments/dda_full_sweep/traces/32_channels_per_device/19_devices/model_parallel_FC/Llama2-13B/trace_19_FC_devices_seqlen_896.txt
/home/aatmaj/CENT/aim_simulator/build/ramulator2 -f /home/aatmaj/CENT/aim_simulator/test/example.yaml -t /home/aatmaj/CENT/experiments/dda_full_sweep/traces/32_channels_per_device/19_devices/model_parallel/Llama2-13B/trace_19_FC_devices_seqlen_1024.txt
/home/aatmaj/CENT/aim_simulator/build/ramulator2 -f /home/aatmaj/CENT/aim_simulator/test/example.yaml -t /home/aatmaj/CENT/experiments/dda_full_sweep/traces/32_channels_per_device/19_devices/model_parallel_FC/Llama2-13B/trace_19_FC_devices_seqlen_1024.txt
/home/aatmaj/CENT/aim_simulator/build/ramulator2 -f /home/aatmaj/CENT/aim_simulator/test/example.yaml -t /home/aatmaj/CENT/experiments/dda_full_sweep/traces/32_channels_per_device/19_devices/model_parallel/Llama2-13B/trace_19_FC_devices_seqlen_1152.txt
/home/aatmaj/CENT/aim_simulator/build/ramulator2 -f /home/aatmaj/CENT/aim_simulator/test/example.yaml -t /home/aatmaj/CENT/experiments/dda_full_sweep/traces/32_channels_per_device/19_devices/model_parallel_FC/Llama2-13B/trace_19_FC_devices_seqlen_1152.txt
/home/aatmaj/CENT/aim_simulator/build/ramulator2 -f /home/aatmaj/CENT/aim_simulator/test/example.yaml -t /home/aatmaj/CENT/experiments/dda_full_sweep/traces/32_channels_per_device/19_devices/model_parallel/Llama2-13B/trace_19_FC_devices_seqlen_1280.txt
/home/aatmaj/CENT/aim_simulator/build/ramulator2 -f /home/aatmaj/CENT/aim_simulator/test/example.yaml -t /home/aatmaj/CENT/experiments/dda_full_sweep/traces/32_channels_per_device/19_devices/model_parallel_FC/Llama2-13B/trace_19_FC_devices_seqlen_1280.txt
/home/aatmaj/CENT/aim_simulator/build/ramulator2 -f /home/aatmaj/CENT/aim_simulator/test/example.yaml -t /home/aatmaj/CENT/experiments/dda_full_sweep/traces/32_channels_per_device/19_devices/model_parallel/Llama2-13B/trace_19_FC_devices_seqlen_1408.txt
/home/aatmaj/CENT/aim_simulator/build/ramulator2 -f /home/aatmaj/CENT/aim_simulator/test/example.yaml -t /home/aatmaj/CENT/experiments/dda_full_sweep/traces/32_channels_per_device/19_devices/model_parallel_FC/Llama2-13B/trace_19_FC_devices_seqlen_1408.txt
/home/aatmaj/CENT/aim_simulator/build/ramulator2 -f /home/aatmaj/CENT/aim_simulator/test/example.yaml -t /home/aatmaj/CENT/experiments/dda_full_sweep/traces/32_channels_per_device/19_devices/model_parallel/Llama2-13B/trace_19_FC_devices_seqlen_1536.txt
/home/aatmaj/CENT/aim_simulator/build/ramulator2 -f /home/aatmaj/CENT/aim_simulator/test/example.yaml -t /home/aatmaj/CENT/experiments/dda_full_sweep/traces/32_channels_per_device/19_devices/model_parallel_FC/Llama2-13B/trace_19_FC_devices_seqlen_1536.txt
/home/aatmaj/CENT/aim_simulator/build/ramulator2 -f /home/aatmaj/CENT/aim_simulator/test/example.yaml -t /home/aatmaj/CENT/experiments/dda_full_sweep/traces/32_channels_per_device/19_devices/model_parallel/Llama2-13B/trace_19_FC_devices_seqlen_1664.txt
/home/aatmaj/CENT/aim_simulator/build/ramulator2 -f /home/aatmaj/CENT/aim_simulator/test/example.yaml -t /home/aatmaj/CENT/experiments/dda_full_sweep/traces/32_channels_per_device/19_devices/model_parallel_FC/Llama2-13B/trace_19_FC_devices_seqlen_1664.txt
/home/aatmaj/CENT/aim_simulator/build/ramulator2 -f /home/aatmaj/CENT/aim_simulator/test/example.yaml -t /home/aatmaj/CENT/experiments/dda_full_sweep/traces/32_channels_per_device/19_devices/model_parallel/Llama2-13B/trace_19_FC_devices_seqlen_1792.txt
/home/aatmaj/CENT/aim_simulator/build/ramulator2 -f /home/aatmaj/CENT/aim_simulator/test/example.yaml -t /home/aatmaj/CENT/experiments/dda_full_sweep/traces/32_channels_per_device/19_devices/model_parallel_FC/Llama2-13B/trace_19_FC_devices_seqlen_1792.txt
/home/aatmaj/CENT/aim_simulator/build/ramulator2 -f /home/aatmaj/CENT/aim_simulator/test/example.yaml -t /home/aatmaj/CENT/experiments/dda_full_sweep/traces/32_channels_per_device/19_devices/model_parallel/Llama2-13B/trace_19_FC_devices_seqlen_1920.txt
/home/aatmaj/CENT/aim_simulator/build/ramulator2 -f /home/aatmaj/CENT/aim_simulator/test/example.yaml -t /home/aatmaj/CENT/experiments/dda_full_sweep/traces/32_channels_per_device/19_devices/model_parallel_FC/Llama2-13B/trace_19_FC_devices_seqlen_1920.txt
/home/aatmaj/CENT/aim_simulator/build/ramulator2 -f /home/aatmaj/CENT/aim_simulator/test/example.yaml -t /home/aatmaj/CENT/experiments/dda_full_sweep/traces/32_channels_per_device/19_devices/model_parallel/Llama2-13B/trace_19_FC_devices_seqlen_2048.txt
/home/aatmaj/CENT/aim_simulator/build/ramulator2 -f /home/aatmaj/CENT/aim_simulator/test/example.yaml -t /home/aatmaj/CENT/experiments/dda_full_sweep/traces/32_channels_per_device/19_devices/model_parallel_FC/Llama2-13B/trace_19_FC_devices_seqlen_2048.txt
/home/aatmaj/CENT/aim_simulator/build/ramulator2 -f /home/aatmaj/CENT/aim_simulator/test/example.yaml -t /home/aatmaj/CENT/experiments/dda_full_sweep/traces/32_channels_per_device/19_devices/model_parallel/Llama2-13B/trace_19_FC_devices_seqlen_2176.txt
/home/aatmaj/CENT/aim_simulator/build/ramulator2 -f /home/aatmaj/CENT/aim_simulator/test/example.yaml -t /home/aatmaj/CENT/experiments/dda_full_sweep/traces/32_channels_per_device/19_devices/model_parallel_FC/Llama2-13B/trace_19_FC_devices_seqlen_2176.txt
/home/aatmaj/CENT/aim_simulator/build/ramulator2 -f /home/aatmaj/CENT/aim_simulator/test/example.yaml -t /home/aatmaj/CENT/experiments/dda_full_sweep/traces/32_channels_per_device/19_devices/model_parallel/Llama2-13B/trace_19_FC_devices_seqlen_2304.txt
/home/aatmaj/CENT/aim_simulator/build/ramulator2 -f /home/aatmaj/CENT/aim_simulator/test/example.yaml -t /home/aatmaj/CENT/experiments/dda_full_sweep/traces/32_channels_per_device/19_devices/model_parallel_FC/Llama2-13B/trace_19_FC_devices_seqlen_2304.txt
/home/aatmaj/CENT/aim_simulator/build/ramulator2 -f /home/aatmaj/CENT/aim_simulator/test/example.yaml -t /home/aatmaj/CENT/experiments/dda_full_sweep/traces/32_channels_per_device/19_devices/model_parallel/Llama2-13B/trace_19_FC_devices_seqlen_2432.txt
/home/aatmaj/CENT/aim_simulator/build/ramulator2 -f /home/aatmaj/CENT/aim_simulator/test/example.yaml -t /home/aatmaj/CENT/experiments/dda_full_sweep/traces/32_channels_per_device/19_devices/model_parallel_FC/Llama2-13B/trace_19_FC_devices_seqlen_2432.txt
/home/aatmaj/CENT/aim_simulator/build/ramulator2 -f /home/aatmaj/CENT/aim_simulator/test/example.yaml -t /home/aatmaj/CENT/experiments/dda_full_sweep/traces/32_channels_per_device/19_devices/model_parallel/Llama2-13B/trace_19_FC_devices_seqlen_2560.txt
/home/aatmaj/CENT/aim_simulator/build/ramulator2 -f /home/aatmaj/CENT/aim_simulator/test/example.yaml -t /home/aatmaj/CENT/experiments/dda_full_sweep/traces/32_channels_per_device/19_devices/model_parallel_FC/Llama2-13B/trace_19_FC_devices_seqlen_2560.txt
/home/aatmaj/CENT/aim_simulator/build/ramulator2 -f /home/aatmaj/CENT/aim_simulator/test/example.yaml -t /home/aatmaj/CENT/experiments/dda_full_sweep/traces/32_channels_per_device/19_devices/model_parallel/Llama2-13B/trace_19_FC_devices_seqlen_2688.txt
/home/aatmaj/CENT/aim_simulator/build/ramulator2 -f /home/aatmaj/CENT/aim_simulator/test/example.yaml -t /home/aatmaj/CENT/experiments/dda_full_sweep/traces/32_channels_per_device/19_devices/model_parallel_FC/Llama2-13B/trace_19_FC_devices_seqlen_2688.txt
/home/aatmaj/CENT/aim_simulator/build/ramulator2 -f /home/aatmaj/CENT/aim_simulator/test/example.yaml -t /home/aatmaj/CENT/experiments/dda_full_sweep/traces/32_channels_per_device/19_devices/model_parallel/Llama2-13B/trace_19_FC_devices_seqlen_2816.txt
/home/aatmaj/CENT/aim_simulator/build/ramulator2 -f /home/aatmaj/CENT/aim_simulator/test/example.yaml -t /home/aatmaj/CENT/experiments/dda_full_sweep/traces/32_channels_per_device/19_devices/model_parallel_FC/Llama2-13B/trace_19_FC_devices_seqlen_2816.txt
/home/aatmaj/CENT/aim_simulator/build/ramulator2 -f /home/aatmaj/CENT/aim_simulator/test/example.yaml -t /home/aatmaj/CENT/experiments/dda_full_sweep/traces/32_channels_per_device/19_devices/model_parallel/Llama2-13B/trace_19_FC_devices_seqlen_2944.txt
/home/aatmaj/CENT/aim_simulator/build/ramulator2 -f /home/aatmaj/CENT/aim_simulator/test/example.yaml -t /home/aatmaj/CENT/experiments/dda_full_sweep/traces/32_channels_per_device/19_devices/model_parallel_FC/Llama2-13B/trace_19_FC_devices_seqlen_2944.txt
/home/aatmaj/CENT/aim_simulator/build/ramulator2 -f /home/aatmaj/CENT/aim_simulator/test/example.yaml -t /home/aatmaj/CENT/experiments/dda_full_sweep/traces/32_channels_per_device/19_devices/model_parallel/Llama2-13B/trace_19_FC_devices_seqlen_3072.txt
/home/aatmaj/CENT/aim_simulator/build/ramulator2 -f /home/aatmaj/CENT/aim_simulator/test/example.yaml -t /home/aatmaj/CENT/experiments/dda_full_sweep/traces/32_channels_per_device/19_devices/model_parallel_FC/Llama2-13B/trace_19_FC_devices_seqlen_3072.txt
/home/aatmaj/CENT/aim_simulator/build/ramulator2 -f /home/aatmaj/CENT/aim_simulator/test/example.yaml -t /home/aatmaj/CENT/experiments/dda_full_sweep/traces/32_channels_per_device/19_devices/model_parallel/Llama2-13B/trace_19_FC_devices_seqlen_3200.txt
/home/aatmaj/CENT/aim_simulator/build/ramulator2 -f /home/aatmaj/CENT/aim_simulator/test/example.yaml -t /home/aatmaj/CENT/experiments/dda_full_sweep/traces/32_channels_per_device/19_devices/model_parallel_FC/Llama2-13B/trace_19_FC_devices_seqlen_3200.txt
/home/aatmaj/CENT/aim_simulator/build/ramulator2 -f /home/aatmaj/CENT/aim_simulator/test/example.yaml -t /home/aatmaj/CENT/experiments/dda_full_sweep/traces/32_channels_per_device/19_devices/model_parallel/Llama2-13B/trace_19_FC_devices_seqlen_3328.txt
/home/aatmaj/CENT/aim_simulator/build/ramulator2 -f /home/aatmaj/CENT/aim_simulator/test/example.yaml -t /home/aatmaj/CENT/experiments/dda_full_sweep/traces/32_channels_per_device/19_devices/model_parallel_FC/Llama2-13B/trace_19_FC_devices_seqlen_3328.txt
/home/aatmaj/CENT/aim_simulator/build/ramulator2 -f /home/aatmaj/CENT/aim_simulator/test/example.yaml -t /home/aatmaj/CENT/experiments/dda_full_sweep/traces/32_channels_per_device/19_devices/model_parallel/Llama2-13B/trace_19_FC_devices_seqlen_3456.txt
/home/aatmaj/CENT/aim_simulator/build/ramulator2 -f /home/aatmaj/CENT/aim_simulator/test/example.yaml -t /home/aatmaj/CENT/experiments/dda_full_sweep/traces/32_channels_per_device/19_devices/model_parallel_FC/Llama2-13B/trace_19_FC_devices_seqlen_3456.txt
/home/aatmaj/CENT/aim_simulator/build/ramulator2 -f /home/aatmaj/CENT/aim_simulator/test/example.yaml -t /home/aatmaj/CENT/experiments/dda_full_sweep/traces/32_channels_per_device/19_devices/model_parallel/Llama2-13B/trace_19_FC_devices_seqlen_3584.txt
/home/aatmaj/CENT/aim_simulator/build/ramulator2 -f /home/aatmaj/CENT/aim_simulator/test/example.yaml -t /home/aatmaj/CENT/experiments/dda_full_sweep/traces/32_channels_per_device/19_devices/model_parallel_FC/Llama2-13B/trace_19_FC_devices_seqlen_3584.txt
/home/aatmaj/CENT/aim_simulator/build/ramulator2 -f /home/aatmaj/CENT/aim_simulator/test/example.yaml -t /home/aatmaj/CENT/experiments/dda_full_sweep/traces/32_channels_per_device/19_devices/model_parallel/Llama2-13B/trace_19_FC_devices_seqlen_3712.txt
/home/aatmaj/CENT/aim_simulator/build/ramulator2 -f /home/aatmaj/CENT/aim_simulator/test/example.yaml -t /home/aatmaj/CENT/experiments/dda_full_sweep/traces/32_channels_per_device/19_devices/model_parallel_FC/Llama2-13B/trace_19_FC_devices_seqlen_3712.txt
/home/aatmaj/CENT/aim_simulator/build/ramulator2 -f /home/aatmaj/CENT/aim_simulator/test/example.yaml -t /home/aatmaj/CENT/experiments/dda_full_sweep/traces/32_channels_per_device/19_devices/model_parallel/Llama2-13B/trace_19_FC_devices_seqlen_3840.txt
/home/aatmaj/CENT/aim_simulator/build/ramulator2 -f /home/aatmaj/CENT/aim_simulator/test/example.yaml -t /home/aatmaj/CENT/experiments/dda_full_sweep/traces/32_channels_per_device/19_devices/model_parallel_FC/Llama2-13B/trace_19_FC_devices_seqlen_3840.txt
/home/aatmaj/CENT/aim_simulator/build/ramulator2 -f /home/aatmaj/CENT/aim_simulator/test/example.yaml -t /home/aatmaj/CENT/experiments/dda_full_sweep/traces/32_channels_per_device/19_devices/model_parallel/Llama2-13B/trace_19_FC_devices_seqlen_3968.txt
/home/aatmaj/CENT/aim_simulator/build/ramulator2 -f /home/aatmaj/CENT/aim_simulator/test/example.yaml -t /home/aatmaj/CENT/experiments/dda_full_sweep/traces/32_channels_per_device/19_devices/model_parallel_FC/Llama2-13B/trace_19_FC_devices_seqlen_3968.txt
/home/aatmaj/CENT/aim_simulator/build/ramulator2 -f /home/aatmaj/CENT/aim_simulator/test/example.yaml -t /home/aatmaj/CENT/experiments/dda_full_sweep/traces/32_channels_per_device/19_devices/model_parallel/Llama2-13B/trace_19_FC_devices_seqlen_4096.txt
/home/aatmaj/CENT/experiments/dda_full_sweep/simulation/run_sim_full32.py:447: FutureWarning: The behavior of DataFrame concatenation with empty or all-NA entries is deprecated. In a future version, this will no longer exclude empty or all-NA columns when determining the result dtypes. To retain the old behavior, exclude the relevant entries before the concat operation.
  results_df = pd.concat([results_df, new_df], ignore_index=True)
/home/aatmaj/CENT/aim_simulator/build/ramulator2 -f /home/aatmaj/CENT/aim_simulator/test/example.yaml -t /home/aatmaj/CENT/experiments/dda_full_sweep/traces/32_channels_per_device/19_devices/model_parallel_FC/Llama2-13B/trace_19_FC_devices_seqlen_4096.txt
Processing results...
Updating simulation results to CSV...
=== Pool L | Llama2-13B | N_L=21 | TP=21, PP=1 ===
Generating traces for Llama2-13B (21 devices) ...
/home/aatmaj/CENT/aim_simulator/build/ramulator2 -f /home/aatmaj/CENT/aim_simulator/test/example.yaml -t /home/aatmaj/CENT/experiments/dda_full_sweep/traces/32_channels_per_device/21_devices/model_parallel_embedding/Llama2-13B/trace_21_FC_devices_seqlen_4096.txt
/home/aatmaj/CENT/aim_simulator/build/ramulator2 -f /home/aatmaj/CENT/aim_simulator/test/example.yaml -t /home/aatmaj/CENT/experiments/dda_full_sweep/traces/32_channels_per_device/21_devices/model_parallel/Llama2-13B/trace_21_FC_devices_seqlen_128.txt
/home/aatmaj/CENT/aim_simulator/build/ramulator2 -f /home/aatmaj/CENT/aim_simulator/test/example.yaml -t /home/aatmaj/CENT/experiments/dda_full_sweep/traces/32_channels_per_device/21_devices/model_parallel_FC/Llama2-13B/trace_21_FC_devices_seqlen_128.txt
/home/aatmaj/CENT/aim_simulator/build/ramulator2 -f /home/aatmaj/CENT/aim_simulator/test/example.yaml -t /home/aatmaj/CENT/experiments/dda_full_sweep/traces/32_channels_per_device/21_devices/model_parallel/Llama2-13B/trace_21_FC_devices_seqlen_256.txt
/home/aatmaj/CENT/aim_simulator/build/ramulator2 -f /home/aatmaj/CENT/aim_simulator/test/example.yaml -t /home/aatmaj/CENT/experiments/dda_full_sweep/traces/32_channels_per_device/21_devices/model_parallel_FC/Llama2-13B/trace_21_FC_devices_seqlen_256.txt
/home/aatmaj/CENT/aim_simulator/build/ramulator2 -f /home/aatmaj/CENT/aim_simulator/test/example.yaml -t /home/aatmaj/CENT/experiments/dda_full_sweep/traces/32_channels_per_device/21_devices/model_parallel/Llama2-13B/trace_21_FC_devices_seqlen_384.txt
/home/aatmaj/CENT/aim_simulator/build/ramulator2 -f /home/aatmaj/CENT/aim_simulator/test/example.yaml -t /home/aatmaj/CENT/experiments/dda_full_sweep/traces/32_channels_per_device/21_devices/model_parallel_FC/Llama2-13B/trace_21_FC_devices_seqlen_384.txt
/home/aatmaj/CENT/aim_simulator/build/ramulator2 -f /home/aatmaj/CENT/aim_simulator/test/example.yaml -t /home/aatmaj/CENT/experiments/dda_full_sweep/traces/32_channels_per_device/21_devices/model_parallel/Llama2-13B/trace_21_FC_devices_seqlen_512.txt
/home/aatmaj/CENT/aim_simulator/build/ramulator2 -f /home/aatmaj/CENT/aim_simulator/test/example.yaml -t /home/aatmaj/CENT/experiments/dda_full_sweep/traces/32_channels_per_device/21_devices/model_parallel_FC/Llama2-13B/trace_21_FC_devices_seqlen_512.txt
/home/aatmaj/CENT/aim_simulator/build/ramulator2 -f /home/aatmaj/CENT/aim_simulator/test/example.yaml -t /home/aatmaj/CENT/experiments/dda_full_sweep/traces/32_channels_per_device/21_devices/model_parallel/Llama2-13B/trace_21_FC_devices_seqlen_640.txt
/home/aatmaj/CENT/aim_simulator/build/ramulator2 -f /home/aatmaj/CENT/aim_simulator/test/example.yaml -t /home/aatmaj/CENT/experiments/dda_full_sweep/traces/32_channels_per_device/21_devices/model_parallel_FC/Llama2-13B/trace_21_FC_devices_seqlen_640.txt
/home/aatmaj/CENT/aim_simulator/build/ramulator2 -f /home/aatmaj/CENT/aim_simulator/test/example.yaml -t /home/aatmaj/CENT/experiments/dda_full_sweep/traces/32_channels_per_device/21_devices/model_parallel/Llama2-13B/trace_21_FC_devices_seqlen_768.txt
/home/aatmaj/CENT/aim_simulator/build/ramulator2 -f /home/aatmaj/CENT/aim_simulator/test/example.yaml -t /home/aatmaj/CENT/experiments/dda_full_sweep/traces/32_channels_per_device/21_devices/model_parallel_FC/Llama2-13B/trace_21_FC_devices_seqlen_768.txt
/home/aatmaj/CENT/aim_simulator/build/ramulator2 -f /home/aatmaj/CENT/aim_simulator/test/example.yaml -t /home/aatmaj/CENT/experiments/dda_full_sweep/traces/32_channels_per_device/21_devices/model_parallel/Llama2-13B/trace_21_FC_devices_seqlen_896.txt
/home/aatmaj/CENT/aim_simulator/build/ramulator2 -f /home/aatmaj/CENT/aim_simulator/test/example.yaml -t /home/aatmaj/CENT/experiments/dda_full_sweep/traces/32_channels_per_device/21_devices/model_parallel_FC/Llama2-13B/trace_21_FC_devices_seqlen_896.txt
/home/aatmaj/CENT/aim_simulator/build/ramulator2 -f /home/aatmaj/CENT/aim_simulator/test/example.yaml -t /home/aatmaj/CENT/experiments/dda_full_sweep/traces/32_channels_per_device/21_devices/model_parallel/Llama2-13B/trace_21_FC_devices_seqlen_1024.txt
/home/aatmaj/CENT/aim_simulator/build/ramulator2 -f /home/aatmaj/CENT/aim_simulator/test/example.yaml -t /home/aatmaj/CENT/experiments/dda_full_sweep/traces/32_channels_per_device/21_devices/model_parallel_FC/Llama2-13B/trace_21_FC_devices_seqlen_1024.txt
/home/aatmaj/CENT/aim_simulator/build/ramulator2 -f /home/aatmaj/CENT/aim_simulator/test/example.yaml -t /home/aatmaj/CENT/experiments/dda_full_sweep/traces/32_channels_per_device/21_devices/model_parallel/Llama2-13B/trace_21_FC_devices_seqlen_1152.txt
/home/aatmaj/CENT/aim_simulator/build/ramulator2 -f /home/aatmaj/CENT/aim_simulator/test/example.yaml -t /home/aatmaj/CENT/experiments/dda_full_sweep/traces/32_channels_per_device/21_devices/model_parallel_FC/Llama2-13B/trace_21_FC_devices_seqlen_1152.txt
/home/aatmaj/CENT/aim_simulator/build/ramulator2 -f /home/aatmaj/CENT/aim_simulator/test/example.yaml -t /home/aatmaj/CENT/experiments/dda_full_sweep/traces/32_channels_per_device/21_devices/model_parallel/Llama2-13B/trace_21_FC_devices_seqlen_1280.txt
/home/aatmaj/CENT/aim_simulator/build/ramulator2 -f /home/aatmaj/CENT/aim_simulator/test/example.yaml -t /home/aatmaj/CENT/experiments/dda_full_sweep/traces/32_channels_per_device/21_devices/model_parallel_FC/Llama2-13B/trace_21_FC_devices_seqlen_1280.txt
/home/aatmaj/CENT/aim_simulator/build/ramulator2 -f /home/aatmaj/CENT/aim_simulator/test/example.yaml -t /home/aatmaj/CENT/experiments/dda_full_sweep/traces/32_channels_per_device/21_devices/model_parallel/Llama2-13B/trace_21_FC_devices_seqlen_1408.txt
/home/aatmaj/CENT/aim_simulator/build/ramulator2 -f /home/aatmaj/CENT/aim_simulator/test/example.yaml -t /home/aatmaj/CENT/experiments/dda_full_sweep/traces/32_channels_per_device/21_devices/model_parallel_FC/Llama2-13B/trace_21_FC_devices_seqlen_1408.txt
/home/aatmaj/CENT/aim_simulator/build/ramulator2 -f /home/aatmaj/CENT/aim_simulator/test/example.yaml -t /home/aatmaj/CENT/experiments/dda_full_sweep/traces/32_channels_per_device/21_devices/model_parallel/Llama2-13B/trace_21_FC_devices_seqlen_1536.txt
/home/aatmaj/CENT/aim_simulator/build/ramulator2 -f /home/aatmaj/CENT/aim_simulator/test/example.yaml -t /home/aatmaj/CENT/experiments/dda_full_sweep/traces/32_channels_per_device/21_devices/model_parallel_FC/Llama2-13B/trace_21_FC_devices_seqlen_1536.txt
/home/aatmaj/CENT/aim_simulator/build/ramulator2 -f /home/aatmaj/CENT/aim_simulator/test/example.yaml -t /home/aatmaj/CENT/experiments/dda_full_sweep/traces/32_channels_per_device/21_devices/model_parallel/Llama2-13B/trace_21_FC_devices_seqlen_1664.txt
/home/aatmaj/CENT/aim_simulator/build/ramulator2 -f /home/aatmaj/CENT/aim_simulator/test/example.yaml -t /home/aatmaj/CENT/experiments/dda_full_sweep/traces/32_channels_per_device/21_devices/model_parallel_FC/Llama2-13B/trace_21_FC_devices_seqlen_1664.txt
/home/aatmaj/CENT/aim_simulator/build/ramulator2 -f /home/aatmaj/CENT/aim_simulator/test/example.yaml -t /home/aatmaj/CENT/experiments/dda_full_sweep/traces/32_channels_per_device/21_devices/model_parallel/Llama2-13B/trace_21_FC_devices_seqlen_1792.txt
/home/aatmaj/CENT/aim_simulator/build/ramulator2 -f /home/aatmaj/CENT/aim_simulator/test/example.yaml -t /home/aatmaj/CENT/experiments/dda_full_sweep/traces/32_channels_per_device/21_devices/model_parallel_FC/Llama2-13B/trace_21_FC_devices_seqlen_1792.txt
/home/aatmaj/CENT/aim_simulator/build/ramulator2 -f /home/aatmaj/CENT/aim_simulator/test/example.yaml -t /home/aatmaj/CENT/experiments/dda_full_sweep/traces/32_channels_per_device/21_devices/model_parallel/Llama2-13B/trace_21_FC_devices_seqlen_1920.txt
/home/aatmaj/CENT/aim_simulator/build/ramulator2 -f /home/aatmaj/CENT/aim_simulator/test/example.yaml -t /home/aatmaj/CENT/experiments/dda_full_sweep/traces/32_channels_per_device/21_devices/model_parallel_FC/Llama2-13B/trace_21_FC_devices_seqlen_1920.txt
/home/aatmaj/CENT/aim_simulator/build/ramulator2 -f /home/aatmaj/CENT/aim_simulator/test/example.yaml -t /home/aatmaj/CENT/experiments/dda_full_sweep/traces/32_channels_per_device/21_devices/model_parallel/Llama2-13B/trace_21_FC_devices_seqlen_2048.txt
/home/aatmaj/CENT/aim_simulator/build/ramulator2 -f /home/aatmaj/CENT/aim_simulator/test/example.yaml -t /home/aatmaj/CENT/experiments/dda_full_sweep/traces/32_channels_per_device/21_devices/model_parallel_FC/Llama2-13B/trace_21_FC_devices_seqlen_2048.txt
/home/aatmaj/CENT/aim_simulator/build/ramulator2 -f /home/aatmaj/CENT/aim_simulator/test/example.yaml -t /home/aatmaj/CENT/experiments/dda_full_sweep/traces/32_channels_per_device/21_devices/model_parallel/Llama2-13B/trace_21_FC_devices_seqlen_2176.txt
/home/aatmaj/CENT/aim_simulator/build/ramulator2 -f /home/aatmaj/CENT/aim_simulator/test/example.yaml -t /home/aatmaj/CENT/experiments/dda_full_sweep/traces/32_channels_per_device/21_devices/model_parallel_FC/Llama2-13B/trace_21_FC_devices_seqlen_2176.txt
/home/aatmaj/CENT/aim_simulator/build/ramulator2 -f /home/aatmaj/CENT/aim_simulator/test/example.yaml -t /home/aatmaj/CENT/experiments/dda_full_sweep/traces/32_channels_per_device/21_devices/model_parallel/Llama2-13B/trace_21_FC_devices_seqlen_2304.txt
/home/aatmaj/CENT/aim_simulator/build/ramulator2 -f /home/aatmaj/CENT/aim_simulator/test/example.yaml -t /home/aatmaj/CENT/experiments/dda_full_sweep/traces/32_channels_per_device/21_devices/model_parallel_FC/Llama2-13B/trace_21_FC_devices_seqlen_2304.txt
/home/aatmaj/CENT/aim_simulator/build/ramulator2 -f /home/aatmaj/CENT/aim_simulator/test/example.yaml -t /home/aatmaj/CENT/experiments/dda_full_sweep/traces/32_channels_per_device/21_devices/model_parallel/Llama2-13B/trace_21_FC_devices_seqlen_2432.txt
/home/aatmaj/CENT/aim_simulator/build/ramulator2 -f /home/aatmaj/CENT/aim_simulator/test/example.yaml -t /home/aatmaj/CENT/experiments/dda_full_sweep/traces/32_channels_per_device/21_devices/model_parallel_FC/Llama2-13B/trace_21_FC_devices_seqlen_2432.txt
/home/aatmaj/CENT/aim_simulator/build/ramulator2 -f /home/aatmaj/CENT/aim_simulator/test/example.yaml -t /home/aatmaj/CENT/experiments/dda_full_sweep/traces/32_channels_per_device/21_devices/model_parallel/Llama2-13B/trace_21_FC_devices_seqlen_2560.txt
/home/aatmaj/CENT/aim_simulator/build/ramulator2 -f /home/aatmaj/CENT/aim_simulator/test/example.yaml -t /home/aatmaj/CENT/experiments/dda_full_sweep/traces/32_channels_per_device/21_devices/model_parallel_FC/Llama2-13B/trace_21_FC_devices_seqlen_2560.txt
/home/aatmaj/CENT/aim_simulator/build/ramulator2 -f /home/aatmaj/CENT/aim_simulator/test/example.yaml -t /home/aatmaj/CENT/experiments/dda_full_sweep/traces/32_channels_per_device/21_devices/model_parallel/Llama2-13B/trace_21_FC_devices_seqlen_2688.txt
/home/aatmaj/CENT/aim_simulator/build/ramulator2 -f /home/aatmaj/CENT/aim_simulator/test/example.yaml -t /home/aatmaj/CENT/experiments/dda_full_sweep/traces/32_channels_per_device/21_devices/model_parallel_FC/Llama2-13B/trace_21_FC_devices_seqlen_2688.txt
/home/aatmaj/CENT/aim_simulator/build/ramulator2 -f /home/aatmaj/CENT/aim_simulator/test/example.yaml -t /home/aatmaj/CENT/experiments/dda_full_sweep/traces/32_channels_per_device/21_devices/model_parallel/Llama2-13B/trace_21_FC_devices_seqlen_2816.txt
/home/aatmaj/CENT/aim_simulator/build/ramulator2 -f /home/aatmaj/CENT/aim_simulator/test/example.yaml -t /home/aatmaj/CENT/experiments/dda_full_sweep/traces/32_channels_per_device/21_devices/model_parallel_FC/Llama2-13B/trace_21_FC_devices_seqlen_2816.txt
/home/aatmaj/CENT/aim_simulator/build/ramulator2 -f /home/aatmaj/CENT/aim_simulator/test/example.yaml -t /home/aatmaj/CENT/experiments/dda_full_sweep/traces/32_channels_per_device/21_devices/model_parallel/Llama2-13B/trace_21_FC_devices_seqlen_2944.txt
/home/aatmaj/CENT/aim_simulator/build/ramulator2 -f /home/aatmaj/CENT/aim_simulator/test/example.yaml -t /home/aatmaj/CENT/experiments/dda_full_sweep/traces/32_channels_per_device/21_devices/model_parallel_FC/Llama2-13B/trace_21_FC_devices_seqlen_2944.txt
/home/aatmaj/CENT/aim_simulator/build/ramulator2 -f /home/aatmaj/CENT/aim_simulator/test/example.yaml -t /home/aatmaj/CENT/experiments/dda_full_sweep/traces/32_channels_per_device/21_devices/model_parallel/Llama2-13B/trace_21_FC_devices_seqlen_3072.txt
/home/aatmaj/CENT/aim_simulator/build/ramulator2 -f /home/aatmaj/CENT/aim_simulator/test/example.yaml -t /home/aatmaj/CENT/experiments/dda_full_sweep/traces/32_channels_per_device/21_devices/model_parallel_FC/Llama2-13B/trace_21_FC_devices_seqlen_3072.txt
/home/aatmaj/CENT/aim_simulator/build/ramulator2 -f /home/aatmaj/CENT/aim_simulator/test/example.yaml -t /home/aatmaj/CENT/experiments/dda_full_sweep/traces/32_channels_per_device/21_devices/model_parallel/Llama2-13B/trace_21_FC_devices_seqlen_3200.txt
/home/aatmaj/CENT/aim_simulator/build/ramulator2 -f /home/aatmaj/CENT/aim_simulator/test/example.yaml -t /home/aatmaj/CENT/experiments/dda_full_sweep/traces/32_channels_per_device/21_devices/model_parallel_FC/Llama2-13B/trace_21_FC_devices_seqlen_3200.txt
/home/aatmaj/CENT/aim_simulator/build/ramulator2 -f /home/aatmaj/CENT/aim_simulator/test/example.yaml -t /home/aatmaj/CENT/experiments/dda_full_sweep/traces/32_channels_per_device/21_devices/model_parallel/Llama2-13B/trace_21_FC_devices_seqlen_3328.txt
/home/aatmaj/CENT/aim_simulator/build/ramulator2 -f /home/aatmaj/CENT/aim_simulator/test/example.yaml -t /home/aatmaj/CENT/experiments/dda_full_sweep/traces/32_channels_per_device/21_devices/model_parallel_FC/Llama2-13B/trace_21_FC_devices_seqlen_3328.txt
/home/aatmaj/CENT/aim_simulator/build/ramulator2 -f /home/aatmaj/CENT/aim_simulator/test/example.yaml -t /home/aatmaj/CENT/experiments/dda_full_sweep/traces/32_channels_per_device/21_devices/model_parallel/Llama2-13B/trace_21_FC_devices_seqlen_3456.txt
/home/aatmaj/CENT/aim_simulator/build/ramulator2 -f /home/aatmaj/CENT/aim_simulator/test/example.yaml -t /home/aatmaj/CENT/experiments/dda_full_sweep/traces/32_channels_per_device/21_devices/model_parallel_FC/Llama2-13B/trace_21_FC_devices_seqlen_3456.txt
/home/aatmaj/CENT/aim_simulator/build/ramulator2 -f /home/aatmaj/CENT/aim_simulator/test/example.yaml -t /home/aatmaj/CENT/experiments/dda_full_sweep/traces/32_channels_per_device/21_devices/model_parallel/Llama2-13B/trace_21_FC_devices_seqlen_3584.txt
/home/aatmaj/CENT/aim_simulator/build/ramulator2 -f /home/aatmaj/CENT/aim_simulator/test/example.yaml -t /home/aatmaj/CENT/experiments/dda_full_sweep/traces/32_channels_per_device/21_devices/model_parallel_FC/Llama2-13B/trace_21_FC_devices_seqlen_3584.txt
/home/aatmaj/CENT/aim_simulator/build/ramulator2 -f /home/aatmaj/CENT/aim_simulator/test/example.yaml -t /home/aatmaj/CENT/experiments/dda_full_sweep/traces/32_channels_per_device/21_devices/model_parallel/Llama2-13B/trace_21_FC_devices_seqlen_3712.txt
/home/aatmaj/CENT/aim_simulator/build/ramulator2 -f /home/aatmaj/CENT/aim_simulator/test/example.yaml -t /home/aatmaj/CENT/experiments/dda_full_sweep/traces/32_channels_per_device/21_devices/model_parallel_FC/Llama2-13B/trace_21_FC_devices_seqlen_3712.txt
/home/aatmaj/CENT/aim_simulator/build/ramulator2 -f /home/aatmaj/CENT/aim_simulator/test/example.yaml -t /home/aatmaj/CENT/experiments/dda_full_sweep/traces/32_channels_per_device/21_devices/model_parallel/Llama2-13B/trace_21_FC_devices_seqlen_3840.txt
/home/aatmaj/CENT/aim_simulator/build/ramulator2 -f /home/aatmaj/CENT/aim_simulator/test/example.yaml -t /home/aatmaj/CENT/experiments/dda_full_sweep/traces/32_channels_per_device/21_devices/model_parallel_FC/Llama2-13B/trace_21_FC_devices_seqlen_3840.txt
/home/aatmaj/CENT/aim_simulator/build/ramulator2 -f /home/aatmaj/CENT/aim_simulator/test/example.yaml -t /home/aatmaj/CENT/experiments/dda_full_sweep/traces/32_channels_per_device/21_devices/model_parallel/Llama2-13B/trace_21_FC_devices_seqlen_3968.txt
/home/aatmaj/CENT/aim_simulator/build/ramulator2 -f /home/aatmaj/CENT/aim_simulator/test/example.yaml -t /home/aatmaj/CENT/experiments/dda_full_sweep/traces/32_channels_per_device/21_devices/model_parallel_FC/Llama2-13B/trace_21_FC_devices_seqlen_3968.txt
/home/aatmaj/CENT/aim_simulator/build/ramulator2 -f /home/aatmaj/CENT/aim_simulator/test/example.yaml -t /home/aatmaj/CENT/experiments/dda_full_sweep/traces/32_channels_per_device/21_devices/model_parallel/Llama2-13B/trace_21_FC_devices_seqlen_4096.txt
/home/aatmaj/CENT/experiments/dda_full_sweep/simulation/run_sim_full32.py:447: FutureWarning: The behavior of DataFrame concatenation with empty or all-NA entries is deprecated. In a future version, this will no longer exclude empty or all-NA columns when determining the result dtypes. To retain the old behavior, exclude the relevant entries before the concat operation.
  results_df = pd.concat([results_df, new_df], ignore_index=True)
/home/aatmaj/CENT/aim_simulator/build/ramulator2 -f /home/aatmaj/CENT/aim_simulator/test/example.yaml -t /home/aatmaj/CENT/experiments/dda_full_sweep/traces/32_channels_per_device/21_devices/model_parallel_FC/Llama2-13B/trace_21_FC_devices_seqlen_4096.txt
Processing results...
Updating simulation results to CSV...
=== Pool T | Llama2-13B | N_T=11 | TP=1, PP=layers ===
Generating traces for Llama2-13B (11 devices) ...
/home/aatmaj/CENT/aim_simulator/build/ramulator2 -f /home/aatmaj/CENT/aim_simulator/test/example.yaml -t /home/aatmaj/CENT/experiments/dda_full_sweep/traces/32_channels_per_device/11_devices/pipeline_parallel_embedding/Llama2-13B/trace_8_channels_per_block_seqlen_4096.txt
/home/aatmaj/CENT/aim_simulator/build/ramulator2 -f /home/aatmaj/CENT/aim_simulator/test/example.yaml -t /home/aatmaj/CENT/experiments/dda_full_sweep/traces/32_channels_per_device/11_devices/pipeline_parallel/Llama2-13B/trace_8_channels_per_block_seqlen_128.txt
/home/aatmaj/CENT/aim_simulator/build/ramulator2 -f /home/aatmaj/CENT/aim_simulator/test/example.yaml -t /home/aatmaj/CENT/experiments/dda_full_sweep/traces/32_channels_per_device/11_devices/pipeline_parallel/Llama2-13B/trace_8_channels_per_block_seqlen_256.txt
/home/aatmaj/CENT/aim_simulator/build/ramulator2 -f /home/aatmaj/CENT/aim_simulator/test/example.yaml -t /home/aatmaj/CENT/experiments/dda_full_sweep/traces/32_channels_per_device/11_devices/pipeline_parallel/Llama2-13B/trace_8_channels_per_block_seqlen_384.txt
/home/aatmaj/CENT/aim_simulator/build/ramulator2 -f /home/aatmaj/CENT/aim_simulator/test/example.yaml -t /home/aatmaj/CENT/experiments/dda_full_sweep/traces/32_channels_per_device/11_devices/pipeline_parallel/Llama2-13B/trace_8_channels_per_block_seqlen_512.txt
/home/aatmaj/CENT/aim_simulator/build/ramulator2 -f /home/aatmaj/CENT/aim_simulator/test/example.yaml -t /home/aatmaj/CENT/experiments/dda_full_sweep/traces/32_channels_per_device/11_devices/pipeline_parallel/Llama2-13B/trace_8_channels_per_block_seqlen_640.txt
/home/aatmaj/CENT/aim_simulator/build/ramulator2 -f /home/aatmaj/CENT/aim_simulator/test/example.yaml -t /home/aatmaj/CENT/experiments/dda_full_sweep/traces/32_channels_per_device/11_devices/pipeline_parallel/Llama2-13B/trace_8_channels_per_block_seqlen_768.txt
/home/aatmaj/CENT/aim_simulator/build/ramulator2 -f /home/aatmaj/CENT/aim_simulator/test/example.yaml -t /home/aatmaj/CENT/experiments/dda_full_sweep/traces/32_channels_per_device/11_devices/pipeline_parallel/Llama2-13B/trace_8_channels_per_block_seqlen_896.txt
/home/aatmaj/CENT/aim_simulator/build/ramulator2 -f /home/aatmaj/CENT/aim_simulator/test/example.yaml -t /home/aatmaj/CENT/experiments/dda_full_sweep/traces/32_channels_per_device/11_devices/pipeline_parallel/Llama2-13B/trace_8_channels_per_block_seqlen_1024.txt
/home/aatmaj/CENT/aim_simulator/build/ramulator2 -f /home/aatmaj/CENT/aim_simulator/test/example.yaml -t /home/aatmaj/CENT/experiments/dda_full_sweep/traces/32_channels_per_device/11_devices/pipeline_parallel/Llama2-13B/trace_8_channels_per_block_seqlen_1152.txt
/home/aatmaj/CENT/aim_simulator/build/ramulator2 -f /home/aatmaj/CENT/aim_simulator/test/example.yaml -t /home/aatmaj/CENT/experiments/dda_full_sweep/traces/32_channels_per_device/11_devices/pipeline_parallel/Llama2-13B/trace_8_channels_per_block_seqlen_1280.txt
/home/aatmaj/CENT/aim_simulator/build/ramulator2 -f /home/aatmaj/CENT/aim_simulator/test/example.yaml -t /home/aatmaj/CENT/experiments/dda_full_sweep/traces/32_channels_per_device/11_devices/pipeline_parallel/Llama2-13B/trace_8_channels_per_block_seqlen_1408.txt
/home/aatmaj/CENT/aim_simulator/build/ramulator2 -f /home/aatmaj/CENT/aim_simulator/test/example.yaml -t /home/aatmaj/CENT/experiments/dda_full_sweep/traces/32_channels_per_device/11_devices/pipeline_parallel/Llama2-13B/trace_8_channels_per_block_seqlen_1536.txt
/home/aatmaj/CENT/aim_simulator/build/ramulator2 -f /home/aatmaj/CENT/aim_simulator/test/example.yaml -t /home/aatmaj/CENT/experiments/dda_full_sweep/traces/32_channels_per_device/11_devices/pipeline_parallel/Llama2-13B/trace_8_channels_per_block_seqlen_1664.txt
/home/aatmaj/CENT/aim_simulator/build/ramulator2 -f /home/aatmaj/CENT/aim_simulator/test/example.yaml -t /home/aatmaj/CENT/experiments/dda_full_sweep/traces/32_channels_per_device/11_devices/pipeline_parallel/Llama2-13B/trace_8_channels_per_block_seqlen_1792.txt
/home/aatmaj/CENT/aim_simulator/build/ramulator2 -f /home/aatmaj/CENT/aim_simulator/test/example.yaml -t /home/aatmaj/CENT/experiments/dda_full_sweep/traces/32_channels_per_device/11_devices/pipeline_parallel/Llama2-13B/trace_8_channels_per_block_seqlen_1920.txt
/home/aatmaj/CENT/aim_simulator/build/ramulator2 -f /home/aatmaj/CENT/aim_simulator/test/example.yaml -t /home/aatmaj/CENT/experiments/dda_full_sweep/traces/32_channels_per_device/11_devices/pipeline_parallel/Llama2-13B/trace_8_channels_per_block_seqlen_2048.txt
/home/aatmaj/CENT/aim_simulator/build/ramulator2 -f /home/aatmaj/CENT/aim_simulator/test/example.yaml -t /home/aatmaj/CENT/experiments/dda_full_sweep/traces/32_channels_per_device/11_devices/pipeline_parallel/Llama2-13B/trace_8_channels_per_block_seqlen_2176.txt
/home/aatmaj/CENT/aim_simulator/build/ramulator2 -f /home/aatmaj/CENT/aim_simulator/test/example.yaml -t /home/aatmaj/CENT/experiments/dda_full_sweep/traces/32_channels_per_device/11_devices/pipeline_parallel/Llama2-13B/trace_8_channels_per_block_seqlen_2304.txt
/home/aatmaj/CENT/aim_simulator/build/ramulator2 -f /home/aatmaj/CENT/aim_simulator/test/example.yaml -t /home/aatmaj/CENT/experiments/dda_full_sweep/traces/32_channels_per_device/11_devices/pipeline_parallel/Llama2-13B/trace_8_channels_per_block_seqlen_2432.txt
/home/aatmaj/CENT/aim_simulator/build/ramulator2 -f /home/aatmaj/CENT/aim_simulator/test/example.yaml -t /home/aatmaj/CENT/experiments/dda_full_sweep/traces/32_channels_per_device/11_devices/pipeline_parallel/Llama2-13B/trace_8_channels_per_block_seqlen_2560.txt
/home/aatmaj/CENT/aim_simulator/build/ramulator2 -f /home/aatmaj/CENT/aim_simulator/test/example.yaml -t /home/aatmaj/CENT/experiments/dda_full_sweep/traces/32_channels_per_device/11_devices/pipeline_parallel/Llama2-13B/trace_8_channels_per_block_seqlen_2688.txt
/home/aatmaj/CENT/aim_simulator/build/ramulator2 -f /home/aatmaj/CENT/aim_simulator/test/example.yaml -t /home/aatmaj/CENT/experiments/dda_full_sweep/traces/32_channels_per_device/11_devices/pipeline_parallel/Llama2-13B/trace_8_channels_per_block_seqlen_2816.txt
/home/aatmaj/CENT/aim_simulator/build/ramulator2 -f /home/aatmaj/CENT/aim_simulator/test/example.yaml -t /home/aatmaj/CENT/experiments/dda_full_sweep/traces/32_channels_per_device/11_devices/pipeline_parallel/Llama2-13B/trace_8_channels_per_block_seqlen_2944.txt
/home/aatmaj/CENT/aim_simulator/build/ramulator2 -f /home/aatmaj/CENT/aim_simulator/test/example.yaml -t /home/aatmaj/CENT/experiments/dda_full_sweep/traces/32_channels_per_device/11_devices/pipeline_parallel/Llama2-13B/trace_8_channels_per_block_seqlen_3072.txt
/home/aatmaj/CENT/aim_simulator/build/ramulator2 -f /home/aatmaj/CENT/aim_simulator/test/example.yaml -t /home/aatmaj/CENT/experiments/dda_full_sweep/traces/32_channels_per_device/11_devices/pipeline_parallel/Llama2-13B/trace_8_channels_per_block_seqlen_3200.txt
/home/aatmaj/CENT/aim_simulator/build/ramulator2 -f /home/aatmaj/CENT/aim_simulator/test/example.yaml -t /home/aatmaj/CENT/experiments/dda_full_sweep/traces/32_channels_per_device/11_devices/pipeline_parallel/Llama2-13B/trace_8_channels_per_block_seqlen_3328.txt
/home/aatmaj/CENT/aim_simulator/build/ramulator2 -f /home/aatmaj/CENT/aim_simulator/test/example.yaml -t /home/aatmaj/CENT/experiments/dda_full_sweep/traces/32_channels_per_device/11_devices/pipeline_parallel/Llama2-13B/trace_8_channels_per_block_seqlen_3456.txt
/home/aatmaj/CENT/aim_simulator/build/ramulator2 -f /home/aatmaj/CENT/aim_simulator/test/example.yaml -t /home/aatmaj/CENT/experiments/dda_full_sweep/traces/32_channels_per_device/11_devices/pipeline_parallel/Llama2-13B/trace_8_channels_per_block_seqlen_3584.txt
/home/aatmaj/CENT/aim_simulator/build/ramulator2 -f /home/aatmaj/CENT/aim_simulator/test/example.yaml -t /home/aatmaj/CENT/experiments/dda_full_sweep/traces/32_channels_per_device/11_devices/pipeline_parallel/Llama2-13B/trace_8_channels_per_block_seqlen_3712.txt
/home/aatmaj/CENT/experiments/dda_full_sweep/simulation/run_sim_full32.py:460: FutureWarning: The behavior of DataFrame concatenation with empty or all-NA entries is deprecated. In a future version, this will no longer exclude empty or all-NA columns when determining the result dtypes. To retain the old behavior, exclude the relevant entries before the concat operation.
  results_df = pd.concat([results_df, new_df], ignore_index=True)
/home/aatmaj/CENT/aim_simulator/build/ramulator2 -f /home/aatmaj/CENT/aim_simulator/test/example.yaml -t /home/aatmaj/CENT/experiments/dda_full_sweep/traces/32_channels_per_device/11_devices/pipeline_parallel/Llama2-13B/trace_8_channels_per_block_seqlen_3840.txt
/home/aatmaj/CENT/aim_simulator/build/ramulator2 -f /home/aatmaj/CENT/aim_simulator/test/example.yaml -t /home/aatmaj/CENT/experiments/dda_full_sweep/traces/32_channels_per_device/11_devices/pipeline_parallel/Llama2-13B/trace_8_channels_per_block_seqlen_3968.txt
/home/aatmaj/CENT/aim_simulator/build/ramulator2 -f /home/aatmaj/CENT/aim_simulator/test/example.yaml -t /home/aatmaj/CENT/experiments/dda_full_sweep/traces/32_channels_per_device/11_devices/pipeline_parallel/Llama2-13B/trace_8_channels_per_block_seqlen_4096.txt
Processing results...
Updating simulation results to CSV...
=== Pool T | Llama2-13B | N_T=13 | TP=1, PP=layers ===
Generating traces for Llama2-13B (13 devices) ...
/home/aatmaj/CENT/aim_simulator/build/ramulator2 -f /home/aatmaj/CENT/aim_simulator/test/example.yaml -t /home/aatmaj/CENT/experiments/dda_full_sweep/traces/32_channels_per_device/13_devices/pipeline_parallel_embedding/Llama2-13B/trace_8_channels_per_block_seqlen_4096.txt
/home/aatmaj/CENT/aim_simulator/build/ramulator2 -f /home/aatmaj/CENT/aim_simulator/test/example.yaml -t /home/aatmaj/CENT/experiments/dda_full_sweep/traces/32_channels_per_device/13_devices/pipeline_parallel/Llama2-13B/trace_8_channels_per_block_seqlen_128.txt
/home/aatmaj/CENT/aim_simulator/build/ramulator2 -f /home/aatmaj/CENT/aim_simulator/test/example.yaml -t /home/aatmaj/CENT/experiments/dda_full_sweep/traces/32_channels_per_device/13_devices/pipeline_parallel/Llama2-13B/trace_8_channels_per_block_seqlen_256.txt
/home/aatmaj/CENT/aim_simulator/build/ramulator2 -f /home/aatmaj/CENT/aim_simulator/test/example.yaml -t /home/aatmaj/CENT/experiments/dda_full_sweep/traces/32_channels_per_device/13_devices/pipeline_parallel/Llama2-13B/trace_8_channels_per_block_seqlen_384.txt
/home/aatmaj/CENT/aim_simulator/build/ramulator2 -f /home/aatmaj/CENT/aim_simulator/test/example.yaml -t /home/aatmaj/CENT/experiments/dda_full_sweep/traces/32_channels_per_device/13_devices/pipeline_parallel/Llama2-13B/trace_8_channels_per_block_seqlen_512.txt
/home/aatmaj/CENT/aim_simulator/build/ramulator2 -f /home/aatmaj/CENT/aim_simulator/test/example.yaml -t /home/aatmaj/CENT/experiments/dda_full_sweep/traces/32_channels_per_device/13_devices/pipeline_parallel/Llama2-13B/trace_8_channels_per_block_seqlen_640.txt
/home/aatmaj/CENT/aim_simulator/build/ramulator2 -f /home/aatmaj/CENT/aim_simulator/test/example.yaml -t /home/aatmaj/CENT/experiments/dda_full_sweep/traces/32_channels_per_device/13_devices/pipeline_parallel/Llama2-13B/trace_8_channels_per_block_seqlen_768.txt
/home/aatmaj/CENT/aim_simulator/build/ramulator2 -f /home/aatmaj/CENT/aim_simulator/test/example.yaml -t /home/aatmaj/CENT/experiments/dda_full_sweep/traces/32_channels_per_device/13_devices/pipeline_parallel/Llama2-13B/trace_8_channels_per_block_seqlen_896.txt
/home/aatmaj/CENT/aim_simulator/build/ramulator2 -f /home/aatmaj/CENT/aim_simulator/test/example.yaml -t /home/aatmaj/CENT/experiments/dda_full_sweep/traces/32_channels_per_device/13_devices/pipeline_parallel/Llama2-13B/trace_8_channels_per_block_seqlen_1024.txt
/home/aatmaj/CENT/aim_simulator/build/ramulator2 -f /home/aatmaj/CENT/aim_simulator/test/example.yaml -t /home/aatmaj/CENT/experiments/dda_full_sweep/traces/32_channels_per_device/13_devices/pipeline_parallel/Llama2-13B/trace_8_channels_per_block_seqlen_1152.txt
/home/aatmaj/CENT/aim_simulator/build/ramulator2 -f /home/aatmaj/CENT/aim_simulator/test/example.yaml -t /home/aatmaj/CENT/experiments/dda_full_sweep/traces/32_channels_per_device/13_devices/pipeline_parallel/Llama2-13B/trace_8_channels_per_block_seqlen_1280.txt
/home/aatmaj/CENT/aim_simulator/build/ramulator2 -f /home/aatmaj/CENT/aim_simulator/test/example.yaml -t /home/aatmaj/CENT/experiments/dda_full_sweep/traces/32_channels_per_device/13_devices/pipeline_parallel/Llama2-13B/trace_8_channels_per_block_seqlen_1408.txt
/home/aatmaj/CENT/aim_simulator/build/ramulator2 -f /home/aatmaj/CENT/aim_simulator/test/example.yaml -t /home/aatmaj/CENT/experiments/dda_full_sweep/traces/32_channels_per_device/13_devices/pipeline_parallel/Llama2-13B/trace_8_channels_per_block_seqlen_1536.txt
/home/aatmaj/CENT/aim_simulator/build/ramulator2 -f /home/aatmaj/CENT/aim_simulator/test/example.yaml -t /home/aatmaj/CENT/experiments/dda_full_sweep/traces/32_channels_per_device/13_devices/pipeline_parallel/Llama2-13B/trace_8_channels_per_block_seqlen_1664.txt
/home/aatmaj/CENT/aim_simulator/build/ramulator2 -f /home/aatmaj/CENT/aim_simulator/test/example.yaml -t /home/aatmaj/CENT/experiments/dda_full_sweep/traces/32_channels_per_device/13_devices/pipeline_parallel/Llama2-13B/trace_8_channels_per_block_seqlen_1792.txt
/home/aatmaj/CENT/aim_simulator/build/ramulator2 -f /home/aatmaj/CENT/aim_simulator/test/example.yaml -t /home/aatmaj/CENT/experiments/dda_full_sweep/traces/32_channels_per_device/13_devices/pipeline_parallel/Llama2-13B/trace_8_channels_per_block_seqlen_1920.txt
/home/aatmaj/CENT/aim_simulator/build/ramulator2 -f /home/aatmaj/CENT/aim_simulator/test/example.yaml -t /home/aatmaj/CENT/experiments/dda_full_sweep/traces/32_channels_per_device/13_devices/pipeline_parallel/Llama2-13B/trace_8_channels_per_block_seqlen_2048.txt
/home/aatmaj/CENT/aim_simulator/build/ramulator2 -f /home/aatmaj/CENT/aim_simulator/test/example.yaml -t /home/aatmaj/CENT/experiments/dda_full_sweep/traces/32_channels_per_device/13_devices/pipeline_parallel/Llama2-13B/trace_8_channels_per_block_seqlen_2176.txt
/home/aatmaj/CENT/aim_simulator/build/ramulator2 -f /home/aatmaj/CENT/aim_simulator/test/example.yaml -t /home/aatmaj/CENT/experiments/dda_full_sweep/traces/32_channels_per_device/13_devices/pipeline_parallel/Llama2-13B/trace_8_channels_per_block_seqlen_2304.txt
/home/aatmaj/CENT/aim_simulator/build/ramulator2 -f /home/aatmaj/CENT/aim_simulator/test/example.yaml -t /home/aatmaj/CENT/experiments/dda_full_sweep/traces/32_channels_per_device/13_devices/pipeline_parallel/Llama2-13B/trace_8_channels_per_block_seqlen_2432.txt
/home/aatmaj/CENT/aim_simulator/build/ramulator2 -f /home/aatmaj/CENT/aim_simulator/test/example.yaml -t /home/aatmaj/CENT/experiments/dda_full_sweep/traces/32_channels_per_device/13_devices/pipeline_parallel/Llama2-13B/trace_8_channels_per_block_seqlen_2560.txt
/home/aatmaj/CENT/aim_simulator/build/ramulator2 -f /home/aatmaj/CENT/aim_simulator/test/example.yaml -t /home/aatmaj/CENT/experiments/dda_full_sweep/traces/32_channels_per_device/13_devices/pipeline_parallel/Llama2-13B/trace_8_channels_per_block_seqlen_2688.txt
/home/aatmaj/CENT/aim_simulator/build/ramulator2 -f /home/aatmaj/CENT/aim_simulator/test/example.yaml -t /home/aatmaj/CENT/experiments/dda_full_sweep/traces/32_channels_per_device/13_devices/pipeline_parallel/Llama2-13B/trace_8_channels_per_block_seqlen_2816.txt
/home/aatmaj/CENT/aim_simulator/build/ramulator2 -f /home/aatmaj/CENT/aim_simulator/test/example.yaml -t /home/aatmaj/CENT/experiments/dda_full_sweep/traces/32_channels_per_device/13_devices/pipeline_parallel/Llama2-13B/trace_8_channels_per_block_seqlen_2944.txt
/home/aatmaj/CENT/aim_simulator/build/ramulator2 -f /home/aatmaj/CENT/aim_simulator/test/example.yaml -t /home/aatmaj/CENT/experiments/dda_full_sweep/traces/32_channels_per_device/13_devices/pipeline_parallel/Llama2-13B/trace_8_channels_per_block_seqlen_3072.txt
/home/aatmaj/CENT/aim_simulator/build/ramulator2 -f /home/aatmaj/CENT/aim_simulator/test/example.yaml -t /home/aatmaj/CENT/experiments/dda_full_sweep/traces/32_channels_per_device/13_devices/pipeline_parallel/Llama2-13B/trace_8_channels_per_block_seqlen_3200.txt
/home/aatmaj/CENT/aim_simulator/build/ramulator2 -f /home/aatmaj/CENT/aim_simulator/test/example.yaml -t /home/aatmaj/CENT/experiments/dda_full_sweep/traces/32_channels_per_device/13_devices/pipeline_parallel/Llama2-13B/trace_8_channels_per_block_seqlen_3328.txt
/home/aatmaj/CENT/aim_simulator/build/ramulator2 -f /home/aatmaj/CENT/aim_simulator/test/example.yaml -t /home/aatmaj/CENT/experiments/dda_full_sweep/traces/32_channels_per_device/13_devices/pipeline_parallel/Llama2-13B/trace_8_channels_per_block_seqlen_3456.txt
/home/aatmaj/CENT/aim_simulator/build/ramulator2 -f /home/aatmaj/CENT/aim_simulator/test/example.yaml -t /home/aatmaj/CENT/experiments/dda_full_sweep/traces/32_channels_per_device/13_devices/pipeline_parallel/Llama2-13B/trace_8_channels_per_block_seqlen_3584.txt
/home/aatmaj/CENT/aim_simulator/build/ramulator2 -f /home/aatmaj/CENT/aim_simulator/test/example.yaml -t /home/aatmaj/CENT/experiments/dda_full_sweep/traces/32_channels_per_device/13_devices/pipeline_parallel/Llama2-13B/trace_8_channels_per_block_seqlen_3712.txt
/home/aatmaj/CENT/experiments/dda_full_sweep/simulation/run_sim_full32.py:460: FutureWarning: The behavior of DataFrame concatenation with empty or all-NA entries is deprecated. In a future version, this will no longer exclude empty or all-NA columns when determining the result dtypes. To retain the old behavior, exclude the relevant entries before the concat operation.
  results_df = pd.concat([results_df, new_df], ignore_index=True)
/home/aatmaj/CENT/aim_simulator/build/ramulator2 -f /home/aatmaj/CENT/aim_simulator/test/example.yaml -t /home/aatmaj/CENT/experiments/dda_full_sweep/traces/32_channels_per_device/13_devices/pipeline_parallel/Llama2-13B/trace_8_channels_per_block_seqlen_3840.txt
/home/aatmaj/CENT/aim_simulator/build/ramulator2 -f /home/aatmaj/CENT/aim_simulator/test/example.yaml -t /home/aatmaj/CENT/experiments/dda_full_sweep/traces/32_channels_per_device/13_devices/pipeline_parallel/Llama2-13B/trace_8_channels_per_block_seqlen_3968.txt
/home/aatmaj/CENT/aim_simulator/build/ramulator2 -f /home/aatmaj/CENT/aim_simulator/test/example.yaml -t /home/aatmaj/CENT/experiments/dda_full_sweep/traces/32_channels_per_device/13_devices/pipeline_parallel/Llama2-13B/trace_8_channels_per_block_seqlen_4096.txt
Processing results...
Updating simulation results to CSV...
=== Pool T | Llama2-13B | N_T=15 | TP=1, PP=layers ===
Generating traces for Llama2-13B (15 devices) ...
/home/aatmaj/CENT/aim_simulator/build/ramulator2 -f /home/aatmaj/CENT/aim_simulator/test/example.yaml -t /home/aatmaj/CENT/experiments/dda_full_sweep/traces/32_channels_per_device/15_devices/pipeline_parallel_embedding/Llama2-13B/trace_10_channels_per_block_seqlen_4096.txt
/home/aatmaj/CENT/aim_simulator/build/ramulator2 -f /home/aatmaj/CENT/aim_simulator/test/example.yaml -t /home/aatmaj/CENT/experiments/dda_full_sweep/traces/32_channels_per_device/15_devices/pipeline_parallel/Llama2-13B/trace_10_channels_per_block_seqlen_128.txt
/home/aatmaj/CENT/aim_simulator/build/ramulator2 -f /home/aatmaj/CENT/aim_simulator/test/example.yaml -t /home/aatmaj/CENT/experiments/dda_full_sweep/traces/32_channels_per_device/15_devices/pipeline_parallel/Llama2-13B/trace_10_channels_per_block_seqlen_256.txt
/home/aatmaj/CENT/aim_simulator/build/ramulator2 -f /home/aatmaj/CENT/aim_simulator/test/example.yaml -t /home/aatmaj/CENT/experiments/dda_full_sweep/traces/32_channels_per_device/15_devices/pipeline_parallel/Llama2-13B/trace_10_channels_per_block_seqlen_384.txt
/home/aatmaj/CENT/aim_simulator/build/ramulator2 -f /home/aatmaj/CENT/aim_simulator/test/example.yaml -t /home/aatmaj/CENT/experiments/dda_full_sweep/traces/32_channels_per_device/15_devices/pipeline_parallel/Llama2-13B/trace_10_channels_per_block_seqlen_512.txt
/home/aatmaj/CENT/aim_simulator/build/ramulator2 -f /home/aatmaj/CENT/aim_simulator/test/example.yaml -t /home/aatmaj/CENT/experiments/dda_full_sweep/traces/32_channels_per_device/15_devices/pipeline_parallel/Llama2-13B/trace_10_channels_per_block_seqlen_640.txt
/home/aatmaj/CENT/aim_simulator/build/ramulator2 -f /home/aatmaj/CENT/aim_simulator/test/example.yaml -t /home/aatmaj/CENT/experiments/dda_full_sweep/traces/32_channels_per_device/15_devices/pipeline_parallel/Llama2-13B/trace_10_channels_per_block_seqlen_768.txt
/home/aatmaj/CENT/aim_simulator/build/ramulator2 -f /home/aatmaj/CENT/aim_simulator/test/example.yaml -t /home/aatmaj/CENT/experiments/dda_full_sweep/traces/32_channels_per_device/15_devices/pipeline_parallel/Llama2-13B/trace_10_channels_per_block_seqlen_896.txt
/home/aatmaj/CENT/aim_simulator/build/ramulator2 -f /home/aatmaj/CENT/aim_simulator/test/example.yaml -t /home/aatmaj/CENT/experiments/dda_full_sweep/traces/32_channels_per_device/15_devices/pipeline_parallel/Llama2-13B/trace_10_channels_per_block_seqlen_1024.txt
/home/aatmaj/CENT/aim_simulator/build/ramulator2 -f /home/aatmaj/CENT/aim_simulator/test/example.yaml -t /home/aatmaj/CENT/experiments/dda_full_sweep/traces/32_channels_per_device/15_devices/pipeline_parallel/Llama2-13B/trace_10_channels_per_block_seqlen_1152.txt
/home/aatmaj/CENT/aim_simulator/build/ramulator2 -f /home/aatmaj/CENT/aim_simulator/test/example.yaml -t /home/aatmaj/CENT/experiments/dda_full_sweep/traces/32_channels_per_device/15_devices/pipeline_parallel/Llama2-13B/trace_10_channels_per_block_seqlen_1280.txt
/home/aatmaj/CENT/aim_simulator/build/ramulator2 -f /home/aatmaj/CENT/aim_simulator/test/example.yaml -t /home/aatmaj/CENT/experiments/dda_full_sweep/traces/32_channels_per_device/15_devices/pipeline_parallel/Llama2-13B/trace_10_channels_per_block_seqlen_1408.txt
/home/aatmaj/CENT/aim_simulator/build/ramulator2 -f /home/aatmaj/CENT/aim_simulator/test/example.yaml -t /home/aatmaj/CENT/experiments/dda_full_sweep/traces/32_channels_per_device/15_devices/pipeline_parallel/Llama2-13B/trace_10_channels_per_block_seqlen_1536.txt
/home/aatmaj/CENT/aim_simulator/build/ramulator2 -f /home/aatmaj/CENT/aim_simulator/test/example.yaml -t /home/aatmaj/CENT/experiments/dda_full_sweep/traces/32_channels_per_device/15_devices/pipeline_parallel/Llama2-13B/trace_10_channels_per_block_seqlen_1664.txt
/home/aatmaj/CENT/aim_simulator/build/ramulator2 -f /home/aatmaj/CENT/aim_simulator/test/example.yaml -t /home/aatmaj/CENT/experiments/dda_full_sweep/traces/32_channels_per_device/15_devices/pipeline_parallel/Llama2-13B/trace_10_channels_per_block_seqlen_1792.txt
/home/aatmaj/CENT/aim_simulator/build/ramulator2 -f /home/aatmaj/CENT/aim_simulator/test/example.yaml -t /home/aatmaj/CENT/experiments/dda_full_sweep/traces/32_channels_per_device/15_devices/pipeline_parallel/Llama2-13B/trace_10_channels_per_block_seqlen_1920.txt
/home/aatmaj/CENT/aim_simulator/build/ramulator2 -f /home/aatmaj/CENT/aim_simulator/test/example.yaml -t /home/aatmaj/CENT/experiments/dda_full_sweep/traces/32_channels_per_device/15_devices/pipeline_parallel/Llama2-13B/trace_10_channels_per_block_seqlen_2048.txt
/home/aatmaj/CENT/aim_simulator/build/ramulator2 -f /home/aatmaj/CENT/aim_simulator/test/example.yaml -t /home/aatmaj/CENT/experiments/dda_full_sweep/traces/32_channels_per_device/15_devices/pipeline_parallel/Llama2-13B/trace_10_channels_per_block_seqlen_2176.txt
/home/aatmaj/CENT/aim_simulator/build/ramulator2 -f /home/aatmaj/CENT/aim_simulator/test/example.yaml -t /home/aatmaj/CENT/experiments/dda_full_sweep/traces/32_channels_per_device/15_devices/pipeline_parallel/Llama2-13B/trace_10_channels_per_block_seqlen_2304.txt
/home/aatmaj/CENT/aim_simulator/build/ramulator2 -f /home/aatmaj/CENT/aim_simulator/test/example.yaml -t /home/aatmaj/CENT/experiments/dda_full_sweep/traces/32_channels_per_device/15_devices/pipeline_parallel/Llama2-13B/trace_10_channels_per_block_seqlen_2432.txt
/home/aatmaj/CENT/aim_simulator/build/ramulator2 -f /home/aatmaj/CENT/aim_simulator/test/example.yaml -t /home/aatmaj/CENT/experiments/dda_full_sweep/traces/32_channels_per_device/15_devices/pipeline_parallel/Llama2-13B/trace_10_channels_per_block_seqlen_2560.txt
/home/aatmaj/CENT/aim_simulator/build/ramulator2 -f /home/aatmaj/CENT/aim_simulator/test/example.yaml -t /home/aatmaj/CENT/experiments/dda_full_sweep/traces/32_channels_per_device/15_devices/pipeline_parallel/Llama2-13B/trace_10_channels_per_block_seqlen_2688.txt
/home/aatmaj/CENT/aim_simulator/build/ramulator2 -f /home/aatmaj/CENT/aim_simulator/test/example.yaml -t /home/aatmaj/CENT/experiments/dda_full_sweep/traces/32_channels_per_device/15_devices/pipeline_parallel/Llama2-13B/trace_10_channels_per_block_seqlen_2816.txt
/home/aatmaj/CENT/aim_simulator/build/ramulator2 -f /home/aatmaj/CENT/aim_simulator/test/example.yaml -t /home/aatmaj/CENT/experiments/dda_full_sweep/traces/32_channels_per_device/15_devices/pipeline_parallel/Llama2-13B/trace_10_channels_per_block_seqlen_2944.txt
/home/aatmaj/CENT/aim_simulator/build/ramulator2 -f /home/aatmaj/CENT/aim_simulator/test/example.yaml -t /home/aatmaj/CENT/experiments/dda_full_sweep/traces/32_channels_per_device/15_devices/pipeline_parallel/Llama2-13B/trace_10_channels_per_block_seqlen_3072.txt
/home/aatmaj/CENT/aim_simulator/build/ramulator2 -f /home/aatmaj/CENT/aim_simulator/test/example.yaml -t /home/aatmaj/CENT/experiments/dda_full_sweep/traces/32_channels_per_device/15_devices/pipeline_parallel/Llama2-13B/trace_10_channels_per_block_seqlen_3200.txt
/home/aatmaj/CENT/aim_simulator/build/ramulator2 -f /home/aatmaj/CENT/aim_simulator/test/example.yaml -t /home/aatmaj/CENT/experiments/dda_full_sweep/traces/32_channels_per_device/15_devices/pipeline_parallel/Llama2-13B/trace_10_channels_per_block_seqlen_3328.txt
/home/aatmaj/CENT/aim_simulator/build/ramulator2 -f /home/aatmaj/CENT/aim_simulator/test/example.yaml -t /home/aatmaj/CENT/experiments/dda_full_sweep/traces/32_channels_per_device/15_devices/pipeline_parallel/Llama2-13B/trace_10_channels_per_block_seqlen_3456.txt
/home/aatmaj/CENT/aim_simulator/build/ramulator2 -f /home/aatmaj/CENT/aim_simulator/test/example.yaml -t /home/aatmaj/CENT/experiments/dda_full_sweep/traces/32_channels_per_device/15_devices/pipeline_parallel/Llama2-13B/trace_10_channels_per_block_seqlen_3584.txt
/home/aatmaj/CENT/aim_simulator/build/ramulator2 -f /home/aatmaj/CENT/aim_simulator/test/example.yaml -t /home/aatmaj/CENT/experiments/dda_full_sweep/traces/32_channels_per_device/15_devices/pipeline_parallel/Llama2-13B/trace_10_channels_per_block_seqlen_3712.txt
/home/aatmaj/CENT/experiments/dda_full_sweep/simulation/run_sim_full32.py:460: FutureWarning: The behavior of DataFrame concatenation with empty or all-NA entries is deprecated. In a future version, this will no longer exclude empty or all-NA columns when determining the result dtypes. To retain the old behavior, exclude the relevant entries before the concat operation.
  results_df = pd.concat([results_df, new_df], ignore_index=True)
/home/aatmaj/CENT/aim_simulator/build/ramulator2 -f /home/aatmaj/CENT/aim_simulator/test/example.yaml -t /home/aatmaj/CENT/experiments/dda_full_sweep/traces/32_channels_per_device/15_devices/pipeline_parallel/Llama2-13B/trace_10_channels_per_block_seqlen_3840.txt
/home/aatmaj/CENT/aim_simulator/build/ramulator2 -f /home/aatmaj/CENT/aim_simulator/test/example.yaml -t /home/aatmaj/CENT/experiments/dda_full_sweep/traces/32_channels_per_device/15_devices/pipeline_parallel/Llama2-13B/trace_10_channels_per_block_seqlen_3968.txt
/home/aatmaj/CENT/aim_simulator/build/ramulator2 -f /home/aatmaj/CENT/aim_simulator/test/example.yaml -t /home/aatmaj/CENT/experiments/dda_full_sweep/traces/32_channels_per_device/15_devices/pipeline_parallel/Llama2-13B/trace_10_channels_per_block_seqlen_4096.txt
Processing results...
Updating simulation results to CSV...
=== Pool T | Llama2-13B | N_T=17 | TP=1, PP=layers ===
Generating traces for Llama2-13B (17 devices) ...
/home/aatmaj/CENT/aim_simulator/build/ramulator2 -f /home/aatmaj/CENT/aim_simulator/test/example.yaml -t /home/aatmaj/CENT/experiments/dda_full_sweep/traces/32_channels_per_device/17_devices/pipeline_parallel_embedding/Llama2-13B/trace_10_channels_per_block_seqlen_4096.txt
/home/aatmaj/CENT/aim_simulator/build/ramulator2 -f /home/aatmaj/CENT/aim_simulator/test/example.yaml -t /home/aatmaj/CENT/experiments/dda_full_sweep/traces/32_channels_per_device/17_devices/pipeline_parallel/Llama2-13B/trace_10_channels_per_block_seqlen_128.txt
/home/aatmaj/CENT/aim_simulator/build/ramulator2 -f /home/aatmaj/CENT/aim_simulator/test/example.yaml -t /home/aatmaj/CENT/experiments/dda_full_sweep/traces/32_channels_per_device/17_devices/pipeline_parallel/Llama2-13B/trace_10_channels_per_block_seqlen_256.txt
/home/aatmaj/CENT/aim_simulator/build/ramulator2 -f /home/aatmaj/CENT/aim_simulator/test/example.yaml -t /home/aatmaj/CENT/experiments/dda_full_sweep/traces/32_channels_per_device/17_devices/pipeline_parallel/Llama2-13B/trace_10_channels_per_block_seqlen_384.txt
/home/aatmaj/CENT/aim_simulator/build/ramulator2 -f /home/aatmaj/CENT/aim_simulator/test/example.yaml -t /home/aatmaj/CENT/experiments/dda_full_sweep/traces/32_channels_per_device/17_devices/pipeline_parallel/Llama2-13B/trace_10_channels_per_block_seqlen_512.txt
/home/aatmaj/CENT/aim_simulator/build/ramulator2 -f /home/aatmaj/CENT/aim_simulator/test/example.yaml -t /home/aatmaj/CENT/experiments/dda_full_sweep/traces/32_channels_per_device/17_devices/pipeline_parallel/Llama2-13B/trace_10_channels_per_block_seqlen_640.txt
/home/aatmaj/CENT/aim_simulator/build/ramulator2 -f /home/aatmaj/CENT/aim_simulator/test/example.yaml -t /home/aatmaj/CENT/experiments/dda_full_sweep/traces/32_channels_per_device/17_devices/pipeline_parallel/Llama2-13B/trace_10_channels_per_block_seqlen_768.txt
/home/aatmaj/CENT/aim_simulator/build/ramulator2 -f /home/aatmaj/CENT/aim_simulator/test/example.yaml -t /home/aatmaj/CENT/experiments/dda_full_sweep/traces/32_channels_per_device/17_devices/pipeline_parallel/Llama2-13B/trace_10_channels_per_block_seqlen_896.txt
/home/aatmaj/CENT/aim_simulator/build/ramulator2 -f /home/aatmaj/CENT/aim_simulator/test/example.yaml -t /home/aatmaj/CENT/experiments/dda_full_sweep/traces/32_channels_per_device/17_devices/pipeline_parallel/Llama2-13B/trace_10_channels_per_block_seqlen_1024.txt
/home/aatmaj/CENT/aim_simulator/build/ramulator2 -f /home/aatmaj/CENT/aim_simulator/test/example.yaml -t /home/aatmaj/CENT/experiments/dda_full_sweep/traces/32_channels_per_device/17_devices/pipeline_parallel/Llama2-13B/trace_10_channels_per_block_seqlen_1152.txt
/home/aatmaj/CENT/aim_simulator/build/ramulator2 -f /home/aatmaj/CENT/aim_simulator/test/example.yaml -t /home/aatmaj/CENT/experiments/dda_full_sweep/traces/32_channels_per_device/17_devices/pipeline_parallel/Llama2-13B/trace_10_channels_per_block_seqlen_1280.txt
/home/aatmaj/CENT/aim_simulator/build/ramulator2 -f /home/aatmaj/CENT/aim_simulator/test/example.yaml -t /home/aatmaj/CENT/experiments/dda_full_sweep/traces/32_channels_per_device/17_devices/pipeline_parallel/Llama2-13B/trace_10_channels_per_block_seqlen_1408.txt
/home/aatmaj/CENT/aim_simulator/build/ramulator2 -f /home/aatmaj/CENT/aim_simulator/test/example.yaml -t /home/aatmaj/CENT/experiments/dda_full_sweep/traces/32_channels_per_device/17_devices/pipeline_parallel/Llama2-13B/trace_10_channels_per_block_seqlen_1536.txt
/home/aatmaj/CENT/aim_simulator/build/ramulator2 -f /home/aatmaj/CENT/aim_simulator/test/example.yaml -t /home/aatmaj/CENT/experiments/dda_full_sweep/traces/32_channels_per_device/17_devices/pipeline_parallel/Llama2-13B/trace_10_channels_per_block_seqlen_1664.txt
/home/aatmaj/CENT/aim_simulator/build/ramulator2 -f /home/aatmaj/CENT/aim_simulator/test/example.yaml -t /home/aatmaj/CENT/experiments/dda_full_sweep/traces/32_channels_per_device/17_devices/pipeline_parallel/Llama2-13B/trace_10_channels_per_block_seqlen_1792.txt
/home/aatmaj/CENT/aim_simulator/build/ramulator2 -f /home/aatmaj/CENT/aim_simulator/test/example.yaml -t /home/aatmaj/CENT/experiments/dda_full_sweep/traces/32_channels_per_device/17_devices/pipeline_parallel/Llama2-13B/trace_10_channels_per_block_seqlen_1920.txt
/home/aatmaj/CENT/aim_simulator/build/ramulator2 -f /home/aatmaj/CENT/aim_simulator/test/example.yaml -t /home/aatmaj/CENT/experiments/dda_full_sweep/traces/32_channels_per_device/17_devices/pipeline_parallel/Llama2-13B/trace_10_channels_per_block_seqlen_2048.txt
/home/aatmaj/CENT/aim_simulator/build/ramulator2 -f /home/aatmaj/CENT/aim_simulator/test/example.yaml -t /home/aatmaj/CENT/experiments/dda_full_sweep/traces/32_channels_per_device/17_devices/pipeline_parallel/Llama2-13B/trace_10_channels_per_block_seqlen_2176.txt
/home/aatmaj/CENT/aim_simulator/build/ramulator2 -f /home/aatmaj/CENT/aim_simulator/test/example.yaml -t /home/aatmaj/CENT/experiments/dda_full_sweep/traces/32_channels_per_device/17_devices/pipeline_parallel/Llama2-13B/trace_10_channels_per_block_seqlen_2304.txt
/home/aatmaj/CENT/aim_simulator/build/ramulator2 -f /home/aatmaj/CENT/aim_simulator/test/example.yaml -t /home/aatmaj/CENT/experiments/dda_full_sweep/traces/32_channels_per_device/17_devices/pipeline_parallel/Llama2-13B/trace_10_channels_per_block_seqlen_2432.txt
/home/aatmaj/CENT/aim_simulator/build/ramulator2 -f /home/aatmaj/CENT/aim_simulator/test/example.yaml -t /home/aatmaj/CENT/experiments/dda_full_sweep/traces/32_channels_per_device/17_devices/pipeline_parallel/Llama2-13B/trace_10_channels_per_block_seqlen_2560.txt
/home/aatmaj/CENT/aim_simulator/build/ramulator2 -f /home/aatmaj/CENT/aim_simulator/test/example.yaml -t /home/aatmaj/CENT/experiments/dda_full_sweep/traces/32_channels_per_device/17_devices/pipeline_parallel/Llama2-13B/trace_10_channels_per_block_seqlen_2688.txt
/home/aatmaj/CENT/aim_simulator/build/ramulator2 -f /home/aatmaj/CENT/aim_simulator/test/example.yaml -t /home/aatmaj/CENT/experiments/dda_full_sweep/traces/32_channels_per_device/17_devices/pipeline_parallel/Llama2-13B/trace_10_channels_per_block_seqlen_2816.txt
/home/aatmaj/CENT/aim_simulator/build/ramulator2 -f /home/aatmaj/CENT/aim_simulator/test/example.yaml -t /home/aatmaj/CENT/experiments/dda_full_sweep/traces/32_channels_per_device/17_devices/pipeline_parallel/Llama2-13B/trace_10_channels_per_block_seqlen_2944.txt
/home/aatmaj/CENT/aim_simulator/build/ramulator2 -f /home/aatmaj/CENT/aim_simulator/test/example.yaml -t /home/aatmaj/CENT/experiments/dda_full_sweep/traces/32_channels_per_device/17_devices/pipeline_parallel/Llama2-13B/trace_10_channels_per_block_seqlen_3072.txt
/home/aatmaj/CENT/aim_simulator/build/ramulator2 -f /home/aatmaj/CENT/aim_simulator/test/example.yaml -t /home/aatmaj/CENT/experiments/dda_full_sweep/traces/32_channels_per_device/17_devices/pipeline_parallel/Llama2-13B/trace_10_channels_per_block_seqlen_3200.txt
/home/aatmaj/CENT/aim_simulator/build/ramulator2 -f /home/aatmaj/CENT/aim_simulator/test/example.yaml -t /home/aatmaj/CENT/experiments/dda_full_sweep/traces/32_channels_per_device/17_devices/pipeline_parallel/Llama2-13B/trace_10_channels_per_block_seqlen_3328.txt
/home/aatmaj/CENT/aim_simulator/build/ramulator2 -f /home/aatmaj/CENT/aim_simulator/test/example.yaml -t /home/aatmaj/CENT/experiments/dda_full_sweep/traces/32_channels_per_device/17_devices/pipeline_parallel/Llama2-13B/trace_10_channels_per_block_seqlen_3456.txt
/home/aatmaj/CENT/aim_simulator/build/ramulator2 -f /home/aatmaj/CENT/aim_simulator/test/example.yaml -t /home/aatmaj/CENT/experiments/dda_full_sweep/traces/32_channels_per_device/17_devices/pipeline_parallel/Llama2-13B/trace_10_channels_per_block_seqlen_3584.txt
/home/aatmaj/CENT/aim_simulator/build/ramulator2 -f /home/aatmaj/CENT/aim_simulator/test/example.yaml -t /home/aatmaj/CENT/experiments/dda_full_sweep/traces/32_channels_per_device/17_devices/pipeline_parallel/Llama2-13B/trace_10_channels_per_block_seqlen_3712.txt
/home/aatmaj/CENT/experiments/dda_full_sweep/simulation/run_sim_full32.py:460: FutureWarning: The behavior of DataFrame concatenation with empty or all-NA entries is deprecated. In a future version, this will no longer exclude empty or all-NA columns when determining the result dtypes. To retain the old behavior, exclude the relevant entries before the concat operation.
  results_df = pd.concat([results_df, new_df], ignore_index=True)
/home/aatmaj/CENT/aim_simulator/build/ramulator2 -f /home/aatmaj/CENT/aim_simulator/test/example.yaml -t /home/aatmaj/CENT/experiments/dda_full_sweep/traces/32_channels_per_device/17_devices/pipeline_parallel/Llama2-13B/trace_10_channels_per_block_seqlen_3840.txt
/home/aatmaj/CENT/aim_simulator/build/ramulator2 -f /home/aatmaj/CENT/aim_simulator/test/example.yaml -t /home/aatmaj/CENT/experiments/dda_full_sweep/traces/32_channels_per_device/17_devices/pipeline_parallel/Llama2-13B/trace_10_channels_per_block_seqlen_3968.txt
/home/aatmaj/CENT/aim_simulator/build/ramulator2 -f /home/aatmaj/CENT/aim_simulator/test/example.yaml -t /home/aatmaj/CENT/experiments/dda_full_sweep/traces/32_channels_per_device/17_devices/pipeline_parallel/Llama2-13B/trace_10_channels_per_block_seqlen_4096.txt
Processing results...
Updating simulation results to CSV...
=== Pool T | Llama2-13B | N_T=19 | TP=1, PP=layers ===
Generating traces for Llama2-13B (19 devices) ...
/home/aatmaj/CENT/aim_simulator/build/ramulator2 -f /home/aatmaj/CENT/aim_simulator/test/example.yaml -t /home/aatmaj/CENT/experiments/dda_full_sweep/traces/32_channels_per_device/19_devices/pipeline_parallel_embedding/Llama2-13B/trace_10_channels_per_block_seqlen_4096.txt
/home/aatmaj/CENT/aim_simulator/build/ramulator2 -f /home/aatmaj/CENT/aim_simulator/test/example.yaml -t /home/aatmaj/CENT/experiments/dda_full_sweep/traces/32_channels_per_device/19_devices/pipeline_parallel/Llama2-13B/trace_10_channels_per_block_seqlen_128.txt
/home/aatmaj/CENT/aim_simulator/build/ramulator2 -f /home/aatmaj/CENT/aim_simulator/test/example.yaml -t /home/aatmaj/CENT/experiments/dda_full_sweep/traces/32_channels_per_device/19_devices/pipeline_parallel/Llama2-13B/trace_10_channels_per_block_seqlen_256.txt
/home/aatmaj/CENT/aim_simulator/build/ramulator2 -f /home/aatmaj/CENT/aim_simulator/test/example.yaml -t /home/aatmaj/CENT/experiments/dda_full_sweep/traces/32_channels_per_device/19_devices/pipeline_parallel/Llama2-13B/trace_10_channels_per_block_seqlen_384.txt
/home/aatmaj/CENT/aim_simulator/build/ramulator2 -f /home/aatmaj/CENT/aim_simulator/test/example.yaml -t /home/aatmaj/CENT/experiments/dda_full_sweep/traces/32_channels_per_device/19_devices/pipeline_parallel/Llama2-13B/trace_10_channels_per_block_seqlen_512.txt
/home/aatmaj/CENT/aim_simulator/build/ramulator2 -f /home/aatmaj/CENT/aim_simulator/test/example.yaml -t /home/aatmaj/CENT/experiments/dda_full_sweep/traces/32_channels_per_device/19_devices/pipeline_parallel/Llama2-13B/trace_10_channels_per_block_seqlen_640.txt
/home/aatmaj/CENT/aim_simulator/build/ramulator2 -f /home/aatmaj/CENT/aim_simulator/test/example.yaml -t /home/aatmaj/CENT/experiments/dda_full_sweep/traces/32_channels_per_device/19_devices/pipeline_parallel/Llama2-13B/trace_10_channels_per_block_seqlen_768.txt
/home/aatmaj/CENT/aim_simulator/build/ramulator2 -f /home/aatmaj/CENT/aim_simulator/test/example.yaml -t /home/aatmaj/CENT/experiments/dda_full_sweep/traces/32_channels_per_device/19_devices/pipeline_parallel/Llama2-13B/trace_10_channels_per_block_seqlen_896.txt
/home/aatmaj/CENT/aim_simulator/build/ramulator2 -f /home/aatmaj/CENT/aim_simulator/test/example.yaml -t /home/aatmaj/CENT/experiments/dda_full_sweep/traces/32_channels_per_device/19_devices/pipeline_parallel/Llama2-13B/trace_10_channels_per_block_seqlen_1024.txt
/home/aatmaj/CENT/aim_simulator/build/ramulator2 -f /home/aatmaj/CENT/aim_simulator/test/example.yaml -t /home/aatmaj/CENT/experiments/dda_full_sweep/traces/32_channels_per_device/19_devices/pipeline_parallel/Llama2-13B/trace_10_channels_per_block_seqlen_1152.txt
/home/aatmaj/CENT/aim_simulator/build/ramulator2 -f /home/aatmaj/CENT/aim_simulator/test/example.yaml -t /home/aatmaj/CENT/experiments/dda_full_sweep/traces/32_channels_per_device/19_devices/pipeline_parallel/Llama2-13B/trace_10_channels_per_block_seqlen_1280.txt
/home/aatmaj/CENT/aim_simulator/build/ramulator2 -f /home/aatmaj/CENT/aim_simulator/test/example.yaml -t /home/aatmaj/CENT/experiments/dda_full_sweep/traces/32_channels_per_device/19_devices/pipeline_parallel/Llama2-13B/trace_10_channels_per_block_seqlen_1408.txt
/home/aatmaj/CENT/aim_simulator/build/ramulator2 -f /home/aatmaj/CENT/aim_simulator/test/example.yaml -t /home/aatmaj/CENT/experiments/dda_full_sweep/traces/32_channels_per_device/19_devices/pipeline_parallel/Llama2-13B/trace_10_channels_per_block_seqlen_1536.txt
/home/aatmaj/CENT/aim_simulator/build/ramulator2 -f /home/aatmaj/CENT/aim_simulator/test/example.yaml -t /home/aatmaj/CENT/experiments/dda_full_sweep/traces/32_channels_per_device/19_devices/pipeline_parallel/Llama2-13B/trace_10_channels_per_block_seqlen_1664.txt
/home/aatmaj/CENT/aim_simulator/build/ramulator2 -f /home/aatmaj/CENT/aim_simulator/test/example.yaml -t /home/aatmaj/CENT/experiments/dda_full_sweep/traces/32_channels_per_device/19_devices/pipeline_parallel/Llama2-13B/trace_10_channels_per_block_seqlen_1792.txt
/home/aatmaj/CENT/aim_simulator/build/ramulator2 -f /home/aatmaj/CENT/aim_simulator/test/example.yaml -t /home/aatmaj/CENT/experiments/dda_full_sweep/traces/32_channels_per_device/19_devices/pipeline_parallel/Llama2-13B/trace_10_channels_per_block_seqlen_1920.txt
/home/aatmaj/CENT/aim_simulator/build/ramulator2 -f /home/aatmaj/CENT/aim_simulator/test/example.yaml -t /home/aatmaj/CENT/experiments/dda_full_sweep/traces/32_channels_per_device/19_devices/pipeline_parallel/Llama2-13B/trace_10_channels_per_block_seqlen_2048.txt
/home/aatmaj/CENT/aim_simulator/build/ramulator2 -f /home/aatmaj/CENT/aim_simulator/test/example.yaml -t /home/aatmaj/CENT/experiments/dda_full_sweep/traces/32_channels_per_device/19_devices/pipeline_parallel/Llama2-13B/trace_10_channels_per_block_seqlen_2176.txt
/home/aatmaj/CENT/aim_simulator/build/ramulator2 -f /home/aatmaj/CENT/aim_simulator/test/example.yaml -t /home/aatmaj/CENT/experiments/dda_full_sweep/traces/32_channels_per_device/19_devices/pipeline_parallel/Llama2-13B/trace_10_channels_per_block_seqlen_2304.txt
/home/aatmaj/CENT/aim_simulator/build/ramulator2 -f /home/aatmaj/CENT/aim_simulator/test/example.yaml -t /home/aatmaj/CENT/experiments/dda_full_sweep/traces/32_channels_per_device/19_devices/pipeline_parallel/Llama2-13B/trace_10_channels_per_block_seqlen_2432.txt
/home/aatmaj/CENT/aim_simulator/build/ramulator2 -f /home/aatmaj/CENT/aim_simulator/test/example.yaml -t /home/aatmaj/CENT/experiments/dda_full_sweep/traces/32_channels_per_device/19_devices/pipeline_parallel/Llama2-13B/trace_10_channels_per_block_seqlen_2560.txt
/home/aatmaj/CENT/aim_simulator/build/ramulator2 -f /home/aatmaj/CENT/aim_simulator/test/example.yaml -t /home/aatmaj/CENT/experiments/dda_full_sweep/traces/32_channels_per_device/19_devices/pipeline_parallel/Llama2-13B/trace_10_channels_per_block_seqlen_2688.txt
/home/aatmaj/CENT/aim_simulator/build/ramulator2 -f /home/aatmaj/CENT/aim_simulator/test/example.yaml -t /home/aatmaj/CENT/experiments/dda_full_sweep/traces/32_channels_per_device/19_devices/pipeline_parallel/Llama2-13B/trace_10_channels_per_block_seqlen_2816.txt
/home/aatmaj/CENT/aim_simulator/build/ramulator2 -f /home/aatmaj/CENT/aim_simulator/test/example.yaml -t /home/aatmaj/CENT/experiments/dda_full_sweep/traces/32_channels_per_device/19_devices/pipeline_parallel/Llama2-13B/trace_10_channels_per_block_seqlen_2944.txt
/home/aatmaj/CENT/aim_simulator/build/ramulator2 -f /home/aatmaj/CENT/aim_simulator/test/example.yaml -t /home/aatmaj/CENT/experiments/dda_full_sweep/traces/32_channels_per_device/19_devices/pipeline_parallel/Llama2-13B/trace_10_channels_per_block_seqlen_3072.txt
/home/aatmaj/CENT/aim_simulator/build/ramulator2 -f /home/aatmaj/CENT/aim_simulator/test/example.yaml -t /home/aatmaj/CENT/experiments/dda_full_sweep/traces/32_channels_per_device/19_devices/pipeline_parallel/Llama2-13B/trace_10_channels_per_block_seqlen_3200.txt
/home/aatmaj/CENT/aim_simulator/build/ramulator2 -f /home/aatmaj/CENT/aim_simulator/test/example.yaml -t /home/aatmaj/CENT/experiments/dda_full_sweep/traces/32_channels_per_device/19_devices/pipeline_parallel/Llama2-13B/trace_10_channels_per_block_seqlen_3328.txt
/home/aatmaj/CENT/aim_simulator/build/ramulator2 -f /home/aatmaj/CENT/aim_simulator/test/example.yaml -t /home/aatmaj/CENT/experiments/dda_full_sweep/traces/32_channels_per_device/19_devices/pipeline_parallel/Llama2-13B/trace_10_channels_per_block_seqlen_3456.txt
/home/aatmaj/CENT/aim_simulator/build/ramulator2 -f /home/aatmaj/CENT/aim_simulator/test/example.yaml -t /home/aatmaj/CENT/experiments/dda_full_sweep/traces/32_channels_per_device/19_devices/pipeline_parallel/Llama2-13B/trace_10_channels_per_block_seqlen_3584.txt
/home/aatmaj/CENT/aim_simulator/build/ramulator2 -f /home/aatmaj/CENT/aim_simulator/test/example.yaml -t /home/aatmaj/CENT/experiments/dda_full_sweep/traces/32_channels_per_device/19_devices/pipeline_parallel/Llama2-13B/trace_10_channels_per_block_seqlen_3712.txt
/home/aatmaj/CENT/experiments/dda_full_sweep/simulation/run_sim_full32.py:460: FutureWarning: The behavior of DataFrame concatenation with empty or all-NA entries is deprecated. In a future version, this will no longer exclude empty or all-NA columns when determining the result dtypes. To retain the old behavior, exclude the relevant entries before the concat operation.
  results_df = pd.concat([results_df, new_df], ignore_index=True)
/home/aatmaj/CENT/aim_simulator/build/ramulator2 -f /home/aatmaj/CENT/aim_simulator/test/example.yaml -t /home/aatmaj/CENT/experiments/dda_full_sweep/traces/32_channels_per_device/19_devices/pipeline_parallel/Llama2-13B/trace_10_channels_per_block_seqlen_3840.txt
/home/aatmaj/CENT/aim_simulator/build/ramulator2 -f /home/aatmaj/CENT/aim_simulator/test/example.yaml -t /home/aatmaj/CENT/experiments/dda_full_sweep/traces/32_channels_per_device/19_devices/pipeline_parallel/Llama2-13B/trace_10_channels_per_block_seqlen_3968.txt
/home/aatmaj/CENT/aim_simulator/build/ramulator2 -f /home/aatmaj/CENT/aim_simulator/test/example.yaml -t /home/aatmaj/CENT/experiments/dda_full_sweep/traces/32_channels_per_device/19_devices/pipeline_parallel/Llama2-13B/trace_10_channels_per_block_seqlen_4096.txt
Processing results...
Updating simulation results to CSV...
=== Pool T | Llama2-13B | N_T=21 | TP=1, PP=layers ===
Generating traces for Llama2-13B (21 devices) ...
/home/aatmaj/CENT/aim_simulator/build/ramulator2 -f /home/aatmaj/CENT/aim_simulator/test/example.yaml -t /home/aatmaj/CENT/experiments/dda_full_sweep/traces/32_channels_per_device/21_devices/pipeline_parallel_embedding/Llama2-13B/trace_16_channels_per_block_seqlen_4096.txt
/home/aatmaj/CENT/aim_simulator/build/ramulator2 -f /home/aatmaj/CENT/aim_simulator/test/example.yaml -t /home/aatmaj/CENT/experiments/dda_full_sweep/traces/32_channels_per_device/21_devices/pipeline_parallel/Llama2-13B/trace_16_channels_per_block_seqlen_128.txt
/home/aatmaj/CENT/aim_simulator/build/ramulator2 -f /home/aatmaj/CENT/aim_simulator/test/example.yaml -t /home/aatmaj/CENT/experiments/dda_full_sweep/traces/32_channels_per_device/21_devices/pipeline_parallel/Llama2-13B/trace_16_channels_per_block_seqlen_256.txt
/home/aatmaj/CENT/aim_simulator/build/ramulator2 -f /home/aatmaj/CENT/aim_simulator/test/example.yaml -t /home/aatmaj/CENT/experiments/dda_full_sweep/traces/32_channels_per_device/21_devices/pipeline_parallel/Llama2-13B/trace_16_channels_per_block_seqlen_384.txt
/home/aatmaj/CENT/aim_simulator/build/ramulator2 -f /home/aatmaj/CENT/aim_simulator/test/example.yaml -t /home/aatmaj/CENT/experiments/dda_full_sweep/traces/32_channels_per_device/21_devices/pipeline_parallel/Llama2-13B/trace_16_channels_per_block_seqlen_512.txt
/home/aatmaj/CENT/aim_simulator/build/ramulator2 -f /home/aatmaj/CENT/aim_simulator/test/example.yaml -t /home/aatmaj/CENT/experiments/dda_full_sweep/traces/32_channels_per_device/21_devices/pipeline_parallel/Llama2-13B/trace_16_channels_per_block_seqlen_640.txt
/home/aatmaj/CENT/aim_simulator/build/ramulator2 -f /home/aatmaj/CENT/aim_simulator/test/example.yaml -t /home/aatmaj/CENT/experiments/dda_full_sweep/traces/32_channels_per_device/21_devices/pipeline_parallel/Llama2-13B/trace_16_channels_per_block_seqlen_768.txt
/home/aatmaj/CENT/aim_simulator/build/ramulator2 -f /home/aatmaj/CENT/aim_simulator/test/example.yaml -t /home/aatmaj/CENT/experiments/dda_full_sweep/traces/32_channels_per_device/21_devices/pipeline_parallel/Llama2-13B/trace_16_channels_per_block_seqlen_896.txt
/home/aatmaj/CENT/aim_simulator/build/ramulator2 -f /home/aatmaj/CENT/aim_simulator/test/example.yaml -t /home/aatmaj/CENT/experiments/dda_full_sweep/traces/32_channels_per_device/21_devices/pipeline_parallel/Llama2-13B/trace_16_channels_per_block_seqlen_1024.txt
/home/aatmaj/CENT/aim_simulator/build/ramulator2 -f /home/aatmaj/CENT/aim_simulator/test/example.yaml -t /home/aatmaj/CENT/experiments/dda_full_sweep/traces/32_channels_per_device/21_devices/pipeline_parallel/Llama2-13B/trace_16_channels_per_block_seqlen_1152.txt
/home/aatmaj/CENT/aim_simulator/build/ramulator2 -f /home/aatmaj/CENT/aim_simulator/test/example.yaml -t /home/aatmaj/CENT/experiments/dda_full_sweep/traces/32_channels_per_device/21_devices/pipeline_parallel/Llama2-13B/trace_16_channels_per_block_seqlen_1280.txt
/home/aatmaj/CENT/aim_simulator/build/ramulator2 -f /home/aatmaj/CENT/aim_simulator/test/example.yaml -t /home/aatmaj/CENT/experiments/dda_full_sweep/traces/32_channels_per_device/21_devices/pipeline_parallel/Llama2-13B/trace_16_channels_per_block_seqlen_1408.txt
/home/aatmaj/CENT/aim_simulator/build/ramulator2 -f /home/aatmaj/CENT/aim_simulator/test/example.yaml -t /home/aatmaj/CENT/experiments/dda_full_sweep/traces/32_channels_per_device/21_devices/pipeline_parallel/Llama2-13B/trace_16_channels_per_block_seqlen_1536.txt
/home/aatmaj/CENT/aim_simulator/build/ramulator2 -f /home/aatmaj/CENT/aim_simulator/test/example.yaml -t /home/aatmaj/CENT/experiments/dda_full_sweep/traces/32_channels_per_device/21_devices/pipeline_parallel/Llama2-13B/trace_16_channels_per_block_seqlen_1664.txt
/home/aatmaj/CENT/aim_simulator/build/ramulator2 -f /home/aatmaj/CENT/aim_simulator/test/example.yaml -t /home/aatmaj/CENT/experiments/dda_full_sweep/traces/32_channels_per_device/21_devices/pipeline_parallel/Llama2-13B/trace_16_channels_per_block_seqlen_1792.txt
/home/aatmaj/CENT/aim_simulator/build/ramulator2 -f /home/aatmaj/CENT/aim_simulator/test/example.yaml -t /home/aatmaj/CENT/experiments/dda_full_sweep/traces/32_channels_per_device/21_devices/pipeline_parallel/Llama2-13B/trace_16_channels_per_block_seqlen_1920.txt
/home/aatmaj/CENT/aim_simulator/build/ramulator2 -f /home/aatmaj/CENT/aim_simulator/test/example.yaml -t /home/aatmaj/CENT/experiments/dda_full_sweep/traces/32_channels_per_device/21_devices/pipeline_parallel/Llama2-13B/trace_16_channels_per_block_seqlen_2048.txt
/home/aatmaj/CENT/aim_simulator/build/ramulator2 -f /home/aatmaj/CENT/aim_simulator/test/example.yaml -t /home/aatmaj/CENT/experiments/dda_full_sweep/traces/32_channels_per_device/21_devices/pipeline_parallel/Llama2-13B/trace_16_channels_per_block_seqlen_2176.txt
/home/aatmaj/CENT/aim_simulator/build/ramulator2 -f /home/aatmaj/CENT/aim_simulator/test/example.yaml -t /home/aatmaj/CENT/experiments/dda_full_sweep/traces/32_channels_per_device/21_devices/pipeline_parallel/Llama2-13B/trace_16_channels_per_block_seqlen_2304.txt
/home/aatmaj/CENT/aim_simulator/build/ramulator2 -f /home/aatmaj/CENT/aim_simulator/test/example.yaml -t /home/aatmaj/CENT/experiments/dda_full_sweep/traces/32_channels_per_device/21_devices/pipeline_parallel/Llama2-13B/trace_16_channels_per_block_seqlen_2432.txt
/home/aatmaj/CENT/aim_simulator/build/ramulator2 -f /home/aatmaj/CENT/aim_simulator/test/example.yaml -t /home/aatmaj/CENT/experiments/dda_full_sweep/traces/32_channels_per_device/21_devices/pipeline_parallel/Llama2-13B/trace_16_channels_per_block_seqlen_2560.txt
/home/aatmaj/CENT/aim_simulator/build/ramulator2 -f /home/aatmaj/CENT/aim_simulator/test/example.yaml -t /home/aatmaj/CENT/experiments/dda_full_sweep/traces/32_channels_per_device/21_devices/pipeline_parallel/Llama2-13B/trace_16_channels_per_block_seqlen_2688.txt
/home/aatmaj/CENT/aim_simulator/build/ramulator2 -f /home/aatmaj/CENT/aim_simulator/test/example.yaml -t /home/aatmaj/CENT/experiments/dda_full_sweep/traces/32_channels_per_device/21_devices/pipeline_parallel/Llama2-13B/trace_16_channels_per_block_seqlen_2816.txt
/home/aatmaj/CENT/aim_simulator/build/ramulator2 -f /home/aatmaj/CENT/aim_simulator/test/example.yaml -t /home/aatmaj/CENT/experiments/dda_full_sweep/traces/32_channels_per_device/21_devices/pipeline_parallel/Llama2-13B/trace_16_channels_per_block_seqlen_2944.txt
/home/aatmaj/CENT/aim_simulator/build/ramulator2 -f /home/aatmaj/CENT/aim_simulator/test/example.yaml -t /home/aatmaj/CENT/experiments/dda_full_sweep/traces/32_channels_per_device/21_devices/pipeline_parallel/Llama2-13B/trace_16_channels_per_block_seqlen_3072.txt
/home/aatmaj/CENT/aim_simulator/build/ramulator2 -f /home/aatmaj/CENT/aim_simulator/test/example.yaml -t /home/aatmaj/CENT/experiments/dda_full_sweep/traces/32_channels_per_device/21_devices/pipeline_parallel/Llama2-13B/trace_16_channels_per_block_seqlen_3200.txt
/home/aatmaj/CENT/aim_simulator/build/ramulator2 -f /home/aatmaj/CENT/aim_simulator/test/example.yaml -t /home/aatmaj/CENT/experiments/dda_full_sweep/traces/32_channels_per_device/21_devices/pipeline_parallel/Llama2-13B/trace_16_channels_per_block_seqlen_3328.txt
/home/aatmaj/CENT/aim_simulator/build/ramulator2 -f /home/aatmaj/CENT/aim_simulator/test/example.yaml -t /home/aatmaj/CENT/experiments/dda_full_sweep/traces/32_channels_per_device/21_devices/pipeline_parallel/Llama2-13B/trace_16_channels_per_block_seqlen_3456.txt
/home/aatmaj/CENT/aim_simulator/build/ramulator2 -f /home/aatmaj/CENT/aim_simulator/test/example.yaml -t /home/aatmaj/CENT/experiments/dda_full_sweep/traces/32_channels_per_device/21_devices/pipeline_parallel/Llama2-13B/trace_16_channels_per_block_seqlen_3584.txt
/home/aatmaj/CENT/aim_simulator/build/ramulator2 -f /home/aatmaj/CENT/aim_simulator/test/example.yaml -t /home/aatmaj/CENT/experiments/dda_full_sweep/traces/32_channels_per_device/21_devices/pipeline_parallel/Llama2-13B/trace_16_channels_per_block_seqlen_3712.txt
/home/aatmaj/CENT/experiments/dda_full_sweep/simulation/run_sim_full32.py:460: FutureWarning: The behavior of DataFrame concatenation with empty or all-NA entries is deprecated. In a future version, this will no longer exclude empty or all-NA columns when determining the result dtypes. To retain the old behavior, exclude the relevant entries before the concat operation.
  results_df = pd.concat([results_df, new_df], ignore_index=True)
/home/aatmaj/CENT/aim_simulator/build/ramulator2 -f /home/aatmaj/CENT/aim_simulator/test/example.yaml -t /home/aatmaj/CENT/experiments/dda_full_sweep/traces/32_channels_per_device/21_devices/pipeline_parallel/Llama2-13B/trace_16_channels_per_block_seqlen_3840.txt
/home/aatmaj/CENT/aim_simulator/build/ramulator2 -f /home/aatmaj/CENT/aim_simulator/test/example.yaml -t /home/aatmaj/CENT/experiments/dda_full_sweep/traces/32_channels_per_device/21_devices/pipeline_parallel/Llama2-13B/trace_16_channels_per_block_seqlen_3968.txt
/home/aatmaj/CENT/aim_simulator/build/ramulator2 -f /home/aatmaj/CENT/aim_simulator/test/example.yaml -t /home/aatmaj/CENT/experiments/dda_full_sweep/traces/32_channels_per_device/21_devices/pipeline_parallel/Llama2-13B/trace_16_channels_per_block_seqlen_4096.txt
Processing results...
Updating simulation results to CSV...
=== Pool T | Llama2-13B | N_T=23 | TP=1, PP=layers ===
Generating traces for Llama2-13B (23 devices) ...
/home/aatmaj/CENT/aim_simulator/build/ramulator2 -f /home/aatmaj/CENT/aim_simulator/test/example.yaml -t /home/aatmaj/CENT/experiments/dda_full_sweep/traces/32_channels_per_device/23_devices/pipeline_parallel_embedding/Llama2-13B/trace_16_channels_per_block_seqlen_4096.txt
/home/aatmaj/CENT/aim_simulator/build/ramulator2 -f /home/aatmaj/CENT/aim_simulator/test/example.yaml -t /home/aatmaj/CENT/experiments/dda_full_sweep/traces/32_channels_per_device/23_devices/pipeline_parallel/Llama2-13B/trace_16_channels_per_block_seqlen_128.txt
/home/aatmaj/CENT/aim_simulator/build/ramulator2 -f /home/aatmaj/CENT/aim_simulator/test/example.yaml -t /home/aatmaj/CENT/experiments/dda_full_sweep/traces/32_channels_per_device/23_devices/pipeline_parallel/Llama2-13B/trace_16_channels_per_block_seqlen_256.txt
/home/aatmaj/CENT/aim_simulator/build/ramulator2 -f /home/aatmaj/CENT/aim_simulator/test/example.yaml -t /home/aatmaj/CENT/experiments/dda_full_sweep/traces/32_channels_per_device/23_devices/pipeline_parallel/Llama2-13B/trace_16_channels_per_block_seqlen_384.txt
/home/aatmaj/CENT/aim_simulator/build/ramulator2 -f /home/aatmaj/CENT/aim_simulator/test/example.yaml -t /home/aatmaj/CENT/experiments/dda_full_sweep/traces/32_channels_per_device/23_devices/pipeline_parallel/Llama2-13B/trace_16_channels_per_block_seqlen_512.txt
/home/aatmaj/CENT/aim_simulator/build/ramulator2 -f /home/aatmaj/CENT/aim_simulator/test/example.yaml -t /home/aatmaj/CENT/experiments/dda_full_sweep/traces/32_channels_per_device/23_devices/pipeline_parallel/Llama2-13B/trace_16_channels_per_block_seqlen_640.txt
/home/aatmaj/CENT/aim_simulator/build/ramulator2 -f /home/aatmaj/CENT/aim_simulator/test/example.yaml -t /home/aatmaj/CENT/experiments/dda_full_sweep/traces/32_channels_per_device/23_devices/pipeline_parallel/Llama2-13B/trace_16_channels_per_block_seqlen_768.txt
/home/aatmaj/CENT/aim_simulator/build/ramulator2 -f /home/aatmaj/CENT/aim_simulator/test/example.yaml -t /home/aatmaj/CENT/experiments/dda_full_sweep/traces/32_channels_per_device/23_devices/pipeline_parallel/Llama2-13B/trace_16_channels_per_block_seqlen_896.txt
/home/aatmaj/CENT/aim_simulator/build/ramulator2 -f /home/aatmaj/CENT/aim_simulator/test/example.yaml -t /home/aatmaj/CENT/experiments/dda_full_sweep/traces/32_channels_per_device/23_devices/pipeline_parallel/Llama2-13B/trace_16_channels_per_block_seqlen_1024.txt
/home/aatmaj/CENT/aim_simulator/build/ramulator2 -f /home/aatmaj/CENT/aim_simulator/test/example.yaml -t /home/aatmaj/CENT/experiments/dda_full_sweep/traces/32_channels_per_device/23_devices/pipeline_parallel/Llama2-13B/trace_16_channels_per_block_seqlen_1152.txt
/home/aatmaj/CENT/aim_simulator/build/ramulator2 -f /home/aatmaj/CENT/aim_simulator/test/example.yaml -t /home/aatmaj/CENT/experiments/dda_full_sweep/traces/32_channels_per_device/23_devices/pipeline_parallel/Llama2-13B/trace_16_channels_per_block_seqlen_1280.txt
/home/aatmaj/CENT/aim_simulator/build/ramulator2 -f /home/aatmaj/CENT/aim_simulator/test/example.yaml -t /home/aatmaj/CENT/experiments/dda_full_sweep/traces/32_channels_per_device/23_devices/pipeline_parallel/Llama2-13B/trace_16_channels_per_block_seqlen_1408.txt
/home/aatmaj/CENT/aim_simulator/build/ramulator2 -f /home/aatmaj/CENT/aim_simulator/test/example.yaml -t /home/aatmaj/CENT/experiments/dda_full_sweep/traces/32_channels_per_device/23_devices/pipeline_parallel/Llama2-13B/trace_16_channels_per_block_seqlen_1536.txt
/home/aatmaj/CENT/aim_simulator/build/ramulator2 -f /home/aatmaj/CENT/aim_simulator/test/example.yaml -t /home/aatmaj/CENT/experiments/dda_full_sweep/traces/32_channels_per_device/23_devices/pipeline_parallel/Llama2-13B/trace_16_channels_per_block_seqlen_1664.txt
/home/aatmaj/CENT/aim_simulator/build/ramulator2 -f /home/aatmaj/CENT/aim_simulator/test/example.yaml -t /home/aatmaj/CENT/experiments/dda_full_sweep/traces/32_channels_per_device/23_devices/pipeline_parallel/Llama2-13B/trace_16_channels_per_block_seqlen_1792.txt
/home/aatmaj/CENT/aim_simulator/build/ramulator2 -f /home/aatmaj/CENT/aim_simulator/test/example.yaml -t /home/aatmaj/CENT/experiments/dda_full_sweep/traces/32_channels_per_device/23_devices/pipeline_parallel/Llama2-13B/trace_16_channels_per_block_seqlen_1920.txt
/home/aatmaj/CENT/aim_simulator/build/ramulator2 -f /home/aatmaj/CENT/aim_simulator/test/example.yaml -t /home/aatmaj/CENT/experiments/dda_full_sweep/traces/32_channels_per_device/23_devices/pipeline_parallel/Llama2-13B/trace_16_channels_per_block_seqlen_2048.txt
/home/aatmaj/CENT/aim_simulator/build/ramulator2 -f /home/aatmaj/CENT/aim_simulator/test/example.yaml -t /home/aatmaj/CENT/experiments/dda_full_sweep/traces/32_channels_per_device/23_devices/pipeline_parallel/Llama2-13B/trace_16_channels_per_block_seqlen_2176.txt
/home/aatmaj/CENT/aim_simulator/build/ramulator2 -f /home/aatmaj/CENT/aim_simulator/test/example.yaml -t /home/aatmaj/CENT/experiments/dda_full_sweep/traces/32_channels_per_device/23_devices/pipeline_parallel/Llama2-13B/trace_16_channels_per_block_seqlen_2304.txt
/home/aatmaj/CENT/aim_simulator/build/ramulator2 -f /home/aatmaj/CENT/aim_simulator/test/example.yaml -t /home/aatmaj/CENT/experiments/dda_full_sweep/traces/32_channels_per_device/23_devices/pipeline_parallel/Llama2-13B/trace_16_channels_per_block_seqlen_2432.txt
/home/aatmaj/CENT/aim_simulator/build/ramulator2 -f /home/aatmaj/CENT/aim_simulator/test/example.yaml -t /home/aatmaj/CENT/experiments/dda_full_sweep/traces/32_channels_per_device/23_devices/pipeline_parallel/Llama2-13B/trace_16_channels_per_block_seqlen_2560.txt
/home/aatmaj/CENT/aim_simulator/build/ramulator2 -f /home/aatmaj/CENT/aim_simulator/test/example.yaml -t /home/aatmaj/CENT/experiments/dda_full_sweep/traces/32_channels_per_device/23_devices/pipeline_parallel/Llama2-13B/trace_16_channels_per_block_seqlen_2688.txt
/home/aatmaj/CENT/aim_simulator/build/ramulator2 -f /home/aatmaj/CENT/aim_simulator/test/example.yaml -t /home/aatmaj/CENT/experiments/dda_full_sweep/traces/32_channels_per_device/23_devices/pipeline_parallel/Llama2-13B/trace_16_channels_per_block_seqlen_2816.txt
/home/aatmaj/CENT/aim_simulator/build/ramulator2 -f /home/aatmaj/CENT/aim_simulator/test/example.yaml -t /home/aatmaj/CENT/experiments/dda_full_sweep/traces/32_channels_per_device/23_devices/pipeline_parallel/Llama2-13B/trace_16_channels_per_block_seqlen_2944.txt
/home/aatmaj/CENT/aim_simulator/build/ramulator2 -f /home/aatmaj/CENT/aim_simulator/test/example.yaml -t /home/aatmaj/CENT/experiments/dda_full_sweep/traces/32_channels_per_device/23_devices/pipeline_parallel/Llama2-13B/trace_16_channels_per_block_seqlen_3072.txt
/home/aatmaj/CENT/aim_simulator/build/ramulator2 -f /home/aatmaj/CENT/aim_simulator/test/example.yaml -t /home/aatmaj/CENT/experiments/dda_full_sweep/traces/32_channels_per_device/23_devices/pipeline_parallel/Llama2-13B/trace_16_channels_per_block_seqlen_3200.txt
/home/aatmaj/CENT/aim_simulator/build/ramulator2 -f /home/aatmaj/CENT/aim_simulator/test/example.yaml -t /home/aatmaj/CENT/experiments/dda_full_sweep/traces/32_channels_per_device/23_devices/pipeline_parallel/Llama2-13B/trace_16_channels_per_block_seqlen_3328.txt
/home/aatmaj/CENT/aim_simulator/build/ramulator2 -f /home/aatmaj/CENT/aim_simulator/test/example.yaml -t /home/aatmaj/CENT/experiments/dda_full_sweep/traces/32_channels_per_device/23_devices/pipeline_parallel/Llama2-13B/trace_16_channels_per_block_seqlen_3456.txt
/home/aatmaj/CENT/aim_simulator/build/ramulator2 -f /home/aatmaj/CENT/aim_simulator/test/example.yaml -t /home/aatmaj/CENT/experiments/dda_full_sweep/traces/32_channels_per_device/23_devices/pipeline_parallel/Llama2-13B/trace_16_channels_per_block_seqlen_3584.txt
/home/aatmaj/CENT/aim_simulator/build/ramulator2 -f /home/aatmaj/CENT/aim_simulator/test/example.yaml -t /home/aatmaj/CENT/experiments/dda_full_sweep/traces/32_channels_per_device/23_devices/pipeline_parallel/Llama2-13B/trace_16_channels_per_block_seqlen_3712.txt
/home/aatmaj/CENT/experiments/dda_full_sweep/simulation/run_sim_full32.py:460: FutureWarning: The behavior of DataFrame concatenation with empty or all-NA entries is deprecated. In a future version, this will no longer exclude empty or all-NA columns when determining the result dtypes. To retain the old behavior, exclude the relevant entries before the concat operation.
  results_df = pd.concat([results_df, new_df], ignore_index=True)
/home/aatmaj/CENT/aim_simulator/build/ramulator2 -f /home/aatmaj/CENT/aim_simulator/test/example.yaml -t /home/aatmaj/CENT/experiments/dda_full_sweep/traces/32_channels_per_device/23_devices/pipeline_parallel/Llama2-13B/trace_16_channels_per_block_seqlen_3840.txt
/home/aatmaj/CENT/aim_simulator/build/ramulator2 -f /home/aatmaj/CENT/aim_simulator/test/example.yaml -t /home/aatmaj/CENT/experiments/dda_full_sweep/traces/32_channels_per_device/23_devices/pipeline_parallel/Llama2-13B/trace_16_channels_per_block_seqlen_3968.txt
/home/aatmaj/CENT/aim_simulator/build/ramulator2 -f /home/aatmaj/CENT/aim_simulator/test/example.yaml -t /home/aatmaj/CENT/experiments/dda_full_sweep/traces/32_channels_per_device/23_devices/pipeline_parallel/Llama2-13B/trace_16_channels_per_block_seqlen_4096.txt
Processing results...
Updating simulation results to CSV...
=== Pool T | Llama2-13B | N_T=25 | TP=1, PP=layers ===
Generating traces for Llama2-13B (25 devices) ...
/home/aatmaj/CENT/aim_simulator/build/ramulator2 -f /home/aatmaj/CENT/aim_simulator/test/example.yaml -t /home/aatmaj/CENT/experiments/dda_full_sweep/traces/32_channels_per_device/25_devices/pipeline_parallel_embedding/Llama2-13B/trace_16_channels_per_block_seqlen_4096.txt
/home/aatmaj/CENT/aim_simulator/build/ramulator2 -f /home/aatmaj/CENT/aim_simulator/test/example.yaml -t /home/aatmaj/CENT/experiments/dda_full_sweep/traces/32_channels_per_device/25_devices/pipeline_parallel/Llama2-13B/trace_16_channels_per_block_seqlen_128.txt
/home/aatmaj/CENT/aim_simulator/build/ramulator2 -f /home/aatmaj/CENT/aim_simulator/test/example.yaml -t /home/aatmaj/CENT/experiments/dda_full_sweep/traces/32_channels_per_device/25_devices/pipeline_parallel/Llama2-13B/trace_16_channels_per_block_seqlen_256.txt
/home/aatmaj/CENT/aim_simulator/build/ramulator2 -f /home/aatmaj/CENT/aim_simulator/test/example.yaml -t /home/aatmaj/CENT/experiments/dda_full_sweep/traces/32_channels_per_device/25_devices/pipeline_parallel/Llama2-13B/trace_16_channels_per_block_seqlen_384.txt
/home/aatmaj/CENT/aim_simulator/build/ramulator2 -f /home/aatmaj/CENT/aim_simulator/test/example.yaml -t /home/aatmaj/CENT/experiments/dda_full_sweep/traces/32_channels_per_device/25_devices/pipeline_parallel/Llama2-13B/trace_16_channels_per_block_seqlen_512.txt
/home/aatmaj/CENT/aim_simulator/build/ramulator2 -f /home/aatmaj/CENT/aim_simulator/test/example.yaml -t /home/aatmaj/CENT/experiments/dda_full_sweep/traces/32_channels_per_device/25_devices/pipeline_parallel/Llama2-13B/trace_16_channels_per_block_seqlen_640.txt
/home/aatmaj/CENT/aim_simulator/build/ramulator2 -f /home/aatmaj/CENT/aim_simulator/test/example.yaml -t /home/aatmaj/CENT/experiments/dda_full_sweep/traces/32_channels_per_device/25_devices/pipeline_parallel/Llama2-13B/trace_16_channels_per_block_seqlen_768.txt
/home/aatmaj/CENT/aim_simulator/build/ramulator2 -f /home/aatmaj/CENT/aim_simulator/test/example.yaml -t /home/aatmaj/CENT/experiments/dda_full_sweep/traces/32_channels_per_device/25_devices/pipeline_parallel/Llama2-13B/trace_16_channels_per_block_seqlen_896.txt
/home/aatmaj/CENT/aim_simulator/build/ramulator2 -f /home/aatmaj/CENT/aim_simulator/test/example.yaml -t /home/aatmaj/CENT/experiments/dda_full_sweep/traces/32_channels_per_device/25_devices/pipeline_parallel/Llama2-13B/trace_16_channels_per_block_seqlen_1024.txt
/home/aatmaj/CENT/aim_simulator/build/ramulator2 -f /home/aatmaj/CENT/aim_simulator/test/example.yaml -t /home/aatmaj/CENT/experiments/dda_full_sweep/traces/32_channels_per_device/25_devices/pipeline_parallel/Llama2-13B/trace_16_channels_per_block_seqlen_1152.txt
/home/aatmaj/CENT/aim_simulator/build/ramulator2 -f /home/aatmaj/CENT/aim_simulator/test/example.yaml -t /home/aatmaj/CENT/experiments/dda_full_sweep/traces/32_channels_per_device/25_devices/pipeline_parallel/Llama2-13B/trace_16_channels_per_block_seqlen_1280.txt
/home/aatmaj/CENT/aim_simulator/build/ramulator2 -f /home/aatmaj/CENT/aim_simulator/test/example.yaml -t /home/aatmaj/CENT/experiments/dda_full_sweep/traces/32_channels_per_device/25_devices/pipeline_parallel/Llama2-13B/trace_16_channels_per_block_seqlen_1408.txt
/home/aatmaj/CENT/aim_simulator/build/ramulator2 -f /home/aatmaj/CENT/aim_simulator/test/example.yaml -t /home/aatmaj/CENT/experiments/dda_full_sweep/traces/32_channels_per_device/25_devices/pipeline_parallel/Llama2-13B/trace_16_channels_per_block_seqlen_1536.txt
/home/aatmaj/CENT/aim_simulator/build/ramulator2 -f /home/aatmaj/CENT/aim_simulator/test/example.yaml -t /home/aatmaj/CENT/experiments/dda_full_sweep/traces/32_channels_per_device/25_devices/pipeline_parallel/Llama2-13B/trace_16_channels_per_block_seqlen_1664.txt
/home/aatmaj/CENT/aim_simulator/build/ramulator2 -f /home/aatmaj/CENT/aim_simulator/test/example.yaml -t /home/aatmaj/CENT/experiments/dda_full_sweep/traces/32_channels_per_device/25_devices/pipeline_parallel/Llama2-13B/trace_16_channels_per_block_seqlen_1792.txt
/home/aatmaj/CENT/aim_simulator/build/ramulator2 -f /home/aatmaj/CENT/aim_simulator/test/example.yaml -t /home/aatmaj/CENT/experiments/dda_full_sweep/traces/32_channels_per_device/25_devices/pipeline_parallel/Llama2-13B/trace_16_channels_per_block_seqlen_1920.txt
/home/aatmaj/CENT/aim_simulator/build/ramulator2 -f /home/aatmaj/CENT/aim_simulator/test/example.yaml -t /home/aatmaj/CENT/experiments/dda_full_sweep/traces/32_channels_per_device/25_devices/pipeline_parallel/Llama2-13B/trace_16_channels_per_block_seqlen_2048.txt
/home/aatmaj/CENT/aim_simulator/build/ramulator2 -f /home/aatmaj/CENT/aim_simulator/test/example.yaml -t /home/aatmaj/CENT/experiments/dda_full_sweep/traces/32_channels_per_device/25_devices/pipeline_parallel/Llama2-13B/trace_16_channels_per_block_seqlen_2176.txt
/home/aatmaj/CENT/aim_simulator/build/ramulator2 -f /home/aatmaj/CENT/aim_simulator/test/example.yaml -t /home/aatmaj/CENT/experiments/dda_full_sweep/traces/32_channels_per_device/25_devices/pipeline_parallel/Llama2-13B/trace_16_channels_per_block_seqlen_2304.txt
/home/aatmaj/CENT/aim_simulator/build/ramulator2 -f /home/aatmaj/CENT/aim_simulator/test/example.yaml -t /home/aatmaj/CENT/experiments/dda_full_sweep/traces/32_channels_per_device/25_devices/pipeline_parallel/Llama2-13B/trace_16_channels_per_block_seqlen_2432.txt
/home/aatmaj/CENT/aim_simulator/build/ramulator2 -f /home/aatmaj/CENT/aim_simulator/test/example.yaml -t /home/aatmaj/CENT/experiments/dda_full_sweep/traces/32_channels_per_device/25_devices/pipeline_parallel/Llama2-13B/trace_16_channels_per_block_seqlen_2560.txt
/home/aatmaj/CENT/aim_simulator/build/ramulator2 -f /home/aatmaj/CENT/aim_simulator/test/example.yaml -t /home/aatmaj/CENT/experiments/dda_full_sweep/traces/32_channels_per_device/25_devices/pipeline_parallel/Llama2-13B/trace_16_channels_per_block_seqlen_2688.txt
/home/aatmaj/CENT/aim_simulator/build/ramulator2 -f /home/aatmaj/CENT/aim_simulator/test/example.yaml -t /home/aatmaj/CENT/experiments/dda_full_sweep/traces/32_channels_per_device/25_devices/pipeline_parallel/Llama2-13B/trace_16_channels_per_block_seqlen_2816.txt
/home/aatmaj/CENT/aim_simulator/build/ramulator2 -f /home/aatmaj/CENT/aim_simulator/test/example.yaml -t /home/aatmaj/CENT/experiments/dda_full_sweep/traces/32_channels_per_device/25_devices/pipeline_parallel/Llama2-13B/trace_16_channels_per_block_seqlen_2944.txt
/home/aatmaj/CENT/aim_simulator/build/ramulator2 -f /home/aatmaj/CENT/aim_simulator/test/example.yaml -t /home/aatmaj/CENT/experiments/dda_full_sweep/traces/32_channels_per_device/25_devices/pipeline_parallel/Llama2-13B/trace_16_channels_per_block_seqlen_3072.txt
/home/aatmaj/CENT/aim_simulator/build/ramulator2 -f /home/aatmaj/CENT/aim_simulator/test/example.yaml -t /home/aatmaj/CENT/experiments/dda_full_sweep/traces/32_channels_per_device/25_devices/pipeline_parallel/Llama2-13B/trace_16_channels_per_block_seqlen_3200.txt
/home/aatmaj/CENT/aim_simulator/build/ramulator2 -f /home/aatmaj/CENT/aim_simulator/test/example.yaml -t /home/aatmaj/CENT/experiments/dda_full_sweep/traces/32_channels_per_device/25_devices/pipeline_parallel/Llama2-13B/trace_16_channels_per_block_seqlen_3328.txt
/home/aatmaj/CENT/aim_simulator/build/ramulator2 -f /home/aatmaj/CENT/aim_simulator/test/example.yaml -t /home/aatmaj/CENT/experiments/dda_full_sweep/traces/32_channels_per_device/25_devices/pipeline_parallel/Llama2-13B/trace_16_channels_per_block_seqlen_3456.txt
/home/aatmaj/CENT/aim_simulator/build/ramulator2 -f /home/aatmaj/CENT/aim_simulator/test/example.yaml -t /home/aatmaj/CENT/experiments/dda_full_sweep/traces/32_channels_per_device/25_devices/pipeline_parallel/Llama2-13B/trace_16_channels_per_block_seqlen_3584.txt
/home/aatmaj/CENT/aim_simulator/build/ramulator2 -f /home/aatmaj/CENT/aim_simulator/test/example.yaml -t /home/aatmaj/CENT/experiments/dda_full_sweep/traces/32_channels_per_device/25_devices/pipeline_parallel/Llama2-13B/trace_16_channels_per_block_seqlen_3712.txt
/home/aatmaj/CENT/experiments/dda_full_sweep/simulation/run_sim_full32.py:460: FutureWarning: The behavior of DataFrame concatenation with empty or all-NA entries is deprecated. In a future version, this will no longer exclude empty or all-NA columns when determining the result dtypes. To retain the old behavior, exclude the relevant entries before the concat operation.
  results_df = pd.concat([results_df, new_df], ignore_index=True)
/home/aatmaj/CENT/aim_simulator/build/ramulator2 -f /home/aatmaj/CENT/aim_simulator/test/example.yaml -t /home/aatmaj/CENT/experiments/dda_full_sweep/traces/32_channels_per_device/25_devices/pipeline_parallel/Llama2-13B/trace_16_channels_per_block_seqlen_3840.txt
/home/aatmaj/CENT/aim_simulator/build/ramulator2 -f /home/aatmaj/CENT/aim_simulator/test/example.yaml -t /home/aatmaj/CENT/experiments/dda_full_sweep/traces/32_channels_per_device/25_devices/pipeline_parallel/Llama2-13B/trace_16_channels_per_block_seqlen_3968.txt
/home/aatmaj/CENT/aim_simulator/build/ramulator2 -f /home/aatmaj/CENT/aim_simulator/test/example.yaml -t /home/aatmaj/CENT/experiments/dda_full_sweep/traces/32_channels_per_device/25_devices/pipeline_parallel/Llama2-13B/trace_16_channels_per_block_seqlen_4096.txt
Processing results...
Updating simulation results to CSV...
=== Pool T | Llama2-13B | N_T=27 | TP=1, PP=layers ===
Generating traces for Llama2-13B (27 devices) ...
/home/aatmaj/CENT/aim_simulator/build/ramulator2 -f /home/aatmaj/CENT/aim_simulator/test/example.yaml -t /home/aatmaj/CENT/experiments/dda_full_sweep/traces/32_channels_per_device/27_devices/pipeline_parallel_embedding/Llama2-13B/trace_16_channels_per_block_seqlen_4096.txt
/home/aatmaj/CENT/aim_simulator/build/ramulator2 -f /home/aatmaj/CENT/aim_simulator/test/example.yaml -t /home/aatmaj/CENT/experiments/dda_full_sweep/traces/32_channels_per_device/27_devices/pipeline_parallel/Llama2-13B/trace_16_channels_per_block_seqlen_128.txt
/home/aatmaj/CENT/aim_simulator/build/ramulator2 -f /home/aatmaj/CENT/aim_simulator/test/example.yaml -t /home/aatmaj/CENT/experiments/dda_full_sweep/traces/32_channels_per_device/27_devices/pipeline_parallel/Llama2-13B/trace_16_channels_per_block_seqlen_256.txt
/home/aatmaj/CENT/aim_simulator/build/ramulator2 -f /home/aatmaj/CENT/aim_simulator/test/example.yaml -t /home/aatmaj/CENT/experiments/dda_full_sweep/traces/32_channels_per_device/27_devices/pipeline_parallel/Llama2-13B/trace_16_channels_per_block_seqlen_384.txt
/home/aatmaj/CENT/aim_simulator/build/ramulator2 -f /home/aatmaj/CENT/aim_simulator/test/example.yaml -t /home/aatmaj/CENT/experiments/dda_full_sweep/traces/32_channels_per_device/27_devices/pipeline_parallel/Llama2-13B/trace_16_channels_per_block_seqlen_512.txt
/home/aatmaj/CENT/aim_simulator/build/ramulator2 -f /home/aatmaj/CENT/aim_simulator/test/example.yaml -t /home/aatmaj/CENT/experiments/dda_full_sweep/traces/32_channels_per_device/27_devices/pipeline_parallel/Llama2-13B/trace_16_channels_per_block_seqlen_640.txt
/home/aatmaj/CENT/aim_simulator/build/ramulator2 -f /home/aatmaj/CENT/aim_simulator/test/example.yaml -t /home/aatmaj/CENT/experiments/dda_full_sweep/traces/32_channels_per_device/27_devices/pipeline_parallel/Llama2-13B/trace_16_channels_per_block_seqlen_768.txt
/home/aatmaj/CENT/aim_simulator/build/ramulator2 -f /home/aatmaj/CENT/aim_simulator/test/example.yaml -t /home/aatmaj/CENT/experiments/dda_full_sweep/traces/32_channels_per_device/27_devices/pipeline_parallel/Llama2-13B/trace_16_channels_per_block_seqlen_896.txt
/home/aatmaj/CENT/aim_simulator/build/ramulator2 -f /home/aatmaj/CENT/aim_simulator/test/example.yaml -t /home/aatmaj/CENT/experiments/dda_full_sweep/traces/32_channels_per_device/27_devices/pipeline_parallel/Llama2-13B/trace_16_channels_per_block_seqlen_1024.txt
/home/aatmaj/CENT/aim_simulator/build/ramulator2 -f /home/aatmaj/CENT/aim_simulator/test/example.yaml -t /home/aatmaj/CENT/experiments/dda_full_sweep/traces/32_channels_per_device/27_devices/pipeline_parallel/Llama2-13B/trace_16_channels_per_block_seqlen_1152.txt
/home/aatmaj/CENT/aim_simulator/build/ramulator2 -f /home/aatmaj/CENT/aim_simulator/test/example.yaml -t /home/aatmaj/CENT/experiments/dda_full_sweep/traces/32_channels_per_device/27_devices/pipeline_parallel/Llama2-13B/trace_16_channels_per_block_seqlen_1280.txt
/home/aatmaj/CENT/aim_simulator/build/ramulator2 -f /home/aatmaj/CENT/aim_simulator/test/example.yaml -t /home/aatmaj/CENT/experiments/dda_full_sweep/traces/32_channels_per_device/27_devices/pipeline_parallel/Llama2-13B/trace_16_channels_per_block_seqlen_1408.txt
/home/aatmaj/CENT/aim_simulator/build/ramulator2 -f /home/aatmaj/CENT/aim_simulator/test/example.yaml -t /home/aatmaj/CENT/experiments/dda_full_sweep/traces/32_channels_per_device/27_devices/pipeline_parallel/Llama2-13B/trace_16_channels_per_block_seqlen_1536.txt
/home/aatmaj/CENT/aim_simulator/build/ramulator2 -f /home/aatmaj/CENT/aim_simulator/test/example.yaml -t /home/aatmaj/CENT/experiments/dda_full_sweep/traces/32_channels_per_device/27_devices/pipeline_parallel/Llama2-13B/trace_16_channels_per_block_seqlen_1664.txt
/home/aatmaj/CENT/aim_simulator/build/ramulator2 -f /home/aatmaj/CENT/aim_simulator/test/example.yaml -t /home/aatmaj/CENT/experiments/dda_full_sweep/traces/32_channels_per_device/27_devices/pipeline_parallel/Llama2-13B/trace_16_channels_per_block_seqlen_1792.txt
/home/aatmaj/CENT/aim_simulator/build/ramulator2 -f /home/aatmaj/CENT/aim_simulator/test/example.yaml -t /home/aatmaj/CENT/experiments/dda_full_sweep/traces/32_channels_per_device/27_devices/pipeline_parallel/Llama2-13B/trace_16_channels_per_block_seqlen_1920.txt
/home/aatmaj/CENT/aim_simulator/build/ramulator2 -f /home/aatmaj/CENT/aim_simulator/test/example.yaml -t /home/aatmaj/CENT/experiments/dda_full_sweep/traces/32_channels_per_device/27_devices/pipeline_parallel/Llama2-13B/trace_16_channels_per_block_seqlen_2048.txt
/home/aatmaj/CENT/aim_simulator/build/ramulator2 -f /home/aatmaj/CENT/aim_simulator/test/example.yaml -t /home/aatmaj/CENT/experiments/dda_full_sweep/traces/32_channels_per_device/27_devices/pipeline_parallel/Llama2-13B/trace_16_channels_per_block_seqlen_2176.txt
/home/aatmaj/CENT/aim_simulator/build/ramulator2 -f /home/aatmaj/CENT/aim_simulator/test/example.yaml -t /home/aatmaj/CENT/experiments/dda_full_sweep/traces/32_channels_per_device/27_devices/pipeline_parallel/Llama2-13B/trace_16_channels_per_block_seqlen_2304.txt
/home/aatmaj/CENT/aim_simulator/build/ramulator2 -f /home/aatmaj/CENT/aim_simulator/test/example.yaml -t /home/aatmaj/CENT/experiments/dda_full_sweep/traces/32_channels_per_device/27_devices/pipeline_parallel/Llama2-13B/trace_16_channels_per_block_seqlen_2432.txt
/home/aatmaj/CENT/aim_simulator/build/ramulator2 -f /home/aatmaj/CENT/aim_simulator/test/example.yaml -t /home/aatmaj/CENT/experiments/dda_full_sweep/traces/32_channels_per_device/27_devices/pipeline_parallel/Llama2-13B/trace_16_channels_per_block_seqlen_2560.txt
/home/aatmaj/CENT/aim_simulator/build/ramulator2 -f /home/aatmaj/CENT/aim_simulator/test/example.yaml -t /home/aatmaj/CENT/experiments/dda_full_sweep/traces/32_channels_per_device/27_devices/pipeline_parallel/Llama2-13B/trace_16_channels_per_block_seqlen_2688.txt
/home/aatmaj/CENT/aim_simulator/build/ramulator2 -f /home/aatmaj/CENT/aim_simulator/test/example.yaml -t /home/aatmaj/CENT/experiments/dda_full_sweep/traces/32_channels_per_device/27_devices/pipeline_parallel/Llama2-13B/trace_16_channels_per_block_seqlen_2816.txt
/home/aatmaj/CENT/aim_simulator/build/ramulator2 -f /home/aatmaj/CENT/aim_simulator/test/example.yaml -t /home/aatmaj/CENT/experiments/dda_full_sweep/traces/32_channels_per_device/27_devices/pipeline_parallel/Llama2-13B/trace_16_channels_per_block_seqlen_2944.txt
/home/aatmaj/CENT/aim_simulator/build/ramulator2 -f /home/aatmaj/CENT/aim_simulator/test/example.yaml -t /home/aatmaj/CENT/experiments/dda_full_sweep/traces/32_channels_per_device/27_devices/pipeline_parallel/Llama2-13B/trace_16_channels_per_block_seqlen_3072.txt
/home/aatmaj/CENT/aim_simulator/build/ramulator2 -f /home/aatmaj/CENT/aim_simulator/test/example.yaml -t /home/aatmaj/CENT/experiments/dda_full_sweep/traces/32_channels_per_device/27_devices/pipeline_parallel/Llama2-13B/trace_16_channels_per_block_seqlen_3200.txt
/home/aatmaj/CENT/aim_simulator/build/ramulator2 -f /home/aatmaj/CENT/aim_simulator/test/example.yaml -t /home/aatmaj/CENT/experiments/dda_full_sweep/traces/32_channels_per_device/27_devices/pipeline_parallel/Llama2-13B/trace_16_channels_per_block_seqlen_3328.txt
/home/aatmaj/CENT/aim_simulator/build/ramulator2 -f /home/aatmaj/CENT/aim_simulator/test/example.yaml -t /home/aatmaj/CENT/experiments/dda_full_sweep/traces/32_channels_per_device/27_devices/pipeline_parallel/Llama2-13B/trace_16_channels_per_block_seqlen_3456.txt
/home/aatmaj/CENT/aim_simulator/build/ramulator2 -f /home/aatmaj/CENT/aim_simulator/test/example.yaml -t /home/aatmaj/CENT/experiments/dda_full_sweep/traces/32_channels_per_device/27_devices/pipeline_parallel/Llama2-13B/trace_16_channels_per_block_seqlen_3584.txt
/home/aatmaj/CENT/aim_simulator/build/ramulator2 -f /home/aatmaj/CENT/aim_simulator/test/example.yaml -t /home/aatmaj/CENT/experiments/dda_full_sweep/traces/32_channels_per_device/27_devices/pipeline_parallel/Llama2-13B/trace_16_channels_per_block_seqlen_3712.txt
/home/aatmaj/CENT/experiments/dda_full_sweep/simulation/run_sim_full32.py:460: FutureWarning: The behavior of DataFrame concatenation with empty or all-NA entries is deprecated. In a future version, this will no longer exclude empty or all-NA columns when determining the result dtypes. To retain the old behavior, exclude the relevant entries before the concat operation.
  results_df = pd.concat([results_df, new_df], ignore_index=True)
/home/aatmaj/CENT/aim_simulator/build/ramulator2 -f /home/aatmaj/CENT/aim_simulator/test/example.yaml -t /home/aatmaj/CENT/experiments/dda_full_sweep/traces/32_channels_per_device/27_devices/pipeline_parallel/Llama2-13B/trace_16_channels_per_block_seqlen_3840.txt
/home/aatmaj/CENT/aim_simulator/build/ramulator2 -f /home/aatmaj/CENT/aim_simulator/test/example.yaml -t /home/aatmaj/CENT/experiments/dda_full_sweep/traces/32_channels_per_device/27_devices/pipeline_parallel/Llama2-13B/trace_16_channels_per_block_seqlen_3968.txt
/home/aatmaj/CENT/aim_simulator/build/ramulator2 -f /home/aatmaj/CENT/aim_simulator/test/example.yaml -t /home/aatmaj/CENT/experiments/dda_full_sweep/traces/32_channels_per_device/27_devices/pipeline_parallel/Llama2-13B/trace_16_channels_per_block_seqlen_4096.txt
Processing results...
Updating simulation results to CSV...
=== Pool T | Llama2-13B | N_T=29 | TP=1, PP=layers ===
Generating traces for Llama2-13B (29 devices) ...
/home/aatmaj/CENT/aim_simulator/build/ramulator2 -f /home/aatmaj/CENT/aim_simulator/test/example.yaml -t /home/aatmaj/CENT/experiments/dda_full_sweep/traces/32_channels_per_device/29_devices/pipeline_parallel_embedding/Llama2-13B/trace_16_channels_per_block_seqlen_4096.txt
/home/aatmaj/CENT/aim_simulator/build/ramulator2 -f /home/aatmaj/CENT/aim_simulator/test/example.yaml -t /home/aatmaj/CENT/experiments/dda_full_sweep/traces/32_channels_per_device/29_devices/pipeline_parallel/Llama2-13B/trace_16_channels_per_block_seqlen_128.txt
/home/aatmaj/CENT/aim_simulator/build/ramulator2 -f /home/aatmaj/CENT/aim_simulator/test/example.yaml -t /home/aatmaj/CENT/experiments/dda_full_sweep/traces/32_channels_per_device/29_devices/pipeline_parallel/Llama2-13B/trace_16_channels_per_block_seqlen_256.txt
/home/aatmaj/CENT/aim_simulator/build/ramulator2 -f /home/aatmaj/CENT/aim_simulator/test/example.yaml -t /home/aatmaj/CENT/experiments/dda_full_sweep/traces/32_channels_per_device/29_devices/pipeline_parallel/Llama2-13B/trace_16_channels_per_block_seqlen_384.txt
/home/aatmaj/CENT/aim_simulator/build/ramulator2 -f /home/aatmaj/CENT/aim_simulator/test/example.yaml -t /home/aatmaj/CENT/experiments/dda_full_sweep/traces/32_channels_per_device/29_devices/pipeline_parallel/Llama2-13B/trace_16_channels_per_block_seqlen_512.txt
/home/aatmaj/CENT/aim_simulator/build/ramulator2 -f /home/aatmaj/CENT/aim_simulator/test/example.yaml -t /home/aatmaj/CENT/experiments/dda_full_sweep/traces/32_channels_per_device/29_devices/pipeline_parallel/Llama2-13B/trace_16_channels_per_block_seqlen_640.txt
/home/aatmaj/CENT/aim_simulator/build/ramulator2 -f /home/aatmaj/CENT/aim_simulator/test/example.yaml -t /home/aatmaj/CENT/experiments/dda_full_sweep/traces/32_channels_per_device/29_devices/pipeline_parallel/Llama2-13B/trace_16_channels_per_block_seqlen_768.txt
/home/aatmaj/CENT/aim_simulator/build/ramulator2 -f /home/aatmaj/CENT/aim_simulator/test/example.yaml -t /home/aatmaj/CENT/experiments/dda_full_sweep/traces/32_channels_per_device/29_devices/pipeline_parallel/Llama2-13B/trace_16_channels_per_block_seqlen_896.txt
/home/aatmaj/CENT/aim_simulator/build/ramulator2 -f /home/aatmaj/CENT/aim_simulator/test/example.yaml -t /home/aatmaj/CENT/experiments/dda_full_sweep/traces/32_channels_per_device/29_devices/pipeline_parallel/Llama2-13B/trace_16_channels_per_block_seqlen_1024.txt
/home/aatmaj/CENT/aim_simulator/build/ramulator2 -f /home/aatmaj/CENT/aim_simulator/test/example.yaml -t /home/aatmaj/CENT/experiments/dda_full_sweep/traces/32_channels_per_device/29_devices/pipeline_parallel/Llama2-13B/trace_16_channels_per_block_seqlen_1152.txt
/home/aatmaj/CENT/aim_simulator/build/ramulator2 -f /home/aatmaj/CENT/aim_simulator/test/example.yaml -t /home/aatmaj/CENT/experiments/dda_full_sweep/traces/32_channels_per_device/29_devices/pipeline_parallel/Llama2-13B/trace_16_channels_per_block_seqlen_1280.txt
/home/aatmaj/CENT/aim_simulator/build/ramulator2 -f /home/aatmaj/CENT/aim_simulator/test/example.yaml -t /home/aatmaj/CENT/experiments/dda_full_sweep/traces/32_channels_per_device/29_devices/pipeline_parallel/Llama2-13B/trace_16_channels_per_block_seqlen_1408.txt
/home/aatmaj/CENT/aim_simulator/build/ramulator2 -f /home/aatmaj/CENT/aim_simulator/test/example.yaml -t /home/aatmaj/CENT/experiments/dda_full_sweep/traces/32_channels_per_device/29_devices/pipeline_parallel/Llama2-13B/trace_16_channels_per_block_seqlen_1536.txt
/home/aatmaj/CENT/aim_simulator/build/ramulator2 -f /home/aatmaj/CENT/aim_simulator/test/example.yaml -t /home/aatmaj/CENT/experiments/dda_full_sweep/traces/32_channels_per_device/29_devices/pipeline_parallel/Llama2-13B/trace_16_channels_per_block_seqlen_1664.txt
/home/aatmaj/CENT/aim_simulator/build/ramulator2 -f /home/aatmaj/CENT/aim_simulator/test/example.yaml -t /home/aatmaj/CENT/experiments/dda_full_sweep/traces/32_channels_per_device/29_devices/pipeline_parallel/Llama2-13B/trace_16_channels_per_block_seqlen_1792.txt
/home/aatmaj/CENT/aim_simulator/build/ramulator2 -f /home/aatmaj/CENT/aim_simulator/test/example.yaml -t /home/aatmaj/CENT/experiments/dda_full_sweep/traces/32_channels_per_device/29_devices/pipeline_parallel/Llama2-13B/trace_16_channels_per_block_seqlen_1920.txt
/home/aatmaj/CENT/aim_simulator/build/ramulator2 -f /home/aatmaj/CENT/aim_simulator/test/example.yaml -t /home/aatmaj/CENT/experiments/dda_full_sweep/traces/32_channels_per_device/29_devices/pipeline_parallel/Llama2-13B/trace_16_channels_per_block_seqlen_2048.txt
/home/aatmaj/CENT/aim_simulator/build/ramulator2 -f /home/aatmaj/CENT/aim_simulator/test/example.yaml -t /home/aatmaj/CENT/experiments/dda_full_sweep/traces/32_channels_per_device/29_devices/pipeline_parallel/Llama2-13B/trace_16_channels_per_block_seqlen_2176.txt
/home/aatmaj/CENT/aim_simulator/build/ramulator2 -f /home/aatmaj/CENT/aim_simulator/test/example.yaml -t /home/aatmaj/CENT/experiments/dda_full_sweep/traces/32_channels_per_device/29_devices/pipeline_parallel/Llama2-13B/trace_16_channels_per_block_seqlen_2304.txt
/home/aatmaj/CENT/aim_simulator/build/ramulator2 -f /home/aatmaj/CENT/aim_simulator/test/example.yaml -t /home/aatmaj/CENT/experiments/dda_full_sweep/traces/32_channels_per_device/29_devices/pipeline_parallel/Llama2-13B/trace_16_channels_per_block_seqlen_2432.txt
/home/aatmaj/CENT/aim_simulator/build/ramulator2 -f /home/aatmaj/CENT/aim_simulator/test/example.yaml -t /home/aatmaj/CENT/experiments/dda_full_sweep/traces/32_channels_per_device/29_devices/pipeline_parallel/Llama2-13B/trace_16_channels_per_block_seqlen_2560.txt
/home/aatmaj/CENT/aim_simulator/build/ramulator2 -f /home/aatmaj/CENT/aim_simulator/test/example.yaml -t /home/aatmaj/CENT/experiments/dda_full_sweep/traces/32_channels_per_device/29_devices/pipeline_parallel/Llama2-13B/trace_16_channels_per_block_seqlen_2688.txt
/home/aatmaj/CENT/aim_simulator/build/ramulator2 -f /home/aatmaj/CENT/aim_simulator/test/example.yaml -t /home/aatmaj/CENT/experiments/dda_full_sweep/traces/32_channels_per_device/29_devices/pipeline_parallel/Llama2-13B/trace_16_channels_per_block_seqlen_2816.txt
/home/aatmaj/CENT/aim_simulator/build/ramulator2 -f /home/aatmaj/CENT/aim_simulator/test/example.yaml -t /home/aatmaj/CENT/experiments/dda_full_sweep/traces/32_channels_per_device/29_devices/pipeline_parallel/Llama2-13B/trace_16_channels_per_block_seqlen_2944.txt
/home/aatmaj/CENT/aim_simulator/build/ramulator2 -f /home/aatmaj/CENT/aim_simulator/test/example.yaml -t /home/aatmaj/CENT/experiments/dda_full_sweep/traces/32_channels_per_device/29_devices/pipeline_parallel/Llama2-13B/trace_16_channels_per_block_seqlen_3072.txt
/home/aatmaj/CENT/aim_simulator/build/ramulator2 -f /home/aatmaj/CENT/aim_simulator/test/example.yaml -t /home/aatmaj/CENT/experiments/dda_full_sweep/traces/32_channels_per_device/29_devices/pipeline_parallel/Llama2-13B/trace_16_channels_per_block_seqlen_3200.txt
/home/aatmaj/CENT/aim_simulator/build/ramulator2 -f /home/aatmaj/CENT/aim_simulator/test/example.yaml -t /home/aatmaj/CENT/experiments/dda_full_sweep/traces/32_channels_per_device/29_devices/pipeline_parallel/Llama2-13B/trace_16_channels_per_block_seqlen_3328.txt
/home/aatmaj/CENT/aim_simulator/build/ramulator2 -f /home/aatmaj/CENT/aim_simulator/test/example.yaml -t /home/aatmaj/CENT/experiments/dda_full_sweep/traces/32_channels_per_device/29_devices/pipeline_parallel/Llama2-13B/trace_16_channels_per_block_seqlen_3456.txt
/home/aatmaj/CENT/aim_simulator/build/ramulator2 -f /home/aatmaj/CENT/aim_simulator/test/example.yaml -t /home/aatmaj/CENT/experiments/dda_full_sweep/traces/32_channels_per_device/29_devices/pipeline_parallel/Llama2-13B/trace_16_channels_per_block_seqlen_3584.txt
/home/aatmaj/CENT/aim_simulator/build/ramulator2 -f /home/aatmaj/CENT/aim_simulator/test/example.yaml -t /home/aatmaj/CENT/experiments/dda_full_sweep/traces/32_channels_per_device/29_devices/pipeline_parallel/Llama2-13B/trace_16_channels_per_block_seqlen_3712.txt
/home/aatmaj/CENT/experiments/dda_full_sweep/simulation/run_sim_full32.py:460: FutureWarning: The behavior of DataFrame concatenation with empty or all-NA entries is deprecated. In a future version, this will no longer exclude empty or all-NA columns when determining the result dtypes. To retain the old behavior, exclude the relevant entries before the concat operation.
  results_df = pd.concat([results_df, new_df], ignore_index=True)
/home/aatmaj/CENT/aim_simulator/build/ramulator2 -f /home/aatmaj/CENT/aim_simulator/test/example.yaml -t /home/aatmaj/CENT/experiments/dda_full_sweep/traces/32_channels_per_device/29_devices/pipeline_parallel/Llama2-13B/trace_16_channels_per_block_seqlen_3840.txt
/home/aatmaj/CENT/aim_simulator/build/ramulator2 -f /home/aatmaj/CENT/aim_simulator/test/example.yaml -t /home/aatmaj/CENT/experiments/dda_full_sweep/traces/32_channels_per_device/29_devices/pipeline_parallel/Llama2-13B/trace_16_channels_per_block_seqlen_3968.txt
/home/aatmaj/CENT/aim_simulator/build/ramulator2 -f /home/aatmaj/CENT/aim_simulator/test/example.yaml -t /home/aatmaj/CENT/experiments/dda_full_sweep/traces/32_channels_per_device/29_devices/pipeline_parallel/Llama2-13B/trace_16_channels_per_block_seqlen_4096.txt
Processing results...
Updating simulation results to CSV...
############ Llama2-70B (N_L 9..16, N_T 16..23) ###########
=== Pool L | Llama2-70B | N_L=9 | TP=9, PP=1 ===
Generating traces for Llama2-70B (9 devices) ...
/home/aatmaj/CENT/aim_simulator/build/ramulator2 -f /home/aatmaj/CENT/aim_simulator/test/example.yaml -t /home/aatmaj/CENT/experiments/dda_full_sweep/traces/32_channels_per_device/9_devices/model_parallel_embedding/Llama2-70B/trace_9_FC_devices_seqlen_4096.txt
/home/aatmaj/CENT/aim_simulator/build/ramulator2 -f /home/aatmaj/CENT/aim_simulator/test/example.yaml -t /home/aatmaj/CENT/experiments/dda_full_sweep/traces/32_channels_per_device/9_devices/model_parallel/Llama2-70B/trace_9_FC_devices_seqlen_128.txt
/home/aatmaj/CENT/aim_simulator/build/ramulator2 -f /home/aatmaj/CENT/aim_simulator/test/example.yaml -t /home/aatmaj/CENT/experiments/dda_full_sweep/traces/32_channels_per_device/9_devices/model_parallel_FC/Llama2-70B/trace_9_FC_devices_seqlen_128.txt
/home/aatmaj/CENT/aim_simulator/build/ramulator2 -f /home/aatmaj/CENT/aim_simulator/test/example.yaml -t /home/aatmaj/CENT/experiments/dda_full_sweep/traces/32_channels_per_device/9_devices/model_parallel/Llama2-70B/trace_9_FC_devices_seqlen_256.txt
/home/aatmaj/CENT/aim_simulator/build/ramulator2 -f /home/aatmaj/CENT/aim_simulator/test/example.yaml -t /home/aatmaj/CENT/experiments/dda_full_sweep/traces/32_channels_per_device/9_devices/model_parallel_FC/Llama2-70B/trace_9_FC_devices_seqlen_256.txt
/home/aatmaj/CENT/aim_simulator/build/ramulator2 -f /home/aatmaj/CENT/aim_simulator/test/example.yaml -t /home/aatmaj/CENT/experiments/dda_full_sweep/traces/32_channels_per_device/9_devices/model_parallel/Llama2-70B/trace_9_FC_devices_seqlen_384.txt
/home/aatmaj/CENT/aim_simulator/build/ramulator2 -f /home/aatmaj/CENT/aim_simulator/test/example.yaml -t /home/aatmaj/CENT/experiments/dda_full_sweep/traces/32_channels_per_device/9_devices/model_parallel_FC/Llama2-70B/trace_9_FC_devices_seqlen_384.txt
/home/aatmaj/CENT/aim_simulator/build/ramulator2 -f /home/aatmaj/CENT/aim_simulator/test/example.yaml -t /home/aatmaj/CENT/experiments/dda_full_sweep/traces/32_channels_per_device/9_devices/model_parallel/Llama2-70B/trace_9_FC_devices_seqlen_512.txt
/home/aatmaj/CENT/aim_simulator/build/ramulator2 -f /home/aatmaj/CENT/aim_simulator/test/example.yaml -t /home/aatmaj/CENT/experiments/dda_full_sweep/traces/32_channels_per_device/9_devices/model_parallel_FC/Llama2-70B/trace_9_FC_devices_seqlen_512.txt
/home/aatmaj/CENT/aim_simulator/build/ramulator2 -f /home/aatmaj/CENT/aim_simulator/test/example.yaml -t /home/aatmaj/CENT/experiments/dda_full_sweep/traces/32_channels_per_device/9_devices/model_parallel/Llama2-70B/trace_9_FC_devices_seqlen_640.txt
/home/aatmaj/CENT/aim_simulator/build/ramulator2 -f /home/aatmaj/CENT/aim_simulator/test/example.yaml -t /home/aatmaj/CENT/experiments/dda_full_sweep/traces/32_channels_per_device/9_devices/model_parallel_FC/Llama2-70B/trace_9_FC_devices_seqlen_640.txt
/home/aatmaj/CENT/aim_simulator/build/ramulator2 -f /home/aatmaj/CENT/aim_simulator/test/example.yaml -t /home/aatmaj/CENT/experiments/dda_full_sweep/traces/32_channels_per_device/9_devices/model_parallel/Llama2-70B/trace_9_FC_devices_seqlen_768.txt
/home/aatmaj/CENT/aim_simulator/build/ramulator2 -f /home/aatmaj/CENT/aim_simulator/test/example.yaml -t /home/aatmaj/CENT/experiments/dda_full_sweep/traces/32_channels_per_device/9_devices/model_parallel_FC/Llama2-70B/trace_9_FC_devices_seqlen_768.txt
/home/aatmaj/CENT/aim_simulator/build/ramulator2 -f /home/aatmaj/CENT/aim_simulator/test/example.yaml -t /home/aatmaj/CENT/experiments/dda_full_sweep/traces/32_channels_per_device/9_devices/model_parallel/Llama2-70B/trace_9_FC_devices_seqlen_896.txt
/home/aatmaj/CENT/aim_simulator/build/ramulator2 -f /home/aatmaj/CENT/aim_simulator/test/example.yaml -t /home/aatmaj/CENT/experiments/dda_full_sweep/traces/32_channels_per_device/9_devices/model_parallel_FC/Llama2-70B/trace_9_FC_devices_seqlen_896.txt
/home/aatmaj/CENT/aim_simulator/build/ramulator2 -f /home/aatmaj/CENT/aim_simulator/test/example.yaml -t /home/aatmaj/CENT/experiments/dda_full_sweep/traces/32_channels_per_device/9_devices/model_parallel/Llama2-70B/trace_9_FC_devices_seqlen_1024.txt
/home/aatmaj/CENT/aim_simulator/build/ramulator2 -f /home/aatmaj/CENT/aim_simulator/test/example.yaml -t /home/aatmaj/CENT/experiments/dda_full_sweep/traces/32_channels_per_device/9_devices/model_parallel_FC/Llama2-70B/trace_9_FC_devices_seqlen_1024.txt
/home/aatmaj/CENT/aim_simulator/build/ramulator2 -f /home/aatmaj/CENT/aim_simulator/test/example.yaml -t /home/aatmaj/CENT/experiments/dda_full_sweep/traces/32_channels_per_device/9_devices/model_parallel/Llama2-70B/trace_9_FC_devices_seqlen_1152.txt
/home/aatmaj/CENT/aim_simulator/build/ramulator2 -f /home/aatmaj/CENT/aim_simulator/test/example.yaml -t /home/aatmaj/CENT/experiments/dda_full_sweep/traces/32_channels_per_device/9_devices/model_parallel_FC/Llama2-70B/trace_9_FC_devices_seqlen_1152.txt
/home/aatmaj/CENT/aim_simulator/build/ramulator2 -f /home/aatmaj/CENT/aim_simulator/test/example.yaml -t /home/aatmaj/CENT/experiments/dda_full_sweep/traces/32_channels_per_device/9_devices/model_parallel/Llama2-70B/trace_9_FC_devices_seqlen_1280.txt
/home/aatmaj/CENT/aim_simulator/build/ramulator2 -f /home/aatmaj/CENT/aim_simulator/test/example.yaml -t /home/aatmaj/CENT/experiments/dda_full_sweep/traces/32_channels_per_device/9_devices/model_parallel_FC/Llama2-70B/trace_9_FC_devices_seqlen_1280.txt
/home/aatmaj/CENT/aim_simulator/build/ramulator2 -f /home/aatmaj/CENT/aim_simulator/test/example.yaml -t /home/aatmaj/CENT/experiments/dda_full_sweep/traces/32_channels_per_device/9_devices/model_parallel/Llama2-70B/trace_9_FC_devices_seqlen_1408.txt
/home/aatmaj/CENT/aim_simulator/build/ramulator2 -f /home/aatmaj/CENT/aim_simulator/test/example.yaml -t /home/aatmaj/CENT/experiments/dda_full_sweep/traces/32_channels_per_device/9_devices/model_parallel_FC/Llama2-70B/trace_9_FC_devices_seqlen_1408.txt
/home/aatmaj/CENT/aim_simulator/build/ramulator2 -f /home/aatmaj/CENT/aim_simulator/test/example.yaml -t /home/aatmaj/CENT/experiments/dda_full_sweep/traces/32_channels_per_device/9_devices/model_parallel/Llama2-70B/trace_9_FC_devices_seqlen_1536.txt
/home/aatmaj/CENT/aim_simulator/build/ramulator2 -f /home/aatmaj/CENT/aim_simulator/test/example.yaml -t /home/aatmaj/CENT/experiments/dda_full_sweep/traces/32_channels_per_device/9_devices/model_parallel_FC/Llama2-70B/trace_9_FC_devices_seqlen_1536.txt
/home/aatmaj/CENT/aim_simulator/build/ramulator2 -f /home/aatmaj/CENT/aim_simulator/test/example.yaml -t /home/aatmaj/CENT/experiments/dda_full_sweep/traces/32_channels_per_device/9_devices/model_parallel/Llama2-70B/trace_9_FC_devices_seqlen_1664.txt
/home/aatmaj/CENT/aim_simulator/build/ramulator2 -f /home/aatmaj/CENT/aim_simulator/test/example.yaml -t /home/aatmaj/CENT/experiments/dda_full_sweep/traces/32_channels_per_device/9_devices/model_parallel_FC/Llama2-70B/trace_9_FC_devices_seqlen_1664.txt
/home/aatmaj/CENT/aim_simulator/build/ramulator2 -f /home/aatmaj/CENT/aim_simulator/test/example.yaml -t /home/aatmaj/CENT/experiments/dda_full_sweep/traces/32_channels_per_device/9_devices/model_parallel/Llama2-70B/trace_9_FC_devices_seqlen_1792.txt
/home/aatmaj/CENT/aim_simulator/build/ramulator2 -f /home/aatmaj/CENT/aim_simulator/test/example.yaml -t /home/aatmaj/CENT/experiments/dda_full_sweep/traces/32_channels_per_device/9_devices/model_parallel_FC/Llama2-70B/trace_9_FC_devices_seqlen_1792.txt
/home/aatmaj/CENT/aim_simulator/build/ramulator2 -f /home/aatmaj/CENT/aim_simulator/test/example.yaml -t /home/aatmaj/CENT/experiments/dda_full_sweep/traces/32_channels_per_device/9_devices/model_parallel/Llama2-70B/trace_9_FC_devices_seqlen_1920.txt
/home/aatmaj/CENT/aim_simulator/build/ramulator2 -f /home/aatmaj/CENT/aim_simulator/test/example.yaml -t /home/aatmaj/CENT/experiments/dda_full_sweep/traces/32_channels_per_device/9_devices/model_parallel_FC/Llama2-70B/trace_9_FC_devices_seqlen_1920.txt
/home/aatmaj/CENT/aim_simulator/build/ramulator2 -f /home/aatmaj/CENT/aim_simulator/test/example.yaml -t /home/aatmaj/CENT/experiments/dda_full_sweep/traces/32_channels_per_device/9_devices/model_parallel/Llama2-70B/trace_9_FC_devices_seqlen_2048.txt
/home/aatmaj/CENT/aim_simulator/build/ramulator2 -f /home/aatmaj/CENT/aim_simulator/test/example.yaml -t /home/aatmaj/CENT/experiments/dda_full_sweep/traces/32_channels_per_device/9_devices/model_parallel_FC/Llama2-70B/trace_9_FC_devices_seqlen_2048.txt
/home/aatmaj/CENT/aim_simulator/build/ramulator2 -f /home/aatmaj/CENT/aim_simulator/test/example.yaml -t /home/aatmaj/CENT/experiments/dda_full_sweep/traces/32_channels_per_device/9_devices/model_parallel/Llama2-70B/trace_9_FC_devices_seqlen_2176.txt
/home/aatmaj/CENT/aim_simulator/build/ramulator2 -f /home/aatmaj/CENT/aim_simulator/test/example.yaml -t /home/aatmaj/CENT/experiments/dda_full_sweep/traces/32_channels_per_device/9_devices/model_parallel_FC/Llama2-70B/trace_9_FC_devices_seqlen_2176.txt
/home/aatmaj/CENT/aim_simulator/build/ramulator2 -f /home/aatmaj/CENT/aim_simulator/test/example.yaml -t /home/aatmaj/CENT/experiments/dda_full_sweep/traces/32_channels_per_device/9_devices/model_parallel/Llama2-70B/trace_9_FC_devices_seqlen_2304.txt
/home/aatmaj/CENT/aim_simulator/build/ramulator2 -f /home/aatmaj/CENT/aim_simulator/test/example.yaml -t /home/aatmaj/CENT/experiments/dda_full_sweep/traces/32_channels_per_device/9_devices/model_parallel_FC/Llama2-70B/trace_9_FC_devices_seqlen_2304.txt
/home/aatmaj/CENT/aim_simulator/build/ramulator2 -f /home/aatmaj/CENT/aim_simulator/test/example.yaml -t /home/aatmaj/CENT/experiments/dda_full_sweep/traces/32_channels_per_device/9_devices/model_parallel/Llama2-70B/trace_9_FC_devices_seqlen_2432.txt
/home/aatmaj/CENT/aim_simulator/build/ramulator2 -f /home/aatmaj/CENT/aim_simulator/test/example.yaml -t /home/aatmaj/CENT/experiments/dda_full_sweep/traces/32_channels_per_device/9_devices/model_parallel_FC/Llama2-70B/trace_9_FC_devices_seqlen_2432.txt
/home/aatmaj/CENT/aim_simulator/build/ramulator2 -f /home/aatmaj/CENT/aim_simulator/test/example.yaml -t /home/aatmaj/CENT/experiments/dda_full_sweep/traces/32_channels_per_device/9_devices/model_parallel/Llama2-70B/trace_9_FC_devices_seqlen_2560.txt
/home/aatmaj/CENT/aim_simulator/build/ramulator2 -f /home/aatmaj/CENT/aim_simulator/test/example.yaml -t /home/aatmaj/CENT/experiments/dda_full_sweep/traces/32_channels_per_device/9_devices/model_parallel_FC/Llama2-70B/trace_9_FC_devices_seqlen_2560.txt
/home/aatmaj/CENT/aim_simulator/build/ramulator2 -f /home/aatmaj/CENT/aim_simulator/test/example.yaml -t /home/aatmaj/CENT/experiments/dda_full_sweep/traces/32_channels_per_device/9_devices/model_parallel/Llama2-70B/trace_9_FC_devices_seqlen_2688.txt
/home/aatmaj/CENT/aim_simulator/build/ramulator2 -f /home/aatmaj/CENT/aim_simulator/test/example.yaml -t /home/aatmaj/CENT/experiments/dda_full_sweep/traces/32_channels_per_device/9_devices/model_parallel_FC/Llama2-70B/trace_9_FC_devices_seqlen_2688.txt
/home/aatmaj/CENT/aim_simulator/build/ramulator2 -f /home/aatmaj/CENT/aim_simulator/test/example.yaml -t /home/aatmaj/CENT/experiments/dda_full_sweep/traces/32_channels_per_device/9_devices/model_parallel/Llama2-70B/trace_9_FC_devices_seqlen_2816.txt
/home/aatmaj/CENT/aim_simulator/build/ramulator2 -f /home/aatmaj/CENT/aim_simulator/test/example.yaml -t /home/aatmaj/CENT/experiments/dda_full_sweep/traces/32_channels_per_device/9_devices/model_parallel_FC/Llama2-70B/trace_9_FC_devices_seqlen_2816.txt
/home/aatmaj/CENT/aim_simulator/build/ramulator2 -f /home/aatmaj/CENT/aim_simulator/test/example.yaml -t /home/aatmaj/CENT/experiments/dda_full_sweep/traces/32_channels_per_device/9_devices/model_parallel/Llama2-70B/trace_9_FC_devices_seqlen_2944.txt
/home/aatmaj/CENT/aim_simulator/build/ramulator2 -f /home/aatmaj/CENT/aim_simulator/test/example.yaml -t /home/aatmaj/CENT/experiments/dda_full_sweep/traces/32_channels_per_device/9_devices/model_parallel_FC/Llama2-70B/trace_9_FC_devices_seqlen_2944.txt
/home/aatmaj/CENT/aim_simulator/build/ramulator2 -f /home/aatmaj/CENT/aim_simulator/test/example.yaml -t /home/aatmaj/CENT/experiments/dda_full_sweep/traces/32_channels_per_device/9_devices/model_parallel/Llama2-70B/trace_9_FC_devices_seqlen_3072.txt
/home/aatmaj/CENT/aim_simulator/build/ramulator2 -f /home/aatmaj/CENT/aim_simulator/test/example.yaml -t /home/aatmaj/CENT/experiments/dda_full_sweep/traces/32_channels_per_device/9_devices/model_parallel_FC/Llama2-70B/trace_9_FC_devices_seqlen_3072.txt
/home/aatmaj/CENT/aim_simulator/build/ramulator2 -f /home/aatmaj/CENT/aim_simulator/test/example.yaml -t /home/aatmaj/CENT/experiments/dda_full_sweep/traces/32_channels_per_device/9_devices/model_parallel/Llama2-70B/trace_9_FC_devices_seqlen_3200.txt
/home/aatmaj/CENT/aim_simulator/build/ramulator2 -f /home/aatmaj/CENT/aim_simulator/test/example.yaml -t /home/aatmaj/CENT/experiments/dda_full_sweep/traces/32_channels_per_device/9_devices/model_parallel_FC/Llama2-70B/trace_9_FC_devices_seqlen_3200.txt
/home/aatmaj/CENT/aim_simulator/build/ramulator2 -f /home/aatmaj/CENT/aim_simulator/test/example.yaml -t /home/aatmaj/CENT/experiments/dda_full_sweep/traces/32_channels_per_device/9_devices/model_parallel/Llama2-70B/trace_9_FC_devices_seqlen_3328.txt
/home/aatmaj/CENT/aim_simulator/build/ramulator2 -f /home/aatmaj/CENT/aim_simulator/test/example.yaml -t /home/aatmaj/CENT/experiments/dda_full_sweep/traces/32_channels_per_device/9_devices/model_parallel_FC/Llama2-70B/trace_9_FC_devices_seqlen_3328.txt
/home/aatmaj/CENT/aim_simulator/build/ramulator2 -f /home/aatmaj/CENT/aim_simulator/test/example.yaml -t /home/aatmaj/CENT/experiments/dda_full_sweep/traces/32_channels_per_device/9_devices/model_parallel/Llama2-70B/trace_9_FC_devices_seqlen_3456.txt
/home/aatmaj/CENT/aim_simulator/build/ramulator2 -f /home/aatmaj/CENT/aim_simulator/test/example.yaml -t /home/aatmaj/CENT/experiments/dda_full_sweep/traces/32_channels_per_device/9_devices/model_parallel_FC/Llama2-70B/trace_9_FC_devices_seqlen_3456.txt
/home/aatmaj/CENT/aim_simulator/build/ramulator2 -f /home/aatmaj/CENT/aim_simulator/test/example.yaml -t /home/aatmaj/CENT/experiments/dda_full_sweep/traces/32_channels_per_device/9_devices/model_parallel/Llama2-70B/trace_9_FC_devices_seqlen_3584.txt
/home/aatmaj/CENT/aim_simulator/build/ramulator2 -f /home/aatmaj/CENT/aim_simulator/test/example.yaml -t /home/aatmaj/CENT/experiments/dda_full_sweep/traces/32_channels_per_device/9_devices/model_parallel_FC/Llama2-70B/trace_9_FC_devices_seqlen_3584.txt
/home/aatmaj/CENT/aim_simulator/build/ramulator2 -f /home/aatmaj/CENT/aim_simulator/test/example.yaml -t /home/aatmaj/CENT/experiments/dda_full_sweep/traces/32_channels_per_device/9_devices/model_parallel/Llama2-70B/trace_9_FC_devices_seqlen_3712.txt
/home/aatmaj/CENT/aim_simulator/build/ramulator2 -f /home/aatmaj/CENT/aim_simulator/test/example.yaml -t /home/aatmaj/CENT/experiments/dda_full_sweep/traces/32_channels_per_device/9_devices/model_parallel_FC/Llama2-70B/trace_9_FC_devices_seqlen_3712.txt
/home/aatmaj/CENT/aim_simulator/build/ramulator2 -f /home/aatmaj/CENT/aim_simulator/test/example.yaml -t /home/aatmaj/CENT/experiments/dda_full_sweep/traces/32_channels_per_device/9_devices/model_parallel/Llama2-70B/trace_9_FC_devices_seqlen_3840.txt
/home/aatmaj/CENT/aim_simulator/build/ramulator2 -f /home/aatmaj/CENT/aim_simulator/test/example.yaml -t /home/aatmaj/CENT/experiments/dda_full_sweep/traces/32_channels_per_device/9_devices/model_parallel_FC/Llama2-70B/trace_9_FC_devices_seqlen_3840.txt
/home/aatmaj/CENT/aim_simulator/build/ramulator2 -f /home/aatmaj/CENT/aim_simulator/test/example.yaml -t /home/aatmaj/CENT/experiments/dda_full_sweep/traces/32_channels_per_device/9_devices/model_parallel/Llama2-70B/trace_9_FC_devices_seqlen_3968.txt
/home/aatmaj/CENT/aim_simulator/build/ramulator2 -f /home/aatmaj/CENT/aim_simulator/test/example.yaml -t /home/aatmaj/CENT/experiments/dda_full_sweep/traces/32_channels_per_device/9_devices/model_parallel_FC/Llama2-70B/trace_9_FC_devices_seqlen_3968.txt
/home/aatmaj/CENT/aim_simulator/build/ramulator2 -f /home/aatmaj/CENT/aim_simulator/test/example.yaml -t /home/aatmaj/CENT/experiments/dda_full_sweep/traces/32_channels_per_device/9_devices/model_parallel/Llama2-70B/trace_9_FC_devices_seqlen_4096.txt
/home/aatmaj/CENT/experiments/dda_full_sweep/simulation/run_sim_full32.py:447: FutureWarning: The behavior of DataFrame concatenation with empty or all-NA entries is deprecated. In a future version, this will no longer exclude empty or all-NA columns when determining the result dtypes. To retain the old behavior, exclude the relevant entries before the concat operation.
  results_df = pd.concat([results_df, new_df], ignore_index=True)
/home/aatmaj/CENT/aim_simulator/build/ramulator2 -f /home/aatmaj/CENT/aim_simulator/test/example.yaml -t /home/aatmaj/CENT/experiments/dda_full_sweep/traces/32_channels_per_device/9_devices/model_parallel_FC/Llama2-70B/trace_9_FC_devices_seqlen_4096.txt
Processing results...
Updating simulation results to CSV...
=== Pool L | Llama2-70B | N_L=11 | TP=11, PP=1 ===
Generating traces for Llama2-70B (11 devices) ...
/home/aatmaj/CENT/aim_simulator/build/ramulator2 -f /home/aatmaj/CENT/aim_simulator/test/example.yaml -t /home/aatmaj/CENT/experiments/dda_full_sweep/traces/32_channels_per_device/11_devices/model_parallel_embedding/Llama2-70B/trace_11_FC_devices_seqlen_4096.txt
/home/aatmaj/CENT/aim_simulator/build/ramulator2 -f /home/aatmaj/CENT/aim_simulator/test/example.yaml -t /home/aatmaj/CENT/experiments/dda_full_sweep/traces/32_channels_per_device/11_devices/model_parallel/Llama2-70B/trace_11_FC_devices_seqlen_128.txt
/home/aatmaj/CENT/aim_simulator/build/ramulator2 -f /home/aatmaj/CENT/aim_simulator/test/example.yaml -t /home/aatmaj/CENT/experiments/dda_full_sweep/traces/32_channels_per_device/11_devices/model_parallel_FC/Llama2-70B/trace_11_FC_devices_seqlen_128.txt
/home/aatmaj/CENT/aim_simulator/build/ramulator2 -f /home/aatmaj/CENT/aim_simulator/test/example.yaml -t /home/aatmaj/CENT/experiments/dda_full_sweep/traces/32_channels_per_device/11_devices/model_parallel/Llama2-70B/trace_11_FC_devices_seqlen_256.txt
/home/aatmaj/CENT/aim_simulator/build/ramulator2 -f /home/aatmaj/CENT/aim_simulator/test/example.yaml -t /home/aatmaj/CENT/experiments/dda_full_sweep/traces/32_channels_per_device/11_devices/model_parallel_FC/Llama2-70B/trace_11_FC_devices_seqlen_256.txt
/home/aatmaj/CENT/aim_simulator/build/ramulator2 -f /home/aatmaj/CENT/aim_simulator/test/example.yaml -t /home/aatmaj/CENT/experiments/dda_full_sweep/traces/32_channels_per_device/11_devices/model_parallel/Llama2-70B/trace_11_FC_devices_seqlen_384.txt
/home/aatmaj/CENT/aim_simulator/build/ramulator2 -f /home/aatmaj/CENT/aim_simulator/test/example.yaml -t /home/aatmaj/CENT/experiments/dda_full_sweep/traces/32_channels_per_device/11_devices/model_parallel_FC/Llama2-70B/trace_11_FC_devices_seqlen_384.txt
/home/aatmaj/CENT/aim_simulator/build/ramulator2 -f /home/aatmaj/CENT/aim_simulator/test/example.yaml -t /home/aatmaj/CENT/experiments/dda_full_sweep/traces/32_channels_per_device/11_devices/model_parallel/Llama2-70B/trace_11_FC_devices_seqlen_512.txt
/home/aatmaj/CENT/aim_simulator/build/ramulator2 -f /home/aatmaj/CENT/aim_simulator/test/example.yaml -t /home/aatmaj/CENT/experiments/dda_full_sweep/traces/32_channels_per_device/11_devices/model_parallel_FC/Llama2-70B/trace_11_FC_devices_seqlen_512.txt
/home/aatmaj/CENT/aim_simulator/build/ramulator2 -f /home/aatmaj/CENT/aim_simulator/test/example.yaml -t /home/aatmaj/CENT/experiments/dda_full_sweep/traces/32_channels_per_device/11_devices/model_parallel/Llama2-70B/trace_11_FC_devices_seqlen_640.txt
/home/aatmaj/CENT/aim_simulator/build/ramulator2 -f /home/aatmaj/CENT/aim_simulator/test/example.yaml -t /home/aatmaj/CENT/experiments/dda_full_sweep/traces/32_channels_per_device/11_devices/model_parallel_FC/Llama2-70B/trace_11_FC_devices_seqlen_640.txt
/home/aatmaj/CENT/aim_simulator/build/ramulator2 -f /home/aatmaj/CENT/aim_simulator/test/example.yaml -t /home/aatmaj/CENT/experiments/dda_full_sweep/traces/32_channels_per_device/11_devices/model_parallel/Llama2-70B/trace_11_FC_devices_seqlen_768.txt
/home/aatmaj/CENT/aim_simulator/build/ramulator2 -f /home/aatmaj/CENT/aim_simulator/test/example.yaml -t /home/aatmaj/CENT/experiments/dda_full_sweep/traces/32_channels_per_device/11_devices/model_parallel_FC/Llama2-70B/trace_11_FC_devices_seqlen_768.txt
/home/aatmaj/CENT/aim_simulator/build/ramulator2 -f /home/aatmaj/CENT/aim_simulator/test/example.yaml -t /home/aatmaj/CENT/experiments/dda_full_sweep/traces/32_channels_per_device/11_devices/model_parallel/Llama2-70B/trace_11_FC_devices_seqlen_896.txt
/home/aatmaj/CENT/aim_simulator/build/ramulator2 -f /home/aatmaj/CENT/aim_simulator/test/example.yaml -t /home/aatmaj/CENT/experiments/dda_full_sweep/traces/32_channels_per_device/11_devices/model_parallel_FC/Llama2-70B/trace_11_FC_devices_seqlen_896.txt
/home/aatmaj/CENT/aim_simulator/build/ramulator2 -f /home/aatmaj/CENT/aim_simulator/test/example.yaml -t /home/aatmaj/CENT/experiments/dda_full_sweep/traces/32_channels_per_device/11_devices/model_parallel/Llama2-70B/trace_11_FC_devices_seqlen_1024.txt
/home/aatmaj/CENT/aim_simulator/build/ramulator2 -f /home/aatmaj/CENT/aim_simulator/test/example.yaml -t /home/aatmaj/CENT/experiments/dda_full_sweep/traces/32_channels_per_device/11_devices/model_parallel_FC/Llama2-70B/trace_11_FC_devices_seqlen_1024.txt
/home/aatmaj/CENT/aim_simulator/build/ramulator2 -f /home/aatmaj/CENT/aim_simulator/test/example.yaml -t /home/aatmaj/CENT/experiments/dda_full_sweep/traces/32_channels_per_device/11_devices/model_parallel/Llama2-70B/trace_11_FC_devices_seqlen_1152.txt
/home/aatmaj/CENT/aim_simulator/build/ramulator2 -f /home/aatmaj/CENT/aim_simulator/test/example.yaml -t /home/aatmaj/CENT/experiments/dda_full_sweep/traces/32_channels_per_device/11_devices/model_parallel_FC/Llama2-70B/trace_11_FC_devices_seqlen_1152.txt
/home/aatmaj/CENT/aim_simulator/build/ramulator2 -f /home/aatmaj/CENT/aim_simulator/test/example.yaml -t /home/aatmaj/CENT/experiments/dda_full_sweep/traces/32_channels_per_device/11_devices/model_parallel/Llama2-70B/trace_11_FC_devices_seqlen_1280.txt
/home/aatmaj/CENT/aim_simulator/build/ramulator2 -f /home/aatmaj/CENT/aim_simulator/test/example.yaml -t /home/aatmaj/CENT/experiments/dda_full_sweep/traces/32_channels_per_device/11_devices/model_parallel_FC/Llama2-70B/trace_11_FC_devices_seqlen_1280.txt
/home/aatmaj/CENT/aim_simulator/build/ramulator2 -f /home/aatmaj/CENT/aim_simulator/test/example.yaml -t /home/aatmaj/CENT/experiments/dda_full_sweep/traces/32_channels_per_device/11_devices/model_parallel/Llama2-70B/trace_11_FC_devices_seqlen_1408.txt
/home/aatmaj/CENT/aim_simulator/build/ramulator2 -f /home/aatmaj/CENT/aim_simulator/test/example.yaml -t /home/aatmaj/CENT/experiments/dda_full_sweep/traces/32_channels_per_device/11_devices/model_parallel_FC/Llama2-70B/trace_11_FC_devices_seqlen_1408.txt
/home/aatmaj/CENT/aim_simulator/build/ramulator2 -f /home/aatmaj/CENT/aim_simulator/test/example.yaml -t /home/aatmaj/CENT/experiments/dda_full_sweep/traces/32_channels_per_device/11_devices/model_parallel/Llama2-70B/trace_11_FC_devices_seqlen_1536.txt
/home/aatmaj/CENT/aim_simulator/build/ramulator2 -f /home/aatmaj/CENT/aim_simulator/test/example.yaml -t /home/aatmaj/CENT/experiments/dda_full_sweep/traces/32_channels_per_device/11_devices/model_parallel_FC/Llama2-70B/trace_11_FC_devices_seqlen_1536.txt
/home/aatmaj/CENT/aim_simulator/build/ramulator2 -f /home/aatmaj/CENT/aim_simulator/test/example.yaml -t /home/aatmaj/CENT/experiments/dda_full_sweep/traces/32_channels_per_device/11_devices/model_parallel/Llama2-70B/trace_11_FC_devices_seqlen_1664.txt
/home/aatmaj/CENT/aim_simulator/build/ramulator2 -f /home/aatmaj/CENT/aim_simulator/test/example.yaml -t /home/aatmaj/CENT/experiments/dda_full_sweep/traces/32_channels_per_device/11_devices/model_parallel_FC/Llama2-70B/trace_11_FC_devices_seqlen_1664.txt
/home/aatmaj/CENT/aim_simulator/build/ramulator2 -f /home/aatmaj/CENT/aim_simulator/test/example.yaml -t /home/aatmaj/CENT/experiments/dda_full_sweep/traces/32_channels_per_device/11_devices/model_parallel/Llama2-70B/trace_11_FC_devices_seqlen_1792.txt
/home/aatmaj/CENT/aim_simulator/build/ramulator2 -f /home/aatmaj/CENT/aim_simulator/test/example.yaml -t /home/aatmaj/CENT/experiments/dda_full_sweep/traces/32_channels_per_device/11_devices/model_parallel_FC/Llama2-70B/trace_11_FC_devices_seqlen_1792.txt
/home/aatmaj/CENT/aim_simulator/build/ramulator2 -f /home/aatmaj/CENT/aim_simulator/test/example.yaml -t /home/aatmaj/CENT/experiments/dda_full_sweep/traces/32_channels_per_device/11_devices/model_parallel/Llama2-70B/trace_11_FC_devices_seqlen_1920.txt
/home/aatmaj/CENT/aim_simulator/build/ramulator2 -f /home/aatmaj/CENT/aim_simulator/test/example.yaml -t /home/aatmaj/CENT/experiments/dda_full_sweep/traces/32_channels_per_device/11_devices/model_parallel_FC/Llama2-70B/trace_11_FC_devices_seqlen_1920.txt
/home/aatmaj/CENT/aim_simulator/build/ramulator2 -f /home/aatmaj/CENT/aim_simulator/test/example.yaml -t /home/aatmaj/CENT/experiments/dda_full_sweep/traces/32_channels_per_device/11_devices/model_parallel/Llama2-70B/trace_11_FC_devices_seqlen_2048.txt
/home/aatmaj/CENT/aim_simulator/build/ramulator2 -f /home/aatmaj/CENT/aim_simulator/test/example.yaml -t /home/aatmaj/CENT/experiments/dda_full_sweep/traces/32_channels_per_device/11_devices/model_parallel_FC/Llama2-70B/trace_11_FC_devices_seqlen_2048.txt
/home/aatmaj/CENT/aim_simulator/build/ramulator2 -f /home/aatmaj/CENT/aim_simulator/test/example.yaml -t /home/aatmaj/CENT/experiments/dda_full_sweep/traces/32_channels_per_device/11_devices/model_parallel/Llama2-70B/trace_11_FC_devices_seqlen_2176.txt
/home/aatmaj/CENT/aim_simulator/build/ramulator2 -f /home/aatmaj/CENT/aim_simulator/test/example.yaml -t /home/aatmaj/CENT/experiments/dda_full_sweep/traces/32_channels_per_device/11_devices/model_parallel_FC/Llama2-70B/trace_11_FC_devices_seqlen_2176.txt
/home/aatmaj/CENT/aim_simulator/build/ramulator2 -f /home/aatmaj/CENT/aim_simulator/test/example.yaml -t /home/aatmaj/CENT/experiments/dda_full_sweep/traces/32_channels_per_device/11_devices/model_parallel/Llama2-70B/trace_11_FC_devices_seqlen_2304.txt
/home/aatmaj/CENT/aim_simulator/build/ramulator2 -f /home/aatmaj/CENT/aim_simulator/test/example.yaml -t /home/aatmaj/CENT/experiments/dda_full_sweep/traces/32_channels_per_device/11_devices/model_parallel_FC/Llama2-70B/trace_11_FC_devices_seqlen_2304.txt
/home/aatmaj/CENT/aim_simulator/build/ramulator2 -f /home/aatmaj/CENT/aim_simulator/test/example.yaml -t /home/aatmaj/CENT/experiments/dda_full_sweep/traces/32_channels_per_device/11_devices/model_parallel/Llama2-70B/trace_11_FC_devices_seqlen_2432.txt
/home/aatmaj/CENT/aim_simulator/build/ramulator2 -f /home/aatmaj/CENT/aim_simulator/test/example.yaml -t /home/aatmaj/CENT/experiments/dda_full_sweep/traces/32_channels_per_device/11_devices/model_parallel_FC/Llama2-70B/trace_11_FC_devices_seqlen_2432.txt
/home/aatmaj/CENT/aim_simulator/build/ramulator2 -f /home/aatmaj/CENT/aim_simulator/test/example.yaml -t /home/aatmaj/CENT/experiments/dda_full_sweep/traces/32_channels_per_device/11_devices/model_parallel/Llama2-70B/trace_11_FC_devices_seqlen_2560.txt
/home/aatmaj/CENT/aim_simulator/build/ramulator2 -f /home/aatmaj/CENT/aim_simulator/test/example.yaml -t /home/aatmaj/CENT/experiments/dda_full_sweep/traces/32_channels_per_device/11_devices/model_parallel_FC/Llama2-70B/trace_11_FC_devices_seqlen_2560.txt
/home/aatmaj/CENT/aim_simulator/build/ramulator2 -f /home/aatmaj/CENT/aim_simulator/test/example.yaml -t /home/aatmaj/CENT/experiments/dda_full_sweep/traces/32_channels_per_device/11_devices/model_parallel/Llama2-70B/trace_11_FC_devices_seqlen_2688.txt
/home/aatmaj/CENT/aim_simulator/build/ramulator2 -f /home/aatmaj/CENT/aim_simulator/test/example.yaml -t /home/aatmaj/CENT/experiments/dda_full_sweep/traces/32_channels_per_device/11_devices/model_parallel_FC/Llama2-70B/trace_11_FC_devices_seqlen_2688.txt
/home/aatmaj/CENT/aim_simulator/build/ramulator2 -f /home/aatmaj/CENT/aim_simulator/test/example.yaml -t /home/aatmaj/CENT/experiments/dda_full_sweep/traces/32_channels_per_device/11_devices/model_parallel/Llama2-70B/trace_11_FC_devices_seqlen_2816.txt
/home/aatmaj/CENT/aim_simulator/build/ramulator2 -f /home/aatmaj/CENT/aim_simulator/test/example.yaml -t /home/aatmaj/CENT/experiments/dda_full_sweep/traces/32_channels_per_device/11_devices/model_parallel_FC/Llama2-70B/trace_11_FC_devices_seqlen_2816.txt
/home/aatmaj/CENT/aim_simulator/build/ramulator2 -f /home/aatmaj/CENT/aim_simulator/test/example.yaml -t /home/aatmaj/CENT/experiments/dda_full_sweep/traces/32_channels_per_device/11_devices/model_parallel/Llama2-70B/trace_11_FC_devices_seqlen_2944.txt
/home/aatmaj/CENT/aim_simulator/build/ramulator2 -f /home/aatmaj/CENT/aim_simulator/test/example.yaml -t /home/aatmaj/CENT/experiments/dda_full_sweep/traces/32_channels_per_device/11_devices/model_parallel_FC/Llama2-70B/trace_11_FC_devices_seqlen_2944.txt
/home/aatmaj/CENT/aim_simulator/build/ramulator2 -f /home/aatmaj/CENT/aim_simulator/test/example.yaml -t /home/aatmaj/CENT/experiments/dda_full_sweep/traces/32_channels_per_device/11_devices/model_parallel/Llama2-70B/trace_11_FC_devices_seqlen_3072.txt
/home/aatmaj/CENT/aim_simulator/build/ramulator2 -f /home/aatmaj/CENT/aim_simulator/test/example.yaml -t /home/aatmaj/CENT/experiments/dda_full_sweep/traces/32_channels_per_device/11_devices/model_parallel_FC/Llama2-70B/trace_11_FC_devices_seqlen_3072.txt
/home/aatmaj/CENT/aim_simulator/build/ramulator2 -f /home/aatmaj/CENT/aim_simulator/test/example.yaml -t /home/aatmaj/CENT/experiments/dda_full_sweep/traces/32_channels_per_device/11_devices/model_parallel/Llama2-70B/trace_11_FC_devices_seqlen_3200.txt
/home/aatmaj/CENT/aim_simulator/build/ramulator2 -f /home/aatmaj/CENT/aim_simulator/test/example.yaml -t /home/aatmaj/CENT/experiments/dda_full_sweep/traces/32_channels_per_device/11_devices/model_parallel_FC/Llama2-70B/trace_11_FC_devices_seqlen_3200.txt
/home/aatmaj/CENT/aim_simulator/build/ramulator2 -f /home/aatmaj/CENT/aim_simulator/test/example.yaml -t /home/aatmaj/CENT/experiments/dda_full_sweep/traces/32_channels_per_device/11_devices/model_parallel/Llama2-70B/trace_11_FC_devices_seqlen_3328.txt
/home/aatmaj/CENT/aim_simulator/build/ramulator2 -f /home/aatmaj/CENT/aim_simulator/test/example.yaml -t /home/aatmaj/CENT/experiments/dda_full_sweep/traces/32_channels_per_device/11_devices/model_parallel_FC/Llama2-70B/trace_11_FC_devices_seqlen_3328.txt
/home/aatmaj/CENT/aim_simulator/build/ramulator2 -f /home/aatmaj/CENT/aim_simulator/test/example.yaml -t /home/aatmaj/CENT/experiments/dda_full_sweep/traces/32_channels_per_device/11_devices/model_parallel/Llama2-70B/trace_11_FC_devices_seqlen_3456.txt
/home/aatmaj/CENT/aim_simulator/build/ramulator2 -f /home/aatmaj/CENT/aim_simulator/test/example.yaml -t /home/aatmaj/CENT/experiments/dda_full_sweep/traces/32_channels_per_device/11_devices/model_parallel_FC/Llama2-70B/trace_11_FC_devices_seqlen_3456.txt
/home/aatmaj/CENT/aim_simulator/build/ramulator2 -f /home/aatmaj/CENT/aim_simulator/test/example.yaml -t /home/aatmaj/CENT/experiments/dda_full_sweep/traces/32_channels_per_device/11_devices/model_parallel/Llama2-70B/trace_11_FC_devices_seqlen_3584.txt
/home/aatmaj/CENT/aim_simulator/build/ramulator2 -f /home/aatmaj/CENT/aim_simulator/test/example.yaml -t /home/aatmaj/CENT/experiments/dda_full_sweep/traces/32_channels_per_device/11_devices/model_parallel_FC/Llama2-70B/trace_11_FC_devices_seqlen_3584.txt
/home/aatmaj/CENT/aim_simulator/build/ramulator2 -f /home/aatmaj/CENT/aim_simulator/test/example.yaml -t /home/aatmaj/CENT/experiments/dda_full_sweep/traces/32_channels_per_device/11_devices/model_parallel/Llama2-70B/trace_11_FC_devices_seqlen_3712.txt
/home/aatmaj/CENT/aim_simulator/build/ramulator2 -f /home/aatmaj/CENT/aim_simulator/test/example.yaml -t /home/aatmaj/CENT/experiments/dda_full_sweep/traces/32_channels_per_device/11_devices/model_parallel_FC/Llama2-70B/trace_11_FC_devices_seqlen_3712.txt
/home/aatmaj/CENT/aim_simulator/build/ramulator2 -f /home/aatmaj/CENT/aim_simulator/test/example.yaml -t /home/aatmaj/CENT/experiments/dda_full_sweep/traces/32_channels_per_device/11_devices/model_parallel/Llama2-70B/trace_11_FC_devices_seqlen_3840.txt
/home/aatmaj/CENT/aim_simulator/build/ramulator2 -f /home/aatmaj/CENT/aim_simulator/test/example.yaml -t /home/aatmaj/CENT/experiments/dda_full_sweep/traces/32_channels_per_device/11_devices/model_parallel_FC/Llama2-70B/trace_11_FC_devices_seqlen_3840.txt
/home/aatmaj/CENT/aim_simulator/build/ramulator2 -f /home/aatmaj/CENT/aim_simulator/test/example.yaml -t /home/aatmaj/CENT/experiments/dda_full_sweep/traces/32_channels_per_device/11_devices/model_parallel/Llama2-70B/trace_11_FC_devices_seqlen_3968.txt
/home/aatmaj/CENT/aim_simulator/build/ramulator2 -f /home/aatmaj/CENT/aim_simulator/test/example.yaml -t /home/aatmaj/CENT/experiments/dda_full_sweep/traces/32_channels_per_device/11_devices/model_parallel_FC/Llama2-70B/trace_11_FC_devices_seqlen_3968.txt
/home/aatmaj/CENT/aim_simulator/build/ramulator2 -f /home/aatmaj/CENT/aim_simulator/test/example.yaml -t /home/aatmaj/CENT/experiments/dda_full_sweep/traces/32_channels_per_device/11_devices/model_parallel/Llama2-70B/trace_11_FC_devices_seqlen_4096.txt
/home/aatmaj/CENT/experiments/dda_full_sweep/simulation/run_sim_full32.py:447: FutureWarning: The behavior of DataFrame concatenation with empty or all-NA entries is deprecated. In a future version, this will no longer exclude empty or all-NA columns when determining the result dtypes. To retain the old behavior, exclude the relevant entries before the concat operation.
  results_df = pd.concat([results_df, new_df], ignore_index=True)
/home/aatmaj/CENT/aim_simulator/build/ramulator2 -f /home/aatmaj/CENT/aim_simulator/test/example.yaml -t /home/aatmaj/CENT/experiments/dda_full_sweep/traces/32_channels_per_device/11_devices/model_parallel_FC/Llama2-70B/trace_11_FC_devices_seqlen_4096.txt
Processing results...
Updating simulation results to CSV...
=== Pool L | Llama2-70B | N_L=13 | TP=13, PP=1 ===
Generating traces for Llama2-70B (13 devices) ...
/home/aatmaj/CENT/aim_simulator/build/ramulator2 -f /home/aatmaj/CENT/aim_simulator/test/example.yaml -t /home/aatmaj/CENT/experiments/dda_full_sweep/traces/32_channels_per_device/13_devices/model_parallel_embedding/Llama2-70B/trace_13_FC_devices_seqlen_4096.txt
/home/aatmaj/CENT/aim_simulator/build/ramulator2 -f /home/aatmaj/CENT/aim_simulator/test/example.yaml -t /home/aatmaj/CENT/experiments/dda_full_sweep/traces/32_channels_per_device/13_devices/model_parallel/Llama2-70B/trace_13_FC_devices_seqlen_128.txt
/home/aatmaj/CENT/aim_simulator/build/ramulator2 -f /home/aatmaj/CENT/aim_simulator/test/example.yaml -t /home/aatmaj/CENT/experiments/dda_full_sweep/traces/32_channels_per_device/13_devices/model_parallel_FC/Llama2-70B/trace_13_FC_devices_seqlen_128.txt
/home/aatmaj/CENT/aim_simulator/build/ramulator2 -f /home/aatmaj/CENT/aim_simulator/test/example.yaml -t /home/aatmaj/CENT/experiments/dda_full_sweep/traces/32_channels_per_device/13_devices/model_parallel/Llama2-70B/trace_13_FC_devices_seqlen_256.txt
/home/aatmaj/CENT/aim_simulator/build/ramulator2 -f /home/aatmaj/CENT/aim_simulator/test/example.yaml -t /home/aatmaj/CENT/experiments/dda_full_sweep/traces/32_channels_per_device/13_devices/model_parallel_FC/Llama2-70B/trace_13_FC_devices_seqlen_256.txt
/home/aatmaj/CENT/aim_simulator/build/ramulator2 -f /home/aatmaj/CENT/aim_simulator/test/example.yaml -t /home/aatmaj/CENT/experiments/dda_full_sweep/traces/32_channels_per_device/13_devices/model_parallel/Llama2-70B/trace_13_FC_devices_seqlen_384.txt
/home/aatmaj/CENT/aim_simulator/build/ramulator2 -f /home/aatmaj/CENT/aim_simulator/test/example.yaml -t /home/aatmaj/CENT/experiments/dda_full_sweep/traces/32_channels_per_device/13_devices/model_parallel_FC/Llama2-70B/trace_13_FC_devices_seqlen_384.txt
/home/aatmaj/CENT/aim_simulator/build/ramulator2 -f /home/aatmaj/CENT/aim_simulator/test/example.yaml -t /home/aatmaj/CENT/experiments/dda_full_sweep/traces/32_channels_per_device/13_devices/model_parallel/Llama2-70B/trace_13_FC_devices_seqlen_512.txt
/home/aatmaj/CENT/aim_simulator/build/ramulator2 -f /home/aatmaj/CENT/aim_simulator/test/example.yaml -t /home/aatmaj/CENT/experiments/dda_full_sweep/traces/32_channels_per_device/13_devices/model_parallel_FC/Llama2-70B/trace_13_FC_devices_seqlen_512.txt
/home/aatmaj/CENT/aim_simulator/build/ramulator2 -f /home/aatmaj/CENT/aim_simulator/test/example.yaml -t /home/aatmaj/CENT/experiments/dda_full_sweep/traces/32_channels_per_device/13_devices/model_parallel/Llama2-70B/trace_13_FC_devices_seqlen_640.txt
/home/aatmaj/CENT/aim_simulator/build/ramulator2 -f /home/aatmaj/CENT/aim_simulator/test/example.yaml -t /home/aatmaj/CENT/experiments/dda_full_sweep/traces/32_channels_per_device/13_devices/model_parallel_FC/Llama2-70B/trace_13_FC_devices_seqlen_640.txt
/home/aatmaj/CENT/aim_simulator/build/ramulator2 -f /home/aatmaj/CENT/aim_simulator/test/example.yaml -t /home/aatmaj/CENT/experiments/dda_full_sweep/traces/32_channels_per_device/13_devices/model_parallel/Llama2-70B/trace_13_FC_devices_seqlen_768.txt
/home/aatmaj/CENT/aim_simulator/build/ramulator2 -f /home/aatmaj/CENT/aim_simulator/test/example.yaml -t /home/aatmaj/CENT/experiments/dda_full_sweep/traces/32_channels_per_device/13_devices/model_parallel_FC/Llama2-70B/trace_13_FC_devices_seqlen_768.txt
/home/aatmaj/CENT/aim_simulator/build/ramulator2 -f /home/aatmaj/CENT/aim_simulator/test/example.yaml -t /home/aatmaj/CENT/experiments/dda_full_sweep/traces/32_channels_per_device/13_devices/model_parallel/Llama2-70B/trace_13_FC_devices_seqlen_896.txt
/home/aatmaj/CENT/aim_simulator/build/ramulator2 -f /home/aatmaj/CENT/aim_simulator/test/example.yaml -t /home/aatmaj/CENT/experiments/dda_full_sweep/traces/32_channels_per_device/13_devices/model_parallel_FC/Llama2-70B/trace_13_FC_devices_seqlen_896.txt
/home/aatmaj/CENT/aim_simulator/build/ramulator2 -f /home/aatmaj/CENT/aim_simulator/test/example.yaml -t /home/aatmaj/CENT/experiments/dda_full_sweep/traces/32_channels_per_device/13_devices/model_parallel/Llama2-70B/trace_13_FC_devices_seqlen_1024.txt
/home/aatmaj/CENT/aim_simulator/build/ramulator2 -f /home/aatmaj/CENT/aim_simulator/test/example.yaml -t /home/aatmaj/CENT/experiments/dda_full_sweep/traces/32_channels_per_device/13_devices/model_parallel_FC/Llama2-70B/trace_13_FC_devices_seqlen_1024.txt
/home/aatmaj/CENT/aim_simulator/build/ramulator2 -f /home/aatmaj/CENT/aim_simulator/test/example.yaml -t /home/aatmaj/CENT/experiments/dda_full_sweep/traces/32_channels_per_device/13_devices/model_parallel/Llama2-70B/trace_13_FC_devices_seqlen_1152.txt
/home/aatmaj/CENT/aim_simulator/build/ramulator2 -f /home/aatmaj/CENT/aim_simulator/test/example.yaml -t /home/aatmaj/CENT/experiments/dda_full_sweep/traces/32_channels_per_device/13_devices/model_parallel_FC/Llama2-70B/trace_13_FC_devices_seqlen_1152.txt
/home/aatmaj/CENT/aim_simulator/build/ramulator2 -f /home/aatmaj/CENT/aim_simulator/test/example.yaml -t /home/aatmaj/CENT/experiments/dda_full_sweep/traces/32_channels_per_device/13_devices/model_parallel/Llama2-70B/trace_13_FC_devices_seqlen_1280.txt
/home/aatmaj/CENT/aim_simulator/build/ramulator2 -f /home/aatmaj/CENT/aim_simulator/test/example.yaml -t /home/aatmaj/CENT/experiments/dda_full_sweep/traces/32_channels_per_device/13_devices/model_parallel_FC/Llama2-70B/trace_13_FC_devices_seqlen_1280.txt
/home/aatmaj/CENT/aim_simulator/build/ramulator2 -f /home/aatmaj/CENT/aim_simulator/test/example.yaml -t /home/aatmaj/CENT/experiments/dda_full_sweep/traces/32_channels_per_device/13_devices/model_parallel/Llama2-70B/trace_13_FC_devices_seqlen_1408.txt
/home/aatmaj/CENT/aim_simulator/build/ramulator2 -f /home/aatmaj/CENT/aim_simulator/test/example.yaml -t /home/aatmaj/CENT/experiments/dda_full_sweep/traces/32_channels_per_device/13_devices/model_parallel_FC/Llama2-70B/trace_13_FC_devices_seqlen_1408.txt
/home/aatmaj/CENT/aim_simulator/build/ramulator2 -f /home/aatmaj/CENT/aim_simulator/test/example.yaml -t /home/aatmaj/CENT/experiments/dda_full_sweep/traces/32_channels_per_device/13_devices/model_parallel/Llama2-70B/trace_13_FC_devices_seqlen_1536.txt
/home/aatmaj/CENT/aim_simulator/build/ramulator2 -f /home/aatmaj/CENT/aim_simulator/test/example.yaml -t /home/aatmaj/CENT/experiments/dda_full_sweep/traces/32_channels_per_device/13_devices/model_parallel_FC/Llama2-70B/trace_13_FC_devices_seqlen_1536.txt
/home/aatmaj/CENT/aim_simulator/build/ramulator2 -f /home/aatmaj/CENT/aim_simulator/test/example.yaml -t /home/aatmaj/CENT/experiments/dda_full_sweep/traces/32_channels_per_device/13_devices/model_parallel/Llama2-70B/trace_13_FC_devices_seqlen_1664.txt
/home/aatmaj/CENT/aim_simulator/build/ramulator2 -f /home/aatmaj/CENT/aim_simulator/test/example.yaml -t /home/aatmaj/CENT/experiments/dda_full_sweep/traces/32_channels_per_device/13_devices/model_parallel_FC/Llama2-70B/trace_13_FC_devices_seqlen_1664.txt
/home/aatmaj/CENT/aim_simulator/build/ramulator2 -f /home/aatmaj/CENT/aim_simulator/test/example.yaml -t /home/aatmaj/CENT/experiments/dda_full_sweep/traces/32_channels_per_device/13_devices/model_parallel/Llama2-70B/trace_13_FC_devices_seqlen_1792.txt
/home/aatmaj/CENT/aim_simulator/build/ramulator2 -f /home/aatmaj/CENT/aim_simulator/test/example.yaml -t /home/aatmaj/CENT/experiments/dda_full_sweep/traces/32_channels_per_device/13_devices/model_parallel_FC/Llama2-70B/trace_13_FC_devices_seqlen_1792.txt
/home/aatmaj/CENT/aim_simulator/build/ramulator2 -f /home/aatmaj/CENT/aim_simulator/test/example.yaml -t /home/aatmaj/CENT/experiments/dda_full_sweep/traces/32_channels_per_device/13_devices/model_parallel/Llama2-70B/trace_13_FC_devices_seqlen_1920.txt
/home/aatmaj/CENT/aim_simulator/build/ramulator2 -f /home/aatmaj/CENT/aim_simulator/test/example.yaml -t /home/aatmaj/CENT/experiments/dda_full_sweep/traces/32_channels_per_device/13_devices/model_parallel_FC/Llama2-70B/trace_13_FC_devices_seqlen_1920.txt
/home/aatmaj/CENT/aim_simulator/build/ramulator2 -f /home/aatmaj/CENT/aim_simulator/test/example.yaml -t /home/aatmaj/CENT/experiments/dda_full_sweep/traces/32_channels_per_device/13_devices/model_parallel/Llama2-70B/trace_13_FC_devices_seqlen_2048.txt
/home/aatmaj/CENT/aim_simulator/build/ramulator2 -f /home/aatmaj/CENT/aim_simulator/test/example.yaml -t /home/aatmaj/CENT/experiments/dda_full_sweep/traces/32_channels_per_device/13_devices/model_parallel_FC/Llama2-70B/trace_13_FC_devices_seqlen_2048.txt
/home/aatmaj/CENT/aim_simulator/build/ramulator2 -f /home/aatmaj/CENT/aim_simulator/test/example.yaml -t /home/aatmaj/CENT/experiments/dda_full_sweep/traces/32_channels_per_device/13_devices/model_parallel/Llama2-70B/trace_13_FC_devices_seqlen_2176.txt
/home/aatmaj/CENT/aim_simulator/build/ramulator2 -f /home/aatmaj/CENT/aim_simulator/test/example.yaml -t /home/aatmaj/CENT/experiments/dda_full_sweep/traces/32_channels_per_device/13_devices/model_parallel_FC/Llama2-70B/trace_13_FC_devices_seqlen_2176.txt
/home/aatmaj/CENT/aim_simulator/build/ramulator2 -f /home/aatmaj/CENT/aim_simulator/test/example.yaml -t /home/aatmaj/CENT/experiments/dda_full_sweep/traces/32_channels_per_device/13_devices/model_parallel/Llama2-70B/trace_13_FC_devices_seqlen_2304.txt
/home/aatmaj/CENT/aim_simulator/build/ramulator2 -f /home/aatmaj/CENT/aim_simulator/test/example.yaml -t /home/aatmaj/CENT/experiments/dda_full_sweep/traces/32_channels_per_device/13_devices/model_parallel_FC/Llama2-70B/trace_13_FC_devices_seqlen_2304.txt
/home/aatmaj/CENT/aim_simulator/build/ramulator2 -f /home/aatmaj/CENT/aim_simulator/test/example.yaml -t /home/aatmaj/CENT/experiments/dda_full_sweep/traces/32_channels_per_device/13_devices/model_parallel/Llama2-70B/trace_13_FC_devices_seqlen_2432.txt
/home/aatmaj/CENT/aim_simulator/build/ramulator2 -f /home/aatmaj/CENT/aim_simulator/test/example.yaml -t /home/aatmaj/CENT/experiments/dda_full_sweep/traces/32_channels_per_device/13_devices/model_parallel_FC/Llama2-70B/trace_13_FC_devices_seqlen_2432.txt
/home/aatmaj/CENT/aim_simulator/build/ramulator2 -f /home/aatmaj/CENT/aim_simulator/test/example.yaml -t /home/aatmaj/CENT/experiments/dda_full_sweep/traces/32_channels_per_device/13_devices/model_parallel/Llama2-70B/trace_13_FC_devices_seqlen_2560.txt
/home/aatmaj/CENT/aim_simulator/build/ramulator2 -f /home/aatmaj/CENT/aim_simulator/test/example.yaml -t /home/aatmaj/CENT/experiments/dda_full_sweep/traces/32_channels_per_device/13_devices/model_parallel_FC/Llama2-70B/trace_13_FC_devices_seqlen_2560.txt
/home/aatmaj/CENT/aim_simulator/build/ramulator2 -f /home/aatmaj/CENT/aim_simulator/test/example.yaml -t /home/aatmaj/CENT/experiments/dda_full_sweep/traces/32_channels_per_device/13_devices/model_parallel/Llama2-70B/trace_13_FC_devices_seqlen_2688.txt
/home/aatmaj/CENT/aim_simulator/build/ramulator2 -f /home/aatmaj/CENT/aim_simulator/test/example.yaml -t /home/aatmaj/CENT/experiments/dda_full_sweep/traces/32_channels_per_device/13_devices/model_parallel_FC/Llama2-70B/trace_13_FC_devices_seqlen_2688.txt
/home/aatmaj/CENT/aim_simulator/build/ramulator2 -f /home/aatmaj/CENT/aim_simulator/test/example.yaml -t /home/aatmaj/CENT/experiments/dda_full_sweep/traces/32_channels_per_device/13_devices/model_parallel/Llama2-70B/trace_13_FC_devices_seqlen_2816.txt
/home/aatmaj/CENT/aim_simulator/build/ramulator2 -f /home/aatmaj/CENT/aim_simulator/test/example.yaml -t /home/aatmaj/CENT/experiments/dda_full_sweep/traces/32_channels_per_device/13_devices/model_parallel_FC/Llama2-70B/trace_13_FC_devices_seqlen_2816.txt
/home/aatmaj/CENT/aim_simulator/build/ramulator2 -f /home/aatmaj/CENT/aim_simulator/test/example.yaml -t /home/aatmaj/CENT/experiments/dda_full_sweep/traces/32_channels_per_device/13_devices/model_parallel/Llama2-70B/trace_13_FC_devices_seqlen_2944.txt
/home/aatmaj/CENT/aim_simulator/build/ramulator2 -f /home/aatmaj/CENT/aim_simulator/test/example.yaml -t /home/aatmaj/CENT/experiments/dda_full_sweep/traces/32_channels_per_device/13_devices/model_parallel_FC/Llama2-70B/trace_13_FC_devices_seqlen_2944.txt
/home/aatmaj/CENT/aim_simulator/build/ramulator2 -f /home/aatmaj/CENT/aim_simulator/test/example.yaml -t /home/aatmaj/CENT/experiments/dda_full_sweep/traces/32_channels_per_device/13_devices/model_parallel/Llama2-70B/trace_13_FC_devices_seqlen_3072.txt
/home/aatmaj/CENT/aim_simulator/build/ramulator2 -f /home/aatmaj/CENT/aim_simulator/test/example.yaml -t /home/aatmaj/CENT/experiments/dda_full_sweep/traces/32_channels_per_device/13_devices/model_parallel_FC/Llama2-70B/trace_13_FC_devices_seqlen_3072.txt
/home/aatmaj/CENT/aim_simulator/build/ramulator2 -f /home/aatmaj/CENT/aim_simulator/test/example.yaml -t /home/aatmaj/CENT/experiments/dda_full_sweep/traces/32_channels_per_device/13_devices/model_parallel/Llama2-70B/trace_13_FC_devices_seqlen_3200.txt
/home/aatmaj/CENT/aim_simulator/build/ramulator2 -f /home/aatmaj/CENT/aim_simulator/test/example.yaml -t /home/aatmaj/CENT/experiments/dda_full_sweep/traces/32_channels_per_device/13_devices/model_parallel_FC/Llama2-70B/trace_13_FC_devices_seqlen_3200.txt
/home/aatmaj/CENT/aim_simulator/build/ramulator2 -f /home/aatmaj/CENT/aim_simulator/test/example.yaml -t /home/aatmaj/CENT/experiments/dda_full_sweep/traces/32_channels_per_device/13_devices/model_parallel/Llama2-70B/trace_13_FC_devices_seqlen_3328.txt
/home/aatmaj/CENT/aim_simulator/build/ramulator2 -f /home/aatmaj/CENT/aim_simulator/test/example.yaml -t /home/aatmaj/CENT/experiments/dda_full_sweep/traces/32_channels_per_device/13_devices/model_parallel_FC/Llama2-70B/trace_13_FC_devices_seqlen_3328.txt
/home/aatmaj/CENT/aim_simulator/build/ramulator2 -f /home/aatmaj/CENT/aim_simulator/test/example.yaml -t /home/aatmaj/CENT/experiments/dda_full_sweep/traces/32_channels_per_device/13_devices/model_parallel/Llama2-70B/trace_13_FC_devices_seqlen_3456.txt
/home/aatmaj/CENT/aim_simulator/build/ramulator2 -f /home/aatmaj/CENT/aim_simulator/test/example.yaml -t /home/aatmaj/CENT/experiments/dda_full_sweep/traces/32_channels_per_device/13_devices/model_parallel_FC/Llama2-70B/trace_13_FC_devices_seqlen_3456.txt
/home/aatmaj/CENT/aim_simulator/build/ramulator2 -f /home/aatmaj/CENT/aim_simulator/test/example.yaml -t /home/aatmaj/CENT/experiments/dda_full_sweep/traces/32_channels_per_device/13_devices/model_parallel/Llama2-70B/trace_13_FC_devices_seqlen_3584.txt
/home/aatmaj/CENT/aim_simulator/build/ramulator2 -f /home/aatmaj/CENT/aim_simulator/test/example.yaml -t /home/aatmaj/CENT/experiments/dda_full_sweep/traces/32_channels_per_device/13_devices/model_parallel_FC/Llama2-70B/trace_13_FC_devices_seqlen_3584.txt
/home/aatmaj/CENT/aim_simulator/build/ramulator2 -f /home/aatmaj/CENT/aim_simulator/test/example.yaml -t /home/aatmaj/CENT/experiments/dda_full_sweep/traces/32_channels_per_device/13_devices/model_parallel/Llama2-70B/trace_13_FC_devices_seqlen_3712.txt
/home/aatmaj/CENT/aim_simulator/build/ramulator2 -f /home/aatmaj/CENT/aim_simulator/test/example.yaml -t /home/aatmaj/CENT/experiments/dda_full_sweep/traces/32_channels_per_device/13_devices/model_parallel_FC/Llama2-70B/trace_13_FC_devices_seqlen_3712.txt
/home/aatmaj/CENT/aim_simulator/build/ramulator2 -f /home/aatmaj/CENT/aim_simulator/test/example.yaml -t /home/aatmaj/CENT/experiments/dda_full_sweep/traces/32_channels_per_device/13_devices/model_parallel/Llama2-70B/trace_13_FC_devices_seqlen_3840.txt
/home/aatmaj/CENT/aim_simulator/build/ramulator2 -f /home/aatmaj/CENT/aim_simulator/test/example.yaml -t /home/aatmaj/CENT/experiments/dda_full_sweep/traces/32_channels_per_device/13_devices/model_parallel_FC/Llama2-70B/trace_13_FC_devices_seqlen_3840.txt
/home/aatmaj/CENT/aim_simulator/build/ramulator2 -f /home/aatmaj/CENT/aim_simulator/test/example.yaml -t /home/aatmaj/CENT/experiments/dda_full_sweep/traces/32_channels_per_device/13_devices/model_parallel/Llama2-70B/trace_13_FC_devices_seqlen_3968.txt
/home/aatmaj/CENT/aim_simulator/build/ramulator2 -f /home/aatmaj/CENT/aim_simulator/test/example.yaml -t /home/aatmaj/CENT/experiments/dda_full_sweep/traces/32_channels_per_device/13_devices/model_parallel_FC/Llama2-70B/trace_13_FC_devices_seqlen_3968.txt
/home/aatmaj/CENT/aim_simulator/build/ramulator2 -f /home/aatmaj/CENT/aim_simulator/test/example.yaml -t /home/aatmaj/CENT/experiments/dda_full_sweep/traces/32_channels_per_device/13_devices/model_parallel/Llama2-70B/trace_13_FC_devices_seqlen_4096.txt
/home/aatmaj/CENT/experiments/dda_full_sweep/simulation/run_sim_full32.py:447: FutureWarning: The behavior of DataFrame concatenation with empty or all-NA entries is deprecated. In a future version, this will no longer exclude empty or all-NA columns when determining the result dtypes. To retain the old behavior, exclude the relevant entries before the concat operation.
  results_df = pd.concat([results_df, new_df], ignore_index=True)
/home/aatmaj/CENT/aim_simulator/build/ramulator2 -f /home/aatmaj/CENT/aim_simulator/test/example.yaml -t /home/aatmaj/CENT/experiments/dda_full_sweep/traces/32_channels_per_device/13_devices/model_parallel_FC/Llama2-70B/trace_13_FC_devices_seqlen_4096.txt
Processing results...
Updating simulation results to CSV...
=== Pool L | Llama2-70B | N_L=15 | TP=15, PP=1 ===
Generating traces for Llama2-70B (15 devices) ...
/home/aatmaj/CENT/aim_simulator/build/ramulator2 -f /home/aatmaj/CENT/aim_simulator/test/example.yaml -t /home/aatmaj/CENT/experiments/dda_full_sweep/traces/32_channels_per_device/15_devices/model_parallel_embedding/Llama2-70B/trace_15_FC_devices_seqlen_4096.txt
/home/aatmaj/CENT/aim_simulator/build/ramulator2 -f /home/aatmaj/CENT/aim_simulator/test/example.yaml -t /home/aatmaj/CENT/experiments/dda_full_sweep/traces/32_channels_per_device/15_devices/model_parallel/Llama2-70B/trace_15_FC_devices_seqlen_128.txt
/home/aatmaj/CENT/aim_simulator/build/ramulator2 -f /home/aatmaj/CENT/aim_simulator/test/example.yaml -t /home/aatmaj/CENT/experiments/dda_full_sweep/traces/32_channels_per_device/15_devices/model_parallel_FC/Llama2-70B/trace_15_FC_devices_seqlen_128.txt
/home/aatmaj/CENT/aim_simulator/build/ramulator2 -f /home/aatmaj/CENT/aim_simulator/test/example.yaml -t /home/aatmaj/CENT/experiments/dda_full_sweep/traces/32_channels_per_device/15_devices/model_parallel/Llama2-70B/trace_15_FC_devices_seqlen_256.txt
/home/aatmaj/CENT/aim_simulator/build/ramulator2 -f /home/aatmaj/CENT/aim_simulator/test/example.yaml -t /home/aatmaj/CENT/experiments/dda_full_sweep/traces/32_channels_per_device/15_devices/model_parallel_FC/Llama2-70B/trace_15_FC_devices_seqlen_256.txt
/home/aatmaj/CENT/aim_simulator/build/ramulator2 -f /home/aatmaj/CENT/aim_simulator/test/example.yaml -t /home/aatmaj/CENT/experiments/dda_full_sweep/traces/32_channels_per_device/15_devices/model_parallel/Llama2-70B/trace_15_FC_devices_seqlen_384.txt
/home/aatmaj/CENT/aim_simulator/build/ramulator2 -f /home/aatmaj/CENT/aim_simulator/test/example.yaml -t /home/aatmaj/CENT/experiments/dda_full_sweep/traces/32_channels_per_device/15_devices/model_parallel_FC/Llama2-70B/trace_15_FC_devices_seqlen_384.txt
/home/aatmaj/CENT/aim_simulator/build/ramulator2 -f /home/aatmaj/CENT/aim_simulator/test/example.yaml -t /home/aatmaj/CENT/experiments/dda_full_sweep/traces/32_channels_per_device/15_devices/model_parallel/Llama2-70B/trace_15_FC_devices_seqlen_512.txt
/home/aatmaj/CENT/aim_simulator/build/ramulator2 -f /home/aatmaj/CENT/aim_simulator/test/example.yaml -t /home/aatmaj/CENT/experiments/dda_full_sweep/traces/32_channels_per_device/15_devices/model_parallel_FC/Llama2-70B/trace_15_FC_devices_seqlen_512.txt
/home/aatmaj/CENT/aim_simulator/build/ramulator2 -f /home/aatmaj/CENT/aim_simulator/test/example.yaml -t /home/aatmaj/CENT/experiments/dda_full_sweep/traces/32_channels_per_device/15_devices/model_parallel/Llama2-70B/trace_15_FC_devices_seqlen_640.txt
/home/aatmaj/CENT/aim_simulator/build/ramulator2 -f /home/aatmaj/CENT/aim_simulator/test/example.yaml -t /home/aatmaj/CENT/experiments/dda_full_sweep/traces/32_channels_per_device/15_devices/model_parallel_FC/Llama2-70B/trace_15_FC_devices_seqlen_640.txt
/home/aatmaj/CENT/aim_simulator/build/ramulator2 -f /home/aatmaj/CENT/aim_simulator/test/example.yaml -t /home/aatmaj/CENT/experiments/dda_full_sweep/traces/32_channels_per_device/15_devices/model_parallel/Llama2-70B/trace_15_FC_devices_seqlen_768.txt
/home/aatmaj/CENT/aim_simulator/build/ramulator2 -f /home/aatmaj/CENT/aim_simulator/test/example.yaml -t /home/aatmaj/CENT/experiments/dda_full_sweep/traces/32_channels_per_device/15_devices/model_parallel_FC/Llama2-70B/trace_15_FC_devices_seqlen_768.txt
/home/aatmaj/CENT/aim_simulator/build/ramulator2 -f /home/aatmaj/CENT/aim_simulator/test/example.yaml -t /home/aatmaj/CENT/experiments/dda_full_sweep/traces/32_channels_per_device/15_devices/model_parallel/Llama2-70B/trace_15_FC_devices_seqlen_896.txt
/home/aatmaj/CENT/aim_simulator/build/ramulator2 -f /home/aatmaj/CENT/aim_simulator/test/example.yaml -t /home/aatmaj/CENT/experiments/dda_full_sweep/traces/32_channels_per_device/15_devices/model_parallel_FC/Llama2-70B/trace_15_FC_devices_seqlen_896.txt
/home/aatmaj/CENT/aim_simulator/build/ramulator2 -f /home/aatmaj/CENT/aim_simulator/test/example.yaml -t /home/aatmaj/CENT/experiments/dda_full_sweep/traces/32_channels_per_device/15_devices/model_parallel/Llama2-70B/trace_15_FC_devices_seqlen_1024.txt
/home/aatmaj/CENT/aim_simulator/build/ramulator2 -f /home/aatmaj/CENT/aim_simulator/test/example.yaml -t /home/aatmaj/CENT/experiments/dda_full_sweep/traces/32_channels_per_device/15_devices/model_parallel_FC/Llama2-70B/trace_15_FC_devices_seqlen_1024.txt
/home/aatmaj/CENT/aim_simulator/build/ramulator2 -f /home/aatmaj/CENT/aim_simulator/test/example.yaml -t /home/aatmaj/CENT/experiments/dda_full_sweep/traces/32_channels_per_device/15_devices/model_parallel/Llama2-70B/trace_15_FC_devices_seqlen_1152.txt
/home/aatmaj/CENT/aim_simulator/build/ramulator2 -f /home/aatmaj/CENT/aim_simulator/test/example.yaml -t /home/aatmaj/CENT/experiments/dda_full_sweep/traces/32_channels_per_device/15_devices/model_parallel_FC/Llama2-70B/trace_15_FC_devices_seqlen_1152.txt
/home/aatmaj/CENT/aim_simulator/build/ramulator2 -f /home/aatmaj/CENT/aim_simulator/test/example.yaml -t /home/aatmaj/CENT/experiments/dda_full_sweep/traces/32_channels_per_device/15_devices/model_parallel/Llama2-70B/trace_15_FC_devices_seqlen_1280.txt
/home/aatmaj/CENT/aim_simulator/build/ramulator2 -f /home/aatmaj/CENT/aim_simulator/test/example.yaml -t /home/aatmaj/CENT/experiments/dda_full_sweep/traces/32_channels_per_device/15_devices/model_parallel_FC/Llama2-70B/trace_15_FC_devices_seqlen_1280.txt
/home/aatmaj/CENT/aim_simulator/build/ramulator2 -f /home/aatmaj/CENT/aim_simulator/test/example.yaml -t /home/aatmaj/CENT/experiments/dda_full_sweep/traces/32_channels_per_device/15_devices/model_parallel/Llama2-70B/trace_15_FC_devices_seqlen_1408.txt
/home/aatmaj/CENT/aim_simulator/build/ramulator2 -f /home/aatmaj/CENT/aim_simulator/test/example.yaml -t /home/aatmaj/CENT/experiments/dda_full_sweep/traces/32_channels_per_device/15_devices/model_parallel_FC/Llama2-70B/trace_15_FC_devices_seqlen_1408.txt
/home/aatmaj/CENT/aim_simulator/build/ramulator2 -f /home/aatmaj/CENT/aim_simulator/test/example.yaml -t /home/aatmaj/CENT/experiments/dda_full_sweep/traces/32_channels_per_device/15_devices/model_parallel/Llama2-70B/trace_15_FC_devices_seqlen_1536.txt
/home/aatmaj/CENT/aim_simulator/build/ramulator2 -f /home/aatmaj/CENT/aim_simulator/test/example.yaml -t /home/aatmaj/CENT/experiments/dda_full_sweep/traces/32_channels_per_device/15_devices/model_parallel_FC/Llama2-70B/trace_15_FC_devices_seqlen_1536.txt
/home/aatmaj/CENT/aim_simulator/build/ramulator2 -f /home/aatmaj/CENT/aim_simulator/test/example.yaml -t /home/aatmaj/CENT/experiments/dda_full_sweep/traces/32_channels_per_device/15_devices/model_parallel/Llama2-70B/trace_15_FC_devices_seqlen_1664.txt
/home/aatmaj/CENT/aim_simulator/build/ramulator2 -f /home/aatmaj/CENT/aim_simulator/test/example.yaml -t /home/aatmaj/CENT/experiments/dda_full_sweep/traces/32_channels_per_device/15_devices/model_parallel_FC/Llama2-70B/trace_15_FC_devices_seqlen_1664.txt
/home/aatmaj/CENT/aim_simulator/build/ramulator2 -f /home/aatmaj/CENT/aim_simulator/test/example.yaml -t /home/aatmaj/CENT/experiments/dda_full_sweep/traces/32_channels_per_device/15_devices/model_parallel/Llama2-70B/trace_15_FC_devices_seqlen_1792.txt
/home/aatmaj/CENT/aim_simulator/build/ramulator2 -f /home/aatmaj/CENT/aim_simulator/test/example.yaml -t /home/aatmaj/CENT/experiments/dda_full_sweep/traces/32_channels_per_device/15_devices/model_parallel_FC/Llama2-70B/trace_15_FC_devices_seqlen_1792.txt
/home/aatmaj/CENT/aim_simulator/build/ramulator2 -f /home/aatmaj/CENT/aim_simulator/test/example.yaml -t /home/aatmaj/CENT/experiments/dda_full_sweep/traces/32_channels_per_device/15_devices/model_parallel/Llama2-70B/trace_15_FC_devices_seqlen_1920.txt
/home/aatmaj/CENT/aim_simulator/build/ramulator2 -f /home/aatmaj/CENT/aim_simulator/test/example.yaml -t /home/aatmaj/CENT/experiments/dda_full_sweep/traces/32_channels_per_device/15_devices/model_parallel_FC/Llama2-70B/trace_15_FC_devices_seqlen_1920.txt
/home/aatmaj/CENT/aim_simulator/build/ramulator2 -f /home/aatmaj/CENT/aim_simulator/test/example.yaml -t /home/aatmaj/CENT/experiments/dda_full_sweep/traces/32_channels_per_device/15_devices/model_parallel/Llama2-70B/trace_15_FC_devices_seqlen_2048.txt
/home/aatmaj/CENT/aim_simulator/build/ramulator2 -f /home/aatmaj/CENT/aim_simulator/test/example.yaml -t /home/aatmaj/CENT/experiments/dda_full_sweep/traces/32_channels_per_device/15_devices/model_parallel_FC/Llama2-70B/trace_15_FC_devices_seqlen_2048.txt
/home/aatmaj/CENT/aim_simulator/build/ramulator2 -f /home/aatmaj/CENT/aim_simulator/test/example.yaml -t /home/aatmaj/CENT/experiments/dda_full_sweep/traces/32_channels_per_device/15_devices/model_parallel/Llama2-70B/trace_15_FC_devices_seqlen_2176.txt
/home/aatmaj/CENT/aim_simulator/build/ramulator2 -f /home/aatmaj/CENT/aim_simulator/test/example.yaml -t /home/aatmaj/CENT/experiments/dda_full_sweep/traces/32_channels_per_device/15_devices/model_parallel_FC/Llama2-70B/trace_15_FC_devices_seqlen_2176.txt
/home/aatmaj/CENT/aim_simulator/build/ramulator2 -f /home/aatmaj/CENT/aim_simulator/test/example.yaml -t /home/aatmaj/CENT/experiments/dda_full_sweep/traces/32_channels_per_device/15_devices/model_parallel/Llama2-70B/trace_15_FC_devices_seqlen_2304.txt
/home/aatmaj/CENT/aim_simulator/build/ramulator2 -f /home/aatmaj/CENT/aim_simulator/test/example.yaml -t /home/aatmaj/CENT/experiments/dda_full_sweep/traces/32_channels_per_device/15_devices/model_parallel_FC/Llama2-70B/trace_15_FC_devices_seqlen_2304.txt
/home/aatmaj/CENT/aim_simulator/build/ramulator2 -f /home/aatmaj/CENT/aim_simulator/test/example.yaml -t /home/aatmaj/CENT/experiments/dda_full_sweep/traces/32_channels_per_device/15_devices/model_parallel/Llama2-70B/trace_15_FC_devices_seqlen_2432.txt
/home/aatmaj/CENT/aim_simulator/build/ramulator2 -f /home/aatmaj/CENT/aim_simulator/test/example.yaml -t /home/aatmaj/CENT/experiments/dda_full_sweep/traces/32_channels_per_device/15_devices/model_parallel_FC/Llama2-70B/trace_15_FC_devices_seqlen_2432.txt
/home/aatmaj/CENT/aim_simulator/build/ramulator2 -f /home/aatmaj/CENT/aim_simulator/test/example.yaml -t /home/aatmaj/CENT/experiments/dda_full_sweep/traces/32_channels_per_device/15_devices/model_parallel/Llama2-70B/trace_15_FC_devices_seqlen_2560.txt
/home/aatmaj/CENT/aim_simulator/build/ramulator2 -f /home/aatmaj/CENT/aim_simulator/test/example.yaml -t /home/aatmaj/CENT/experiments/dda_full_sweep/traces/32_channels_per_device/15_devices/model_parallel_FC/Llama2-70B/trace_15_FC_devices_seqlen_2560.txt
/home/aatmaj/CENT/aim_simulator/build/ramulator2 -f /home/aatmaj/CENT/aim_simulator/test/example.yaml -t /home/aatmaj/CENT/experiments/dda_full_sweep/traces/32_channels_per_device/15_devices/model_parallel/Llama2-70B/trace_15_FC_devices_seqlen_2688.txt
/home/aatmaj/CENT/aim_simulator/build/ramulator2 -f /home/aatmaj/CENT/aim_simulator/test/example.yaml -t /home/aatmaj/CENT/experiments/dda_full_sweep/traces/32_channels_per_device/15_devices/model_parallel_FC/Llama2-70B/trace_15_FC_devices_seqlen_2688.txt
/home/aatmaj/CENT/aim_simulator/build/ramulator2 -f /home/aatmaj/CENT/aim_simulator/test/example.yaml -t /home/aatmaj/CENT/experiments/dda_full_sweep/traces/32_channels_per_device/15_devices/model_parallel/Llama2-70B/trace_15_FC_devices_seqlen_2816.txt
/home/aatmaj/CENT/aim_simulator/build/ramulator2 -f /home/aatmaj/CENT/aim_simulator/test/example.yaml -t /home/aatmaj/CENT/experiments/dda_full_sweep/traces/32_channels_per_device/15_devices/model_parallel_FC/Llama2-70B/trace_15_FC_devices_seqlen_2816.txt
/home/aatmaj/CENT/aim_simulator/build/ramulator2 -f /home/aatmaj/CENT/aim_simulator/test/example.yaml -t /home/aatmaj/CENT/experiments/dda_full_sweep/traces/32_channels_per_device/15_devices/model_parallel/Llama2-70B/trace_15_FC_devices_seqlen_2944.txt
/home/aatmaj/CENT/aim_simulator/build/ramulator2 -f /home/aatmaj/CENT/aim_simulator/test/example.yaml -t /home/aatmaj/CENT/experiments/dda_full_sweep/traces/32_channels_per_device/15_devices/model_parallel_FC/Llama2-70B/trace_15_FC_devices_seqlen_2944.txt
/home/aatmaj/CENT/aim_simulator/build/ramulator2 -f /home/aatmaj/CENT/aim_simulator/test/example.yaml -t /home/aatmaj/CENT/experiments/dda_full_sweep/traces/32_channels_per_device/15_devices/model_parallel/Llama2-70B/trace_15_FC_devices_seqlen_3072.txt
/home/aatmaj/CENT/aim_simulator/build/ramulator2 -f /home/aatmaj/CENT/aim_simulator/test/example.yaml -t /home/aatmaj/CENT/experiments/dda_full_sweep/traces/32_channels_per_device/15_devices/model_parallel_FC/Llama2-70B/trace_15_FC_devices_seqlen_3072.txt
/home/aatmaj/CENT/aim_simulator/build/ramulator2 -f /home/aatmaj/CENT/aim_simulator/test/example.yaml -t /home/aatmaj/CENT/experiments/dda_full_sweep/traces/32_channels_per_device/15_devices/model_parallel/Llama2-70B/trace_15_FC_devices_seqlen_3200.txt
/home/aatmaj/CENT/aim_simulator/build/ramulator2 -f /home/aatmaj/CENT/aim_simulator/test/example.yaml -t /home/aatmaj/CENT/experiments/dda_full_sweep/traces/32_channels_per_device/15_devices/model_parallel_FC/Llama2-70B/trace_15_FC_devices_seqlen_3200.txt
/home/aatmaj/CENT/aim_simulator/build/ramulator2 -f /home/aatmaj/CENT/aim_simulator/test/example.yaml -t /home/aatmaj/CENT/experiments/dda_full_sweep/traces/32_channels_per_device/15_devices/model_parallel/Llama2-70B/trace_15_FC_devices_seqlen_3328.txt
/home/aatmaj/CENT/aim_simulator/build/ramulator2 -f /home/aatmaj/CENT/aim_simulator/test/example.yaml -t /home/aatmaj/CENT/experiments/dda_full_sweep/traces/32_channels_per_device/15_devices/model_parallel_FC/Llama2-70B/trace_15_FC_devices_seqlen_3328.txt
/home/aatmaj/CENT/aim_simulator/build/ramulator2 -f /home/aatmaj/CENT/aim_simulator/test/example.yaml -t /home/aatmaj/CENT/experiments/dda_full_sweep/traces/32_channels_per_device/15_devices/model_parallel/Llama2-70B/trace_15_FC_devices_seqlen_3456.txt
/home/aatmaj/CENT/aim_simulator/build/ramulator2 -f /home/aatmaj/CENT/aim_simulator/test/example.yaml -t /home/aatmaj/CENT/experiments/dda_full_sweep/traces/32_channels_per_device/15_devices/model_parallel_FC/Llama2-70B/trace_15_FC_devices_seqlen_3456.txt
/home/aatmaj/CENT/aim_simulator/build/ramulator2 -f /home/aatmaj/CENT/aim_simulator/test/example.yaml -t /home/aatmaj/CENT/experiments/dda_full_sweep/traces/32_channels_per_device/15_devices/model_parallel/Llama2-70B/trace_15_FC_devices_seqlen_3584.txt
/home/aatmaj/CENT/aim_simulator/build/ramulator2 -f /home/aatmaj/CENT/aim_simulator/test/example.yaml -t /home/aatmaj/CENT/experiments/dda_full_sweep/traces/32_channels_per_device/15_devices/model_parallel_FC/Llama2-70B/trace_15_FC_devices_seqlen_3584.txt
/home/aatmaj/CENT/aim_simulator/build/ramulator2 -f /home/aatmaj/CENT/aim_simulator/test/example.yaml -t /home/aatmaj/CENT/experiments/dda_full_sweep/traces/32_channels_per_device/15_devices/model_parallel/Llama2-70B/trace_15_FC_devices_seqlen_3712.txt
/home/aatmaj/CENT/aim_simulator/build/ramulator2 -f /home/aatmaj/CENT/aim_simulator/test/example.yaml -t /home/aatmaj/CENT/experiments/dda_full_sweep/traces/32_channels_per_device/15_devices/model_parallel_FC/Llama2-70B/trace_15_FC_devices_seqlen_3712.txt
/home/aatmaj/CENT/aim_simulator/build/ramulator2 -f /home/aatmaj/CENT/aim_simulator/test/example.yaml -t /home/aatmaj/CENT/experiments/dda_full_sweep/traces/32_channels_per_device/15_devices/model_parallel/Llama2-70B/trace_15_FC_devices_seqlen_3840.txt
/home/aatmaj/CENT/aim_simulator/build/ramulator2 -f /home/aatmaj/CENT/aim_simulator/test/example.yaml -t /home/aatmaj/CENT/experiments/dda_full_sweep/traces/32_channels_per_device/15_devices/model_parallel_FC/Llama2-70B/trace_15_FC_devices_seqlen_3840.txt
/home/aatmaj/CENT/aim_simulator/build/ramulator2 -f /home/aatmaj/CENT/aim_simulator/test/example.yaml -t /home/aatmaj/CENT/experiments/dda_full_sweep/traces/32_channels_per_device/15_devices/model_parallel/Llama2-70B/trace_15_FC_devices_seqlen_3968.txt
/home/aatmaj/CENT/aim_simulator/build/ramulator2 -f /home/aatmaj/CENT/aim_simulator/test/example.yaml -t /home/aatmaj/CENT/experiments/dda_full_sweep/traces/32_channels_per_device/15_devices/model_parallel_FC/Llama2-70B/trace_15_FC_devices_seqlen_3968.txt
/home/aatmaj/CENT/aim_simulator/build/ramulator2 -f /home/aatmaj/CENT/aim_simulator/test/example.yaml -t /home/aatmaj/CENT/experiments/dda_full_sweep/traces/32_channels_per_device/15_devices/model_parallel/Llama2-70B/trace_15_FC_devices_seqlen_4096.txt
/home/aatmaj/CENT/experiments/dda_full_sweep/simulation/run_sim_full32.py:447: FutureWarning: The behavior of DataFrame concatenation with empty or all-NA entries is deprecated. In a future version, this will no longer exclude empty or all-NA columns when determining the result dtypes. To retain the old behavior, exclude the relevant entries before the concat operation.
  results_df = pd.concat([results_df, new_df], ignore_index=True)
/home/aatmaj/CENT/aim_simulator/build/ramulator2 -f /home/aatmaj/CENT/aim_simulator/test/example.yaml -t /home/aatmaj/CENT/experiments/dda_full_sweep/traces/32_channels_per_device/15_devices/model_parallel_FC/Llama2-70B/trace_15_FC_devices_seqlen_4096.txt
Processing results...
Updating simulation results to CSV...
=== Pool T | Llama2-70B | N_T=17 | TP=1, PP=layers ===
Generating traces for Llama2-70B (17 devices) ...
/home/aatmaj/CENT/aim_simulator/build/ramulator2 -f /home/aatmaj/CENT/aim_simulator/test/example.yaml -t /home/aatmaj/CENT/experiments/dda_full_sweep/traces/32_channels_per_device/17_devices/pipeline_parallel_embedding/Llama2-70B/trace_6_channels_per_block_seqlen_4096.txt
/home/aatmaj/CENT/aim_simulator/build/ramulator2 -f /home/aatmaj/CENT/aim_simulator/test/example.yaml -t /home/aatmaj/CENT/experiments/dda_full_sweep/traces/32_channels_per_device/17_devices/pipeline_parallel/Llama2-70B/trace_6_channels_per_block_seqlen_128.txt
/home/aatmaj/CENT/aim_simulator/build/ramulator2 -f /home/aatmaj/CENT/aim_simulator/test/example.yaml -t /home/aatmaj/CENT/experiments/dda_full_sweep/traces/32_channels_per_device/17_devices/pipeline_parallel/Llama2-70B/trace_6_channels_per_block_seqlen_256.txt
/home/aatmaj/CENT/aim_simulator/build/ramulator2 -f /home/aatmaj/CENT/aim_simulator/test/example.yaml -t /home/aatmaj/CENT/experiments/dda_full_sweep/traces/32_channels_per_device/17_devices/pipeline_parallel/Llama2-70B/trace_6_channels_per_block_seqlen_384.txt
/home/aatmaj/CENT/aim_simulator/build/ramulator2 -f /home/aatmaj/CENT/aim_simulator/test/example.yaml -t /home/aatmaj/CENT/experiments/dda_full_sweep/traces/32_channels_per_device/17_devices/pipeline_parallel/Llama2-70B/trace_6_channels_per_block_seqlen_512.txt
/home/aatmaj/CENT/aim_simulator/build/ramulator2 -f /home/aatmaj/CENT/aim_simulator/test/example.yaml -t /home/aatmaj/CENT/experiments/dda_full_sweep/traces/32_channels_per_device/17_devices/pipeline_parallel/Llama2-70B/trace_6_channels_per_block_seqlen_640.txt
/home/aatmaj/CENT/aim_simulator/build/ramulator2 -f /home/aatmaj/CENT/aim_simulator/test/example.yaml -t /home/aatmaj/CENT/experiments/dda_full_sweep/traces/32_channels_per_device/17_devices/pipeline_parallel/Llama2-70B/trace_6_channels_per_block_seqlen_768.txt
/home/aatmaj/CENT/aim_simulator/build/ramulator2 -f /home/aatmaj/CENT/aim_simulator/test/example.yaml -t /home/aatmaj/CENT/experiments/dda_full_sweep/traces/32_channels_per_device/17_devices/pipeline_parallel/Llama2-70B/trace_6_channels_per_block_seqlen_896.txt
/home/aatmaj/CENT/aim_simulator/build/ramulator2 -f /home/aatmaj/CENT/aim_simulator/test/example.yaml -t /home/aatmaj/CENT/experiments/dda_full_sweep/traces/32_channels_per_device/17_devices/pipeline_parallel/Llama2-70B/trace_6_channels_per_block_seqlen_1024.txt
/home/aatmaj/CENT/aim_simulator/build/ramulator2 -f /home/aatmaj/CENT/aim_simulator/test/example.yaml -t /home/aatmaj/CENT/experiments/dda_full_sweep/traces/32_channels_per_device/17_devices/pipeline_parallel/Llama2-70B/trace_6_channels_per_block_seqlen_1152.txt
/home/aatmaj/CENT/aim_simulator/build/ramulator2 -f /home/aatmaj/CENT/aim_simulator/test/example.yaml -t /home/aatmaj/CENT/experiments/dda_full_sweep/traces/32_channels_per_device/17_devices/pipeline_parallel/Llama2-70B/trace_6_channels_per_block_seqlen_1280.txt
/home/aatmaj/CENT/aim_simulator/build/ramulator2 -f /home/aatmaj/CENT/aim_simulator/test/example.yaml -t /home/aatmaj/CENT/experiments/dda_full_sweep/traces/32_channels_per_device/17_devices/pipeline_parallel/Llama2-70B/trace_6_channels_per_block_seqlen_1408.txt
/home/aatmaj/CENT/aim_simulator/build/ramulator2 -f /home/aatmaj/CENT/aim_simulator/test/example.yaml -t /home/aatmaj/CENT/experiments/dda_full_sweep/traces/32_channels_per_device/17_devices/pipeline_parallel/Llama2-70B/trace_6_channels_per_block_seqlen_1536.txt
/home/aatmaj/CENT/aim_simulator/build/ramulator2 -f /home/aatmaj/CENT/aim_simulator/test/example.yaml -t /home/aatmaj/CENT/experiments/dda_full_sweep/traces/32_channels_per_device/17_devices/pipeline_parallel/Llama2-70B/trace_6_channels_per_block_seqlen_1664.txt
/home/aatmaj/CENT/aim_simulator/build/ramulator2 -f /home/aatmaj/CENT/aim_simulator/test/example.yaml -t /home/aatmaj/CENT/experiments/dda_full_sweep/traces/32_channels_per_device/17_devices/pipeline_parallel/Llama2-70B/trace_6_channels_per_block_seqlen_1792.txt
/home/aatmaj/CENT/aim_simulator/build/ramulator2 -f /home/aatmaj/CENT/aim_simulator/test/example.yaml -t /home/aatmaj/CENT/experiments/dda_full_sweep/traces/32_channels_per_device/17_devices/pipeline_parallel/Llama2-70B/trace_6_channels_per_block_seqlen_1920.txt
/home/aatmaj/CENT/aim_simulator/build/ramulator2 -f /home/aatmaj/CENT/aim_simulator/test/example.yaml -t /home/aatmaj/CENT/experiments/dda_full_sweep/traces/32_channels_per_device/17_devices/pipeline_parallel/Llama2-70B/trace_6_channels_per_block_seqlen_2048.txt
/home/aatmaj/CENT/aim_simulator/build/ramulator2 -f /home/aatmaj/CENT/aim_simulator/test/example.yaml -t /home/aatmaj/CENT/experiments/dda_full_sweep/traces/32_channels_per_device/17_devices/pipeline_parallel/Llama2-70B/trace_6_channels_per_block_seqlen_2176.txt
/home/aatmaj/CENT/aim_simulator/build/ramulator2 -f /home/aatmaj/CENT/aim_simulator/test/example.yaml -t /home/aatmaj/CENT/experiments/dda_full_sweep/traces/32_channels_per_device/17_devices/pipeline_parallel/Llama2-70B/trace_6_channels_per_block_seqlen_2304.txt
/home/aatmaj/CENT/aim_simulator/build/ramulator2 -f /home/aatmaj/CENT/aim_simulator/test/example.yaml -t /home/aatmaj/CENT/experiments/dda_full_sweep/traces/32_channels_per_device/17_devices/pipeline_parallel/Llama2-70B/trace_6_channels_per_block_seqlen_2432.txt
/home/aatmaj/CENT/aim_simulator/build/ramulator2 -f /home/aatmaj/CENT/aim_simulator/test/example.yaml -t /home/aatmaj/CENT/experiments/dda_full_sweep/traces/32_channels_per_device/17_devices/pipeline_parallel/Llama2-70B/trace_6_channels_per_block_seqlen_2560.txt
/home/aatmaj/CENT/aim_simulator/build/ramulator2 -f /home/aatmaj/CENT/aim_simulator/test/example.yaml -t /home/aatmaj/CENT/experiments/dda_full_sweep/traces/32_channels_per_device/17_devices/pipeline_parallel/Llama2-70B/trace_6_channels_per_block_seqlen_2688.txt
/home/aatmaj/CENT/aim_simulator/build/ramulator2 -f /home/aatmaj/CENT/aim_simulator/test/example.yaml -t /home/aatmaj/CENT/experiments/dda_full_sweep/traces/32_channels_per_device/17_devices/pipeline_parallel/Llama2-70B/trace_6_channels_per_block_seqlen_2816.txt
/home/aatmaj/CENT/aim_simulator/build/ramulator2 -f /home/aatmaj/CENT/aim_simulator/test/example.yaml -t /home/aatmaj/CENT/experiments/dda_full_sweep/traces/32_channels_per_device/17_devices/pipeline_parallel/Llama2-70B/trace_6_channels_per_block_seqlen_2944.txt
/home/aatmaj/CENT/aim_simulator/build/ramulator2 -f /home/aatmaj/CENT/aim_simulator/test/example.yaml -t /home/aatmaj/CENT/experiments/dda_full_sweep/traces/32_channels_per_device/17_devices/pipeline_parallel/Llama2-70B/trace_6_channels_per_block_seqlen_3072.txt
/home/aatmaj/CENT/aim_simulator/build/ramulator2 -f /home/aatmaj/CENT/aim_simulator/test/example.yaml -t /home/aatmaj/CENT/experiments/dda_full_sweep/traces/32_channels_per_device/17_devices/pipeline_parallel/Llama2-70B/trace_6_channels_per_block_seqlen_3200.txt
/home/aatmaj/CENT/aim_simulator/build/ramulator2 -f /home/aatmaj/CENT/aim_simulator/test/example.yaml -t /home/aatmaj/CENT/experiments/dda_full_sweep/traces/32_channels_per_device/17_devices/pipeline_parallel/Llama2-70B/trace_6_channels_per_block_seqlen_3328.txt
/home/aatmaj/CENT/aim_simulator/build/ramulator2 -f /home/aatmaj/CENT/aim_simulator/test/example.yaml -t /home/aatmaj/CENT/experiments/dda_full_sweep/traces/32_channels_per_device/17_devices/pipeline_parallel/Llama2-70B/trace_6_channels_per_block_seqlen_3456.txt
/home/aatmaj/CENT/aim_simulator/build/ramulator2 -f /home/aatmaj/CENT/aim_simulator/test/example.yaml -t /home/aatmaj/CENT/experiments/dda_full_sweep/traces/32_channels_per_device/17_devices/pipeline_parallel/Llama2-70B/trace_6_channels_per_block_seqlen_3584.txt
/home/aatmaj/CENT/aim_simulator/build/ramulator2 -f /home/aatmaj/CENT/aim_simulator/test/example.yaml -t /home/aatmaj/CENT/experiments/dda_full_sweep/traces/32_channels_per_device/17_devices/pipeline_parallel/Llama2-70B/trace_6_channels_per_block_seqlen_3712.txt
/home/aatmaj/CENT/experiments/dda_full_sweep/simulation/run_sim_full32.py:460: FutureWarning: The behavior of DataFrame concatenation with empty or all-NA entries is deprecated. In a future version, this will no longer exclude empty or all-NA columns when determining the result dtypes. To retain the old behavior, exclude the relevant entries before the concat operation.
  results_df = pd.concat([results_df, new_df], ignore_index=True)
/home/aatmaj/CENT/aim_simulator/build/ramulator2 -f /home/aatmaj/CENT/aim_simulator/test/example.yaml -t /home/aatmaj/CENT/experiments/dda_full_sweep/traces/32_channels_per_device/17_devices/pipeline_parallel/Llama2-70B/trace_6_channels_per_block_seqlen_3840.txt
/home/aatmaj/CENT/aim_simulator/build/ramulator2 -f /home/aatmaj/CENT/aim_simulator/test/example.yaml -t /home/aatmaj/CENT/experiments/dda_full_sweep/traces/32_channels_per_device/17_devices/pipeline_parallel/Llama2-70B/trace_6_channels_per_block_seqlen_3968.txt
/home/aatmaj/CENT/aim_simulator/build/ramulator2 -f /home/aatmaj/CENT/aim_simulator/test/example.yaml -t /home/aatmaj/CENT/experiments/dda_full_sweep/traces/32_channels_per_device/17_devices/pipeline_parallel/Llama2-70B/trace_6_channels_per_block_seqlen_4096.txt
Processing results...
Updating simulation results to CSV...
=== Pool T | Llama2-70B | N_T=19 | TP=1, PP=layers ===
Generating traces for Llama2-70B (19 devices) ...
/home/aatmaj/CENT/aim_simulator/build/ramulator2 -f /home/aatmaj/CENT/aim_simulator/test/example.yaml -t /home/aatmaj/CENT/experiments/dda_full_sweep/traces/32_channels_per_device/19_devices/pipeline_parallel_embedding/Llama2-70B/trace_6_channels_per_block_seqlen_4096.txt
/home/aatmaj/CENT/aim_simulator/build/ramulator2 -f /home/aatmaj/CENT/aim_simulator/test/example.yaml -t /home/aatmaj/CENT/experiments/dda_full_sweep/traces/32_channels_per_device/19_devices/pipeline_parallel/Llama2-70B/trace_6_channels_per_block_seqlen_128.txt
/home/aatmaj/CENT/aim_simulator/build/ramulator2 -f /home/aatmaj/CENT/aim_simulator/test/example.yaml -t /home/aatmaj/CENT/experiments/dda_full_sweep/traces/32_channels_per_device/19_devices/pipeline_parallel/Llama2-70B/trace_6_channels_per_block_seqlen_256.txt
/home/aatmaj/CENT/aim_simulator/build/ramulator2 -f /home/aatmaj/CENT/aim_simulator/test/example.yaml -t /home/aatmaj/CENT/experiments/dda_full_sweep/traces/32_channels_per_device/19_devices/pipeline_parallel/Llama2-70B/trace_6_channels_per_block_seqlen_384.txt
/home/aatmaj/CENT/aim_simulator/build/ramulator2 -f /home/aatmaj/CENT/aim_simulator/test/example.yaml -t /home/aatmaj/CENT/experiments/dda_full_sweep/traces/32_channels_per_device/19_devices/pipeline_parallel/Llama2-70B/trace_6_channels_per_block_seqlen_512.txt
/home/aatmaj/CENT/aim_simulator/build/ramulator2 -f /home/aatmaj/CENT/aim_simulator/test/example.yaml -t /home/aatmaj/CENT/experiments/dda_full_sweep/traces/32_channels_per_device/19_devices/pipeline_parallel/Llama2-70B/trace_6_channels_per_block_seqlen_640.txt
/home/aatmaj/CENT/aim_simulator/build/ramulator2 -f /home/aatmaj/CENT/aim_simulator/test/example.yaml -t /home/aatmaj/CENT/experiments/dda_full_sweep/traces/32_channels_per_device/19_devices/pipeline_parallel/Llama2-70B/trace_6_channels_per_block_seqlen_768.txt
/home/aatmaj/CENT/aim_simulator/build/ramulator2 -f /home/aatmaj/CENT/aim_simulator/test/example.yaml -t /home/aatmaj/CENT/experiments/dda_full_sweep/traces/32_channels_per_device/19_devices/pipeline_parallel/Llama2-70B/trace_6_channels_per_block_seqlen_896.txt
/home/aatmaj/CENT/aim_simulator/build/ramulator2 -f /home/aatmaj/CENT/aim_simulator/test/example.yaml -t /home/aatmaj/CENT/experiments/dda_full_sweep/traces/32_channels_per_device/19_devices/pipeline_parallel/Llama2-70B/trace_6_channels_per_block_seqlen_1024.txt
/home/aatmaj/CENT/aim_simulator/build/ramulator2 -f /home/aatmaj/CENT/aim_simulator/test/example.yaml -t /home/aatmaj/CENT/experiments/dda_full_sweep/traces/32_channels_per_device/19_devices/pipeline_parallel/Llama2-70B/trace_6_channels_per_block_seqlen_1152.txt
/home/aatmaj/CENT/aim_simulator/build/ramulator2 -f /home/aatmaj/CENT/aim_simulator/test/example.yaml -t /home/aatmaj/CENT/experiments/dda_full_sweep/traces/32_channels_per_device/19_devices/pipeline_parallel/Llama2-70B/trace_6_channels_per_block_seqlen_1280.txt
/home/aatmaj/CENT/aim_simulator/build/ramulator2 -f /home/aatmaj/CENT/aim_simulator/test/example.yaml -t /home/aatmaj/CENT/experiments/dda_full_sweep/traces/32_channels_per_device/19_devices/pipeline_parallel/Llama2-70B/trace_6_channels_per_block_seqlen_1408.txt
/home/aatmaj/CENT/aim_simulator/build/ramulator2 -f /home/aatmaj/CENT/aim_simulator/test/example.yaml -t /home/aatmaj/CENT/experiments/dda_full_sweep/traces/32_channels_per_device/19_devices/pipeline_parallel/Llama2-70B/trace_6_channels_per_block_seqlen_1536.txt
/home/aatmaj/CENT/aim_simulator/build/ramulator2 -f /home/aatmaj/CENT/aim_simulator/test/example.yaml -t /home/aatmaj/CENT/experiments/dda_full_sweep/traces/32_channels_per_device/19_devices/pipeline_parallel/Llama2-70B/trace_6_channels_per_block_seqlen_1664.txt
/home/aatmaj/CENT/aim_simulator/build/ramulator2 -f /home/aatmaj/CENT/aim_simulator/test/example.yaml -t /home/aatmaj/CENT/experiments/dda_full_sweep/traces/32_channels_per_device/19_devices/pipeline_parallel/Llama2-70B/trace_6_channels_per_block_seqlen_1792.txt
/home/aatmaj/CENT/aim_simulator/build/ramulator2 -f /home/aatmaj/CENT/aim_simulator/test/example.yaml -t /home/aatmaj/CENT/experiments/dda_full_sweep/traces/32_channels_per_device/19_devices/pipeline_parallel/Llama2-70B/trace_6_channels_per_block_seqlen_1920.txt
/home/aatmaj/CENT/aim_simulator/build/ramulator2 -f /home/aatmaj/CENT/aim_simulator/test/example.yaml -t /home/aatmaj/CENT/experiments/dda_full_sweep/traces/32_channels_per_device/19_devices/pipeline_parallel/Llama2-70B/trace_6_channels_per_block_seqlen_2048.txt
/home/aatmaj/CENT/aim_simulator/build/ramulator2 -f /home/aatmaj/CENT/aim_simulator/test/example.yaml -t /home/aatmaj/CENT/experiments/dda_full_sweep/traces/32_channels_per_device/19_devices/pipeline_parallel/Llama2-70B/trace_6_channels_per_block_seqlen_2176.txt
/home/aatmaj/CENT/aim_simulator/build/ramulator2 -f /home/aatmaj/CENT/aim_simulator/test/example.yaml -t /home/aatmaj/CENT/experiments/dda_full_sweep/traces/32_channels_per_device/19_devices/pipeline_parallel/Llama2-70B/trace_6_channels_per_block_seqlen_2304.txt
/home/aatmaj/CENT/aim_simulator/build/ramulator2 -f /home/aatmaj/CENT/aim_simulator/test/example.yaml -t /home/aatmaj/CENT/experiments/dda_full_sweep/traces/32_channels_per_device/19_devices/pipeline_parallel/Llama2-70B/trace_6_channels_per_block_seqlen_2432.txt
/home/aatmaj/CENT/aim_simulator/build/ramulator2 -f /home/aatmaj/CENT/aim_simulator/test/example.yaml -t /home/aatmaj/CENT/experiments/dda_full_sweep/traces/32_channels_per_device/19_devices/pipeline_parallel/Llama2-70B/trace_6_channels_per_block_seqlen_2560.txt
/home/aatmaj/CENT/aim_simulator/build/ramulator2 -f /home/aatmaj/CENT/aim_simulator/test/example.yaml -t /home/aatmaj/CENT/experiments/dda_full_sweep/traces/32_channels_per_device/19_devices/pipeline_parallel/Llama2-70B/trace_6_channels_per_block_seqlen_2688.txt
/home/aatmaj/CENT/aim_simulator/build/ramulator2 -f /home/aatmaj/CENT/aim_simulator/test/example.yaml -t /home/aatmaj/CENT/experiments/dda_full_sweep/traces/32_channels_per_device/19_devices/pipeline_parallel/Llama2-70B/trace_6_channels_per_block_seqlen_2816.txt
/home/aatmaj/CENT/aim_simulator/build/ramulator2 -f /home/aatmaj/CENT/aim_simulator/test/example.yaml -t /home/aatmaj/CENT/experiments/dda_full_sweep/traces/32_channels_per_device/19_devices/pipeline_parallel/Llama2-70B/trace_6_channels_per_block_seqlen_2944.txt
/home/aatmaj/CENT/aim_simulator/build/ramulator2 -f /home/aatmaj/CENT/aim_simulator/test/example.yaml -t /home/aatmaj/CENT/experiments/dda_full_sweep/traces/32_channels_per_device/19_devices/pipeline_parallel/Llama2-70B/trace_6_channels_per_block_seqlen_3072.txt
/home/aatmaj/CENT/aim_simulator/build/ramulator2 -f /home/aatmaj/CENT/aim_simulator/test/example.yaml -t /home/aatmaj/CENT/experiments/dda_full_sweep/traces/32_channels_per_device/19_devices/pipeline_parallel/Llama2-70B/trace_6_channels_per_block_seqlen_3200.txt
/home/aatmaj/CENT/aim_simulator/build/ramulator2 -f /home/aatmaj/CENT/aim_simulator/test/example.yaml -t /home/aatmaj/CENT/experiments/dda_full_sweep/traces/32_channels_per_device/19_devices/pipeline_parallel/Llama2-70B/trace_6_channels_per_block_seqlen_3328.txt
/home/aatmaj/CENT/aim_simulator/build/ramulator2 -f /home/aatmaj/CENT/aim_simulator/test/example.yaml -t /home/aatmaj/CENT/experiments/dda_full_sweep/traces/32_channels_per_device/19_devices/pipeline_parallel/Llama2-70B/trace_6_channels_per_block_seqlen_3456.txt
/home/aatmaj/CENT/aim_simulator/build/ramulator2 -f /home/aatmaj/CENT/aim_simulator/test/example.yaml -t /home/aatmaj/CENT/experiments/dda_full_sweep/traces/32_channels_per_device/19_devices/pipeline_parallel/Llama2-70B/trace_6_channels_per_block_seqlen_3584.txt
/home/aatmaj/CENT/aim_simulator/build/ramulator2 -f /home/aatmaj/CENT/aim_simulator/test/example.yaml -t /home/aatmaj/CENT/experiments/dda_full_sweep/traces/32_channels_per_device/19_devices/pipeline_parallel/Llama2-70B/trace_6_channels_per_block_seqlen_3712.txt
/home/aatmaj/CENT/experiments/dda_full_sweep/simulation/run_sim_full32.py:460: FutureWarning: The behavior of DataFrame concatenation with empty or all-NA entries is deprecated. In a future version, this will no longer exclude empty or all-NA columns when determining the result dtypes. To retain the old behavior, exclude the relevant entries before the concat operation.
  results_df = pd.concat([results_df, new_df], ignore_index=True)
/home/aatmaj/CENT/aim_simulator/build/ramulator2 -f /home/aatmaj/CENT/aim_simulator/test/example.yaml -t /home/aatmaj/CENT/experiments/dda_full_sweep/traces/32_channels_per_device/19_devices/pipeline_parallel/Llama2-70B/trace_6_channels_per_block_seqlen_3840.txt
/home/aatmaj/CENT/aim_simulator/build/ramulator2 -f /home/aatmaj/CENT/aim_simulator/test/example.yaml -t /home/aatmaj/CENT/experiments/dda_full_sweep/traces/32_channels_per_device/19_devices/pipeline_parallel/Llama2-70B/trace_6_channels_per_block_seqlen_3968.txt
/home/aatmaj/CENT/aim_simulator/build/ramulator2 -f /home/aatmaj/CENT/aim_simulator/test/example.yaml -t /home/aatmaj/CENT/experiments/dda_full_sweep/traces/32_channels_per_device/19_devices/pipeline_parallel/Llama2-70B/trace_6_channels_per_block_seqlen_4096.txt
Processing results...
Updating simulation results to CSV...
=== Pool T | Llama2-70B | N_T=21 | TP=1, PP=layers ===
Generating traces for Llama2-70B (21 devices) ...
/home/aatmaj/CENT/aim_simulator/build/ramulator2 -f /home/aatmaj/CENT/aim_simulator/test/example.yaml -t /home/aatmaj/CENT/experiments/dda_full_sweep/traces/32_channels_per_device/21_devices/pipeline_parallel_embedding/Llama2-70B/trace_8_channels_per_block_seqlen_4096.txt
/home/aatmaj/CENT/aim_simulator/build/ramulator2 -f /home/aatmaj/CENT/aim_simulator/test/example.yaml -t /home/aatmaj/CENT/experiments/dda_full_sweep/traces/32_channels_per_device/21_devices/pipeline_parallel/Llama2-70B/trace_8_channels_per_block_seqlen_128.txt
/home/aatmaj/CENT/aim_simulator/build/ramulator2 -f /home/aatmaj/CENT/aim_simulator/test/example.yaml -t /home/aatmaj/CENT/experiments/dda_full_sweep/traces/32_channels_per_device/21_devices/pipeline_parallel/Llama2-70B/trace_8_channels_per_block_seqlen_256.txt
/home/aatmaj/CENT/aim_simulator/build/ramulator2 -f /home/aatmaj/CENT/aim_simulator/test/example.yaml -t /home/aatmaj/CENT/experiments/dda_full_sweep/traces/32_channels_per_device/21_devices/pipeline_parallel/Llama2-70B/trace_8_channels_per_block_seqlen_384.txt
/home/aatmaj/CENT/aim_simulator/build/ramulator2 -f /home/aatmaj/CENT/aim_simulator/test/example.yaml -t /home/aatmaj/CENT/experiments/dda_full_sweep/traces/32_channels_per_device/21_devices/pipeline_parallel/Llama2-70B/trace_8_channels_per_block_seqlen_512.txt
/home/aatmaj/CENT/aim_simulator/build/ramulator2 -f /home/aatmaj/CENT/aim_simulator/test/example.yaml -t /home/aatmaj/CENT/experiments/dda_full_sweep/traces/32_channels_per_device/21_devices/pipeline_parallel/Llama2-70B/trace_8_channels_per_block_seqlen_640.txt
/home/aatmaj/CENT/aim_simulator/build/ramulator2 -f /home/aatmaj/CENT/aim_simulator/test/example.yaml -t /home/aatmaj/CENT/experiments/dda_full_sweep/traces/32_channels_per_device/21_devices/pipeline_parallel/Llama2-70B/trace_8_channels_per_block_seqlen_768.txt
/home/aatmaj/CENT/aim_simulator/build/ramulator2 -f /home/aatmaj/CENT/aim_simulator/test/example.yaml -t /home/aatmaj/CENT/experiments/dda_full_sweep/traces/32_channels_per_device/21_devices/pipeline_parallel/Llama2-70B/trace_8_channels_per_block_seqlen_896.txt
/home/aatmaj/CENT/aim_simulator/build/ramulator2 -f /home/aatmaj/CENT/aim_simulator/test/example.yaml -t /home/aatmaj/CENT/experiments/dda_full_sweep/traces/32_channels_per_device/21_devices/pipeline_parallel/Llama2-70B/trace_8_channels_per_block_seqlen_1024.txt
/home/aatmaj/CENT/aim_simulator/build/ramulator2 -f /home/aatmaj/CENT/aim_simulator/test/example.yaml -t /home/aatmaj/CENT/experiments/dda_full_sweep/traces/32_channels_per_device/21_devices/pipeline_parallel/Llama2-70B/trace_8_channels_per_block_seqlen_1152.txt
/home/aatmaj/CENT/aim_simulator/build/ramulator2 -f /home/aatmaj/CENT/aim_simulator/test/example.yaml -t /home/aatmaj/CENT/experiments/dda_full_sweep/traces/32_channels_per_device/21_devices/pipeline_parallel/Llama2-70B/trace_8_channels_per_block_seqlen_1280.txt
/home/aatmaj/CENT/aim_simulator/build/ramulator2 -f /home/aatmaj/CENT/aim_simulator/test/example.yaml -t /home/aatmaj/CENT/experiments/dda_full_sweep/traces/32_channels_per_device/21_devices/pipeline_parallel/Llama2-70B/trace_8_channels_per_block_seqlen_1408.txt
/home/aatmaj/CENT/aim_simulator/build/ramulator2 -f /home/aatmaj/CENT/aim_simulator/test/example.yaml -t /home/aatmaj/CENT/experiments/dda_full_sweep/traces/32_channels_per_device/21_devices/pipeline_parallel/Llama2-70B/trace_8_channels_per_block_seqlen_1536.txt
/home/aatmaj/CENT/aim_simulator/build/ramulator2 -f /home/aatmaj/CENT/aim_simulator/test/example.yaml -t /home/aatmaj/CENT/experiments/dda_full_sweep/traces/32_channels_per_device/21_devices/pipeline_parallel/Llama2-70B/trace_8_channels_per_block_seqlen_1664.txt
/home/aatmaj/CENT/aim_simulator/build/ramulator2 -f /home/aatmaj/CENT/aim_simulator/test/example.yaml -t /home/aatmaj/CENT/experiments/dda_full_sweep/traces/32_channels_per_device/21_devices/pipeline_parallel/Llama2-70B/trace_8_channels_per_block_seqlen_1792.txt
/home/aatmaj/CENT/aim_simulator/build/ramulator2 -f /home/aatmaj/CENT/aim_simulator/test/example.yaml -t /home/aatmaj/CENT/experiments/dda_full_sweep/traces/32_channels_per_device/21_devices/pipeline_parallel/Llama2-70B/trace_8_channels_per_block_seqlen_1920.txt
/home/aatmaj/CENT/aim_simulator/build/ramulator2 -f /home/aatmaj/CENT/aim_simulator/test/example.yaml -t /home/aatmaj/CENT/experiments/dda_full_sweep/traces/32_channels_per_device/21_devices/pipeline_parallel/Llama2-70B/trace_8_channels_per_block_seqlen_2048.txt
/home/aatmaj/CENT/aim_simulator/build/ramulator2 -f /home/aatmaj/CENT/aim_simulator/test/example.yaml -t /home/aatmaj/CENT/experiments/dda_full_sweep/traces/32_channels_per_device/21_devices/pipeline_parallel/Llama2-70B/trace_8_channels_per_block_seqlen_2176.txt
/home/aatmaj/CENT/aim_simulator/build/ramulator2 -f /home/aatmaj/CENT/aim_simulator/test/example.yaml -t /home/aatmaj/CENT/experiments/dda_full_sweep/traces/32_channels_per_device/21_devices/pipeline_parallel/Llama2-70B/trace_8_channels_per_block_seqlen_2304.txt
/home/aatmaj/CENT/aim_simulator/build/ramulator2 -f /home/aatmaj/CENT/aim_simulator/test/example.yaml -t /home/aatmaj/CENT/experiments/dda_full_sweep/traces/32_channels_per_device/21_devices/pipeline_parallel/Llama2-70B/trace_8_channels_per_block_seqlen_2432.txt
/home/aatmaj/CENT/aim_simulator/build/ramulator2 -f /home/aatmaj/CENT/aim_simulator/test/example.yaml -t /home/aatmaj/CENT/experiments/dda_full_sweep/traces/32_channels_per_device/21_devices/pipeline_parallel/Llama2-70B/trace_8_channels_per_block_seqlen_2560.txt
/home/aatmaj/CENT/aim_simulator/build/ramulator2 -f /home/aatmaj/CENT/aim_simulator/test/example.yaml -t /home/aatmaj/CENT/experiments/dda_full_sweep/traces/32_channels_per_device/21_devices/pipeline_parallel/Llama2-70B/trace_8_channels_per_block_seqlen_2688.txt
/home/aatmaj/CENT/aim_simulator/build/ramulator2 -f /home/aatmaj/CENT/aim_simulator/test/example.yaml -t /home/aatmaj/CENT/experiments/dda_full_sweep/traces/32_channels_per_device/21_devices/pipeline_parallel/Llama2-70B/trace_8_channels_per_block_seqlen_2816.txt
/home/aatmaj/CENT/aim_simulator/build/ramulator2 -f /home/aatmaj/CENT/aim_simulator/test/example.yaml -t /home/aatmaj/CENT/experiments/dda_full_sweep/traces/32_channels_per_device/21_devices/pipeline_parallel/Llama2-70B/trace_8_channels_per_block_seqlen_2944.txt
/home/aatmaj/CENT/aim_simulator/build/ramulator2 -f /home/aatmaj/CENT/aim_simulator/test/example.yaml -t /home/aatmaj/CENT/experiments/dda_full_sweep/traces/32_channels_per_device/21_devices/pipeline_parallel/Llama2-70B/trace_8_channels_per_block_seqlen_3072.txt
/home/aatmaj/CENT/aim_simulator/build/ramulator2 -f /home/aatmaj/CENT/aim_simulator/test/example.yaml -t /home/aatmaj/CENT/experiments/dda_full_sweep/traces/32_channels_per_device/21_devices/pipeline_parallel/Llama2-70B/trace_8_channels_per_block_seqlen_3200.txt
/home/aatmaj/CENT/aim_simulator/build/ramulator2 -f /home/aatmaj/CENT/aim_simulator/test/example.yaml -t /home/aatmaj/CENT/experiments/dda_full_sweep/traces/32_channels_per_device/21_devices/pipeline_parallel/Llama2-70B/trace_8_channels_per_block_seqlen_3328.txt
/home/aatmaj/CENT/aim_simulator/build/ramulator2 -f /home/aatmaj/CENT/aim_simulator/test/example.yaml -t /home/aatmaj/CENT/experiments/dda_full_sweep/traces/32_channels_per_device/21_devices/pipeline_parallel/Llama2-70B/trace_8_channels_per_block_seqlen_3456.txt
/home/aatmaj/CENT/aim_simulator/build/ramulator2 -f /home/aatmaj/CENT/aim_simulator/test/example.yaml -t /home/aatmaj/CENT/experiments/dda_full_sweep/traces/32_channels_per_device/21_devices/pipeline_parallel/Llama2-70B/trace_8_channels_per_block_seqlen_3584.txt
/home/aatmaj/CENT/aim_simulator/build/ramulator2 -f /home/aatmaj/CENT/aim_simulator/test/example.yaml -t /home/aatmaj/CENT/experiments/dda_full_sweep/traces/32_channels_per_device/21_devices/pipeline_parallel/Llama2-70B/trace_8_channels_per_block_seqlen_3712.txt
/home/aatmaj/CENT/experiments/dda_full_sweep/simulation/run_sim_full32.py:460: FutureWarning: The behavior of DataFrame concatenation with empty or all-NA entries is deprecated. In a future version, this will no longer exclude empty or all-NA columns when determining the result dtypes. To retain the old behavior, exclude the relevant entries before the concat operation.
  results_df = pd.concat([results_df, new_df], ignore_index=True)
/home/aatmaj/CENT/aim_simulator/build/ramulator2 -f /home/aatmaj/CENT/aim_simulator/test/example.yaml -t /home/aatmaj/CENT/experiments/dda_full_sweep/traces/32_channels_per_device/21_devices/pipeline_parallel/Llama2-70B/trace_8_channels_per_block_seqlen_3840.txt
/home/aatmaj/CENT/aim_simulator/build/ramulator2 -f /home/aatmaj/CENT/aim_simulator/test/example.yaml -t /home/aatmaj/CENT/experiments/dda_full_sweep/traces/32_channels_per_device/21_devices/pipeline_parallel/Llama2-70B/trace_8_channels_per_block_seqlen_3968.txt
/home/aatmaj/CENT/aim_simulator/build/ramulator2 -f /home/aatmaj/CENT/aim_simulator/test/example.yaml -t /home/aatmaj/CENT/experiments/dda_full_sweep/traces/32_channels_per_device/21_devices/pipeline_parallel/Llama2-70B/trace_8_channels_per_block_seqlen_4096.txt
Processing results...
Updating simulation results to CSV...
=== Pool T | Llama2-70B | N_T=23 | TP=1, PP=layers ===
Generating traces for Llama2-70B (23 devices) ...
/home/aatmaj/CENT/aim_simulator/build/ramulator2 -f /home/aatmaj/CENT/aim_simulator/test/example.yaml -t /home/aatmaj/CENT/experiments/dda_full_sweep/traces/32_channels_per_device/23_devices/pipeline_parallel_embedding/Llama2-70B/trace_8_channels_per_block_seqlen_4096.txt
/home/aatmaj/CENT/aim_simulator/build/ramulator2 -f /home/aatmaj/CENT/aim_simulator/test/example.yaml -t /home/aatmaj/CENT/experiments/dda_full_sweep/traces/32_channels_per_device/23_devices/pipeline_parallel/Llama2-70B/trace_8_channels_per_block_seqlen_128.txt
/home/aatmaj/CENT/aim_simulator/build/ramulator2 -f /home/aatmaj/CENT/aim_simulator/test/example.yaml -t /home/aatmaj/CENT/experiments/dda_full_sweep/traces/32_channels_per_device/23_devices/pipeline_parallel/Llama2-70B/trace_8_channels_per_block_seqlen_256.txt
/home/aatmaj/CENT/aim_simulator/build/ramulator2 -f /home/aatmaj/CENT/aim_simulator/test/example.yaml -t /home/aatmaj/CENT/experiments/dda_full_sweep/traces/32_channels_per_device/23_devices/pipeline_parallel/Llama2-70B/trace_8_channels_per_block_seqlen_384.txt
/home/aatmaj/CENT/aim_simulator/build/ramulator2 -f /home/aatmaj/CENT/aim_simulator/test/example.yaml -t /home/aatmaj/CENT/experiments/dda_full_sweep/traces/32_channels_per_device/23_devices/pipeline_parallel/Llama2-70B/trace_8_channels_per_block_seqlen_512.txt
/home/aatmaj/CENT/aim_simulator/build/ramulator2 -f /home/aatmaj/CENT/aim_simulator/test/example.yaml -t /home/aatmaj/CENT/experiments/dda_full_sweep/traces/32_channels_per_device/23_devices/pipeline_parallel/Llama2-70B/trace_8_channels_per_block_seqlen_640.txt
/home/aatmaj/CENT/aim_simulator/build/ramulator2 -f /home/aatmaj/CENT/aim_simulator/test/example.yaml -t /home/aatmaj/CENT/experiments/dda_full_sweep/traces/32_channels_per_device/23_devices/pipeline_parallel/Llama2-70B/trace_8_channels_per_block_seqlen_768.txt
/home/aatmaj/CENT/aim_simulator/build/ramulator2 -f /home/aatmaj/CENT/aim_simulator/test/example.yaml -t /home/aatmaj/CENT/experiments/dda_full_sweep/traces/32_channels_per_device/23_devices/pipeline_parallel/Llama2-70B/trace_8_channels_per_block_seqlen_896.txt
/home/aatmaj/CENT/aim_simulator/build/ramulator2 -f /home/aatmaj/CENT/aim_simulator/test/example.yaml -t /home/aatmaj/CENT/experiments/dda_full_sweep/traces/32_channels_per_device/23_devices/pipeline_parallel/Llama2-70B/trace_8_channels_per_block_seqlen_1024.txt
/home/aatmaj/CENT/aim_simulator/build/ramulator2 -f /home/aatmaj/CENT/aim_simulator/test/example.yaml -t /home/aatmaj/CENT/experiments/dda_full_sweep/traces/32_channels_per_device/23_devices/pipeline_parallel/Llama2-70B/trace_8_channels_per_block_seqlen_1152.txt
/home/aatmaj/CENT/aim_simulator/build/ramulator2 -f /home/aatmaj/CENT/aim_simulator/test/example.yaml -t /home/aatmaj/CENT/experiments/dda_full_sweep/traces/32_channels_per_device/23_devices/pipeline_parallel/Llama2-70B/trace_8_channels_per_block_seqlen_1280.txt
/home/aatmaj/CENT/aim_simulator/build/ramulator2 -f /home/aatmaj/CENT/aim_simulator/test/example.yaml -t /home/aatmaj/CENT/experiments/dda_full_sweep/traces/32_channels_per_device/23_devices/pipeline_parallel/Llama2-70B/trace_8_channels_per_block_seqlen_1408.txt
/home/aatmaj/CENT/aim_simulator/build/ramulator2 -f /home/aatmaj/CENT/aim_simulator/test/example.yaml -t /home/aatmaj/CENT/experiments/dda_full_sweep/traces/32_channels_per_device/23_devices/pipeline_parallel/Llama2-70B/trace_8_channels_per_block_seqlen_1536.txt
/home/aatmaj/CENT/aim_simulator/build/ramulator2 -f /home/aatmaj/CENT/aim_simulator/test/example.yaml -t /home/aatmaj/CENT/experiments/dda_full_sweep/traces/32_channels_per_device/23_devices/pipeline_parallel/Llama2-70B/trace_8_channels_per_block_seqlen_1664.txt
/home/aatmaj/CENT/aim_simulator/build/ramulator2 -f /home/aatmaj/CENT/aim_simulator/test/example.yaml -t /home/aatmaj/CENT/experiments/dda_full_sweep/traces/32_channels_per_device/23_devices/pipeline_parallel/Llama2-70B/trace_8_channels_per_block_seqlen_1792.txt
/home/aatmaj/CENT/aim_simulator/build/ramulator2 -f /home/aatmaj/CENT/aim_simulator/test/example.yaml -t /home/aatmaj/CENT/experiments/dda_full_sweep/traces/32_channels_per_device/23_devices/pipeline_parallel/Llama2-70B/trace_8_channels_per_block_seqlen_1920.txt
/home/aatmaj/CENT/aim_simulator/build/ramulator2 -f /home/aatmaj/CENT/aim_simulator/test/example.yaml -t /home/aatmaj/CENT/experiments/dda_full_sweep/traces/32_channels_per_device/23_devices/pipeline_parallel/Llama2-70B/trace_8_channels_per_block_seqlen_2048.txt
/home/aatmaj/CENT/aim_simulator/build/ramulator2 -f /home/aatmaj/CENT/aim_simulator/test/example.yaml -t /home/aatmaj/CENT/experiments/dda_full_sweep/traces/32_channels_per_device/23_devices/pipeline_parallel/Llama2-70B/trace_8_channels_per_block_seqlen_2176.txt
/home/aatmaj/CENT/aim_simulator/build/ramulator2 -f /home/aatmaj/CENT/aim_simulator/test/example.yaml -t /home/aatmaj/CENT/experiments/dda_full_sweep/traces/32_channels_per_device/23_devices/pipeline_parallel/Llama2-70B/trace_8_channels_per_block_seqlen_2304.txt
/home/aatmaj/CENT/aim_simulator/build/ramulator2 -f /home/aatmaj/CENT/aim_simulator/test/example.yaml -t /home/aatmaj/CENT/experiments/dda_full_sweep/traces/32_channels_per_device/23_devices/pipeline_parallel/Llama2-70B/trace_8_channels_per_block_seqlen_2432.txt
/home/aatmaj/CENT/aim_simulator/build/ramulator2 -f /home/aatmaj/CENT/aim_simulator/test/example.yaml -t /home/aatmaj/CENT/experiments/dda_full_sweep/traces/32_channels_per_device/23_devices/pipeline_parallel/Llama2-70B/trace_8_channels_per_block_seqlen_2560.txt
/home/aatmaj/CENT/aim_simulator/build/ramulator2 -f /home/aatmaj/CENT/aim_simulator/test/example.yaml -t /home/aatmaj/CENT/experiments/dda_full_sweep/traces/32_channels_per_device/23_devices/pipeline_parallel/Llama2-70B/trace_8_channels_per_block_seqlen_2688.txt
/home/aatmaj/CENT/aim_simulator/build/ramulator2 -f /home/aatmaj/CENT/aim_simulator/test/example.yaml -t /home/aatmaj/CENT/experiments/dda_full_sweep/traces/32_channels_per_device/23_devices/pipeline_parallel/Llama2-70B/trace_8_channels_per_block_seqlen_2816.txt
/home/aatmaj/CENT/aim_simulator/build/ramulator2 -f /home/aatmaj/CENT/aim_simulator/test/example.yaml -t /home/aatmaj/CENT/experiments/dda_full_sweep/traces/32_channels_per_device/23_devices/pipeline_parallel/Llama2-70B/trace_8_channels_per_block_seqlen_2944.txt
/home/aatmaj/CENT/aim_simulator/build/ramulator2 -f /home/aatmaj/CENT/aim_simulator/test/example.yaml -t /home/aatmaj/CENT/experiments/dda_full_sweep/traces/32_channels_per_device/23_devices/pipeline_parallel/Llama2-70B/trace_8_channels_per_block_seqlen_3072.txt
/home/aatmaj/CENT/aim_simulator/build/ramulator2 -f /home/aatmaj/CENT/aim_simulator/test/example.yaml -t /home/aatmaj/CENT/experiments/dda_full_sweep/traces/32_channels_per_device/23_devices/pipeline_parallel/Llama2-70B/trace_8_channels_per_block_seqlen_3200.txt
/home/aatmaj/CENT/aim_simulator/build/ramulator2 -f /home/aatmaj/CENT/aim_simulator/test/example.yaml -t /home/aatmaj/CENT/experiments/dda_full_sweep/traces/32_channels_per_device/23_devices/pipeline_parallel/Llama2-70B/trace_8_channels_per_block_seqlen_3328.txt
/home/aatmaj/CENT/aim_simulator/build/ramulator2 -f /home/aatmaj/CENT/aim_simulator/test/example.yaml -t /home/aatmaj/CENT/experiments/dda_full_sweep/traces/32_channels_per_device/23_devices/pipeline_parallel/Llama2-70B/trace_8_channels_per_block_seqlen_3456.txt
/home/aatmaj/CENT/aim_simulator/build/ramulator2 -f /home/aatmaj/CENT/aim_simulator/test/example.yaml -t /home/aatmaj/CENT/experiments/dda_full_sweep/traces/32_channels_per_device/23_devices/pipeline_parallel/Llama2-70B/trace_8_channels_per_block_seqlen_3584.txt
/home/aatmaj/CENT/aim_simulator/build/ramulator2 -f /home/aatmaj/CENT/aim_simulator/test/example.yaml -t /home/aatmaj/CENT/experiments/dda_full_sweep/traces/32_channels_per_device/23_devices/pipeline_parallel/Llama2-70B/trace_8_channels_per_block_seqlen_3712.txt
/home/aatmaj/CENT/experiments/dda_full_sweep/simulation/run_sim_full32.py:460: FutureWarning: The behavior of DataFrame concatenation with empty or all-NA entries is deprecated. In a future version, this will no longer exclude empty or all-NA columns when determining the result dtypes. To retain the old behavior, exclude the relevant entries before the concat operation.
  results_df = pd.concat([results_df, new_df], ignore_index=True)
/home/aatmaj/CENT/aim_simulator/build/ramulator2 -f /home/aatmaj/CENT/aim_simulator/test/example.yaml -t /home/aatmaj/CENT/experiments/dda_full_sweep/traces/32_channels_per_device/23_devices/pipeline_parallel/Llama2-70B/trace_8_channels_per_block_seqlen_3840.txt
/home/aatmaj/CENT/aim_simulator/build/ramulator2 -f /home/aatmaj/CENT/aim_simulator/test/example.yaml -t /home/aatmaj/CENT/experiments/dda_full_sweep/traces/32_channels_per_device/23_devices/pipeline_parallel/Llama2-70B/trace_8_channels_per_block_seqlen_3968.txt
/home/aatmaj/CENT/aim_simulator/build/ramulator2 -f /home/aatmaj/CENT/aim_simulator/test/example.yaml -t /home/aatmaj/CENT/experiments/dda_full_sweep/traces/32_channels_per_device/23_devices/pipeline_parallel/Llama2-70B/trace_8_channels_per_block_seqlen_4096.txt
Processing results...
Updating simulation results to CSV...

=== DSE gap-fill complete ===
poolL: 59  poolT: 59
no failures
