Generating traces for Llama2-70B (32 devices) ...
/home/aatmaj/CENT/aim_simulator/build/ramulator2 -f /home/aatmaj/CENT/aim_simulator/test/example.yaml -t /home/aatmaj/CENT/experiments/dda_full_sweep/traces/32_channels_per_device/32_devices/pipeline_parallel_embedding/Llama2-70B/trace_10_channels_per_block_seqlen_4096.txt
/home/aatmaj/CENT/aim_simulator/build/ramulator2 -f /home/aatmaj/CENT/aim_simulator/test/example.yaml -t /home/aatmaj/CENT/experiments/dda_full_sweep/traces/32_channels_per_device/32_devices/pipeline_parallel/Llama2-70B/trace_10_channels_per_block_seqlen_128.txt
/home/aatmaj/CENT/aim_simulator/build/ramulator2 -f /home/aatmaj/CENT/aim_simulator/test/example.yaml -t /home/aatmaj/CENT/experiments/dda_full_sweep/traces/32_channels_per_device/32_devices/pipeline_parallel/Llama2-70B/trace_10_channels_per_block_seqlen_256.txt
/home/aatmaj/CENT/aim_simulator/build/ramulator2 -f /home/aatmaj/CENT/aim_simulator/test/example.yaml -t /home/aatmaj/CENT/experiments/dda_full_sweep/traces/32_channels_per_device/32_devices/pipeline_parallel/Llama2-70B/trace_10_channels_per_block_seqlen_384.txt
/home/aatmaj/CENT/aim_simulator/build/ramulator2 -f /home/aatmaj/CENT/aim_simulator/test/example.yaml -t /home/aatmaj/CENT/experiments/dda_full_sweep/traces/32_channels_per_device/32_devices/pipeline_parallel/Llama2-70B/trace_10_channels_per_block_seqlen_512.txt
/home/aatmaj/CENT/aim_simulator/build/ramulator2 -f /home/aatmaj/CENT/aim_simulator/test/example.yaml -t /home/aatmaj/CENT/experiments/dda_full_sweep/traces/32_channels_per_device/32_devices/pipeline_parallel/Llama2-70B/trace_10_channels_per_block_seqlen_640.txt
/home/aatmaj/CENT/aim_simulator/build/ramulator2 -f /home/aatmaj/CENT/aim_simulator/test/example.yaml -t /home/aatmaj/CENT/experiments/dda_full_sweep/traces/32_channels_per_device/32_devices/pipeline_parallel/Llama2-70B/trace_10_channels_per_block_seqlen_768.txt
/home/aatmaj/CENT/aim_simulator/build/ramulator2 -f /home/aatmaj/CENT/aim_simulator/test/example.yaml -t /home/aatmaj/CENT/experiments/dda_full_sweep/traces/32_channels_per_device/32_devices/pipeline_parallel/Llama2-70B/trace_10_channels_per_block_seqlen_896.txt
/home/aatmaj/CENT/aim_simulator/build/ramulator2 -f /home/aatmaj/CENT/aim_simulator/test/example.yaml -t /home/aatmaj/CENT/experiments/dda_full_sweep/traces/32_channels_per_device/32_devices/pipeline_parallel/Llama2-70B/trace_10_channels_per_block_seqlen_1024.txt
/home/aatmaj/CENT/aim_simulator/build/ramulator2 -f /home/aatmaj/CENT/aim_simulator/test/example.yaml -t /home/aatmaj/CENT/experiments/dda_full_sweep/traces/32_channels_per_device/32_devices/pipeline_parallel/Llama2-70B/trace_10_channels_per_block_seqlen_1152.txt
/home/aatmaj/CENT/aim_simulator/build/ramulator2 -f /home/aatmaj/CENT/aim_simulator/test/example.yaml -t /home/aatmaj/CENT/experiments/dda_full_sweep/traces/32_channels_per_device/32_devices/pipeline_parallel/Llama2-70B/trace_10_channels_per_block_seqlen_1280.txt
/home/aatmaj/CENT/aim_simulator/build/ramulator2 -f /home/aatmaj/CENT/aim_simulator/test/example.yaml -t /home/aatmaj/CENT/experiments/dda_full_sweep/traces/32_channels_per_device/32_devices/pipeline_parallel/Llama2-70B/trace_10_channels_per_block_seqlen_1408.txt
/home/aatmaj/CENT/aim_simulator/build/ramulator2 -f /home/aatmaj/CENT/aim_simulator/test/example.yaml -t /home/aatmaj/CENT/experiments/dda_full_sweep/traces/32_channels_per_device/32_devices/pipeline_parallel/Llama2-70B/trace_10_channels_per_block_seqlen_1536.txt
/home/aatmaj/CENT/aim_simulator/build/ramulator2 -f /home/aatmaj/CENT/aim_simulator/test/example.yaml -t /home/aatmaj/CENT/experiments/dda_full_sweep/traces/32_channels_per_device/32_devices/pipeline_parallel/Llama2-70B/trace_10_channels_per_block_seqlen_1664.txt
/home/aatmaj/CENT/aim_simulator/build/ramulator2 -f /home/aatmaj/CENT/aim_simulator/test/example.yaml -t /home/aatmaj/CENT/experiments/dda_full_sweep/traces/32_channels_per_device/32_devices/pipeline_parallel/Llama2-70B/trace_10_channels_per_block_seqlen_1792.txt
/home/aatmaj/CENT/aim_simulator/build/ramulator2 -f /home/aatmaj/CENT/aim_simulator/test/example.yaml -t /home/aatmaj/CENT/experiments/dda_full_sweep/traces/32_channels_per_device/32_devices/pipeline_parallel/Llama2-70B/trace_10_channels_per_block_seqlen_1920.txt
/home/aatmaj/CENT/aim_simulator/build/ramulator2 -f /home/aatmaj/CENT/aim_simulator/test/example.yaml -t /home/aatmaj/CENT/experiments/dda_full_sweep/traces/32_channels_per_device/32_devices/pipeline_parallel/Llama2-70B/trace_10_channels_per_block_seqlen_2048.txt
/home/aatmaj/CENT/aim_simulator/build/ramulator2 -f /home/aatmaj/CENT/aim_simulator/test/example.yaml -t /home/aatmaj/CENT/experiments/dda_full_sweep/traces/32_channels_per_device/32_devices/pipeline_parallel/Llama2-70B/trace_10_channels_per_block_seqlen_2176.txt
/home/aatmaj/CENT/aim_simulator/build/ramulator2 -f /home/aatmaj/CENT/aim_simulator/test/example.yaml -t /home/aatmaj/CENT/experiments/dda_full_sweep/traces/32_channels_per_device/32_devices/pipeline_parallel/Llama2-70B/trace_10_channels_per_block_seqlen_2304.txt
/home/aatmaj/CENT/aim_simulator/build/ramulator2 -f /home/aatmaj/CENT/aim_simulator/test/example.yaml -t /home/aatmaj/CENT/experiments/dda_full_sweep/traces/32_channels_per_device/32_devices/pipeline_parallel/Llama2-70B/trace_10_channels_per_block_seqlen_2432.txt
/home/aatmaj/CENT/aim_simulator/build/ramulator2 -f /home/aatmaj/CENT/aim_simulator/test/example.yaml -t /home/aatmaj/CENT/experiments/dda_full_sweep/traces/32_channels_per_device/32_devices/pipeline_parallel/Llama2-70B/trace_10_channels_per_block_seqlen_2560.txt
/home/aatmaj/CENT/aim_simulator/build/ramulator2 -f /home/aatmaj/CENT/aim_simulator/test/example.yaml -t /home/aatmaj/CENT/experiments/dda_full_sweep/traces/32_channels_per_device/32_devices/pipeline_parallel/Llama2-70B/trace_10_channels_per_block_seqlen_2688.txt
/home/aatmaj/CENT/aim_simulator/build/ramulator2 -f /home/aatmaj/CENT/aim_simulator/test/example.yaml -t /home/aatmaj/CENT/experiments/dda_full_sweep/traces/32_channels_per_device/32_devices/pipeline_parallel/Llama2-70B/trace_10_channels_per_block_seqlen_2816.txt
/home/aatmaj/CENT/aim_simulator/build/ramulator2 -f /home/aatmaj/CENT/aim_simulator/test/example.yaml -t /home/aatmaj/CENT/experiments/dda_full_sweep/traces/32_channels_per_device/32_devices/pipeline_parallel/Llama2-70B/trace_10_channels_per_block_seqlen_2944.txt
/home/aatmaj/CENT/aim_simulator/build/ramulator2 -f /home/aatmaj/CENT/aim_simulator/test/example.yaml -t /home/aatmaj/CENT/experiments/dda_full_sweep/traces/32_channels_per_device/32_devices/pipeline_parallel/Llama2-70B/trace_10_channels_per_block_seqlen_3072.txt
/home/aatmaj/CENT/aim_simulator/build/ramulator2 -f /home/aatmaj/CENT/aim_simulator/test/example.yaml -t /home/aatmaj/CENT/experiments/dda_full_sweep/traces/32_channels_per_device/32_devices/pipeline_parallel/Llama2-70B/trace_10_channels_per_block_seqlen_3200.txt
/home/aatmaj/CENT/aim_simulator/build/ramulator2 -f /home/aatmaj/CENT/aim_simulator/test/example.yaml -t /home/aatmaj/CENT/experiments/dda_full_sweep/traces/32_channels_per_device/32_devices/pipeline_parallel/Llama2-70B/trace_10_channels_per_block_seqlen_3328.txt
/home/aatmaj/CENT/aim_simulator/build/ramulator2 -f /home/aatmaj/CENT/aim_simulator/test/example.yaml -t /home/aatmaj/CENT/experiments/dda_full_sweep/traces/32_channels_per_device/32_devices/pipeline_parallel/Llama2-70B/trace_10_channels_per_block_seqlen_3456.txt
/home/aatmaj/CENT/aim_simulator/build/ramulator2 -f /home/aatmaj/CENT/aim_simulator/test/example.yaml -t /home/aatmaj/CENT/experiments/dda_full_sweep/traces/32_channels_per_device/32_devices/pipeline_parallel/Llama2-70B/trace_10_channels_per_block_seqlen_3584.txt
/home/aatmaj/CENT/aim_simulator/build/ramulator2 -f /home/aatmaj/CENT/aim_simulator/test/example.yaml -t /home/aatmaj/CENT/experiments/dda_full_sweep/traces/32_channels_per_device/32_devices/pipeline_parallel/Llama2-70B/trace_10_channels_per_block_seqlen_3712.txt
/home/aatmaj/CENT/experiments/dda_full_sweep/simulation/run_sim_full32.py:460: FutureWarning: The behavior of DataFrame concatenation with empty or all-NA entries is deprecated. In a future version, this will no longer exclude empty or all-NA columns when determining the result dtypes. To retain the old behavior, exclude the relevant entries before the concat operation.
  results_df = pd.concat([results_df, new_df], ignore_index=True)
/home/aatmaj/CENT/aim_simulator/build/ramulator2 -f /home/aatmaj/CENT/aim_simulator/test/example.yaml -t /home/aatmaj/CENT/experiments/dda_full_sweep/traces/32_channels_per_device/32_devices/pipeline_parallel/Llama2-70B/trace_10_channels_per_block_seqlen_3840.txt
/home/aatmaj/CENT/aim_simulator/build/ramulator2 -f /home/aatmaj/CENT/aim_simulator/test/example.yaml -t /home/aatmaj/CENT/experiments/dda_full_sweep/traces/32_channels_per_device/32_devices/pipeline_parallel/Llama2-70B/trace_10_channels_per_block_seqlen_3968.txt
/home/aatmaj/CENT/aim_simulator/build/ramulator2 -f /home/aatmaj/CENT/aim_simulator/test/example.yaml -t /home/aatmaj/CENT/experiments/dda_full_sweep/traces/32_channels_per_device/32_devices/pipeline_parallel/Llama2-70B/trace_10_channels_per_block_seqlen_4096.txt
Processing results...
Updating simulation results to CSV...
Generating traces for Llama2-70B (32 devices) ...
/home/aatmaj/CENT/aim_simulator/build/ramulator2 -f /home/aatmaj/CENT/aim_simulator/test/example.yaml -t /home/aatmaj/CENT/experiments/dda_full_sweep/traces/32_channels_per_device/32_devices/model_parallel_embedding/Llama2-70B/trace_1_FC_devices_seqlen_4096.txt
/home/aatmaj/CENT/aim_simulator/build/ramulator2 -f /home/aatmaj/CENT/aim_simulator/test/example.yaml -t /home/aatmaj/CENT/experiments/dda_full_sweep/traces/32_channels_per_device/32_devices/model_parallel_embedding/Llama2-70B/trace_2_FC_devices_seqlen_4096.txt
/home/aatmaj/CENT/aim_simulator/build/ramulator2 -f /home/aatmaj/CENT/aim_simulator/test/example.yaml -t /home/aatmaj/CENT/experiments/dda_full_sweep/traces/32_channels_per_device/32_devices/model_parallel_embedding/Llama2-70B/trace_4_FC_devices_seqlen_4096.txt
/home/aatmaj/CENT/aim_simulator/build/ramulator2 -f /home/aatmaj/CENT/aim_simulator/test/example.yaml -t /home/aatmaj/CENT/experiments/dda_full_sweep/traces/32_channels_per_device/32_devices/model_parallel_embedding/Llama2-70B/trace_8_FC_devices_seqlen_4096.txt
/home/aatmaj/CENT/aim_simulator/build/ramulator2 -f /home/aatmaj/CENT/aim_simulator/test/example.yaml -t /home/aatmaj/CENT/experiments/dda_full_sweep/traces/32_channels_per_device/32_devices/model_parallel_embedding/Llama2-70B/trace_16_FC_devices_seqlen_4096.txt
/home/aatmaj/CENT/aim_simulator/build/ramulator2 -f /home/aatmaj/CENT/aim_simulator/test/example.yaml -t /home/aatmaj/CENT/experiments/dda_full_sweep/traces/32_channels_per_device/32_devices/model_parallel_embedding/Llama2-70B/trace_32_FC_devices_seqlen_4096.txt
/home/aatmaj/CENT/aim_simulator/build/ramulator2 -f /home/aatmaj/CENT/aim_simulator/test/example.yaml -t /home/aatmaj/CENT/experiments/dda_full_sweep/traces/32_channels_per_device/32_devices/model_parallel/Llama2-70B/trace_1_FC_devices_seqlen_128.txt
/home/aatmaj/CENT/aim_simulator/build/ramulator2 -f /home/aatmaj/CENT/aim_simulator/test/example.yaml -t /home/aatmaj/CENT/experiments/dda_full_sweep/traces/32_channels_per_device/32_devices/model_parallel_FC/Llama2-70B/trace_1_FC_devices_seqlen_128.txt
/home/aatmaj/CENT/aim_simulator/build/ramulator2 -f /home/aatmaj/CENT/aim_simulator/test/example.yaml -t /home/aatmaj/CENT/experiments/dda_full_sweep/traces/32_channels_per_device/32_devices/model_parallel/Llama2-70B/trace_2_FC_devices_seqlen_128.txt
/home/aatmaj/CENT/aim_simulator/build/ramulator2 -f /home/aatmaj/CENT/aim_simulator/test/example.yaml -t /home/aatmaj/CENT/experiments/dda_full_sweep/traces/32_channels_per_device/32_devices/model_parallel_FC/Llama2-70B/trace_2_FC_devices_seqlen_128.txt
/home/aatmaj/CENT/aim_simulator/build/ramulator2 -f /home/aatmaj/CENT/aim_simulator/test/example.yaml -t /home/aatmaj/CENT/experiments/dda_full_sweep/traces/32_channels_per_device/32_devices/model_parallel/Llama2-70B/trace_4_FC_devices_seqlen_128.txt
/home/aatmaj/CENT/aim_simulator/build/ramulator2 -f /home/aatmaj/CENT/aim_simulator/test/example.yaml -t /home/aatmaj/CENT/experiments/dda_full_sweep/traces/32_channels_per_device/32_devices/model_parallel_FC/Llama2-70B/trace_4_FC_devices_seqlen_128.txt
/home/aatmaj/CENT/aim_simulator/build/ramulator2 -f /home/aatmaj/CENT/aim_simulator/test/example.yaml -t /home/aatmaj/CENT/experiments/dda_full_sweep/traces/32_channels_per_device/32_devices/model_parallel/Llama2-70B/trace_8_FC_devices_seqlen_128.txt
/home/aatmaj/CENT/aim_simulator/build/ramulator2 -f /home/aatmaj/CENT/aim_simulator/test/example.yaml -t /home/aatmaj/CENT/experiments/dda_full_sweep/traces/32_channels_per_device/32_devices/model_parallel_FC/Llama2-70B/trace_8_FC_devices_seqlen_128.txt
/home/aatmaj/CENT/aim_simulator/build/ramulator2 -f /home/aatmaj/CENT/aim_simulator/test/example.yaml -t /home/aatmaj/CENT/experiments/dda_full_sweep/traces/32_channels_per_device/32_devices/model_parallel/Llama2-70B/trace_16_FC_devices_seqlen_128.txt
/home/aatmaj/CENT/aim_simulator/build/ramulator2 -f /home/aatmaj/CENT/aim_simulator/test/example.yaml -t /home/aatmaj/CENT/experiments/dda_full_sweep/traces/32_channels_per_device/32_devices/model_parallel_FC/Llama2-70B/trace_16_FC_devices_seqlen_128.txt
/home/aatmaj/CENT/aim_simulator/build/ramulator2 -f /home/aatmaj/CENT/aim_simulator/test/example.yaml -t /home/aatmaj/CENT/experiments/dda_full_sweep/traces/32_channels_per_device/32_devices/model_parallel/Llama2-70B/trace_32_FC_devices_seqlen_128.txt
/home/aatmaj/CENT/aim_simulator/build/ramulator2 -f /home/aatmaj/CENT/aim_simulator/test/example.yaml -t /home/aatmaj/CENT/experiments/dda_full_sweep/traces/32_channels_per_device/32_devices/model_parallel_FC/Llama2-70B/trace_32_FC_devices_seqlen_128.txt
/home/aatmaj/CENT/aim_simulator/build/ramulator2 -f /home/aatmaj/CENT/aim_simulator/test/example.yaml -t /home/aatmaj/CENT/experiments/dda_full_sweep/traces/32_channels_per_device/32_devices/model_parallel/Llama2-70B/trace_1_FC_devices_seqlen_256.txt
/home/aatmaj/CENT/aim_simulator/build/ramulator2 -f /home/aatmaj/CENT/aim_simulator/test/example.yaml -t /home/aatmaj/CENT/experiments/dda_full_sweep/traces/32_channels_per_device/32_devices/model_parallel_FC/Llama2-70B/trace_1_FC_devices_seqlen_256.txt
/home/aatmaj/CENT/aim_simulator/build/ramulator2 -f /home/aatmaj/CENT/aim_simulator/test/example.yaml -t /home/aatmaj/CENT/experiments/dda_full_sweep/traces/32_channels_per_device/32_devices/model_parallel/Llama2-70B/trace_2_FC_devices_seqlen_256.txt
/home/aatmaj/CENT/aim_simulator/build/ramulator2 -f /home/aatmaj/CENT/aim_simulator/test/example.yaml -t /home/aatmaj/CENT/experiments/dda_full_sweep/traces/32_channels_per_device/32_devices/model_parallel_FC/Llama2-70B/trace_2_FC_devices_seqlen_256.txt
/home/aatmaj/CENT/aim_simulator/build/ramulator2 -f /home/aatmaj/CENT/aim_simulator/test/example.yaml -t /home/aatmaj/CENT/experiments/dda_full_sweep/traces/32_channels_per_device/32_devices/model_parallel/Llama2-70B/trace_4_FC_devices_seqlen_256.txt
/home/aatmaj/CENT/aim_simulator/build/ramulator2 -f /home/aatmaj/CENT/aim_simulator/test/example.yaml -t /home/aatmaj/CENT/experiments/dda_full_sweep/traces/32_channels_per_device/32_devices/model_parallel_FC/Llama2-70B/trace_4_FC_devices_seqlen_256.txt
/home/aatmaj/CENT/aim_simulator/build/ramulator2 -f /home/aatmaj/CENT/aim_simulator/test/example.yaml -t /home/aatmaj/CENT/experiments/dda_full_sweep/traces/32_channels_per_device/32_devices/model_parallel/Llama2-70B/trace_8_FC_devices_seqlen_256.txt
/home/aatmaj/CENT/aim_simulator/build/ramulator2 -f /home/aatmaj/CENT/aim_simulator/test/example.yaml -t /home/aatmaj/CENT/experiments/dda_full_sweep/traces/32_channels_per_device/32_devices/model_parallel_FC/Llama2-70B/trace_8_FC_devices_seqlen_256.txt
/home/aatmaj/CENT/aim_simulator/build/ramulator2 -f /home/aatmaj/CENT/aim_simulator/test/example.yaml -t /home/aatmaj/CENT/experiments/dda_full_sweep/traces/32_channels_per_device/32_devices/model_parallel/Llama2-70B/trace_16_FC_devices_seqlen_256.txt
/home/aatmaj/CENT/aim_simulator/build/ramulator2 -f /home/aatmaj/CENT/aim_simulator/test/example.yaml -t /home/aatmaj/CENT/experiments/dda_full_sweep/traces/32_channels_per_device/32_devices/model_parallel_FC/Llama2-70B/trace_16_FC_devices_seqlen_256.txt
/home/aatmaj/CENT/aim_simulator/build/ramulator2 -f /home/aatmaj/CENT/aim_simulator/test/example.yaml -t /home/aatmaj/CENT/experiments/dda_full_sweep/traces/32_channels_per_device/32_devices/model_parallel/Llama2-70B/trace_32_FC_devices_seqlen_256.txt
/home/aatmaj/CENT/aim_simulator/build/ramulator2 -f /home/aatmaj/CENT/aim_simulator/test/example.yaml -t /home/aatmaj/CENT/experiments/dda_full_sweep/traces/32_channels_per_device/32_devices/model_parallel_FC/Llama2-70B/trace_32_FC_devices_seqlen_256.txt
/home/aatmaj/CENT/aim_simulator/build/ramulator2 -f /home/aatmaj/CENT/aim_simulator/test/example.yaml -t /home/aatmaj/CENT/experiments/dda_full_sweep/traces/32_channels_per_device/32_devices/model_parallel/Llama2-70B/trace_1_FC_devices_seqlen_384.txt
/home/aatmaj/CENT/aim_simulator/build/ramulator2 -f /home/aatmaj/CENT/aim_simulator/test/example.yaml -t /home/aatmaj/CENT/experiments/dda_full_sweep/traces/32_channels_per_device/32_devices/model_parallel_FC/Llama2-70B/trace_1_FC_devices_seqlen_384.txt
/home/aatmaj/CENT/aim_simulator/build/ramulator2 -f /home/aatmaj/CENT/aim_simulator/test/example.yaml -t /home/aatmaj/CENT/experiments/dda_full_sweep/traces/32_channels_per_device/32_devices/model_parallel/Llama2-70B/trace_2_FC_devices_seqlen_384.txt
/home/aatmaj/CENT/aim_simulator/build/ramulator2 -f /home/aatmaj/CENT/aim_simulator/test/example.yaml -t /home/aatmaj/CENT/experiments/dda_full_sweep/traces/32_channels_per_device/32_devices/model_parallel_FC/Llama2-70B/trace_2_FC_devices_seqlen_384.txt
/home/aatmaj/CENT/aim_simulator/build/ramulator2 -f /home/aatmaj/CENT/aim_simulator/test/example.yaml -t /home/aatmaj/CENT/experiments/dda_full_sweep/traces/32_channels_per_device/32_devices/model_parallel/Llama2-70B/trace_4_FC_devices_seqlen_384.txt
/home/aatmaj/CENT/aim_simulator/build/ramulator2 -f /home/aatmaj/CENT/aim_simulator/test/example.yaml -t /home/aatmaj/CENT/experiments/dda_full_sweep/traces/32_channels_per_device/32_devices/model_parallel_FC/Llama2-70B/trace_4_FC_devices_seqlen_384.txt
/home/aatmaj/CENT/aim_simulator/build/ramulator2 -f /home/aatmaj/CENT/aim_simulator/test/example.yaml -t /home/aatmaj/CENT/experiments/dda_full_sweep/traces/32_channels_per_device/32_devices/model_parallel/Llama2-70B/trace_8_FC_devices_seqlen_384.txt
/home/aatmaj/CENT/aim_simulator/build/ramulator2 -f /home/aatmaj/CENT/aim_simulator/test/example.yaml -t /home/aatmaj/CENT/experiments/dda_full_sweep/traces/32_channels_per_device/32_devices/model_parallel_FC/Llama2-70B/trace_8_FC_devices_seqlen_384.txt
/home/aatmaj/CENT/aim_simulator/build/ramulator2 -f /home/aatmaj/CENT/aim_simulator/test/example.yaml -t /home/aatmaj/CENT/experiments/dda_full_sweep/traces/32_channels_per_device/32_devices/model_parallel/Llama2-70B/trace_16_FC_devices_seqlen_384.txt
/home/aatmaj/CENT/aim_simulator/build/ramulator2 -f /home/aatmaj/CENT/aim_simulator/test/example.yaml -t /home/aatmaj/CENT/experiments/dda_full_sweep/traces/32_channels_per_device/32_devices/model_parallel_FC/Llama2-70B/trace_16_FC_devices_seqlen_384.txt
/home/aatmaj/CENT/aim_simulator/build/ramulator2 -f /home/aatmaj/CENT/aim_simulator/test/example.yaml -t /home/aatmaj/CENT/experiments/dda_full_sweep/traces/32_channels_per_device/32_devices/model_parallel/Llama2-70B/trace_32_FC_devices_seqlen_384.txt
/home/aatmaj/CENT/aim_simulator/build/ramulator2 -f /home/aatmaj/CENT/aim_simulator/test/example.yaml -t /home/aatmaj/CENT/experiments/dda_full_sweep/traces/32_channels_per_device/32_devices/model_parallel_FC/Llama2-70B/trace_32_FC_devices_seqlen_384.txt
/home/aatmaj/CENT/aim_simulator/build/ramulator2 -f /home/aatmaj/CENT/aim_simulator/test/example.yaml -t /home/aatmaj/CENT/experiments/dda_full_sweep/traces/32_channels_per_device/32_devices/model_parallel/Llama2-70B/trace_1_FC_devices_seqlen_512.txt
/home/aatmaj/CENT/aim_simulator/build/ramulator2 -f /home/aatmaj/CENT/aim_simulator/test/example.yaml -t /home/aatmaj/CENT/experiments/dda_full_sweep/traces/32_channels_per_device/32_devices/model_parallel_FC/Llama2-70B/trace_1_FC_devices_seqlen_512.txt
/home/aatmaj/CENT/aim_simulator/build/ramulator2 -f /home/aatmaj/CENT/aim_simulator/test/example.yaml -t /home/aatmaj/CENT/experiments/dda_full_sweep/traces/32_channels_per_device/32_devices/model_parallel/Llama2-70B/trace_2_FC_devices_seqlen_512.txt
/home/aatmaj/CENT/aim_simulator/build/ramulator2 -f /home/aatmaj/CENT/aim_simulator/test/example.yaml -t /home/aatmaj/CENT/experiments/dda_full_sweep/traces/32_channels_per_device/32_devices/model_parallel_FC/Llama2-70B/trace_2_FC_devices_seqlen_512.txt
/home/aatmaj/CENT/aim_simulator/build/ramulator2 -f /home/aatmaj/CENT/aim_simulator/test/example.yaml -t /home/aatmaj/CENT/experiments/dda_full_sweep/traces/32_channels_per_device/32_devices/model_parallel/Llama2-70B/trace_4_FC_devices_seqlen_512.txt
/home/aatmaj/CENT/aim_simulator/build/ramulator2 -f /home/aatmaj/CENT/aim_simulator/test/example.yaml -t /home/aatmaj/CENT/experiments/dda_full_sweep/traces/32_channels_per_device/32_devices/model_parallel_FC/Llama2-70B/trace_4_FC_devices_seqlen_512.txt
/home/aatmaj/CENT/aim_simulator/build/ramulator2 -f /home/aatmaj/CENT/aim_simulator/test/example.yaml -t /home/aatmaj/CENT/experiments/dda_full_sweep/traces/32_channels_per_device/32_devices/model_parallel/Llama2-70B/trace_8_FC_devices_seqlen_512.txt
/home/aatmaj/CENT/aim_simulator/build/ramulator2 -f /home/aatmaj/CENT/aim_simulator/test/example.yaml -t /home/aatmaj/CENT/experiments/dda_full_sweep/traces/32_channels_per_device/32_devices/model_parallel_FC/Llama2-70B/trace_8_FC_devices_seqlen_512.txt
/home/aatmaj/CENT/aim_simulator/build/ramulator2 -f /home/aatmaj/CENT/aim_simulator/test/example.yaml -t /home/aatmaj/CENT/experiments/dda_full_sweep/traces/32_channels_per_device/32_devices/model_parallel/Llama2-70B/trace_16_FC_devices_seqlen_512.txt
/home/aatmaj/CENT/aim_simulator/build/ramulator2 -f /home/aatmaj/CENT/aim_simulator/test/example.yaml -t /home/aatmaj/CENT/experiments/dda_full_sweep/traces/32_channels_per_device/32_devices/model_parallel_FC/Llama2-70B/trace_16_FC_devices_seqlen_512.txt
/home/aatmaj/CENT/aim_simulator/build/ramulator2 -f /home/aatmaj/CENT/aim_simulator/test/example.yaml -t /home/aatmaj/CENT/experiments/dda_full_sweep/traces/32_channels_per_device/32_devices/model_parallel/Llama2-70B/trace_32_FC_devices_seqlen_512.txt
/home/aatmaj/CENT/aim_simulator/build/ramulator2 -f /home/aatmaj/CENT/aim_simulator/test/example.yaml -t /home/aatmaj/CENT/experiments/dda_full_sweep/traces/32_channels_per_device/32_devices/model_parallel_FC/Llama2-70B/trace_32_FC_devices_seqlen_512.txt
/home/aatmaj/CENT/aim_simulator/build/ramulator2 -f /home/aatmaj/CENT/aim_simulator/test/example.yaml -t /home/aatmaj/CENT/experiments/dda_full_sweep/traces/32_channels_per_device/32_devices/model_parallel/Llama2-70B/trace_1_FC_devices_seqlen_640.txt
/home/aatmaj/CENT/aim_simulator/build/ramulator2 -f /home/aatmaj/CENT/aim_simulator/test/example.yaml -t /home/aatmaj/CENT/experiments/dda_full_sweep/traces/32_channels_per_device/32_devices/model_parallel_FC/Llama2-70B/trace_1_FC_devices_seqlen_640.txt
/home/aatmaj/CENT/aim_simulator/build/ramulator2 -f /home/aatmaj/CENT/aim_simulator/test/example.yaml -t /home/aatmaj/CENT/experiments/dda_full_sweep/traces/32_channels_per_device/32_devices/model_parallel/Llama2-70B/trace_2_FC_devices_seqlen_640.txt
/home/aatmaj/CENT/aim_simulator/build/ramulator2 -f /home/aatmaj/CENT/aim_simulator/test/example.yaml -t /home/aatmaj/CENT/experiments/dda_full_sweep/traces/32_channels_per_device/32_devices/model_parallel_FC/Llama2-70B/trace_2_FC_devices_seqlen_640.txt
/home/aatmaj/CENT/aim_simulator/build/ramulator2 -f /home/aatmaj/CENT/aim_simulator/test/example.yaml -t /home/aatmaj/CENT/experiments/dda_full_sweep/traces/32_channels_per_device/32_devices/model_parallel/Llama2-70B/trace_4_FC_devices_seqlen_640.txt
/home/aatmaj/CENT/aim_simulator/build/ramulator2 -f /home/aatmaj/CENT/aim_simulator/test/example.yaml -t /home/aatmaj/CENT/experiments/dda_full_sweep/traces/32_channels_per_device/32_devices/model_parallel_FC/Llama2-70B/trace_4_FC_devices_seqlen_640.txt
/home/aatmaj/CENT/aim_simulator/build/ramulator2 -f /home/aatmaj/CENT/aim_simulator/test/example.yaml -t /home/aatmaj/CENT/experiments/dda_full_sweep/traces/32_channels_per_device/32_devices/model_parallel/Llama2-70B/trace_8_FC_devices_seqlen_640.txt
/home/aatmaj/CENT/aim_simulator/build/ramulator2 -f /home/aatmaj/CENT/aim_simulator/test/example.yaml -t /home/aatmaj/CENT/experiments/dda_full_sweep/traces/32_channels_per_device/32_devices/model_parallel_FC/Llama2-70B/trace_8_FC_devices_seqlen_640.txt
/home/aatmaj/CENT/aim_simulator/build/ramulator2 -f /home/aatmaj/CENT/aim_simulator/test/example.yaml -t /home/aatmaj/CENT/experiments/dda_full_sweep/traces/32_channels_per_device/32_devices/model_parallel/Llama2-70B/trace_16_FC_devices_seqlen_640.txt
/home/aatmaj/CENT/aim_simulator/build/ramulator2 -f /home/aatmaj/CENT/aim_simulator/test/example.yaml -t /home/aatmaj/CENT/experiments/dda_full_sweep/traces/32_channels_per_device/32_devices/model_parallel_FC/Llama2-70B/trace_16_FC_devices_seqlen_640.txt
/home/aatmaj/CENT/aim_simulator/build/ramulator2 -f /home/aatmaj/CENT/aim_simulator/test/example.yaml -t /home/aatmaj/CENT/experiments/dda_full_sweep/traces/32_channels_per_device/32_devices/model_parallel/Llama2-70B/trace_32_FC_devices_seqlen_640.txt
/home/aatmaj/CENT/aim_simulator/build/ramulator2 -f /home/aatmaj/CENT/aim_simulator/test/example.yaml -t /home/aatmaj/CENT/experiments/dda_full_sweep/traces/32_channels_per_device/32_devices/model_parallel_FC/Llama2-70B/trace_32_FC_devices_seqlen_640.txt
/home/aatmaj/CENT/aim_simulator/build/ramulator2 -f /home/aatmaj/CENT/aim_simulator/test/example.yaml -t /home/aatmaj/CENT/experiments/dda_full_sweep/traces/32_channels_per_device/32_devices/model_parallel/Llama2-70B/trace_1_FC_devices_seqlen_768.txt
/home/aatmaj/CENT/aim_simulator/build/ramulator2 -f /home/aatmaj/CENT/aim_simulator/test/example.yaml -t /home/aatmaj/CENT/experiments/dda_full_sweep/traces/32_channels_per_device/32_devices/model_parallel_FC/Llama2-70B/trace_1_FC_devices_seqlen_768.txt
/home/aatmaj/CENT/aim_simulator/build/ramulator2 -f /home/aatmaj/CENT/aim_simulator/test/example.yaml -t /home/aatmaj/CENT/experiments/dda_full_sweep/traces/32_channels_per_device/32_devices/model_parallel/Llama2-70B/trace_2_FC_devices_seqlen_768.txt
/home/aatmaj/CENT/aim_simulator/build/ramulator2 -f /home/aatmaj/CENT/aim_simulator/test/example.yaml -t /home/aatmaj/CENT/experiments/dda_full_sweep/traces/32_channels_per_device/32_devices/model_parallel_FC/Llama2-70B/trace_2_FC_devices_seqlen_768.txt
/home/aatmaj/CENT/aim_simulator/build/ramulator2 -f /home/aatmaj/CENT/aim_simulator/test/example.yaml -t /home/aatmaj/CENT/experiments/dda_full_sweep/traces/32_channels_per_device/32_devices/model_parallel/Llama2-70B/trace_4_FC_devices_seqlen_768.txt
/home/aatmaj/CENT/aim_simulator/build/ramulator2 -f /home/aatmaj/CENT/aim_simulator/test/example.yaml -t /home/aatmaj/CENT/experiments/dda_full_sweep/traces/32_channels_per_device/32_devices/model_parallel_FC/Llama2-70B/trace_4_FC_devices_seqlen_768.txt
/home/aatmaj/CENT/aim_simulator/build/ramulator2 -f /home/aatmaj/CENT/aim_simulator/test/example.yaml -t /home/aatmaj/CENT/experiments/dda_full_sweep/traces/32_channels_per_device/32_devices/model_parallel/Llama2-70B/trace_8_FC_devices_seqlen_768.txt
/home/aatmaj/CENT/aim_simulator/build/ramulator2 -f /home/aatmaj/CENT/aim_simulator/test/example.yaml -t /home/aatmaj/CENT/experiments/dda_full_sweep/traces/32_channels_per_device/32_devices/model_parallel_FC/Llama2-70B/trace_8_FC_devices_seqlen_768.txt
/home/aatmaj/CENT/aim_simulator/build/ramulator2 -f /home/aatmaj/CENT/aim_simulator/test/example.yaml -t /home/aatmaj/CENT/experiments/dda_full_sweep/traces/32_channels_per_device/32_devices/model_parallel/Llama2-70B/trace_16_FC_devices_seqlen_768.txt
/home/aatmaj/CENT/aim_simulator/build/ramulator2 -f /home/aatmaj/CENT/aim_simulator/test/example.yaml -t /home/aatmaj/CENT/experiments/dda_full_sweep/traces/32_channels_per_device/32_devices/model_parallel_FC/Llama2-70B/trace_16_FC_devices_seqlen_768.txt
/home/aatmaj/CENT/aim_simulator/build/ramulator2 -f /home/aatmaj/CENT/aim_simulator/test/example.yaml -t /home/aatmaj/CENT/experiments/dda_full_sweep/traces/32_channels_per_device/32_devices/model_parallel/Llama2-70B/trace_32_FC_devices_seqlen_768.txt
/home/aatmaj/CENT/aim_simulator/build/ramulator2 -f /home/aatmaj/CENT/aim_simulator/test/example.yaml -t /home/aatmaj/CENT/experiments/dda_full_sweep/traces/32_channels_per_device/32_devices/model_parallel_FC/Llama2-70B/trace_32_FC_devices_seqlen_768.txt
/home/aatmaj/CENT/aim_simulator/build/ramulator2 -f /home/aatmaj/CENT/aim_simulator/test/example.yaml -t /home/aatmaj/CENT/experiments/dda_full_sweep/traces/32_channels_per_device/32_devices/model_parallel/Llama2-70B/trace_1_FC_devices_seqlen_896.txt
/home/aatmaj/CENT/aim_simulator/build/ramulator2 -f /home/aatmaj/CENT/aim_simulator/test/example.yaml -t /home/aatmaj/CENT/experiments/dda_full_sweep/traces/32_channels_per_device/32_devices/model_parallel_FC/Llama2-70B/trace_1_FC_devices_seqlen_896.txt
/home/aatmaj/CENT/aim_simulator/build/ramulator2 -f /home/aatmaj/CENT/aim_simulator/test/example.yaml -t /home/aatmaj/CENT/experiments/dda_full_sweep/traces/32_channels_per_device/32_devices/model_parallel/Llama2-70B/trace_2_FC_devices_seqlen_896.txt
/home/aatmaj/CENT/aim_simulator/build/ramulator2 -f /home/aatmaj/CENT/aim_simulator/test/example.yaml -t /home/aatmaj/CENT/experiments/dda_full_sweep/traces/32_channels_per_device/32_devices/model_parallel_FC/Llama2-70B/trace_2_FC_devices_seqlen_896.txt
/home/aatmaj/CENT/aim_simulator/build/ramulator2 -f /home/aatmaj/CENT/aim_simulator/test/example.yaml -t /home/aatmaj/CENT/experiments/dda_full_sweep/traces/32_channels_per_device/32_devices/model_parallel/Llama2-70B/trace_4_FC_devices_seqlen_896.txt
/home/aatmaj/CENT/aim_simulator/build/ramulator2 -f /home/aatmaj/CENT/aim_simulator/test/example.yaml -t /home/aatmaj/CENT/experiments/dda_full_sweep/traces/32_channels_per_device/32_devices/model_parallel_FC/Llama2-70B/trace_4_FC_devices_seqlen_896.txt
/home/aatmaj/CENT/aim_simulator/build/ramulator2 -f /home/aatmaj/CENT/aim_simulator/test/example.yaml -t /home/aatmaj/CENT/experiments/dda_full_sweep/traces/32_channels_per_device/32_devices/model_parallel/Llama2-70B/trace_8_FC_devices_seqlen_896.txt
/home/aatmaj/CENT/aim_simulator/build/ramulator2 -f /home/aatmaj/CENT/aim_simulator/test/example.yaml -t /home/aatmaj/CENT/experiments/dda_full_sweep/traces/32_channels_per_device/32_devices/model_parallel_FC/Llama2-70B/trace_8_FC_devices_seqlen_896.txt
/home/aatmaj/CENT/aim_simulator/build/ramulator2 -f /home/aatmaj/CENT/aim_simulator/test/example.yaml -t /home/aatmaj/CENT/experiments/dda_full_sweep/traces/32_channels_per_device/32_devices/model_parallel/Llama2-70B/trace_16_FC_devices_seqlen_896.txt
/home/aatmaj/CENT/aim_simulator/build/ramulator2 -f /home/aatmaj/CENT/aim_simulator/test/example.yaml -t /home/aatmaj/CENT/experiments/dda_full_sweep/traces/32_channels_per_device/32_devices/model_parallel_FC/Llama2-70B/trace_16_FC_devices_seqlen_896.txt
/home/aatmaj/CENT/aim_simulator/build/ramulator2 -f /home/aatmaj/CENT/aim_simulator/test/example.yaml -t /home/aatmaj/CENT/experiments/dda_full_sweep/traces/32_channels_per_device/32_devices/model_parallel/Llama2-70B/trace_32_FC_devices_seqlen_896.txt
/home/aatmaj/CENT/aim_simulator/build/ramulator2 -f /home/aatmaj/CENT/aim_simulator/test/example.yaml -t /home/aatmaj/CENT/experiments/dda_full_sweep/traces/32_channels_per_device/32_devices/model_parallel_FC/Llama2-70B/trace_32_FC_devices_seqlen_896.txt
/home/aatmaj/CENT/aim_simulator/build/ramulator2 -f /home/aatmaj/CENT/aim_simulator/test/example.yaml -t /home/aatmaj/CENT/experiments/dda_full_sweep/traces/32_channels_per_device/32_devices/model_parallel/Llama2-70B/trace_1_FC_devices_seqlen_1024.txt
/home/aatmaj/CENT/aim_simulator/build/ramulator2 -f /home/aatmaj/CENT/aim_simulator/test/example.yaml -t /home/aatmaj/CENT/experiments/dda_full_sweep/traces/32_channels_per_device/32_devices/model_parallel_FC/Llama2-70B/trace_1_FC_devices_seqlen_1024.txt
/home/aatmaj/CENT/aim_simulator/build/ramulator2 -f /home/aatmaj/CENT/aim_simulator/test/example.yaml -t /home/aatmaj/CENT/experiments/dda_full_sweep/traces/32_channels_per_device/32_devices/model_parallel/Llama2-70B/trace_2_FC_devices_seqlen_1024.txt
/home/aatmaj/CENT/aim_simulator/build/ramulator2 -f /home/aatmaj/CENT/aim_simulator/test/example.yaml -t /home/aatmaj/CENT/experiments/dda_full_sweep/traces/32_channels_per_device/32_devices/model_parallel_FC/Llama2-70B/trace_2_FC_devices_seqlen_1024.txt
/home/aatmaj/CENT/aim_simulator/build/ramulator2 -f /home/aatmaj/CENT/aim_simulator/test/example.yaml -t /home/aatmaj/CENT/experiments/dda_full_sweep/traces/32_channels_per_device/32_devices/model_parallel/Llama2-70B/trace_4_FC_devices_seqlen_1024.txt
/home/aatmaj/CENT/aim_simulator/build/ramulator2 -f /home/aatmaj/CENT/aim_simulator/test/example.yaml -t /home/aatmaj/CENT/experiments/dda_full_sweep/traces/32_channels_per_device/32_devices/model_parallel_FC/Llama2-70B/trace_4_FC_devices_seqlen_1024.txt
/home/aatmaj/CENT/aim_simulator/build/ramulator2 -f /home/aatmaj/CENT/aim_simulator/test/example.yaml -t /home/aatmaj/CENT/experiments/dda_full_sweep/traces/32_channels_per_device/32_devices/model_parallel/Llama2-70B/trace_8_FC_devices_seqlen_1024.txt
/home/aatmaj/CENT/aim_simulator/build/ramulator2 -f /home/aatmaj/CENT/aim_simulator/test/example.yaml -t /home/aatmaj/CENT/experiments/dda_full_sweep/traces/32_channels_per_device/32_devices/model_parallel_FC/Llama2-70B/trace_8_FC_devices_seqlen_1024.txt
/home/aatmaj/CENT/aim_simulator/build/ramulator2 -f /home/aatmaj/CENT/aim_simulator/test/example.yaml -t /home/aatmaj/CENT/experiments/dda_full_sweep/traces/32_channels_per_device/32_devices/model_parallel/Llama2-70B/trace_16_FC_devices_seqlen_1024.txt
/home/aatmaj/CENT/aim_simulator/build/ramulator2 -f /home/aatmaj/CENT/aim_simulator/test/example.yaml -t /home/aatmaj/CENT/experiments/dda_full_sweep/traces/32_channels_per_device/32_devices/model_parallel_FC/Llama2-70B/trace_16_FC_devices_seqlen_1024.txt
/home/aatmaj/CENT/aim_simulator/build/ramulator2 -f /home/aatmaj/CENT/aim_simulator/test/example.yaml -t /home/aatmaj/CENT/experiments/dda_full_sweep/traces/32_channels_per_device/32_devices/model_parallel/Llama2-70B/trace_32_FC_devices_seqlen_1024.txt
/home/aatmaj/CENT/aim_simulator/build/ramulator2 -f /home/aatmaj/CENT/aim_simulator/test/example.yaml -t /home/aatmaj/CENT/experiments/dda_full_sweep/traces/32_channels_per_device/32_devices/model_parallel_FC/Llama2-70B/trace_32_FC_devices_seqlen_1024.txt
/home/aatmaj/CENT/aim_simulator/build/ramulator2 -f /home/aatmaj/CENT/aim_simulator/test/example.yaml -t /home/aatmaj/CENT/experiments/dda_full_sweep/traces/32_channels_per_device/32_devices/model_parallel/Llama2-70B/trace_1_FC_devices_seqlen_1152.txt
/home/aatmaj/CENT/aim_simulator/build/ramulator2 -f /home/aatmaj/CENT/aim_simulator/test/example.yaml -t /home/aatmaj/CENT/experiments/dda_full_sweep/traces/32_channels_per_device/32_devices/model_parallel_FC/Llama2-70B/trace_1_FC_devices_seqlen_1152.txt
/home/aatmaj/CENT/aim_simulator/build/ramulator2 -f /home/aatmaj/CENT/aim_simulator/test/example.yaml -t /home/aatmaj/CENT/experiments/dda_full_sweep/traces/32_channels_per_device/32_devices/model_parallel/Llama2-70B/trace_2_FC_devices_seqlen_1152.txt
/home/aatmaj/CENT/aim_simulator/build/ramulator2 -f /home/aatmaj/CENT/aim_simulator/test/example.yaml -t /home/aatmaj/CENT/experiments/dda_full_sweep/traces/32_channels_per_device/32_devices/model_parallel_FC/Llama2-70B/trace_2_FC_devices_seqlen_1152.txt
/home/aatmaj/CENT/aim_simulator/build/ramulator2 -f /home/aatmaj/CENT/aim_simulator/test/example.yaml -t /home/aatmaj/CENT/experiments/dda_full_sweep/traces/32_channels_per_device/32_devices/model_parallel/Llama2-70B/trace_4_FC_devices_seqlen_1152.txt
/home/aatmaj/CENT/aim_simulator/build/ramulator2 -f /home/aatmaj/CENT/aim_simulator/test/example.yaml -t /home/aatmaj/CENT/experiments/dda_full_sweep/traces/32_channels_per_device/32_devices/model_parallel_FC/Llama2-70B/trace_4_FC_devices_seqlen_1152.txt
/home/aatmaj/CENT/aim_simulator/build/ramulator2 -f /home/aatmaj/CENT/aim_simulator/test/example.yaml -t /home/aatmaj/CENT/experiments/dda_full_sweep/traces/32_channels_per_device/32_devices/model_parallel/Llama2-70B/trace_8_FC_devices_seqlen_1152.txt
/home/aatmaj/CENT/aim_simulator/build/ramulator2 -f /home/aatmaj/CENT/aim_simulator/test/example.yaml -t /home/aatmaj/CENT/experiments/dda_full_sweep/traces/32_channels_per_device/32_devices/model_parallel_FC/Llama2-70B/trace_8_FC_devices_seqlen_1152.txt
/home/aatmaj/CENT/aim_simulator/build/ramulator2 -f /home/aatmaj/CENT/aim_simulator/test/example.yaml -t /home/aatmaj/CENT/experiments/dda_full_sweep/traces/32_channels_per_device/32_devices/model_parallel/Llama2-70B/trace_16_FC_devices_seqlen_1152.txt
/home/aatmaj/CENT/aim_simulator/build/ramulator2 -f /home/aatmaj/CENT/aim_simulator/test/example.yaml -t /home/aatmaj/CENT/experiments/dda_full_sweep/traces/32_channels_per_device/32_devices/model_parallel_FC/Llama2-70B/trace_16_FC_devices_seqlen_1152.txt
/home/aatmaj/CENT/aim_simulator/build/ramulator2 -f /home/aatmaj/CENT/aim_simulator/test/example.yaml -t /home/aatmaj/CENT/experiments/dda_full_sweep/traces/32_channels_per_device/32_devices/model_parallel/Llama2-70B/trace_32_FC_devices_seqlen_1152.txt
/home/aatmaj/CENT/aim_simulator/build/ramulator2 -f /home/aatmaj/CENT/aim_simulator/test/example.yaml -t /home/aatmaj/CENT/experiments/dda_full_sweep/traces/32_channels_per_device/32_devices/model_parallel_FC/Llama2-70B/trace_32_FC_devices_seqlen_1152.txt
/home/aatmaj/CENT/aim_simulator/build/ramulator2 -f /home/aatmaj/CENT/aim_simulator/test/example.yaml -t /home/aatmaj/CENT/experiments/dda_full_sweep/traces/32_channels_per_device/32_devices/model_parallel/Llama2-70B/trace_1_FC_devices_seqlen_1280.txt
/home/aatmaj/CENT/aim_simulator/build/ramulator2 -f /home/aatmaj/CENT/aim_simulator/test/example.yaml -t /home/aatmaj/CENT/experiments/dda_full_sweep/traces/32_channels_per_device/32_devices/model_parallel_FC/Llama2-70B/trace_1_FC_devices_seqlen_1280.txt
/home/aatmaj/CENT/aim_simulator/build/ramulator2 -f /home/aatmaj/CENT/aim_simulator/test/example.yaml -t /home/aatmaj/CENT/experiments/dda_full_sweep/traces/32_channels_per_device/32_devices/model_parallel/Llama2-70B/trace_2_FC_devices_seqlen_1280.txt
/home/aatmaj/CENT/aim_simulator/build/ramulator2 -f /home/aatmaj/CENT/aim_simulator/test/example.yaml -t /home/aatmaj/CENT/experiments/dda_full_sweep/traces/32_channels_per_device/32_devices/model_parallel_FC/Llama2-70B/trace_2_FC_devices_seqlen_1280.txt
/home/aatmaj/CENT/aim_simulator/build/ramulator2 -f /home/aatmaj/CENT/aim_simulator/test/example.yaml -t /home/aatmaj/CENT/experiments/dda_full_sweep/traces/32_channels_per_device/32_devices/model_parallel/Llama2-70B/trace_4_FC_devices_seqlen_1280.txt
/home/aatmaj/CENT/aim_simulator/build/ramulator2 -f /home/aatmaj/CENT/aim_simulator/test/example.yaml -t /home/aatmaj/CENT/experiments/dda_full_sweep/traces/32_channels_per_device/32_devices/model_parallel_FC/Llama2-70B/trace_4_FC_devices_seqlen_1280.txt
/home/aatmaj/CENT/aim_simulator/build/ramulator2 -f /home/aatmaj/CENT/aim_simulator/test/example.yaml -t /home/aatmaj/CENT/experiments/dda_full_sweep/traces/32_channels_per_device/32_devices/model_parallel/Llama2-70B/trace_8_FC_devices_seqlen_1280.txt
/home/aatmaj/CENT/aim_simulator/build/ramulator2 -f /home/aatmaj/CENT/aim_simulator/test/example.yaml -t /home/aatmaj/CENT/experiments/dda_full_sweep/traces/32_channels_per_device/32_devices/model_parallel_FC/Llama2-70B/trace_8_FC_devices_seqlen_1280.txt
/home/aatmaj/CENT/aim_simulator/build/ramulator2 -f /home/aatmaj/CENT/aim_simulator/test/example.yaml -t /home/aatmaj/CENT/experiments/dda_full_sweep/traces/32_channels_per_device/32_devices/model_parallel/Llama2-70B/trace_16_FC_devices_seqlen_1280.txt
/home/aatmaj/CENT/aim_simulator/build/ramulator2 -f /home/aatmaj/CENT/aim_simulator/test/example.yaml -t /home/aatmaj/CENT/experiments/dda_full_sweep/traces/32_channels_per_device/32_devices/model_parallel_FC/Llama2-70B/trace_16_FC_devices_seqlen_1280.txt
/home/aatmaj/CENT/aim_simulator/build/ramulator2 -f /home/aatmaj/CENT/aim_simulator/test/example.yaml -t /home/aatmaj/CENT/experiments/dda_full_sweep/traces/32_channels_per_device/32_devices/model_parallel/Llama2-70B/trace_32_FC_devices_seqlen_1280.txt
/home/aatmaj/CENT/aim_simulator/build/ramulator2 -f /home/aatmaj/CENT/aim_simulator/test/example.yaml -t /home/aatmaj/CENT/experiments/dda_full_sweep/traces/32_channels_per_device/32_devices/model_parallel_FC/Llama2-70B/trace_32_FC_devices_seqlen_1280.txt
/home/aatmaj/CENT/aim_simulator/build/ramulator2 -f /home/aatmaj/CENT/aim_simulator/test/example.yaml -t /home/aatmaj/CENT/experiments/dda_full_sweep/traces/32_channels_per_device/32_devices/model_parallel/Llama2-70B/trace_1_FC_devices_seqlen_1408.txt
/home/aatmaj/CENT/aim_simulator/build/ramulator2 -f /home/aatmaj/CENT/aim_simulator/test/example.yaml -t /home/aatmaj/CENT/experiments/dda_full_sweep/traces/32_channels_per_device/32_devices/model_parallel_FC/Llama2-70B/trace_1_FC_devices_seqlen_1408.txt
/home/aatmaj/CENT/aim_simulator/build/ramulator2 -f /home/aatmaj/CENT/aim_simulator/test/example.yaml -t /home/aatmaj/CENT/experiments/dda_full_sweep/traces/32_channels_per_device/32_devices/model_parallel/Llama2-70B/trace_2_FC_devices_seqlen_1408.txt
/home/aatmaj/CENT/aim_simulator/build/ramulator2 -f /home/aatmaj/CENT/aim_simulator/test/example.yaml -t /home/aatmaj/CENT/experiments/dda_full_sweep/traces/32_channels_per_device/32_devices/model_parallel_FC/Llama2-70B/trace_2_FC_devices_seqlen_1408.txt
/home/aatmaj/CENT/aim_simulator/build/ramulator2 -f /home/aatmaj/CENT/aim_simulator/test/example.yaml -t /home/aatmaj/CENT/experiments/dda_full_sweep/traces/32_channels_per_device/32_devices/model_parallel/Llama2-70B/trace_4_FC_devices_seqlen_1408.txt
/home/aatmaj/CENT/aim_simulator/build/ramulator2 -f /home/aatmaj/CENT/aim_simulator/test/example.yaml -t /home/aatmaj/CENT/experiments/dda_full_sweep/traces/32_channels_per_device/32_devices/model_parallel_FC/Llama2-70B/trace_4_FC_devices_seqlen_1408.txt
/home/aatmaj/CENT/aim_simulator/build/ramulator2 -f /home/aatmaj/CENT/aim_simulator/test/example.yaml -t /home/aatmaj/CENT/experiments/dda_full_sweep/traces/32_channels_per_device/32_devices/model_parallel/Llama2-70B/trace_8_FC_devices_seqlen_1408.txt
/home/aatmaj/CENT/aim_simulator/build/ramulator2 -f /home/aatmaj/CENT/aim_simulator/test/example.yaml -t /home/aatmaj/CENT/experiments/dda_full_sweep/traces/32_channels_per_device/32_devices/model_parallel_FC/Llama2-70B/trace_8_FC_devices_seqlen_1408.txt
/home/aatmaj/CENT/aim_simulator/build/ramulator2 -f /home/aatmaj/CENT/aim_simulator/test/example.yaml -t /home/aatmaj/CENT/experiments/dda_full_sweep/traces/32_channels_per_device/32_devices/model_parallel/Llama2-70B/trace_16_FC_devices_seqlen_1408.txt
/home/aatmaj/CENT/aim_simulator/build/ramulator2 -f /home/aatmaj/CENT/aim_simulator/test/example.yaml -t /home/aatmaj/CENT/experiments/dda_full_sweep/traces/32_channels_per_device/32_devices/model_parallel_FC/Llama2-70B/trace_16_FC_devices_seqlen_1408.txt
/home/aatmaj/CENT/aim_simulator/build/ramulator2 -f /home/aatmaj/CENT/aim_simulator/test/example.yaml -t /home/aatmaj/CENT/experiments/dda_full_sweep/traces/32_channels_per_device/32_devices/model_parallel/Llama2-70B/trace_32_FC_devices_seqlen_1408.txt
/home/aatmaj/CENT/aim_simulator/build/ramulator2 -f /home/aatmaj/CENT/aim_simulator/test/example.yaml -t /home/aatmaj/CENT/experiments/dda_full_sweep/traces/32_channels_per_device/32_devices/model_parallel_FC/Llama2-70B/trace_32_FC_devices_seqlen_1408.txt
/home/aatmaj/CENT/aim_simulator/build/ramulator2 -f /home/aatmaj/CENT/aim_simulator/test/example.yaml -t /home/aatmaj/CENT/experiments/dda_full_sweep/traces/32_channels_per_device/32_devices/model_parallel/Llama2-70B/trace_1_FC_devices_seqlen_1536.txt
/home/aatmaj/CENT/aim_simulator/build/ramulator2 -f /home/aatmaj/CENT/aim_simulator/test/example.yaml -t /home/aatmaj/CENT/experiments/dda_full_sweep/traces/32_channels_per_device/32_devices/model_parallel_FC/Llama2-70B/trace_1_FC_devices_seqlen_1536.txt
/home/aatmaj/CENT/aim_simulator/build/ramulator2 -f /home/aatmaj/CENT/aim_simulator/test/example.yaml -t /home/aatmaj/CENT/experiments/dda_full_sweep/traces/32_channels_per_device/32_devices/model_parallel/Llama2-70B/trace_2_FC_devices_seqlen_1536.txt
/home/aatmaj/CENT/aim_simulator/build/ramulator2 -f /home/aatmaj/CENT/aim_simulator/test/example.yaml -t /home/aatmaj/CENT/experiments/dda_full_sweep/traces/32_channels_per_device/32_devices/model_parallel_FC/Llama2-70B/trace_2_FC_devices_seqlen_1536.txt
/home/aatmaj/CENT/aim_simulator/build/ramulator2 -f /home/aatmaj/CENT/aim_simulator/test/example.yaml -t /home/aatmaj/CENT/experiments/dda_full_sweep/traces/32_channels_per_device/32_devices/model_parallel/Llama2-70B/trace_4_FC_devices_seqlen_1536.txt
/home/aatmaj/CENT/aim_simulator/build/ramulator2 -f /home/aatmaj/CENT/aim_simulator/test/example.yaml -t /home/aatmaj/CENT/experiments/dda_full_sweep/traces/32_channels_per_device/32_devices/model_parallel_FC/Llama2-70B/trace_4_FC_devices_seqlen_1536.txt
/home/aatmaj/CENT/aim_simulator/build/ramulator2 -f /home/aatmaj/CENT/aim_simulator/test/example.yaml -t /home/aatmaj/CENT/experiments/dda_full_sweep/traces/32_channels_per_device/32_devices/model_parallel/Llama2-70B/trace_8_FC_devices_seqlen_1536.txt
/home/aatmaj/CENT/aim_simulator/build/ramulator2 -f /home/aatmaj/CENT/aim_simulator/test/example.yaml -t /home/aatmaj/CENT/experiments/dda_full_sweep/traces/32_channels_per_device/32_devices/model_parallel_FC/Llama2-70B/trace_8_FC_devices_seqlen_1536.txt
/home/aatmaj/CENT/aim_simulator/build/ramulator2 -f /home/aatmaj/CENT/aim_simulator/test/example.yaml -t /home/aatmaj/CENT/experiments/dda_full_sweep/traces/32_channels_per_device/32_devices/model_parallel/Llama2-70B/trace_16_FC_devices_seqlen_1536.txt
/home/aatmaj/CENT/aim_simulator/build/ramulator2 -f /home/aatmaj/CENT/aim_simulator/test/example.yaml -t /home/aatmaj/CENT/experiments/dda_full_sweep/traces/32_channels_per_device/32_devices/model_parallel_FC/Llama2-70B/trace_16_FC_devices_seqlen_1536.txt
/home/aatmaj/CENT/aim_simulator/build/ramulator2 -f /home/aatmaj/CENT/aim_simulator/test/example.yaml -t /home/aatmaj/CENT/experiments/dda_full_sweep/traces/32_channels_per_device/32_devices/model_parallel/Llama2-70B/trace_32_FC_devices_seqlen_1536.txt
/home/aatmaj/CENT/aim_simulator/build/ramulator2 -f /home/aatmaj/CENT/aim_simulator/test/example.yaml -t /home/aatmaj/CENT/experiments/dda_full_sweep/traces/32_channels_per_device/32_devices/model_parallel_FC/Llama2-70B/trace_32_FC_devices_seqlen_1536.txt
/home/aatmaj/CENT/aim_simulator/build/ramulator2 -f /home/aatmaj/CENT/aim_simulator/test/example.yaml -t /home/aatmaj/CENT/experiments/dda_full_sweep/traces/32_channels_per_device/32_devices/model_parallel/Llama2-70B/trace_1_FC_devices_seqlen_1664.txt
/home/aatmaj/CENT/aim_simulator/build/ramulator2 -f /home/aatmaj/CENT/aim_simulator/test/example.yaml -t /home/aatmaj/CENT/experiments/dda_full_sweep/traces/32_channels_per_device/32_devices/model_parallel_FC/Llama2-70B/trace_1_FC_devices_seqlen_1664.txt
/home/aatmaj/CENT/aim_simulator/build/ramulator2 -f /home/aatmaj/CENT/aim_simulator/test/example.yaml -t /home/aatmaj/CENT/experiments/dda_full_sweep/traces/32_channels_per_device/32_devices/model_parallel/Llama2-70B/trace_2_FC_devices_seqlen_1664.txt
/home/aatmaj/CENT/aim_simulator/build/ramulator2 -f /home/aatmaj/CENT/aim_simulator/test/example.yaml -t /home/aatmaj/CENT/experiments/dda_full_sweep/traces/32_channels_per_device/32_devices/model_parallel_FC/Llama2-70B/trace_2_FC_devices_seqlen_1664.txt
/home/aatmaj/CENT/aim_simulator/build/ramulator2 -f /home/aatmaj/CENT/aim_simulator/test/example.yaml -t /home/aatmaj/CENT/experiments/dda_full_sweep/traces/32_channels_per_device/32_devices/model_parallel/Llama2-70B/trace_4_FC_devices_seqlen_1664.txt
/home/aatmaj/CENT/aim_simulator/build/ramulator2 -f /home/aatmaj/CENT/aim_simulator/test/example.yaml -t /home/aatmaj/CENT/experiments/dda_full_sweep/traces/32_channels_per_device/32_devices/model_parallel_FC/Llama2-70B/trace_4_FC_devices_seqlen_1664.txt
/home/aatmaj/CENT/aim_simulator/build/ramulator2 -f /home/aatmaj/CENT/aim_simulator/test/example.yaml -t /home/aatmaj/CENT/experiments/dda_full_sweep/traces/32_channels_per_device/32_devices/model_parallel/Llama2-70B/trace_8_FC_devices_seqlen_1664.txt
/home/aatmaj/CENT/aim_simulator/build/ramulator2 -f /home/aatmaj/CENT/aim_simulator/test/example.yaml -t /home/aatmaj/CENT/experiments/dda_full_sweep/traces/32_channels_per_device/32_devices/model_parallel_FC/Llama2-70B/trace_8_FC_devices_seqlen_1664.txt
/home/aatmaj/CENT/aim_simulator/build/ramulator2 -f /home/aatmaj/CENT/aim_simulator/test/example.yaml -t /home/aatmaj/CENT/experiments/dda_full_sweep/traces/32_channels_per_device/32_devices/model_parallel/Llama2-70B/trace_16_FC_devices_seqlen_1664.txt
/home/aatmaj/CENT/aim_simulator/build/ramulator2 -f /home/aatmaj/CENT/aim_simulator/test/example.yaml -t /home/aatmaj/CENT/experiments/dda_full_sweep/traces/32_channels_per_device/32_devices/model_parallel_FC/Llama2-70B/trace_16_FC_devices_seqlen_1664.txt
/home/aatmaj/CENT/aim_simulator/build/ramulator2 -f /home/aatmaj/CENT/aim_simulator/test/example.yaml -t /home/aatmaj/CENT/experiments/dda_full_sweep/traces/32_channels_per_device/32_devices/model_parallel/Llama2-70B/trace_32_FC_devices_seqlen_1664.txt
/home/aatmaj/CENT/aim_simulator/build/ramulator2 -f /home/aatmaj/CENT/aim_simulator/test/example.yaml -t /home/aatmaj/CENT/experiments/dda_full_sweep/traces/32_channels_per_device/32_devices/model_parallel_FC/Llama2-70B/trace_32_FC_devices_seqlen_1664.txt
/home/aatmaj/CENT/aim_simulator/build/ramulator2 -f /home/aatmaj/CENT/aim_simulator/test/example.yaml -t /home/aatmaj/CENT/experiments/dda_full_sweep/traces/32_channels_per_device/32_devices/model_parallel/Llama2-70B/trace_1_FC_devices_seqlen_1792.txt
/home/aatmaj/CENT/aim_simulator/build/ramulator2 -f /home/aatmaj/CENT/aim_simulator/test/example.yaml -t /home/aatmaj/CENT/experiments/dda_full_sweep/traces/32_channels_per_device/32_devices/model_parallel_FC/Llama2-70B/trace_1_FC_devices_seqlen_1792.txt
/home/aatmaj/CENT/aim_simulator/build/ramulator2 -f /home/aatmaj/CENT/aim_simulator/test/example.yaml -t /home/aatmaj/CENT/experiments/dda_full_sweep/traces/32_channels_per_device/32_devices/model_parallel/Llama2-70B/trace_2_FC_devices_seqlen_1792.txt
/home/aatmaj/CENT/aim_simulator/build/ramulator2 -f /home/aatmaj/CENT/aim_simulator/test/example.yaml -t /home/aatmaj/CENT/experiments/dda_full_sweep/traces/32_channels_per_device/32_devices/model_parallel_FC/Llama2-70B/trace_2_FC_devices_seqlen_1792.txt
/home/aatmaj/CENT/aim_simulator/build/ramulator2 -f /home/aatmaj/CENT/aim_simulator/test/example.yaml -t /home/aatmaj/CENT/experiments/dda_full_sweep/traces/32_channels_per_device/32_devices/model_parallel/Llama2-70B/trace_4_FC_devices_seqlen_1792.txt
/home/aatmaj/CENT/aim_simulator/build/ramulator2 -f /home/aatmaj/CENT/aim_simulator/test/example.yaml -t /home/aatmaj/CENT/experiments/dda_full_sweep/traces/32_channels_per_device/32_devices/model_parallel_FC/Llama2-70B/trace_4_FC_devices_seqlen_1792.txt
/home/aatmaj/CENT/aim_simulator/build/ramulator2 -f /home/aatmaj/CENT/aim_simulator/test/example.yaml -t /home/aatmaj/CENT/experiments/dda_full_sweep/traces/32_channels_per_device/32_devices/model_parallel/Llama2-70B/trace_8_FC_devices_seqlen_1792.txt
/home/aatmaj/CENT/aim_simulator/build/ramulator2 -f /home/aatmaj/CENT/aim_simulator/test/example.yaml -t /home/aatmaj/CENT/experiments/dda_full_sweep/traces/32_channels_per_device/32_devices/model_parallel_FC/Llama2-70B/trace_8_FC_devices_seqlen_1792.txt
/home/aatmaj/CENT/aim_simulator/build/ramulator2 -f /home/aatmaj/CENT/aim_simulator/test/example.yaml -t /home/aatmaj/CENT/experiments/dda_full_sweep/traces/32_channels_per_device/32_devices/model_parallel/Llama2-70B/trace_16_FC_devices_seqlen_1792.txt
/home/aatmaj/CENT/aim_simulator/build/ramulator2 -f /home/aatmaj/CENT/aim_simulator/test/example.yaml -t /home/aatmaj/CENT/experiments/dda_full_sweep/traces/32_channels_per_device/32_devices/model_parallel_FC/Llama2-70B/trace_16_FC_devices_seqlen_1792.txt
/home/aatmaj/CENT/aim_simulator/build/ramulator2 -f /home/aatmaj/CENT/aim_simulator/test/example.yaml -t /home/aatmaj/CENT/experiments/dda_full_sweep/traces/32_channels_per_device/32_devices/model_parallel/Llama2-70B/trace_32_FC_devices_seqlen_1792.txt
/home/aatmaj/CENT/aim_simulator/build/ramulator2 -f /home/aatmaj/CENT/aim_simulator/test/example.yaml -t /home/aatmaj/CENT/experiments/dda_full_sweep/traces/32_channels_per_device/32_devices/model_parallel_FC/Llama2-70B/trace_32_FC_devices_seqlen_1792.txt
/home/aatmaj/CENT/aim_simulator/build/ramulator2 -f /home/aatmaj/CENT/aim_simulator/test/example.yaml -t /home/aatmaj/CENT/experiments/dda_full_sweep/traces/32_channels_per_device/32_devices/model_parallel/Llama2-70B/trace_1_FC_devices_seqlen_1920.txt
/home/aatmaj/CENT/aim_simulator/build/ramulator2 -f /home/aatmaj/CENT/aim_simulator/test/example.yaml -t /home/aatmaj/CENT/experiments/dda_full_sweep/traces/32_channels_per_device/32_devices/model_parallel_FC/Llama2-70B/trace_1_FC_devices_seqlen_1920.txt
/home/aatmaj/CENT/aim_simulator/build/ramulator2 -f /home/aatmaj/CENT/aim_simulator/test/example.yaml -t /home/aatmaj/CENT/experiments/dda_full_sweep/traces/32_channels_per_device/32_devices/model_parallel/Llama2-70B/trace_2_FC_devices_seqlen_1920.txt
/home/aatmaj/CENT/aim_simulator/build/ramulator2 -f /home/aatmaj/CENT/aim_simulator/test/example.yaml -t /home/aatmaj/CENT/experiments/dda_full_sweep/traces/32_channels_per_device/32_devices/model_parallel_FC/Llama2-70B/trace_2_FC_devices_seqlen_1920.txt
/home/aatmaj/CENT/aim_simulator/build/ramulator2 -f /home/aatmaj/CENT/aim_simulator/test/example.yaml -t /home/aatmaj/CENT/experiments/dda_full_sweep/traces/32_channels_per_device/32_devices/model_parallel/Llama2-70B/trace_4_FC_devices_seqlen_1920.txt
/home/aatmaj/CENT/aim_simulator/build/ramulator2 -f /home/aatmaj/CENT/aim_simulator/test/example.yaml -t /home/aatmaj/CENT/experiments/dda_full_sweep/traces/32_channels_per_device/32_devices/model_parallel_FC/Llama2-70B/trace_4_FC_devices_seqlen_1920.txt
/home/aatmaj/CENT/aim_simulator/build/ramulator2 -f /home/aatmaj/CENT/aim_simulator/test/example.yaml -t /home/aatmaj/CENT/experiments/dda_full_sweep/traces/32_channels_per_device/32_devices/model_parallel/Llama2-70B/trace_8_FC_devices_seqlen_1920.txt
/home/aatmaj/CENT/aim_simulator/build/ramulator2 -f /home/aatmaj/CENT/aim_simulator/test/example.yaml -t /home/aatmaj/CENT/experiments/dda_full_sweep/traces/32_channels_per_device/32_devices/model_parallel_FC/Llama2-70B/trace_8_FC_devices_seqlen_1920.txt
/home/aatmaj/CENT/aim_simulator/build/ramulator2 -f /home/aatmaj/CENT/aim_simulator/test/example.yaml -t /home/aatmaj/CENT/experiments/dda_full_sweep/traces/32_channels_per_device/32_devices/model_parallel/Llama2-70B/trace_16_FC_devices_seqlen_1920.txt
/home/aatmaj/CENT/aim_simulator/build/ramulator2 -f /home/aatmaj/CENT/aim_simulator/test/example.yaml -t /home/aatmaj/CENT/experiments/dda_full_sweep/traces/32_channels_per_device/32_devices/model_parallel_FC/Llama2-70B/trace_16_FC_devices_seqlen_1920.txt
/home/aatmaj/CENT/aim_simulator/build/ramulator2 -f /home/aatmaj/CENT/aim_simulator/test/example.yaml -t /home/aatmaj/CENT/experiments/dda_full_sweep/traces/32_channels_per_device/32_devices/model_parallel/Llama2-70B/trace_32_FC_devices_seqlen_1920.txt
/home/aatmaj/CENT/aim_simulator/build/ramulator2 -f /home/aatmaj/CENT/aim_simulator/test/example.yaml -t /home/aatmaj/CENT/experiments/dda_full_sweep/traces/32_channels_per_device/32_devices/model_parallel_FC/Llama2-70B/trace_32_FC_devices_seqlen_1920.txt
/home/aatmaj/CENT/aim_simulator/build/ramulator2 -f /home/aatmaj/CENT/aim_simulator/test/example.yaml -t /home/aatmaj/CENT/experiments/dda_full_sweep/traces/32_channels_per_device/32_devices/model_parallel/Llama2-70B/trace_1_FC_devices_seqlen_2048.txt
/home/aatmaj/CENT/aim_simulator/build/ramulator2 -f /home/aatmaj/CENT/aim_simulator/test/example.yaml -t /home/aatmaj/CENT/experiments/dda_full_sweep/traces/32_channels_per_device/32_devices/model_parallel_FC/Llama2-70B/trace_1_FC_devices_seqlen_2048.txt
/home/aatmaj/CENT/aim_simulator/build/ramulator2 -f /home/aatmaj/CENT/aim_simulator/test/example.yaml -t /home/aatmaj/CENT/experiments/dda_full_sweep/traces/32_channels_per_device/32_devices/model_parallel/Llama2-70B/trace_2_FC_devices_seqlen_2048.txt
/home/aatmaj/CENT/aim_simulator/build/ramulator2 -f /home/aatmaj/CENT/aim_simulator/test/example.yaml -t /home/aatmaj/CENT/experiments/dda_full_sweep/traces/32_channels_per_device/32_devices/model_parallel_FC/Llama2-70B/trace_2_FC_devices_seqlen_2048.txt
/home/aatmaj/CENT/aim_simulator/build/ramulator2 -f /home/aatmaj/CENT/aim_simulator/test/example.yaml -t /home/aatmaj/CENT/experiments/dda_full_sweep/traces/32_channels_per_device/32_devices/model_parallel/Llama2-70B/trace_4_FC_devices_seqlen_2048.txt
/home/aatmaj/CENT/aim_simulator/build/ramulator2 -f /home/aatmaj/CENT/aim_simulator/test/example.yaml -t /home/aatmaj/CENT/experiments/dda_full_sweep/traces/32_channels_per_device/32_devices/model_parallel_FC/Llama2-70B/trace_4_FC_devices_seqlen_2048.txt
/home/aatmaj/CENT/aim_simulator/build/ramulator2 -f /home/aatmaj/CENT/aim_simulator/test/example.yaml -t /home/aatmaj/CENT/experiments/dda_full_sweep/traces/32_channels_per_device/32_devices/model_parallel/Llama2-70B/trace_8_FC_devices_seqlen_2048.txt
/home/aatmaj/CENT/aim_simulator/build/ramulator2 -f /home/aatmaj/CENT/aim_simulator/test/example.yaml -t /home/aatmaj/CENT/experiments/dda_full_sweep/traces/32_channels_per_device/32_devices/model_parallel_FC/Llama2-70B/trace_8_FC_devices_seqlen_2048.txt
/home/aatmaj/CENT/aim_simulator/build/ramulator2 -f /home/aatmaj/CENT/aim_simulator/test/example.yaml -t /home/aatmaj/CENT/experiments/dda_full_sweep/traces/32_channels_per_device/32_devices/model_parallel/Llama2-70B/trace_16_FC_devices_seqlen_2048.txt
/home/aatmaj/CENT/aim_simulator/build/ramulator2 -f /home/aatmaj/CENT/aim_simulator/test/example.yaml -t /home/aatmaj/CENT/experiments/dda_full_sweep/traces/32_channels_per_device/32_devices/model_parallel_FC/Llama2-70B/trace_16_FC_devices_seqlen_2048.txt
/home/aatmaj/CENT/aim_simulator/build/ramulator2 -f /home/aatmaj/CENT/aim_simulator/test/example.yaml -t /home/aatmaj/CENT/experiments/dda_full_sweep/traces/32_channels_per_device/32_devices/model_parallel/Llama2-70B/trace_32_FC_devices_seqlen_2048.txt
/home/aatmaj/CENT/aim_simulator/build/ramulator2 -f /home/aatmaj/CENT/aim_simulator/test/example.yaml -t /home/aatmaj/CENT/experiments/dda_full_sweep/traces/32_channels_per_device/32_devices/model_parallel_FC/Llama2-70B/trace_32_FC_devices_seqlen_2048.txt
/home/aatmaj/CENT/aim_simulator/build/ramulator2 -f /home/aatmaj/CENT/aim_simulator/test/example.yaml -t /home/aatmaj/CENT/experiments/dda_full_sweep/traces/32_channels_per_device/32_devices/model_parallel/Llama2-70B/trace_1_FC_devices_seqlen_2176.txt
/home/aatmaj/CENT/aim_simulator/build/ramulator2 -f /home/aatmaj/CENT/aim_simulator/test/example.yaml -t /home/aatmaj/CENT/experiments/dda_full_sweep/traces/32_channels_per_device/32_devices/model_parallel_FC/Llama2-70B/trace_1_FC_devices_seqlen_2176.txt
/home/aatmaj/CENT/aim_simulator/build/ramulator2 -f /home/aatmaj/CENT/aim_simulator/test/example.yaml -t /home/aatmaj/CENT/experiments/dda_full_sweep/traces/32_channels_per_device/32_devices/model_parallel/Llama2-70B/trace_2_FC_devices_seqlen_2176.txt
/home/aatmaj/CENT/aim_simulator/build/ramulator2 -f /home/aatmaj/CENT/aim_simulator/test/example.yaml -t /home/aatmaj/CENT/experiments/dda_full_sweep/traces/32_channels_per_device/32_devices/model_parallel_FC/Llama2-70B/trace_2_FC_devices_seqlen_2176.txt
/home/aatmaj/CENT/aim_simulator/build/ramulator2 -f /home/aatmaj/CENT/aim_simulator/test/example.yaml -t /home/aatmaj/CENT/experiments/dda_full_sweep/traces/32_channels_per_device/32_devices/model_parallel/Llama2-70B/trace_4_FC_devices_seqlen_2176.txt
/home/aatmaj/CENT/aim_simulator/build/ramulator2 -f /home/aatmaj/CENT/aim_simulator/test/example.yaml -t /home/aatmaj/CENT/experiments/dda_full_sweep/traces/32_channels_per_device/32_devices/model_parallel_FC/Llama2-70B/trace_4_FC_devices_seqlen_2176.txt
/home/aatmaj/CENT/aim_simulator/build/ramulator2 -f /home/aatmaj/CENT/aim_simulator/test/example.yaml -t /home/aatmaj/CENT/experiments/dda_full_sweep/traces/32_channels_per_device/32_devices/model_parallel/Llama2-70B/trace_8_FC_devices_seqlen_2176.txt
/home/aatmaj/CENT/aim_simulator/build/ramulator2 -f /home/aatmaj/CENT/aim_simulator/test/example.yaml -t /home/aatmaj/CENT/experiments/dda_full_sweep/traces/32_channels_per_device/32_devices/model_parallel_FC/Llama2-70B/trace_8_FC_devices_seqlen_2176.txt
/home/aatmaj/CENT/aim_simulator/build/ramulator2 -f /home/aatmaj/CENT/aim_simulator/test/example.yaml -t /home/aatmaj/CENT/experiments/dda_full_sweep/traces/32_channels_per_device/32_devices/model_parallel/Llama2-70B/trace_16_FC_devices_seqlen_2176.txt
/home/aatmaj/CENT/aim_simulator/build/ramulator2 -f /home/aatmaj/CENT/aim_simulator/test/example.yaml -t /home/aatmaj/CENT/experiments/dda_full_sweep/traces/32_channels_per_device/32_devices/model_parallel_FC/Llama2-70B/trace_16_FC_devices_seqlen_2176.txt
/home/aatmaj/CENT/aim_simulator/build/ramulator2 -f /home/aatmaj/CENT/aim_simulator/test/example.yaml -t /home/aatmaj/CENT/experiments/dda_full_sweep/traces/32_channels_per_device/32_devices/model_parallel/Llama2-70B/trace_32_FC_devices_seqlen_2176.txt
/home/aatmaj/CENT/aim_simulator/build/ramulator2 -f /home/aatmaj/CENT/aim_simulator/test/example.yaml -t /home/aatmaj/CENT/experiments/dda_full_sweep/traces/32_channels_per_device/32_devices/model_parallel_FC/Llama2-70B/trace_32_FC_devices_seqlen_2176.txt
/home/aatmaj/CENT/aim_simulator/build/ramulator2 -f /home/aatmaj/CENT/aim_simulator/test/example.yaml -t /home/aatmaj/CENT/experiments/dda_full_sweep/traces/32_channels_per_device/32_devices/model_parallel/Llama2-70B/trace_1_FC_devices_seqlen_2304.txt
/home/aatmaj/CENT/aim_simulator/build/ramulator2 -f /home/aatmaj/CENT/aim_simulator/test/example.yaml -t /home/aatmaj/CENT/experiments/dda_full_sweep/traces/32_channels_per_device/32_devices/model_parallel_FC/Llama2-70B/trace_1_FC_devices_seqlen_2304.txt
/home/aatmaj/CENT/aim_simulator/build/ramulator2 -f /home/aatmaj/CENT/aim_simulator/test/example.yaml -t /home/aatmaj/CENT/experiments/dda_full_sweep/traces/32_channels_per_device/32_devices/model_parallel/Llama2-70B/trace_2_FC_devices_seqlen_2304.txt
/home/aatmaj/CENT/aim_simulator/build/ramulator2 -f /home/aatmaj/CENT/aim_simulator/test/example.yaml -t /home/aatmaj/CENT/experiments/dda_full_sweep/traces/32_channels_per_device/32_devices/model_parallel_FC/Llama2-70B/trace_2_FC_devices_seqlen_2304.txt
/home/aatmaj/CENT/aim_simulator/build/ramulator2 -f /home/aatmaj/CENT/aim_simulator/test/example.yaml -t /home/aatmaj/CENT/experiments/dda_full_sweep/traces/32_channels_per_device/32_devices/model_parallel/Llama2-70B/trace_4_FC_devices_seqlen_2304.txt
/home/aatmaj/CENT/aim_simulator/build/ramulator2 -f /home/aatmaj/CENT/aim_simulator/test/example.yaml -t /home/aatmaj/CENT/experiments/dda_full_sweep/traces/32_channels_per_device/32_devices/model_parallel_FC/Llama2-70B/trace_4_FC_devices_seqlen_2304.txt
/home/aatmaj/CENT/aim_simulator/build/ramulator2 -f /home/aatmaj/CENT/aim_simulator/test/example.yaml -t /home/aatmaj/CENT/experiments/dda_full_sweep/traces/32_channels_per_device/32_devices/model_parallel/Llama2-70B/trace_8_FC_devices_seqlen_2304.txt
/home/aatmaj/CENT/aim_simulator/build/ramulator2 -f /home/aatmaj/CENT/aim_simulator/test/example.yaml -t /home/aatmaj/CENT/experiments/dda_full_sweep/traces/32_channels_per_device/32_devices/model_parallel_FC/Llama2-70B/trace_8_FC_devices_seqlen_2304.txt
/home/aatmaj/CENT/aim_simulator/build/ramulator2 -f /home/aatmaj/CENT/aim_simulator/test/example.yaml -t /home/aatmaj/CENT/experiments/dda_full_sweep/traces/32_channels_per_device/32_devices/model_parallel/Llama2-70B/trace_16_FC_devices_seqlen_2304.txt
/home/aatmaj/CENT/aim_simulator/build/ramulator2 -f /home/aatmaj/CENT/aim_simulator/test/example.yaml -t /home/aatmaj/CENT/experiments/dda_full_sweep/traces/32_channels_per_device/32_devices/model_parallel_FC/Llama2-70B/trace_16_FC_devices_seqlen_2304.txt
/home/aatmaj/CENT/aim_simulator/build/ramulator2 -f /home/aatmaj/CENT/aim_simulator/test/example.yaml -t /home/aatmaj/CENT/experiments/dda_full_sweep/traces/32_channels_per_device/32_devices/model_parallel/Llama2-70B/trace_32_FC_devices_seqlen_2304.txt
/home/aatmaj/CENT/aim_simulator/build/ramulator2 -f /home/aatmaj/CENT/aim_simulator/test/example.yaml -t /home/aatmaj/CENT/experiments/dda_full_sweep/traces/32_channels_per_device/32_devices/model_parallel_FC/Llama2-70B/trace_32_FC_devices_seqlen_2304.txt
/home/aatmaj/CENT/aim_simulator/build/ramulator2 -f /home/aatmaj/CENT/aim_simulator/test/example.yaml -t /home/aatmaj/CENT/experiments/dda_full_sweep/traces/32_channels_per_device/32_devices/model_parallel/Llama2-70B/trace_1_FC_devices_seqlen_2432.txt
/home/aatmaj/CENT/aim_simulator/build/ramulator2 -f /home/aatmaj/CENT/aim_simulator/test/example.yaml -t /home/aatmaj/CENT/experiments/dda_full_sweep/traces/32_channels_per_device/32_devices/model_parallel_FC/Llama2-70B/trace_1_FC_devices_seqlen_2432.txt
/home/aatmaj/CENT/aim_simulator/build/ramulator2 -f /home/aatmaj/CENT/aim_simulator/test/example.yaml -t /home/aatmaj/CENT/experiments/dda_full_sweep/traces/32_channels_per_device/32_devices/model_parallel/Llama2-70B/trace_2_FC_devices_seqlen_2432.txt
/home/aatmaj/CENT/aim_simulator/build/ramulator2 -f /home/aatmaj/CENT/aim_simulator/test/example.yaml -t /home/aatmaj/CENT/experiments/dda_full_sweep/traces/32_channels_per_device/32_devices/model_parallel_FC/Llama2-70B/trace_2_FC_devices_seqlen_2432.txt
/home/aatmaj/CENT/aim_simulator/build/ramulator2 -f /home/aatmaj/CENT/aim_simulator/test/example.yaml -t /home/aatmaj/CENT/experiments/dda_full_sweep/traces/32_channels_per_device/32_devices/model_parallel/Llama2-70B/trace_4_FC_devices_seqlen_2432.txt
/home/aatmaj/CENT/aim_simulator/build/ramulator2 -f /home/aatmaj/CENT/aim_simulator/test/example.yaml -t /home/aatmaj/CENT/experiments/dda_full_sweep/traces/32_channels_per_device/32_devices/model_parallel_FC/Llama2-70B/trace_4_FC_devices_seqlen_2432.txt
/home/aatmaj/CENT/aim_simulator/build/ramulator2 -f /home/aatmaj/CENT/aim_simulator/test/example.yaml -t /home/aatmaj/CENT/experiments/dda_full_sweep/traces/32_channels_per_device/32_devices/model_parallel/Llama2-70B/trace_8_FC_devices_seqlen_2432.txt
/home/aatmaj/CENT/aim_simulator/build/ramulator2 -f /home/aatmaj/CENT/aim_simulator/test/example.yaml -t /home/aatmaj/CENT/experiments/dda_full_sweep/traces/32_channels_per_device/32_devices/model_parallel_FC/Llama2-70B/trace_8_FC_devices_seqlen_2432.txt
/home/aatmaj/CENT/aim_simulator/build/ramulator2 -f /home/aatmaj/CENT/aim_simulator/test/example.yaml -t /home/aatmaj/CENT/experiments/dda_full_sweep/traces/32_channels_per_device/32_devices/model_parallel/Llama2-70B/trace_16_FC_devices_seqlen_2432.txt
/home/aatmaj/CENT/aim_simulator/build/ramulator2 -f /home/aatmaj/CENT/aim_simulator/test/example.yaml -t /home/aatmaj/CENT/experiments/dda_full_sweep/traces/32_channels_per_device/32_devices/model_parallel_FC/Llama2-70B/trace_16_FC_devices_seqlen_2432.txt
/home/aatmaj/CENT/aim_simulator/build/ramulator2 -f /home/aatmaj/CENT/aim_simulator/test/example.yaml -t /home/aatmaj/CENT/experiments/dda_full_sweep/traces/32_channels_per_device/32_devices/model_parallel/Llama2-70B/trace_32_FC_devices_seqlen_2432.txt
/home/aatmaj/CENT/aim_simulator/build/ramulator2 -f /home/aatmaj/CENT/aim_simulator/test/example.yaml -t /home/aatmaj/CENT/experiments/dda_full_sweep/traces/32_channels_per_device/32_devices/model_parallel_FC/Llama2-70B/trace_32_FC_devices_seqlen_2432.txt
/home/aatmaj/CENT/aim_simulator/build/ramulator2 -f /home/aatmaj/CENT/aim_simulator/test/example.yaml -t /home/aatmaj/CENT/experiments/dda_full_sweep/traces/32_channels_per_device/32_devices/model_parallel/Llama2-70B/trace_1_FC_devices_seqlen_2560.txt
/home/aatmaj/CENT/aim_simulator/build/ramulator2 -f /home/aatmaj/CENT/aim_simulator/test/example.yaml -t /home/aatmaj/CENT/experiments/dda_full_sweep/traces/32_channels_per_device/32_devices/model_parallel_FC/Llama2-70B/trace_1_FC_devices_seqlen_2560.txt
/home/aatmaj/CENT/aim_simulator/build/ramulator2 -f /home/aatmaj/CENT/aim_simulator/test/example.yaml -t /home/aatmaj/CENT/experiments/dda_full_sweep/traces/32_channels_per_device/32_devices/model_parallel/Llama2-70B/trace_2_FC_devices_seqlen_2560.txt
/home/aatmaj/CENT/aim_simulator/build/ramulator2 -f /home/aatmaj/CENT/aim_simulator/test/example.yaml -t /home/aatmaj/CENT/experiments/dda_full_sweep/traces/32_channels_per_device/32_devices/model_parallel_FC/Llama2-70B/trace_2_FC_devices_seqlen_2560.txt
/home/aatmaj/CENT/aim_simulator/build/ramulator2 -f /home/aatmaj/CENT/aim_simulator/test/example.yaml -t /home/aatmaj/CENT/experiments/dda_full_sweep/traces/32_channels_per_device/32_devices/model_parallel/Llama2-70B/trace_4_FC_devices_seqlen_2560.txt
/home/aatmaj/CENT/aim_simulator/build/ramulator2 -f /home/aatmaj/CENT/aim_simulator/test/example.yaml -t /home/aatmaj/CENT/experiments/dda_full_sweep/traces/32_channels_per_device/32_devices/model_parallel_FC/Llama2-70B/trace_4_FC_devices_seqlen_2560.txt
/home/aatmaj/CENT/aim_simulator/build/ramulator2 -f /home/aatmaj/CENT/aim_simulator/test/example.yaml -t /home/aatmaj/CENT/experiments/dda_full_sweep/traces/32_channels_per_device/32_devices/model_parallel/Llama2-70B/trace_8_FC_devices_seqlen_2560.txt
/home/aatmaj/CENT/aim_simulator/build/ramulator2 -f /home/aatmaj/CENT/aim_simulator/test/example.yaml -t /home/aatmaj/CENT/experiments/dda_full_sweep/traces/32_channels_per_device/32_devices/model_parallel_FC/Llama2-70B/trace_8_FC_devices_seqlen_2560.txt
/home/aatmaj/CENT/aim_simulator/build/ramulator2 -f /home/aatmaj/CENT/aim_simulator/test/example.yaml -t /home/aatmaj/CENT/experiments/dda_full_sweep/traces/32_channels_per_device/32_devices/model_parallel/Llama2-70B/trace_16_FC_devices_seqlen_2560.txt
/home/aatmaj/CENT/aim_simulator/build/ramulator2 -f /home/aatmaj/CENT/aim_simulator/test/example.yaml -t /home/aatmaj/CENT/experiments/dda_full_sweep/traces/32_channels_per_device/32_devices/model_parallel_FC/Llama2-70B/trace_16_FC_devices_seqlen_2560.txt
/home/aatmaj/CENT/aim_simulator/build/ramulator2 -f /home/aatmaj/CENT/aim_simulator/test/example.yaml -t /home/aatmaj/CENT/experiments/dda_full_sweep/traces/32_channels_per_device/32_devices/model_parallel/Llama2-70B/trace_32_FC_devices_seqlen_2560.txt
/home/aatmaj/CENT/aim_simulator/build/ramulator2 -f /home/aatmaj/CENT/aim_simulator/test/example.yaml -t /home/aatmaj/CENT/experiments/dda_full_sweep/traces/32_channels_per_device/32_devices/model_parallel_FC/Llama2-70B/trace_32_FC_devices_seqlen_2560.txt
/home/aatmaj/CENT/aim_simulator/build/ramulator2 -f /home/aatmaj/CENT/aim_simulator/test/example.yaml -t /home/aatmaj/CENT/experiments/dda_full_sweep/traces/32_channels_per_device/32_devices/model_parallel/Llama2-70B/trace_1_FC_devices_seqlen_2688.txt
/home/aatmaj/CENT/aim_simulator/build/ramulator2 -f /home/aatmaj/CENT/aim_simulator/test/example.yaml -t /home/aatmaj/CENT/experiments/dda_full_sweep/traces/32_channels_per_device/32_devices/model_parallel_FC/Llama2-70B/trace_1_FC_devices_seqlen_2688.txt
/home/aatmaj/CENT/aim_simulator/build/ramulator2 -f /home/aatmaj/CENT/aim_simulator/test/example.yaml -t /home/aatmaj/CENT/experiments/dda_full_sweep/traces/32_channels_per_device/32_devices/model_parallel/Llama2-70B/trace_2_FC_devices_seqlen_2688.txt
/home/aatmaj/CENT/aim_simulator/build/ramulator2 -f /home/aatmaj/CENT/aim_simulator/test/example.yaml -t /home/aatmaj/CENT/experiments/dda_full_sweep/traces/32_channels_per_device/32_devices/model_parallel_FC/Llama2-70B/trace_2_FC_devices_seqlen_2688.txt
/home/aatmaj/CENT/aim_simulator/build/ramulator2 -f /home/aatmaj/CENT/aim_simulator/test/example.yaml -t /home/aatmaj/CENT/experiments/dda_full_sweep/traces/32_channels_per_device/32_devices/model_parallel/Llama2-70B/trace_4_FC_devices_seqlen_2688.txt
/home/aatmaj/CENT/aim_simulator/build/ramulator2 -f /home/aatmaj/CENT/aim_simulator/test/example.yaml -t /home/aatmaj/CENT/experiments/dda_full_sweep/traces/32_channels_per_device/32_devices/model_parallel_FC/Llama2-70B/trace_4_FC_devices_seqlen_2688.txt
/home/aatmaj/CENT/aim_simulator/build/ramulator2 -f /home/aatmaj/CENT/aim_simulator/test/example.yaml -t /home/aatmaj/CENT/experiments/dda_full_sweep/traces/32_channels_per_device/32_devices/model_parallel/Llama2-70B/trace_8_FC_devices_seqlen_2688.txt
/home/aatmaj/CENT/aim_simulator/build/ramulator2 -f /home/aatmaj/CENT/aim_simulator/test/example.yaml -t /home/aatmaj/CENT/experiments/dda_full_sweep/traces/32_channels_per_device/32_devices/model_parallel_FC/Llama2-70B/trace_8_FC_devices_seqlen_2688.txt
/home/aatmaj/CENT/aim_simulator/build/ramulator2 -f /home/aatmaj/CENT/aim_simulator/test/example.yaml -t /home/aatmaj/CENT/experiments/dda_full_sweep/traces/32_channels_per_device/32_devices/model_parallel/Llama2-70B/trace_16_FC_devices_seqlen_2688.txt
/home/aatmaj/CENT/aim_simulator/build/ramulator2 -f /home/aatmaj/CENT/aim_simulator/test/example.yaml -t /home/aatmaj/CENT/experiments/dda_full_sweep/traces/32_channels_per_device/32_devices/model_parallel_FC/Llama2-70B/trace_16_FC_devices_seqlen_2688.txt
/home/aatmaj/CENT/aim_simulator/build/ramulator2 -f /home/aatmaj/CENT/aim_simulator/test/example.yaml -t /home/aatmaj/CENT/experiments/dda_full_sweep/traces/32_channels_per_device/32_devices/model_parallel/Llama2-70B/trace_32_FC_devices_seqlen_2688.txt
/home/aatmaj/CENT/aim_simulator/build/ramulator2 -f /home/aatmaj/CENT/aim_simulator/test/example.yaml -t /home/aatmaj/CENT/experiments/dda_full_sweep/traces/32_channels_per_device/32_devices/model_parallel_FC/Llama2-70B/trace_32_FC_devices_seqlen_2688.txt
/home/aatmaj/CENT/aim_simulator/build/ramulator2 -f /home/aatmaj/CENT/aim_simulator/test/example.yaml -t /home/aatmaj/CENT/experiments/dda_full_sweep/traces/32_channels_per_device/32_devices/model_parallel/Llama2-70B/trace_1_FC_devices_seqlen_2816.txt
/home/aatmaj/CENT/aim_simulator/build/ramulator2 -f /home/aatmaj/CENT/aim_simulator/test/example.yaml -t /home/aatmaj/CENT/experiments/dda_full_sweep/traces/32_channels_per_device/32_devices/model_parallel_FC/Llama2-70B/trace_1_FC_devices_seqlen_2816.txt
/home/aatmaj/CENT/aim_simulator/build/ramulator2 -f /home/aatmaj/CENT/aim_simulator/test/example.yaml -t /home/aatmaj/CENT/experiments/dda_full_sweep/traces/32_channels_per_device/32_devices/model_parallel/Llama2-70B/trace_2_FC_devices_seqlen_2816.txt
/home/aatmaj/CENT/aim_simulator/build/ramulator2 -f /home/aatmaj/CENT/aim_simulator/test/example.yaml -t /home/aatmaj/CENT/experiments/dda_full_sweep/traces/32_channels_per_device/32_devices/model_parallel_FC/Llama2-70B/trace_2_FC_devices_seqlen_2816.txt
/home/aatmaj/CENT/aim_simulator/build/ramulator2 -f /home/aatmaj/CENT/aim_simulator/test/example.yaml -t /home/aatmaj/CENT/experiments/dda_full_sweep/traces/32_channels_per_device/32_devices/model_parallel/Llama2-70B/trace_4_FC_devices_seqlen_2816.txt
/home/aatmaj/CENT/aim_simulator/build/ramulator2 -f /home/aatmaj/CENT/aim_simulator/test/example.yaml -t /home/aatmaj/CENT/experiments/dda_full_sweep/traces/32_channels_per_device/32_devices/model_parallel_FC/Llama2-70B/trace_4_FC_devices_seqlen_2816.txt
/home/aatmaj/CENT/aim_simulator/build/ramulator2 -f /home/aatmaj/CENT/aim_simulator/test/example.yaml -t /home/aatmaj/CENT/experiments/dda_full_sweep/traces/32_channels_per_device/32_devices/model_parallel/Llama2-70B/trace_8_FC_devices_seqlen_2816.txt
/home/aatmaj/CENT/aim_simulator/build/ramulator2 -f /home/aatmaj/CENT/aim_simulator/test/example.yaml -t /home/aatmaj/CENT/experiments/dda_full_sweep/traces/32_channels_per_device/32_devices/model_parallel_FC/Llama2-70B/trace_8_FC_devices_seqlen_2816.txt
/home/aatmaj/CENT/aim_simulator/build/ramulator2 -f /home/aatmaj/CENT/aim_simulator/test/example.yaml -t /home/aatmaj/CENT/experiments/dda_full_sweep/traces/32_channels_per_device/32_devices/model_parallel/Llama2-70B/trace_16_FC_devices_seqlen_2816.txt
/home/aatmaj/CENT/aim_simulator/build/ramulator2 -f /home/aatmaj/CENT/aim_simulator/test/example.yaml -t /home/aatmaj/CENT/experiments/dda_full_sweep/traces/32_channels_per_device/32_devices/model_parallel_FC/Llama2-70B/trace_16_FC_devices_seqlen_2816.txt
/home/aatmaj/CENT/aim_simulator/build/ramulator2 -f /home/aatmaj/CENT/aim_simulator/test/example.yaml -t /home/aatmaj/CENT/experiments/dda_full_sweep/traces/32_channels_per_device/32_devices/model_parallel/Llama2-70B/trace_32_FC_devices_seqlen_2816.txt
/home/aatmaj/CENT/aim_simulator/build/ramulator2 -f /home/aatmaj/CENT/aim_simulator/test/example.yaml -t /home/aatmaj/CENT/experiments/dda_full_sweep/traces/32_channels_per_device/32_devices/model_parallel_FC/Llama2-70B/trace_32_FC_devices_seqlen_2816.txt
/home/aatmaj/CENT/aim_simulator/build/ramulator2 -f /home/aatmaj/CENT/aim_simulator/test/example.yaml -t /home/aatmaj/CENT/experiments/dda_full_sweep/traces/32_channels_per_device/32_devices/model_parallel/Llama2-70B/trace_1_FC_devices_seqlen_2944.txt
/home/aatmaj/CENT/aim_simulator/build/ramulator2 -f /home/aatmaj/CENT/aim_simulator/test/example.yaml -t /home/aatmaj/CENT/experiments/dda_full_sweep/traces/32_channels_per_device/32_devices/model_parallel_FC/Llama2-70B/trace_1_FC_devices_seqlen_2944.txt
/home/aatmaj/CENT/aim_simulator/build/ramulator2 -f /home/aatmaj/CENT/aim_simulator/test/example.yaml -t /home/aatmaj/CENT/experiments/dda_full_sweep/traces/32_channels_per_device/32_devices/model_parallel/Llama2-70B/trace_2_FC_devices_seqlen_2944.txt
/home/aatmaj/CENT/aim_simulator/build/ramulator2 -f /home/aatmaj/CENT/aim_simulator/test/example.yaml -t /home/aatmaj/CENT/experiments/dda_full_sweep/traces/32_channels_per_device/32_devices/model_parallel_FC/Llama2-70B/trace_2_FC_devices_seqlen_2944.txt
/home/aatmaj/CENT/aim_simulator/build/ramulator2 -f /home/aatmaj/CENT/aim_simulator/test/example.yaml -t /home/aatmaj/CENT/experiments/dda_full_sweep/traces/32_channels_per_device/32_devices/model_parallel/Llama2-70B/trace_4_FC_devices_seqlen_2944.txt
/home/aatmaj/CENT/aim_simulator/build/ramulator2 -f /home/aatmaj/CENT/aim_simulator/test/example.yaml -t /home/aatmaj/CENT/experiments/dda_full_sweep/traces/32_channels_per_device/32_devices/model_parallel_FC/Llama2-70B/trace_4_FC_devices_seqlen_2944.txt
/home/aatmaj/CENT/aim_simulator/build/ramulator2 -f /home/aatmaj/CENT/aim_simulator/test/example.yaml -t /home/aatmaj/CENT/experiments/dda_full_sweep/traces/32_channels_per_device/32_devices/model_parallel/Llama2-70B/trace_8_FC_devices_seqlen_2944.txt
/home/aatmaj/CENT/aim_simulator/build/ramulator2 -f /home/aatmaj/CENT/aim_simulator/test/example.yaml -t /home/aatmaj/CENT/experiments/dda_full_sweep/traces/32_channels_per_device/32_devices/model_parallel_FC/Llama2-70B/trace_8_FC_devices_seqlen_2944.txt
/home/aatmaj/CENT/aim_simulator/build/ramulator2 -f /home/aatmaj/CENT/aim_simulator/test/example.yaml -t /home/aatmaj/CENT/experiments/dda_full_sweep/traces/32_channels_per_device/32_devices/model_parallel/Llama2-70B/trace_16_FC_devices_seqlen_2944.txt
/home/aatmaj/CENT/aim_simulator/build/ramulator2 -f /home/aatmaj/CENT/aim_simulator/test/example.yaml -t /home/aatmaj/CENT/experiments/dda_full_sweep/traces/32_channels_per_device/32_devices/model_parallel_FC/Llama2-70B/trace_16_FC_devices_seqlen_2944.txt
/home/aatmaj/CENT/aim_simulator/build/ramulator2 -f /home/aatmaj/CENT/aim_simulator/test/example.yaml -t /home/aatmaj/CENT/experiments/dda_full_sweep/traces/32_channels_per_device/32_devices/model_parallel/Llama2-70B/trace_32_FC_devices_seqlen_2944.txt
/home/aatmaj/CENT/aim_simulator/build/ramulator2 -f /home/aatmaj/CENT/aim_simulator/test/example.yaml -t /home/aatmaj/CENT/experiments/dda_full_sweep/traces/32_channels_per_device/32_devices/model_parallel_FC/Llama2-70B/trace_32_FC_devices_seqlen_2944.txt
/home/aatmaj/CENT/aim_simulator/build/ramulator2 -f /home/aatmaj/CENT/aim_simulator/test/example.yaml -t /home/aatmaj/CENT/experiments/dda_full_sweep/traces/32_channels_per_device/32_devices/model_parallel/Llama2-70B/trace_1_FC_devices_seqlen_3072.txt
/home/aatmaj/CENT/aim_simulator/build/ramulator2 -f /home/aatmaj/CENT/aim_simulator/test/example.yaml -t /home/aatmaj/CENT/experiments/dda_full_sweep/traces/32_channels_per_device/32_devices/model_parallel_FC/Llama2-70B/trace_1_FC_devices_seqlen_3072.txt
/home/aatmaj/CENT/aim_simulator/build/ramulator2 -f /home/aatmaj/CENT/aim_simulator/test/example.yaml -t /home/aatmaj/CENT/experiments/dda_full_sweep/traces/32_channels_per_device/32_devices/model_parallel/Llama2-70B/trace_2_FC_devices_seqlen_3072.txt
/home/aatmaj/CENT/aim_simulator/build/ramulator2 -f /home/aatmaj/CENT/aim_simulator/test/example.yaml -t /home/aatmaj/CENT/experiments/dda_full_sweep/traces/32_channels_per_device/32_devices/model_parallel_FC/Llama2-70B/trace_2_FC_devices_seqlen_3072.txt
/home/aatmaj/CENT/aim_simulator/build/ramulator2 -f /home/aatmaj/CENT/aim_simulator/test/example.yaml -t /home/aatmaj/CENT/experiments/dda_full_sweep/traces/32_channels_per_device/32_devices/model_parallel/Llama2-70B/trace_4_FC_devices_seqlen_3072.txt
/home/aatmaj/CENT/aim_simulator/build/ramulator2 -f /home/aatmaj/CENT/aim_simulator/test/example.yaml -t /home/aatmaj/CENT/experiments/dda_full_sweep/traces/32_channels_per_device/32_devices/model_parallel_FC/Llama2-70B/trace_4_FC_devices_seqlen_3072.txt
/home/aatmaj/CENT/aim_simulator/build/ramulator2 -f /home/aatmaj/CENT/aim_simulator/test/example.yaml -t /home/aatmaj/CENT/experiments/dda_full_sweep/traces/32_channels_per_device/32_devices/model_parallel/Llama2-70B/trace_8_FC_devices_seqlen_3072.txt
/home/aatmaj/CENT/aim_simulator/build/ramulator2 -f /home/aatmaj/CENT/aim_simulator/test/example.yaml -t /home/aatmaj/CENT/experiments/dda_full_sweep/traces/32_channels_per_device/32_devices/model_parallel_FC/Llama2-70B/trace_8_FC_devices_seqlen_3072.txt
/home/aatmaj/CENT/aim_simulator/build/ramulator2 -f /home/aatmaj/CENT/aim_simulator/test/example.yaml -t /home/aatmaj/CENT/experiments/dda_full_sweep/traces/32_channels_per_device/32_devices/model_parallel/Llama2-70B/trace_16_FC_devices_seqlen_3072.txt
/home/aatmaj/CENT/aim_simulator/build/ramulator2 -f /home/aatmaj/CENT/aim_simulator/test/example.yaml -t /home/aatmaj/CENT/experiments/dda_full_sweep/traces/32_channels_per_device/32_devices/model_parallel_FC/Llama2-70B/trace_16_FC_devices_seqlen_3072.txt
/home/aatmaj/CENT/aim_simulator/build/ramulator2 -f /home/aatmaj/CENT/aim_simulator/test/example.yaml -t /home/aatmaj/CENT/experiments/dda_full_sweep/traces/32_channels_per_device/32_devices/model_parallel/Llama2-70B/trace_32_FC_devices_seqlen_3072.txt
/home/aatmaj/CENT/aim_simulator/build/ramulator2 -f /home/aatmaj/CENT/aim_simulator/test/example.yaml -t /home/aatmaj/CENT/experiments/dda_full_sweep/traces/32_channels_per_device/32_devices/model_parallel_FC/Llama2-70B/trace_32_FC_devices_seqlen_3072.txt
/home/aatmaj/CENT/aim_simulator/build/ramulator2 -f /home/aatmaj/CENT/aim_simulator/test/example.yaml -t /home/aatmaj/CENT/experiments/dda_full_sweep/traces/32_channels_per_device/32_devices/model_parallel/Llama2-70B/trace_1_FC_devices_seqlen_3200.txt
/home/aatmaj/CENT/aim_simulator/build/ramulator2 -f /home/aatmaj/CENT/aim_simulator/test/example.yaml -t /home/aatmaj/CENT/experiments/dda_full_sweep/traces/32_channels_per_device/32_devices/model_parallel_FC/Llama2-70B/trace_1_FC_devices_seqlen_3200.txt
/home/aatmaj/CENT/aim_simulator/build/ramulator2 -f /home/aatmaj/CENT/aim_simulator/test/example.yaml -t /home/aatmaj/CENT/experiments/dda_full_sweep/traces/32_channels_per_device/32_devices/model_parallel/Llama2-70B/trace_2_FC_devices_seqlen_3200.txt
/home/aatmaj/CENT/aim_simulator/build/ramulator2 -f /home/aatmaj/CENT/aim_simulator/test/example.yaml -t /home/aatmaj/CENT/experiments/dda_full_sweep/traces/32_channels_per_device/32_devices/model_parallel_FC/Llama2-70B/trace_2_FC_devices_seqlen_3200.txt
/home/aatmaj/CENT/aim_simulator/build/ramulator2 -f /home/aatmaj/CENT/aim_simulator/test/example.yaml -t /home/aatmaj/CENT/experiments/dda_full_sweep/traces/32_channels_per_device/32_devices/model_parallel/Llama2-70B/trace_4_FC_devices_seqlen_3200.txt
/home/aatmaj/CENT/aim_simulator/build/ramulator2 -f /home/aatmaj/CENT/aim_simulator/test/example.yaml -t /home/aatmaj/CENT/experiments/dda_full_sweep/traces/32_channels_per_device/32_devices/model_parallel_FC/Llama2-70B/trace_4_FC_devices_seqlen_3200.txt
/home/aatmaj/CENT/aim_simulator/build/ramulator2 -f /home/aatmaj/CENT/aim_simulator/test/example.yaml -t /home/aatmaj/CENT/experiments/dda_full_sweep/traces/32_channels_per_device/32_devices/model_parallel/Llama2-70B/trace_8_FC_devices_seqlen_3200.txt
/home/aatmaj/CENT/aim_simulator/build/ramulator2 -f /home/aatmaj/CENT/aim_simulator/test/example.yaml -t /home/aatmaj/CENT/experiments/dda_full_sweep/traces/32_channels_per_device/32_devices/model_parallel_FC/Llama2-70B/trace_8_FC_devices_seqlen_3200.txt
/home/aatmaj/CENT/aim_simulator/build/ramulator2 -f /home/aatmaj/CENT/aim_simulator/test/example.yaml -t /home/aatmaj/CENT/experiments/dda_full_sweep/traces/32_channels_per_device/32_devices/model_parallel/Llama2-70B/trace_16_FC_devices_seqlen_3200.txt
/home/aatmaj/CENT/aim_simulator/build/ramulator2 -f /home/aatmaj/CENT/aim_simulator/test/example.yaml -t /home/aatmaj/CENT/experiments/dda_full_sweep/traces/32_channels_per_device/32_devices/model_parallel_FC/Llama2-70B/trace_16_FC_devices_seqlen_3200.txt
/home/aatmaj/CENT/aim_simulator/build/ramulator2 -f /home/aatmaj/CENT/aim_simulator/test/example.yaml -t /home/aatmaj/CENT/experiments/dda_full_sweep/traces/32_channels_per_device/32_devices/model_parallel/Llama2-70B/trace_32_FC_devices_seqlen_3200.txt
/home/aatmaj/CENT/aim_simulator/build/ramulator2 -f /home/aatmaj/CENT/aim_simulator/test/example.yaml -t /home/aatmaj/CENT/experiments/dda_full_sweep/traces/32_channels_per_device/32_devices/model_parallel_FC/Llama2-70B/trace_32_FC_devices_seqlen_3200.txt
/home/aatmaj/CENT/aim_simulator/build/ramulator2 -f /home/aatmaj/CENT/aim_simulator/test/example.yaml -t /home/aatmaj/CENT/experiments/dda_full_sweep/traces/32_channels_per_device/32_devices/model_parallel/Llama2-70B/trace_1_FC_devices_seqlen_3328.txt
/home/aatmaj/CENT/aim_simulator/build/ramulator2 -f /home/aatmaj/CENT/aim_simulator/test/example.yaml -t /home/aatmaj/CENT/experiments/dda_full_sweep/traces/32_channels_per_device/32_devices/model_parallel_FC/Llama2-70B/trace_1_FC_devices_seqlen_3328.txt
/home/aatmaj/CENT/aim_simulator/build/ramulator2 -f /home/aatmaj/CENT/aim_simulator/test/example.yaml -t /home/aatmaj/CENT/experiments/dda_full_sweep/traces/32_channels_per_device/32_devices/model_parallel/Llama2-70B/trace_2_FC_devices_seqlen_3328.txt
/home/aatmaj/CENT/aim_simulator/build/ramulator2 -f /home/aatmaj/CENT/aim_simulator/test/example.yaml -t /home/aatmaj/CENT/experiments/dda_full_sweep/traces/32_channels_per_device/32_devices/model_parallel_FC/Llama2-70B/trace_2_FC_devices_seqlen_3328.txt
/home/aatmaj/CENT/aim_simulator/build/ramulator2 -f /home/aatmaj/CENT/aim_simulator/test/example.yaml -t /home/aatmaj/CENT/experiments/dda_full_sweep/traces/32_channels_per_device/32_devices/model_parallel/Llama2-70B/trace_4_FC_devices_seqlen_3328.txt
/home/aatmaj/CENT/aim_simulator/build/ramulator2 -f /home/aatmaj/CENT/aim_simulator/test/example.yaml -t /home/aatmaj/CENT/experiments/dda_full_sweep/traces/32_channels_per_device/32_devices/model_parallel_FC/Llama2-70B/trace_4_FC_devices_seqlen_3328.txt
/home/aatmaj/CENT/aim_simulator/build/ramulator2 -f /home/aatmaj/CENT/aim_simulator/test/example.yaml -t /home/aatmaj/CENT/experiments/dda_full_sweep/traces/32_channels_per_device/32_devices/model_parallel/Llama2-70B/trace_8_FC_devices_seqlen_3328.txt
/home/aatmaj/CENT/aim_simulator/build/ramulator2 -f /home/aatmaj/CENT/aim_simulator/test/example.yaml -t /home/aatmaj/CENT/experiments/dda_full_sweep/traces/32_channels_per_device/32_devices/model_parallel_FC/Llama2-70B/trace_8_FC_devices_seqlen_3328.txt
/home/aatmaj/CENT/aim_simulator/build/ramulator2 -f /home/aatmaj/CENT/aim_simulator/test/example.yaml -t /home/aatmaj/CENT/experiments/dda_full_sweep/traces/32_channels_per_device/32_devices/model_parallel/Llama2-70B/trace_16_FC_devices_seqlen_3328.txt
/home/aatmaj/CENT/aim_simulator/build/ramulator2 -f /home/aatmaj/CENT/aim_simulator/test/example.yaml -t /home/aatmaj/CENT/experiments/dda_full_sweep/traces/32_channels_per_device/32_devices/model_parallel_FC/Llama2-70B/trace_16_FC_devices_seqlen_3328.txt
/home/aatmaj/CENT/aim_simulator/build/ramulator2 -f /home/aatmaj/CENT/aim_simulator/test/example.yaml -t /home/aatmaj/CENT/experiments/dda_full_sweep/traces/32_channels_per_device/32_devices/model_parallel/Llama2-70B/trace_32_FC_devices_seqlen_3328.txt
/home/aatmaj/CENT/aim_simulator/build/ramulator2 -f /home/aatmaj/CENT/aim_simulator/test/example.yaml -t /home/aatmaj/CENT/experiments/dda_full_sweep/traces/32_channels_per_device/32_devices/model_parallel_FC/Llama2-70B/trace_32_FC_devices_seqlen_3328.txt
/home/aatmaj/CENT/aim_simulator/build/ramulator2 -f /home/aatmaj/CENT/aim_simulator/test/example.yaml -t /home/aatmaj/CENT/experiments/dda_full_sweep/traces/32_channels_per_device/32_devices/model_parallel/Llama2-70B/trace_1_FC_devices_seqlen_3456.txt
/home/aatmaj/CENT/aim_simulator/build/ramulator2 -f /home/aatmaj/CENT/aim_simulator/test/example.yaml -t /home/aatmaj/CENT/experiments/dda_full_sweep/traces/32_channels_per_device/32_devices/model_parallel_FC/Llama2-70B/trace_1_FC_devices_seqlen_3456.txt
/home/aatmaj/CENT/aim_simulator/build/ramulator2 -f /home/aatmaj/CENT/aim_simulator/test/example.yaml -t /home/aatmaj/CENT/experiments/dda_full_sweep/traces/32_channels_per_device/32_devices/model_parallel/Llama2-70B/trace_2_FC_devices_seqlen_3456.txt
/home/aatmaj/CENT/aim_simulator/build/ramulator2 -f /home/aatmaj/CENT/aim_simulator/test/example.yaml -t /home/aatmaj/CENT/experiments/dda_full_sweep/traces/32_channels_per_device/32_devices/model_parallel_FC/Llama2-70B/trace_2_FC_devices_seqlen_3456.txt
/home/aatmaj/CENT/aim_simulator/build/ramulator2 -f /home/aatmaj/CENT/aim_simulator/test/example.yaml -t /home/aatmaj/CENT/experiments/dda_full_sweep/traces/32_channels_per_device/32_devices/model_parallel/Llama2-70B/trace_4_FC_devices_seqlen_3456.txt
/home/aatmaj/CENT/aim_simulator/build/ramulator2 -f /home/aatmaj/CENT/aim_simulator/test/example.yaml -t /home/aatmaj/CENT/experiments/dda_full_sweep/traces/32_channels_per_device/32_devices/model_parallel_FC/Llama2-70B/trace_4_FC_devices_seqlen_3456.txt
/home/aatmaj/CENT/aim_simulator/build/ramulator2 -f /home/aatmaj/CENT/aim_simulator/test/example.yaml -t /home/aatmaj/CENT/experiments/dda_full_sweep/traces/32_channels_per_device/32_devices/model_parallel/Llama2-70B/trace_8_FC_devices_seqlen_3456.txt
/home/aatmaj/CENT/aim_simulator/build/ramulator2 -f /home/aatmaj/CENT/aim_simulator/test/example.yaml -t /home/aatmaj/CENT/experiments/dda_full_sweep/traces/32_channels_per_device/32_devices/model_parallel_FC/Llama2-70B/trace_8_FC_devices_seqlen_3456.txt
/home/aatmaj/CENT/aim_simulator/build/ramulator2 -f /home/aatmaj/CENT/aim_simulator/test/example.yaml -t /home/aatmaj/CENT/experiments/dda_full_sweep/traces/32_channels_per_device/32_devices/model_parallel/Llama2-70B/trace_16_FC_devices_seqlen_3456.txt
/home/aatmaj/CENT/aim_simulator/build/ramulator2 -f /home/aatmaj/CENT/aim_simulator/test/example.yaml -t /home/aatmaj/CENT/experiments/dda_full_sweep/traces/32_channels_per_device/32_devices/model_parallel_FC/Llama2-70B/trace_16_FC_devices_seqlen_3456.txt
/home/aatmaj/CENT/aim_simulator/build/ramulator2 -f /home/aatmaj/CENT/aim_simulator/test/example.yaml -t /home/aatmaj/CENT/experiments/dda_full_sweep/traces/32_channels_per_device/32_devices/model_parallel/Llama2-70B/trace_32_FC_devices_seqlen_3456.txt
/home/aatmaj/CENT/aim_simulator/build/ramulator2 -f /home/aatmaj/CENT/aim_simulator/test/example.yaml -t /home/aatmaj/CENT/experiments/dda_full_sweep/traces/32_channels_per_device/32_devices/model_parallel_FC/Llama2-70B/trace_32_FC_devices_seqlen_3456.txt
/home/aatmaj/CENT/aim_simulator/build/ramulator2 -f /home/aatmaj/CENT/aim_simulator/test/example.yaml -t /home/aatmaj/CENT/experiments/dda_full_sweep/traces/32_channels_per_device/32_devices/model_parallel/Llama2-70B/trace_1_FC_devices_seqlen_3584.txt
/home/aatmaj/CENT/aim_simulator/build/ramulator2 -f /home/aatmaj/CENT/aim_simulator/test/example.yaml -t /home/aatmaj/CENT/experiments/dda_full_sweep/traces/32_channels_per_device/32_devices/model_parallel_FC/Llama2-70B/trace_1_FC_devices_seqlen_3584.txt
/home/aatmaj/CENT/aim_simulator/build/ramulator2 -f /home/aatmaj/CENT/aim_simulator/test/example.yaml -t /home/aatmaj/CENT/experiments/dda_full_sweep/traces/32_channels_per_device/32_devices/model_parallel/Llama2-70B/trace_2_FC_devices_seqlen_3584.txt
/home/aatmaj/CENT/aim_simulator/build/ramulator2 -f /home/aatmaj/CENT/aim_simulator/test/example.yaml -t /home/aatmaj/CENT/experiments/dda_full_sweep/traces/32_channels_per_device/32_devices/model_parallel_FC/Llama2-70B/trace_2_FC_devices_seqlen_3584.txt
/home/aatmaj/CENT/aim_simulator/build/ramulator2 -f /home/aatmaj/CENT/aim_simulator/test/example.yaml -t /home/aatmaj/CENT/experiments/dda_full_sweep/traces/32_channels_per_device/32_devices/model_parallel/Llama2-70B/trace_4_FC_devices_seqlen_3584.txt
/home/aatmaj/CENT/aim_simulator/build/ramulator2 -f /home/aatmaj/CENT/aim_simulator/test/example.yaml -t /home/aatmaj/CENT/experiments/dda_full_sweep/traces/32_channels_per_device/32_devices/model_parallel_FC/Llama2-70B/trace_4_FC_devices_seqlen_3584.txt
/home/aatmaj/CENT/aim_simulator/build/ramulator2 -f /home/aatmaj/CENT/aim_simulator/test/example.yaml -t /home/aatmaj/CENT/experiments/dda_full_sweep/traces/32_channels_per_device/32_devices/model_parallel/Llama2-70B/trace_8_FC_devices_seqlen_3584.txt
/home/aatmaj/CENT/aim_simulator/build/ramulator2 -f /home/aatmaj/CENT/aim_simulator/test/example.yaml -t /home/aatmaj/CENT/experiments/dda_full_sweep/traces/32_channels_per_device/32_devices/model_parallel_FC/Llama2-70B/trace_8_FC_devices_seqlen_3584.txt
/home/aatmaj/CENT/aim_simulator/build/ramulator2 -f /home/aatmaj/CENT/aim_simulator/test/example.yaml -t /home/aatmaj/CENT/experiments/dda_full_sweep/traces/32_channels_per_device/32_devices/model_parallel/Llama2-70B/trace_16_FC_devices_seqlen_3584.txt
/home/aatmaj/CENT/aim_simulator/build/ramulator2 -f /home/aatmaj/CENT/aim_simulator/test/example.yaml -t /home/aatmaj/CENT/experiments/dda_full_sweep/traces/32_channels_per_device/32_devices/model_parallel_FC/Llama2-70B/trace_16_FC_devices_seqlen_3584.txt
/home/aatmaj/CENT/aim_simulator/build/ramulator2 -f /home/aatmaj/CENT/aim_simulator/test/example.yaml -t /home/aatmaj/CENT/experiments/dda_full_sweep/traces/32_channels_per_device/32_devices/model_parallel/Llama2-70B/trace_32_FC_devices_seqlen_3584.txt
/home/aatmaj/CENT/aim_simulator/build/ramulator2 -f /home/aatmaj/CENT/aim_simulator/test/example.yaml -t /home/aatmaj/CENT/experiments/dda_full_sweep/traces/32_channels_per_device/32_devices/model_parallel_FC/Llama2-70B/trace_32_FC_devices_seqlen_3584.txt
/home/aatmaj/CENT/aim_simulator/build/ramulator2 -f /home/aatmaj/CENT/aim_simulator/test/example.yaml -t /home/aatmaj/CENT/experiments/dda_full_sweep/traces/32_channels_per_device/32_devices/model_parallel/Llama2-70B/trace_1_FC_devices_seqlen_3712.txt
/home/aatmaj/CENT/aim_simulator/build/ramulator2 -f /home/aatmaj/CENT/aim_simulator/test/example.yaml -t /home/aatmaj/CENT/experiments/dda_full_sweep/traces/32_channels_per_device/32_devices/model_parallel_FC/Llama2-70B/trace_1_FC_devices_seqlen_3712.txt
/home/aatmaj/CENT/aim_simulator/build/ramulator2 -f /home/aatmaj/CENT/aim_simulator/test/example.yaml -t /home/aatmaj/CENT/experiments/dda_full_sweep/traces/32_channels_per_device/32_devices/model_parallel/Llama2-70B/trace_2_FC_devices_seqlen_3712.txt
/home/aatmaj/CENT/aim_simulator/build/ramulator2 -f /home/aatmaj/CENT/aim_simulator/test/example.yaml -t /home/aatmaj/CENT/experiments/dda_full_sweep/traces/32_channels_per_device/32_devices/model_parallel_FC/Llama2-70B/trace_2_FC_devices_seqlen_3712.txt
/home/aatmaj/CENT/aim_simulator/build/ramulator2 -f /home/aatmaj/CENT/aim_simulator/test/example.yaml -t /home/aatmaj/CENT/experiments/dda_full_sweep/traces/32_channels_per_device/32_devices/model_parallel/Llama2-70B/trace_4_FC_devices_seqlen_3712.txt
/home/aatmaj/CENT/aim_simulator/build/ramulator2 -f /home/aatmaj/CENT/aim_simulator/test/example.yaml -t /home/aatmaj/CENT/experiments/dda_full_sweep/traces/32_channels_per_device/32_devices/model_parallel_FC/Llama2-70B/trace_4_FC_devices_seqlen_3712.txt
/home/aatmaj/CENT/aim_simulator/build/ramulator2 -f /home/aatmaj/CENT/aim_simulator/test/example.yaml -t /home/aatmaj/CENT/experiments/dda_full_sweep/traces/32_channels_per_device/32_devices/model_parallel/Llama2-70B/trace_8_FC_devices_seqlen_3712.txt
/home/aatmaj/CENT/aim_simulator/build/ramulator2 -f /home/aatmaj/CENT/aim_simulator/test/example.yaml -t /home/aatmaj/CENT/experiments/dda_full_sweep/traces/32_channels_per_device/32_devices/model_parallel_FC/Llama2-70B/trace_8_FC_devices_seqlen_3712.txt
/home/aatmaj/CENT/aim_simulator/build/ramulator2 -f /home/aatmaj/CENT/aim_simulator/test/example.yaml -t /home/aatmaj/CENT/experiments/dda_full_sweep/traces/32_channels_per_device/32_devices/model_parallel/Llama2-70B/trace_16_FC_devices_seqlen_3712.txt
/home/aatmaj/CENT/aim_simulator/build/ramulator2 -f /home/aatmaj/CENT/aim_simulator/test/example.yaml -t /home/aatmaj/CENT/experiments/dda_full_sweep/traces/32_channels_per_device/32_devices/model_parallel_FC/Llama2-70B/trace_16_FC_devices_seqlen_3712.txt
/home/aatmaj/CENT/aim_simulator/build/ramulator2 -f /home/aatmaj/CENT/aim_simulator/test/example.yaml -t /home/aatmaj/CENT/experiments/dda_full_sweep/traces/32_channels_per_device/32_devices/model_parallel/Llama2-70B/trace_32_FC_devices_seqlen_3712.txt
/home/aatmaj/CENT/aim_simulator/build/ramulator2 -f /home/aatmaj/CENT/aim_simulator/test/example.yaml -t /home/aatmaj/CENT/experiments/dda_full_sweep/traces/32_channels_per_device/32_devices/model_parallel_FC/Llama2-70B/trace_32_FC_devices_seqlen_3712.txt
/home/aatmaj/CENT/aim_simulator/build/ramulator2 -f /home/aatmaj/CENT/aim_simulator/test/example.yaml -t /home/aatmaj/CENT/experiments/dda_full_sweep/traces/32_channels_per_device/32_devices/model_parallel/Llama2-70B/trace_1_FC_devices_seqlen_3840.txt
/home/aatmaj/CENT/aim_simulator/build/ramulator2 -f /home/aatmaj/CENT/aim_simulator/test/example.yaml -t /home/aatmaj/CENT/experiments/dda_full_sweep/traces/32_channels_per_device/32_devices/model_parallel_FC/Llama2-70B/trace_1_FC_devices_seqlen_3840.txt
/home/aatmaj/CENT/aim_simulator/build/ramulator2 -f /home/aatmaj/CENT/aim_simulator/test/example.yaml -t /home/aatmaj/CENT/experiments/dda_full_sweep/traces/32_channels_per_device/32_devices/model_parallel/Llama2-70B/trace_2_FC_devices_seqlen_3840.txt
/home/aatmaj/CENT/aim_simulator/build/ramulator2 -f /home/aatmaj/CENT/aim_simulator/test/example.yaml -t /home/aatmaj/CENT/experiments/dda_full_sweep/traces/32_channels_per_device/32_devices/model_parallel_FC/Llama2-70B/trace_2_FC_devices_seqlen_3840.txt
/home/aatmaj/CENT/aim_simulator/build/ramulator2 -f /home/aatmaj/CENT/aim_simulator/test/example.yaml -t /home/aatmaj/CENT/experiments/dda_full_sweep/traces/32_channels_per_device/32_devices/model_parallel/Llama2-70B/trace_4_FC_devices_seqlen_3840.txt
/home/aatmaj/CENT/aim_simulator/build/ramulator2 -f /home/aatmaj/CENT/aim_simulator/test/example.yaml -t /home/aatmaj/CENT/experiments/dda_full_sweep/traces/32_channels_per_device/32_devices/model_parallel_FC/Llama2-70B/trace_4_FC_devices_seqlen_3840.txt
/home/aatmaj/CENT/aim_simulator/build/ramulator2 -f /home/aatmaj/CENT/aim_simulator/test/example.yaml -t /home/aatmaj/CENT/experiments/dda_full_sweep/traces/32_channels_per_device/32_devices/model_parallel/Llama2-70B/trace_8_FC_devices_seqlen_3840.txt
/home/aatmaj/CENT/aim_simulator/build/ramulator2 -f /home/aatmaj/CENT/aim_simulator/test/example.yaml -t /home/aatmaj/CENT/experiments/dda_full_sweep/traces/32_channels_per_device/32_devices/model_parallel_FC/Llama2-70B/trace_8_FC_devices_seqlen_3840.txt
/home/aatmaj/CENT/aim_simulator/build/ramulator2 -f /home/aatmaj/CENT/aim_simulator/test/example.yaml -t /home/aatmaj/CENT/experiments/dda_full_sweep/traces/32_channels_per_device/32_devices/model_parallel/Llama2-70B/trace_16_FC_devices_seqlen_3840.txt
/home/aatmaj/CENT/aim_simulator/build/ramulator2 -f /home/aatmaj/CENT/aim_simulator/test/example.yaml -t /home/aatmaj/CENT/experiments/dda_full_sweep/traces/32_channels_per_device/32_devices/model_parallel_FC/Llama2-70B/trace_16_FC_devices_seqlen_3840.txt
/home/aatmaj/CENT/aim_simulator/build/ramulator2 -f /home/aatmaj/CENT/aim_simulator/test/example.yaml -t /home/aatmaj/CENT/experiments/dda_full_sweep/traces/32_channels_per_device/32_devices/model_parallel/Llama2-70B/trace_32_FC_devices_seqlen_3840.txt
/home/aatmaj/CENT/aim_simulator/build/ramulator2 -f /home/aatmaj/CENT/aim_simulator/test/example.yaml -t /home/aatmaj/CENT/experiments/dda_full_sweep/traces/32_channels_per_device/32_devices/model_parallel_FC/Llama2-70B/trace_32_FC_devices_seqlen_3840.txt
/home/aatmaj/CENT/aim_simulator/build/ramulator2 -f /home/aatmaj/CENT/aim_simulator/test/example.yaml -t /home/aatmaj/CENT/experiments/dda_full_sweep/traces/32_channels_per_device/32_devices/model_parallel/Llama2-70B/trace_1_FC_devices_seqlen_3968.txt
/home/aatmaj/CENT/aim_simulator/build/ramulator2 -f /home/aatmaj/CENT/aim_simulator/test/example.yaml -t /home/aatmaj/CENT/experiments/dda_full_sweep/traces/32_channels_per_device/32_devices/model_parallel_FC/Llama2-70B/trace_1_FC_devices_seqlen_3968.txt
/home/aatmaj/CENT/aim_simulator/build/ramulator2 -f /home/aatmaj/CENT/aim_simulator/test/example.yaml -t /home/aatmaj/CENT/experiments/dda_full_sweep/traces/32_channels_per_device/32_devices/model_parallel/Llama2-70B/trace_2_FC_devices_seqlen_3968.txt
/home/aatmaj/CENT/aim_simulator/build/ramulator2 -f /home/aatmaj/CENT/aim_simulator/test/example.yaml -t /home/aatmaj/CENT/experiments/dda_full_sweep/traces/32_channels_per_device/32_devices/model_parallel_FC/Llama2-70B/trace_2_FC_devices_seqlen_3968.txt
/home/aatmaj/CENT/aim_simulator/build/ramulator2 -f /home/aatmaj/CENT/aim_simulator/test/example.yaml -t /home/aatmaj/CENT/experiments/dda_full_sweep/traces/32_channels_per_device/32_devices/model_parallel/Llama2-70B/trace_4_FC_devices_seqlen_3968.txt
/home/aatmaj/CENT/aim_simulator/build/ramulator2 -f /home/aatmaj/CENT/aim_simulator/test/example.yaml -t /home/aatmaj/CENT/experiments/dda_full_sweep/traces/32_channels_per_device/32_devices/model_parallel_FC/Llama2-70B/trace_4_FC_devices_seqlen_3968.txt
/home/aatmaj/CENT/aim_simulator/build/ramulator2 -f /home/aatmaj/CENT/aim_simulator/test/example.yaml -t /home/aatmaj/CENT/experiments/dda_full_sweep/traces/32_channels_per_device/32_devices/model_parallel/Llama2-70B/trace_8_FC_devices_seqlen_3968.txt
/home/aatmaj/CENT/aim_simulator/build/ramulator2 -f /home/aatmaj/CENT/aim_simulator/test/example.yaml -t /home/aatmaj/CENT/experiments/dda_full_sweep/traces/32_channels_per_device/32_devices/model_parallel_FC/Llama2-70B/trace_8_FC_devices_seqlen_3968.txt
/home/aatmaj/CENT/aim_simulator/build/ramulator2 -f /home/aatmaj/CENT/aim_simulator/test/example.yaml -t /home/aatmaj/CENT/experiments/dda_full_sweep/traces/32_channels_per_device/32_devices/model_parallel/Llama2-70B/trace_16_FC_devices_seqlen_3968.txt
/home/aatmaj/CENT/aim_simulator/build/ramulator2 -f /home/aatmaj/CENT/aim_simulator/test/example.yaml -t /home/aatmaj/CENT/experiments/dda_full_sweep/traces/32_channels_per_device/32_devices/model_parallel_FC/Llama2-70B/trace_16_FC_devices_seqlen_3968.txt
/home/aatmaj/CENT/aim_simulator/build/ramulator2 -f /home/aatmaj/CENT/aim_simulator/test/example.yaml -t /home/aatmaj/CENT/experiments/dda_full_sweep/traces/32_channels_per_device/32_devices/model_parallel/Llama2-70B/trace_32_FC_devices_seqlen_3968.txt
/home/aatmaj/CENT/aim_simulator/build/ramulator2 -f /home/aatmaj/CENT/aim_simulator/test/example.yaml -t /home/aatmaj/CENT/experiments/dda_full_sweep/traces/32_channels_per_device/32_devices/model_parallel_FC/Llama2-70B/trace_32_FC_devices_seqlen_3968.txt
/home/aatmaj/CENT/aim_simulator/build/ramulator2 -f /home/aatmaj/CENT/aim_simulator/test/example.yaml -t /home/aatmaj/CENT/experiments/dda_full_sweep/traces/32_channels_per_device/32_devices/model_parallel/Llama2-70B/trace_1_FC_devices_seqlen_4096.txt
/home/aatmaj/CENT/aim_simulator/build/ramulator2 -f /home/aatmaj/CENT/aim_simulator/test/example.yaml -t /home/aatmaj/CENT/experiments/dda_full_sweep/traces/32_channels_per_device/32_devices/model_parallel_FC/Llama2-70B/trace_1_FC_devices_seqlen_4096.txt
/home/aatmaj/CENT/aim_simulator/build/ramulator2 -f /home/aatmaj/CENT/aim_simulator/test/example.yaml -t /home/aatmaj/CENT/experiments/dda_full_sweep/traces/32_channels_per_device/32_devices/model_parallel/Llama2-70B/trace_2_FC_devices_seqlen_4096.txt
/home/aatmaj/CENT/aim_simulator/build/ramulator2 -f /home/aatmaj/CENT/aim_simulator/test/example.yaml -t /home/aatmaj/CENT/experiments/dda_full_sweep/traces/32_channels_per_device/32_devices/model_parallel_FC/Llama2-70B/trace_2_FC_devices_seqlen_4096.txt
/home/aatmaj/CENT/aim_simulator/build/ramulator2 -f /home/aatmaj/CENT/aim_simulator/test/example.yaml -t /home/aatmaj/CENT/experiments/dda_full_sweep/traces/32_channels_per_device/32_devices/model_parallel/Llama2-70B/trace_4_FC_devices_seqlen_4096.txt
/home/aatmaj/CENT/experiments/dda_full_sweep/simulation/run_sim_full32.py:447: FutureWarning: The behavior of DataFrame concatenation with empty or all-NA entries is deprecated. In a future version, this will no longer exclude empty or all-NA columns when determining the result dtypes. To retain the old behavior, exclude the relevant entries before the concat operation.
  results_df = pd.concat([results_df, new_df], ignore_index=True)
/home/aatmaj/CENT/aim_simulator/build/ramulator2 -f /home/aatmaj/CENT/aim_simulator/test/example.yaml -t /home/aatmaj/CENT/experiments/dda_full_sweep/traces/32_channels_per_device/32_devices/model_parallel_FC/Llama2-70B/trace_4_FC_devices_seqlen_4096.txt
/home/aatmaj/CENT/aim_simulator/build/ramulator2 -f /home/aatmaj/CENT/aim_simulator/test/example.yaml -t /home/aatmaj/CENT/experiments/dda_full_sweep/traces/32_channels_per_device/32_devices/model_parallel/Llama2-70B/trace_8_FC_devices_seqlen_4096.txt
/home/aatmaj/CENT/aim_simulator/build/ramulator2 -f /home/aatmaj/CENT/aim_simulator/test/example.yaml -t /home/aatmaj/CENT/experiments/dda_full_sweep/traces/32_channels_per_device/32_devices/model_parallel_FC/Llama2-70B/trace_8_FC_devices_seqlen_4096.txt
/home/aatmaj/CENT/aim_simulator/build/ramulator2 -f /home/aatmaj/CENT/aim_simulator/test/example.yaml -t /home/aatmaj/CENT/experiments/dda_full_sweep/traces/32_channels_per_device/32_devices/model_parallel/Llama2-70B/trace_16_FC_devices_seqlen_4096.txt
/home/aatmaj/CENT/aim_simulator/build/ramulator2 -f /home/aatmaj/CENT/aim_simulator/test/example.yaml -t /home/aatmaj/CENT/experiments/dda_full_sweep/traces/32_channels_per_device/32_devices/model_parallel_FC/Llama2-70B/trace_16_FC_devices_seqlen_4096.txt
/home/aatmaj/CENT/aim_simulator/build/ramulator2 -f /home/aatmaj/CENT/aim_simulator/test/example.yaml -t /home/aatmaj/CENT/experiments/dda_full_sweep/traces/32_channels_per_device/32_devices/model_parallel/Llama2-70B/trace_32_FC_devices_seqlen_4096.txt
/home/aatmaj/CENT/aim_simulator/build/ramulator2 -f /home/aatmaj/CENT/aim_simulator/test/example.yaml -t /home/aatmaj/CENT/experiments/dda_full_sweep/traces/32_channels_per_device/32_devices/model_parallel_FC/Llama2-70B/trace_32_FC_devices_seqlen_4096.txt
Processing results...
Updating simulation results to CSV...
=== 70B static baselines done ===
