
=== Llama2-7B | N=8 | mode=pp | scoring at 4 lanes/dev (shared 32-dev fabric) ===
Generating traces for Llama2-7B (8 devices) ...
/home/aatmaj/CENT/aim_simulator/build/ramulator2 -f /home/aatmaj/CENT/aim_simulator/test/example.yaml -t /home/aatmaj/CENT/experiments/dda_full_sweep/traces/32_channels_per_device/8_devices/pipeline_parallel_embedding/Llama2-7B/trace_8_channels_per_block_seqlen_4096.txt
/home/aatmaj/CENT/aim_simulator/build/ramulator2 -f /home/aatmaj/CENT/aim_simulator/test/example.yaml -t /home/aatmaj/CENT/experiments/dda_full_sweep/traces/32_channels_per_device/8_devices/pipeline_parallel/Llama2-7B/trace_8_channels_per_block_seqlen_128.txt
/home/aatmaj/CENT/aim_simulator/build/ramulator2 -f /home/aatmaj/CENT/aim_simulator/test/example.yaml -t /home/aatmaj/CENT/experiments/dda_full_sweep/traces/32_channels_per_device/8_devices/pipeline_parallel/Llama2-7B/trace_8_channels_per_block_seqlen_256.txt
/home/aatmaj/CENT/aim_simulator/build/ramulator2 -f /home/aatmaj/CENT/aim_simulator/test/example.yaml -t /home/aatmaj/CENT/experiments/dda_full_sweep/traces/32_channels_per_device/8_devices/pipeline_parallel/Llama2-7B/trace_8_channels_per_block_seqlen_384.txt
/home/aatmaj/CENT/aim_simulator/build/ramulator2 -f /home/aatmaj/CENT/aim_simulator/test/example.yaml -t /home/aatmaj/CENT/experiments/dda_full_sweep/traces/32_channels_per_device/8_devices/pipeline_parallel/Llama2-7B/trace_8_channels_per_block_seqlen_512.txt
/home/aatmaj/CENT/aim_simulator/build/ramulator2 -f /home/aatmaj/CENT/aim_simulator/test/example.yaml -t /home/aatmaj/CENT/experiments/dda_full_sweep/traces/32_channels_per_device/8_devices/pipeline_parallel/Llama2-7B/trace_8_channels_per_block_seqlen_640.txt
/home/aatmaj/CENT/aim_simulator/build/ramulator2 -f /home/aatmaj/CENT/aim_simulator/test/example.yaml -t /home/aatmaj/CENT/experiments/dda_full_sweep/traces/32_channels_per_device/8_devices/pipeline_parallel/Llama2-7B/trace_8_channels_per_block_seqlen_768.txt
/home/aatmaj/CENT/aim_simulator/build/ramulator2 -f /home/aatmaj/CENT/aim_simulator/test/example.yaml -t /home/aatmaj/CENT/experiments/dda_full_sweep/traces/32_channels_per_device/8_devices/pipeline_parallel/Llama2-7B/trace_8_channels_per_block_seqlen_896.txt
/home/aatmaj/CENT/aim_simulator/build/ramulator2 -f /home/aatmaj/CENT/aim_simulator/test/example.yaml -t /home/aatmaj/CENT/experiments/dda_full_sweep/traces/32_channels_per_device/8_devices/pipeline_parallel/Llama2-7B/trace_8_channels_per_block_seqlen_1024.txt
/home/aatmaj/CENT/aim_simulator/build/ramulator2 -f /home/aatmaj/CENT/aim_simulator/test/example.yaml -t /home/aatmaj/CENT/experiments/dda_full_sweep/traces/32_channels_per_device/8_devices/pipeline_parallel/Llama2-7B/trace_8_channels_per_block_seqlen_1152.txt
/home/aatmaj/CENT/aim_simulator/build/ramulator2 -f /home/aatmaj/CENT/aim_simulator/test/example.yaml -t /home/aatmaj/CENT/experiments/dda_full_sweep/traces/32_channels_per_device/8_devices/pipeline_parallel/Llama2-7B/trace_8_channels_per_block_seqlen_1280.txt
/home/aatmaj/CENT/aim_simulator/build/ramulator2 -f /home/aatmaj/CENT/aim_simulator/test/example.yaml -t /home/aatmaj/CENT/experiments/dda_full_sweep/traces/32_channels_per_device/8_devices/pipeline_parallel/Llama2-7B/trace_8_channels_per_block_seqlen_1408.txt
/home/aatmaj/CENT/aim_simulator/build/ramulator2 -f /home/aatmaj/CENT/aim_simulator/test/example.yaml -t /home/aatmaj/CENT/experiments/dda_full_sweep/traces/32_channels_per_device/8_devices/pipeline_parallel/Llama2-7B/trace_8_channels_per_block_seqlen_1536.txt
/home/aatmaj/CENT/aim_simulator/build/ramulator2 -f /home/aatmaj/CENT/aim_simulator/test/example.yaml -t /home/aatmaj/CENT/experiments/dda_full_sweep/traces/32_channels_per_device/8_devices/pipeline_parallel/Llama2-7B/trace_8_channels_per_block_seqlen_1664.txt
/home/aatmaj/CENT/aim_simulator/build/ramulator2 -f /home/aatmaj/CENT/aim_simulator/test/example.yaml -t /home/aatmaj/CENT/experiments/dda_full_sweep/traces/32_channels_per_device/8_devices/pipeline_parallel/Llama2-7B/trace_8_channels_per_block_seqlen_1792.txt
/home/aatmaj/CENT/aim_simulator/build/ramulator2 -f /home/aatmaj/CENT/aim_simulator/test/example.yaml -t /home/aatmaj/CENT/experiments/dda_full_sweep/traces/32_channels_per_device/8_devices/pipeline_parallel/Llama2-7B/trace_8_channels_per_block_seqlen_1920.txt
/home/aatmaj/CENT/aim_simulator/build/ramulator2 -f /home/aatmaj/CENT/aim_simulator/test/example.yaml -t /home/aatmaj/CENT/experiments/dda_full_sweep/traces/32_channels_per_device/8_devices/pipeline_parallel/Llama2-7B/trace_8_channels_per_block_seqlen_2048.txt
/home/aatmaj/CENT/aim_simulator/build/ramulator2 -f /home/aatmaj/CENT/aim_simulator/test/example.yaml -t /home/aatmaj/CENT/experiments/dda_full_sweep/traces/32_channels_per_device/8_devices/pipeline_parallel/Llama2-7B/trace_8_channels_per_block_seqlen_2176.txt
/home/aatmaj/CENT/aim_simulator/build/ramulator2 -f /home/aatmaj/CENT/aim_simulator/test/example.yaml -t /home/aatmaj/CENT/experiments/dda_full_sweep/traces/32_channels_per_device/8_devices/pipeline_parallel/Llama2-7B/trace_8_channels_per_block_seqlen_2304.txt
/home/aatmaj/CENT/aim_simulator/build/ramulator2 -f /home/aatmaj/CENT/aim_simulator/test/example.yaml -t /home/aatmaj/CENT/experiments/dda_full_sweep/traces/32_channels_per_device/8_devices/pipeline_parallel/Llama2-7B/trace_8_channels_per_block_seqlen_2432.txt
/home/aatmaj/CENT/aim_simulator/build/ramulator2 -f /home/aatmaj/CENT/aim_simulator/test/example.yaml -t /home/aatmaj/CENT/experiments/dda_full_sweep/traces/32_channels_per_device/8_devices/pipeline_parallel/Llama2-7B/trace_8_channels_per_block_seqlen_2560.txt
/home/aatmaj/CENT/aim_simulator/build/ramulator2 -f /home/aatmaj/CENT/aim_simulator/test/example.yaml -t /home/aatmaj/CENT/experiments/dda_full_sweep/traces/32_channels_per_device/8_devices/pipeline_parallel/Llama2-7B/trace_8_channels_per_block_seqlen_2688.txt
/home/aatmaj/CENT/aim_simulator/build/ramulator2 -f /home/aatmaj/CENT/aim_simulator/test/example.yaml -t /home/aatmaj/CENT/experiments/dda_full_sweep/traces/32_channels_per_device/8_devices/pipeline_parallel/Llama2-7B/trace_8_channels_per_block_seqlen_2816.txt
/home/aatmaj/CENT/aim_simulator/build/ramulator2 -f /home/aatmaj/CENT/aim_simulator/test/example.yaml -t /home/aatmaj/CENT/experiments/dda_full_sweep/traces/32_channels_per_device/8_devices/pipeline_parallel/Llama2-7B/trace_8_channels_per_block_seqlen_2944.txt
/home/aatmaj/CENT/aim_simulator/build/ramulator2 -f /home/aatmaj/CENT/aim_simulator/test/example.yaml -t /home/aatmaj/CENT/experiments/dda_full_sweep/traces/32_channels_per_device/8_devices/pipeline_parallel/Llama2-7B/trace_8_channels_per_block_seqlen_3072.txt
/home/aatmaj/CENT/aim_simulator/build/ramulator2 -f /home/aatmaj/CENT/aim_simulator/test/example.yaml -t /home/aatmaj/CENT/experiments/dda_full_sweep/traces/32_channels_per_device/8_devices/pipeline_parallel/Llama2-7B/trace_8_channels_per_block_seqlen_3200.txt
/home/aatmaj/CENT/aim_simulator/build/ramulator2 -f /home/aatmaj/CENT/aim_simulator/test/example.yaml -t /home/aatmaj/CENT/experiments/dda_full_sweep/traces/32_channels_per_device/8_devices/pipeline_parallel/Llama2-7B/trace_8_channels_per_block_seqlen_3328.txt
/home/aatmaj/CENT/aim_simulator/build/ramulator2 -f /home/aatmaj/CENT/aim_simulator/test/example.yaml -t /home/aatmaj/CENT/experiments/dda_full_sweep/traces/32_channels_per_device/8_devices/pipeline_parallel/Llama2-7B/trace_8_channels_per_block_seqlen_3456.txt
/home/aatmaj/CENT/aim_simulator/build/ramulator2 -f /home/aatmaj/CENT/aim_simulator/test/example.yaml -t /home/aatmaj/CENT/experiments/dda_full_sweep/traces/32_channels_per_device/8_devices/pipeline_parallel/Llama2-7B/trace_8_channels_per_block_seqlen_3584.txt
/home/aatmaj/CENT/aim_simulator/build/ramulator2 -f /home/aatmaj/CENT/aim_simulator/test/example.yaml -t /home/aatmaj/CENT/experiments/dda_full_sweep/traces/32_channels_per_device/8_devices/pipeline_parallel/Llama2-7B/trace_8_channels_per_block_seqlen_3712.txt
/home/aatmaj/CENT/aim_simulator/build/ramulator2 -f /home/aatmaj/CENT/aim_simulator/test/example.yaml -t /home/aatmaj/CENT/experiments/dda_full_sweep/traces/32_channels_per_device/8_devices/pipeline_parallel/Llama2-7B/trace_8_channels_per_block_seqlen_3840.txt
/home/aatmaj/CENT/experiments/dda_full_sweep/simulation/run_sim_full32.py:443: FutureWarning: The behavior of DataFrame concatenation with empty or all-NA entries is deprecated. In a future version, this will no longer exclude empty or all-NA columns when determining the result dtypes. To retain the old behavior, exclude the relevant entries before the concat operation.
  results_df = pd.concat([results_df, new_df], ignore_index=True)
/home/aatmaj/CENT/aim_simulator/build/ramulator2 -f /home/aatmaj/CENT/aim_simulator/test/example.yaml -t /home/aatmaj/CENT/experiments/dda_full_sweep/traces/32_channels_per_device/8_devices/pipeline_parallel/Llama2-7B/trace_8_channels_per_block_seqlen_3968.txt
/home/aatmaj/CENT/aim_simulator/build/ramulator2 -f /home/aatmaj/CENT/aim_simulator/test/example.yaml -t /home/aatmaj/CENT/experiments/dda_full_sweep/traces/32_channels_per_device/8_devices/pipeline_parallel/Llama2-7B/trace_8_channels_per_block_seqlen_4096.txt
Processing results...
Updating simulation results to CSV...
=== Llama2-7B | N=8 | mode=pp | re-scoring at 18 lanes/dev (standalone box) ===
/home/aatmaj/CENT/experiments/dda_full_sweep/simulation/run_sim_full32.py:443: FutureWarning: The behavior of DataFrame concatenation with empty or all-NA entries is deprecated. In a future version, this will no longer exclude empty or all-NA columns when determining the result dtypes. To retain the old behavior, exclude the relevant entries before the concat operation.
  results_df = pd.concat([results_df, new_df], ignore_index=True)
Updating simulation results to CSV...

=== Llama2-7B | N=8 | mode=mp | scoring at 4 lanes/dev (shared 32-dev fabric) ===
Generating traces for Llama2-7B (8 devices) ...
/home/aatmaj/CENT/aim_simulator/build/ramulator2 -f /home/aatmaj/CENT/aim_simulator/test/example.yaml -t /home/aatmaj/CENT/experiments/dda_full_sweep/traces/32_channels_per_device/8_devices/model_parallel_embedding/Llama2-7B/trace_1_FC_devices_seqlen_4096.txt
/home/aatmaj/CENT/aim_simulator/build/ramulator2 -f /home/aatmaj/CENT/aim_simulator/test/example.yaml -t /home/aatmaj/CENT/experiments/dda_full_sweep/traces/32_channels_per_device/8_devices/model_parallel_embedding/Llama2-7B/trace_2_FC_devices_seqlen_4096.txt
/home/aatmaj/CENT/aim_simulator/build/ramulator2 -f /home/aatmaj/CENT/aim_simulator/test/example.yaml -t /home/aatmaj/CENT/experiments/dda_full_sweep/traces/32_channels_per_device/8_devices/model_parallel_embedding/Llama2-7B/trace_4_FC_devices_seqlen_4096.txt
/home/aatmaj/CENT/aim_simulator/build/ramulator2 -f /home/aatmaj/CENT/aim_simulator/test/example.yaml -t /home/aatmaj/CENT/experiments/dda_full_sweep/traces/32_channels_per_device/8_devices/model_parallel_embedding/Llama2-7B/trace_8_FC_devices_seqlen_4096.txt
/home/aatmaj/CENT/aim_simulator/build/ramulator2 -f /home/aatmaj/CENT/aim_simulator/test/example.yaml -t /home/aatmaj/CENT/experiments/dda_full_sweep/traces/32_channels_per_device/8_devices/model_parallel/Llama2-7B/trace_1_FC_devices_seqlen_128.txt
/home/aatmaj/CENT/aim_simulator/build/ramulator2 -f /home/aatmaj/CENT/aim_simulator/test/example.yaml -t /home/aatmaj/CENT/experiments/dda_full_sweep/traces/32_channels_per_device/8_devices/model_parallel_FC/Llama2-7B/trace_1_FC_devices_seqlen_128.txt
/home/aatmaj/CENT/aim_simulator/build/ramulator2 -f /home/aatmaj/CENT/aim_simulator/test/example.yaml -t /home/aatmaj/CENT/experiments/dda_full_sweep/traces/32_channels_per_device/8_devices/model_parallel/Llama2-7B/trace_2_FC_devices_seqlen_128.txt
/home/aatmaj/CENT/aim_simulator/build/ramulator2 -f /home/aatmaj/CENT/aim_simulator/test/example.yaml -t /home/aatmaj/CENT/experiments/dda_full_sweep/traces/32_channels_per_device/8_devices/model_parallel_FC/Llama2-7B/trace_2_FC_devices_seqlen_128.txt
/home/aatmaj/CENT/aim_simulator/build/ramulator2 -f /home/aatmaj/CENT/aim_simulator/test/example.yaml -t /home/aatmaj/CENT/experiments/dda_full_sweep/traces/32_channels_per_device/8_devices/model_parallel/Llama2-7B/trace_4_FC_devices_seqlen_128.txt
/home/aatmaj/CENT/aim_simulator/build/ramulator2 -f /home/aatmaj/CENT/aim_simulator/test/example.yaml -t /home/aatmaj/CENT/experiments/dda_full_sweep/traces/32_channels_per_device/8_devices/model_parallel_FC/Llama2-7B/trace_4_FC_devices_seqlen_128.txt
/home/aatmaj/CENT/aim_simulator/build/ramulator2 -f /home/aatmaj/CENT/aim_simulator/test/example.yaml -t /home/aatmaj/CENT/experiments/dda_full_sweep/traces/32_channels_per_device/8_devices/model_parallel/Llama2-7B/trace_8_FC_devices_seqlen_128.txt
/home/aatmaj/CENT/aim_simulator/build/ramulator2 -f /home/aatmaj/CENT/aim_simulator/test/example.yaml -t /home/aatmaj/CENT/experiments/dda_full_sweep/traces/32_channels_per_device/8_devices/model_parallel_FC/Llama2-7B/trace_8_FC_devices_seqlen_128.txt
/home/aatmaj/CENT/aim_simulator/build/ramulator2 -f /home/aatmaj/CENT/aim_simulator/test/example.yaml -t /home/aatmaj/CENT/experiments/dda_full_sweep/traces/32_channels_per_device/8_devices/model_parallel/Llama2-7B/trace_1_FC_devices_seqlen_256.txt
/home/aatmaj/CENT/aim_simulator/build/ramulator2 -f /home/aatmaj/CENT/aim_simulator/test/example.yaml -t /home/aatmaj/CENT/experiments/dda_full_sweep/traces/32_channels_per_device/8_devices/model_parallel_FC/Llama2-7B/trace_1_FC_devices_seqlen_256.txt
/home/aatmaj/CENT/aim_simulator/build/ramulator2 -f /home/aatmaj/CENT/aim_simulator/test/example.yaml -t /home/aatmaj/CENT/experiments/dda_full_sweep/traces/32_channels_per_device/8_devices/model_parallel/Llama2-7B/trace_2_FC_devices_seqlen_256.txt
/home/aatmaj/CENT/aim_simulator/build/ramulator2 -f /home/aatmaj/CENT/aim_simulator/test/example.yaml -t /home/aatmaj/CENT/experiments/dda_full_sweep/traces/32_channels_per_device/8_devices/model_parallel_FC/Llama2-7B/trace_2_FC_devices_seqlen_256.txt
/home/aatmaj/CENT/aim_simulator/build/ramulator2 -f /home/aatmaj/CENT/aim_simulator/test/example.yaml -t /home/aatmaj/CENT/experiments/dda_full_sweep/traces/32_channels_per_device/8_devices/model_parallel/Llama2-7B/trace_4_FC_devices_seqlen_256.txt
/home/aatmaj/CENT/aim_simulator/build/ramulator2 -f /home/aatmaj/CENT/aim_simulator/test/example.yaml -t /home/aatmaj/CENT/experiments/dda_full_sweep/traces/32_channels_per_device/8_devices/model_parallel_FC/Llama2-7B/trace_4_FC_devices_seqlen_256.txt
/home/aatmaj/CENT/aim_simulator/build/ramulator2 -f /home/aatmaj/CENT/aim_simulator/test/example.yaml -t /home/aatmaj/CENT/experiments/dda_full_sweep/traces/32_channels_per_device/8_devices/model_parallel/Llama2-7B/trace_8_FC_devices_seqlen_256.txt
/home/aatmaj/CENT/aim_simulator/build/ramulator2 -f /home/aatmaj/CENT/aim_simulator/test/example.yaml -t /home/aatmaj/CENT/experiments/dda_full_sweep/traces/32_channels_per_device/8_devices/model_parallel_FC/Llama2-7B/trace_8_FC_devices_seqlen_256.txt
/home/aatmaj/CENT/aim_simulator/build/ramulator2 -f /home/aatmaj/CENT/aim_simulator/test/example.yaml -t /home/aatmaj/CENT/experiments/dda_full_sweep/traces/32_channels_per_device/8_devices/model_parallel/Llama2-7B/trace_1_FC_devices_seqlen_384.txt
/home/aatmaj/CENT/aim_simulator/build/ramulator2 -f /home/aatmaj/CENT/aim_simulator/test/example.yaml -t /home/aatmaj/CENT/experiments/dda_full_sweep/traces/32_channels_per_device/8_devices/model_parallel_FC/Llama2-7B/trace_1_FC_devices_seqlen_384.txt
/home/aatmaj/CENT/aim_simulator/build/ramulator2 -f /home/aatmaj/CENT/aim_simulator/test/example.yaml -t /home/aatmaj/CENT/experiments/dda_full_sweep/traces/32_channels_per_device/8_devices/model_parallel/Llama2-7B/trace_2_FC_devices_seqlen_384.txt
/home/aatmaj/CENT/aim_simulator/build/ramulator2 -f /home/aatmaj/CENT/aim_simulator/test/example.yaml -t /home/aatmaj/CENT/experiments/dda_full_sweep/traces/32_channels_per_device/8_devices/model_parallel_FC/Llama2-7B/trace_2_FC_devices_seqlen_384.txt
/home/aatmaj/CENT/aim_simulator/build/ramulator2 -f /home/aatmaj/CENT/aim_simulator/test/example.yaml -t /home/aatmaj/CENT/experiments/dda_full_sweep/traces/32_channels_per_device/8_devices/model_parallel/Llama2-7B/trace_4_FC_devices_seqlen_384.txt
/home/aatmaj/CENT/aim_simulator/build/ramulator2 -f /home/aatmaj/CENT/aim_simulator/test/example.yaml -t /home/aatmaj/CENT/experiments/dda_full_sweep/traces/32_channels_per_device/8_devices/model_parallel_FC/Llama2-7B/trace_4_FC_devices_seqlen_384.txt
/home/aatmaj/CENT/aim_simulator/build/ramulator2 -f /home/aatmaj/CENT/aim_simulator/test/example.yaml -t /home/aatmaj/CENT/experiments/dda_full_sweep/traces/32_channels_per_device/8_devices/model_parallel/Llama2-7B/trace_8_FC_devices_seqlen_384.txt
/home/aatmaj/CENT/aim_simulator/build/ramulator2 -f /home/aatmaj/CENT/aim_simulator/test/example.yaml -t /home/aatmaj/CENT/experiments/dda_full_sweep/traces/32_channels_per_device/8_devices/model_parallel_FC/Llama2-7B/trace_8_FC_devices_seqlen_384.txt
/home/aatmaj/CENT/aim_simulator/build/ramulator2 -f /home/aatmaj/CENT/aim_simulator/test/example.yaml -t /home/aatmaj/CENT/experiments/dda_full_sweep/traces/32_channels_per_device/8_devices/model_parallel/Llama2-7B/trace_1_FC_devices_seqlen_512.txt
/home/aatmaj/CENT/aim_simulator/build/ramulator2 -f /home/aatmaj/CENT/aim_simulator/test/example.yaml -t /home/aatmaj/CENT/experiments/dda_full_sweep/traces/32_channels_per_device/8_devices/model_parallel_FC/Llama2-7B/trace_1_FC_devices_seqlen_512.txt
/home/aatmaj/CENT/aim_simulator/build/ramulator2 -f /home/aatmaj/CENT/aim_simulator/test/example.yaml -t /home/aatmaj/CENT/experiments/dda_full_sweep/traces/32_channels_per_device/8_devices/model_parallel/Llama2-7B/trace_2_FC_devices_seqlen_512.txt
/home/aatmaj/CENT/aim_simulator/build/ramulator2 -f /home/aatmaj/CENT/aim_simulator/test/example.yaml -t /home/aatmaj/CENT/experiments/dda_full_sweep/traces/32_channels_per_device/8_devices/model_parallel_FC/Llama2-7B/trace_2_FC_devices_seqlen_512.txt
/home/aatmaj/CENT/aim_simulator/build/ramulator2 -f /home/aatmaj/CENT/aim_simulator/test/example.yaml -t /home/aatmaj/CENT/experiments/dda_full_sweep/traces/32_channels_per_device/8_devices/model_parallel/Llama2-7B/trace_4_FC_devices_seqlen_512.txt
/home/aatmaj/CENT/aim_simulator/build/ramulator2 -f /home/aatmaj/CENT/aim_simulator/test/example.yaml -t /home/aatmaj/CENT/experiments/dda_full_sweep/traces/32_channels_per_device/8_devices/model_parallel_FC/Llama2-7B/trace_4_FC_devices_seqlen_512.txt
/home/aatmaj/CENT/aim_simulator/build/ramulator2 -f /home/aatmaj/CENT/aim_simulator/test/example.yaml -t /home/aatmaj/CENT/experiments/dda_full_sweep/traces/32_channels_per_device/8_devices/model_parallel/Llama2-7B/trace_8_FC_devices_seqlen_512.txt
/home/aatmaj/CENT/aim_simulator/build/ramulator2 -f /home/aatmaj/CENT/aim_simulator/test/example.yaml -t /home/aatmaj/CENT/experiments/dda_full_sweep/traces/32_channels_per_device/8_devices/model_parallel_FC/Llama2-7B/trace_8_FC_devices_seqlen_512.txt
/home/aatmaj/CENT/aim_simulator/build/ramulator2 -f /home/aatmaj/CENT/aim_simulator/test/example.yaml -t /home/aatmaj/CENT/experiments/dda_full_sweep/traces/32_channels_per_device/8_devices/model_parallel/Llama2-7B/trace_1_FC_devices_seqlen_640.txt
/home/aatmaj/CENT/aim_simulator/build/ramulator2 -f /home/aatmaj/CENT/aim_simulator/test/example.yaml -t /home/aatmaj/CENT/experiments/dda_full_sweep/traces/32_channels_per_device/8_devices/model_parallel_FC/Llama2-7B/trace_1_FC_devices_seqlen_640.txt
/home/aatmaj/CENT/aim_simulator/build/ramulator2 -f /home/aatmaj/CENT/aim_simulator/test/example.yaml -t /home/aatmaj/CENT/experiments/dda_full_sweep/traces/32_channels_per_device/8_devices/model_parallel/Llama2-7B/trace_2_FC_devices_seqlen_640.txt
/home/aatmaj/CENT/aim_simulator/build/ramulator2 -f /home/aatmaj/CENT/aim_simulator/test/example.yaml -t /home/aatmaj/CENT/experiments/dda_full_sweep/traces/32_channels_per_device/8_devices/model_parallel_FC/Llama2-7B/trace_2_FC_devices_seqlen_640.txt
/home/aatmaj/CENT/aim_simulator/build/ramulator2 -f /home/aatmaj/CENT/aim_simulator/test/example.yaml -t /home/aatmaj/CENT/experiments/dda_full_sweep/traces/32_channels_per_device/8_devices/model_parallel/Llama2-7B/trace_4_FC_devices_seqlen_640.txt
/home/aatmaj/CENT/aim_simulator/build/ramulator2 -f /home/aatmaj/CENT/aim_simulator/test/example.yaml -t /home/aatmaj/CENT/experiments/dda_full_sweep/traces/32_channels_per_device/8_devices/model_parallel_FC/Llama2-7B/trace_4_FC_devices_seqlen_640.txt
/home/aatmaj/CENT/aim_simulator/build/ramulator2 -f /home/aatmaj/CENT/aim_simulator/test/example.yaml -t /home/aatmaj/CENT/experiments/dda_full_sweep/traces/32_channels_per_device/8_devices/model_parallel/Llama2-7B/trace_8_FC_devices_seqlen_640.txt
/home/aatmaj/CENT/aim_simulator/build/ramulator2 -f /home/aatmaj/CENT/aim_simulator/test/example.yaml -t /home/aatmaj/CENT/experiments/dda_full_sweep/traces/32_channels_per_device/8_devices/model_parallel_FC/Llama2-7B/trace_8_FC_devices_seqlen_640.txt
/home/aatmaj/CENT/aim_simulator/build/ramulator2 -f /home/aatmaj/CENT/aim_simulator/test/example.yaml -t /home/aatmaj/CENT/experiments/dda_full_sweep/traces/32_channels_per_device/8_devices/model_parallel/Llama2-7B/trace_1_FC_devices_seqlen_768.txt
/home/aatmaj/CENT/aim_simulator/build/ramulator2 -f /home/aatmaj/CENT/aim_simulator/test/example.yaml -t /home/aatmaj/CENT/experiments/dda_full_sweep/traces/32_channels_per_device/8_devices/model_parallel_FC/Llama2-7B/trace_1_FC_devices_seqlen_768.txt
/home/aatmaj/CENT/aim_simulator/build/ramulator2 -f /home/aatmaj/CENT/aim_simulator/test/example.yaml -t /home/aatmaj/CENT/experiments/dda_full_sweep/traces/32_channels_per_device/8_devices/model_parallel/Llama2-7B/trace_2_FC_devices_seqlen_768.txt
/home/aatmaj/CENT/aim_simulator/build/ramulator2 -f /home/aatmaj/CENT/aim_simulator/test/example.yaml -t /home/aatmaj/CENT/experiments/dda_full_sweep/traces/32_channels_per_device/8_devices/model_parallel_FC/Llama2-7B/trace_2_FC_devices_seqlen_768.txt
/home/aatmaj/CENT/aim_simulator/build/ramulator2 -f /home/aatmaj/CENT/aim_simulator/test/example.yaml -t /home/aatmaj/CENT/experiments/dda_full_sweep/traces/32_channels_per_device/8_devices/model_parallel/Llama2-7B/trace_4_FC_devices_seqlen_768.txt
/home/aatmaj/CENT/aim_simulator/build/ramulator2 -f /home/aatmaj/CENT/aim_simulator/test/example.yaml -t /home/aatmaj/CENT/experiments/dda_full_sweep/traces/32_channels_per_device/8_devices/model_parallel_FC/Llama2-7B/trace_4_FC_devices_seqlen_768.txt
/home/aatmaj/CENT/aim_simulator/build/ramulator2 -f /home/aatmaj/CENT/aim_simulator/test/example.yaml -t /home/aatmaj/CENT/experiments/dda_full_sweep/traces/32_channels_per_device/8_devices/model_parallel/Llama2-7B/trace_8_FC_devices_seqlen_768.txt
/home/aatmaj/CENT/aim_simulator/build/ramulator2 -f /home/aatmaj/CENT/aim_simulator/test/example.yaml -t /home/aatmaj/CENT/experiments/dda_full_sweep/traces/32_channels_per_device/8_devices/model_parallel_FC/Llama2-7B/trace_8_FC_devices_seqlen_768.txt
/home/aatmaj/CENT/aim_simulator/build/ramulator2 -f /home/aatmaj/CENT/aim_simulator/test/example.yaml -t /home/aatmaj/CENT/experiments/dda_full_sweep/traces/32_channels_per_device/8_devices/model_parallel/Llama2-7B/trace_1_FC_devices_seqlen_896.txt
/home/aatmaj/CENT/aim_simulator/build/ramulator2 -f /home/aatmaj/CENT/aim_simulator/test/example.yaml -t /home/aatmaj/CENT/experiments/dda_full_sweep/traces/32_channels_per_device/8_devices/model_parallel_FC/Llama2-7B/trace_1_FC_devices_seqlen_896.txt
/home/aatmaj/CENT/aim_simulator/build/ramulator2 -f /home/aatmaj/CENT/aim_simulator/test/example.yaml -t /home/aatmaj/CENT/experiments/dda_full_sweep/traces/32_channels_per_device/8_devices/model_parallel/Llama2-7B/trace_2_FC_devices_seqlen_896.txt
/home/aatmaj/CENT/aim_simulator/build/ramulator2 -f /home/aatmaj/CENT/aim_simulator/test/example.yaml -t /home/aatmaj/CENT/experiments/dda_full_sweep/traces/32_channels_per_device/8_devices/model_parallel_FC/Llama2-7B/trace_2_FC_devices_seqlen_896.txt
/home/aatmaj/CENT/aim_simulator/build/ramulator2 -f /home/aatmaj/CENT/aim_simulator/test/example.yaml -t /home/aatmaj/CENT/experiments/dda_full_sweep/traces/32_channels_per_device/8_devices/model_parallel/Llama2-7B/trace_4_FC_devices_seqlen_896.txt
/home/aatmaj/CENT/aim_simulator/build/ramulator2 -f /home/aatmaj/CENT/aim_simulator/test/example.yaml -t /home/aatmaj/CENT/experiments/dda_full_sweep/traces/32_channels_per_device/8_devices/model_parallel_FC/Llama2-7B/trace_4_FC_devices_seqlen_896.txt
/home/aatmaj/CENT/aim_simulator/build/ramulator2 -f /home/aatmaj/CENT/aim_simulator/test/example.yaml -t /home/aatmaj/CENT/experiments/dda_full_sweep/traces/32_channels_per_device/8_devices/model_parallel/Llama2-7B/trace_8_FC_devices_seqlen_896.txt
/home/aatmaj/CENT/aim_simulator/build/ramulator2 -f /home/aatmaj/CENT/aim_simulator/test/example.yaml -t /home/aatmaj/CENT/experiments/dda_full_sweep/traces/32_channels_per_device/8_devices/model_parallel_FC/Llama2-7B/trace_8_FC_devices_seqlen_896.txt
/home/aatmaj/CENT/aim_simulator/build/ramulator2 -f /home/aatmaj/CENT/aim_simulator/test/example.yaml -t /home/aatmaj/CENT/experiments/dda_full_sweep/traces/32_channels_per_device/8_devices/model_parallel/Llama2-7B/trace_1_FC_devices_seqlen_1024.txt
/home/aatmaj/CENT/aim_simulator/build/ramulator2 -f /home/aatmaj/CENT/aim_simulator/test/example.yaml -t /home/aatmaj/CENT/experiments/dda_full_sweep/traces/32_channels_per_device/8_devices/model_parallel_FC/Llama2-7B/trace_1_FC_devices_seqlen_1024.txt
/home/aatmaj/CENT/aim_simulator/build/ramulator2 -f /home/aatmaj/CENT/aim_simulator/test/example.yaml -t /home/aatmaj/CENT/experiments/dda_full_sweep/traces/32_channels_per_device/8_devices/model_parallel/Llama2-7B/trace_2_FC_devices_seqlen_1024.txt
/home/aatmaj/CENT/aim_simulator/build/ramulator2 -f /home/aatmaj/CENT/aim_simulator/test/example.yaml -t /home/aatmaj/CENT/experiments/dda_full_sweep/traces/32_channels_per_device/8_devices/model_parallel_FC/Llama2-7B/trace_2_FC_devices_seqlen_1024.txt
/home/aatmaj/CENT/aim_simulator/build/ramulator2 -f /home/aatmaj/CENT/aim_simulator/test/example.yaml -t /home/aatmaj/CENT/experiments/dda_full_sweep/traces/32_channels_per_device/8_devices/model_parallel/Llama2-7B/trace_4_FC_devices_seqlen_1024.txt
/home/aatmaj/CENT/aim_simulator/build/ramulator2 -f /home/aatmaj/CENT/aim_simulator/test/example.yaml -t /home/aatmaj/CENT/experiments/dda_full_sweep/traces/32_channels_per_device/8_devices/model_parallel_FC/Llama2-7B/trace_4_FC_devices_seqlen_1024.txt
/home/aatmaj/CENT/aim_simulator/build/ramulator2 -f /home/aatmaj/CENT/aim_simulator/test/example.yaml -t /home/aatmaj/CENT/experiments/dda_full_sweep/traces/32_channels_per_device/8_devices/model_parallel/Llama2-7B/trace_8_FC_devices_seqlen_1024.txt
/home/aatmaj/CENT/aim_simulator/build/ramulator2 -f /home/aatmaj/CENT/aim_simulator/test/example.yaml -t /home/aatmaj/CENT/experiments/dda_full_sweep/traces/32_channels_per_device/8_devices/model_parallel_FC/Llama2-7B/trace_8_FC_devices_seqlen_1024.txt
/home/aatmaj/CENT/aim_simulator/build/ramulator2 -f /home/aatmaj/CENT/aim_simulator/test/example.yaml -t /home/aatmaj/CENT/experiments/dda_full_sweep/traces/32_channels_per_device/8_devices/model_parallel/Llama2-7B/trace_1_FC_devices_seqlen_1152.txt
/home/aatmaj/CENT/aim_simulator/build/ramulator2 -f /home/aatmaj/CENT/aim_simulator/test/example.yaml -t /home/aatmaj/CENT/experiments/dda_full_sweep/traces/32_channels_per_device/8_devices/model_parallel_FC/Llama2-7B/trace_1_FC_devices_seqlen_1152.txt
/home/aatmaj/CENT/aim_simulator/build/ramulator2 -f /home/aatmaj/CENT/aim_simulator/test/example.yaml -t /home/aatmaj/CENT/experiments/dda_full_sweep/traces/32_channels_per_device/8_devices/model_parallel/Llama2-7B/trace_2_FC_devices_seqlen_1152.txt
/home/aatmaj/CENT/aim_simulator/build/ramulator2 -f /home/aatmaj/CENT/aim_simulator/test/example.yaml -t /home/aatmaj/CENT/experiments/dda_full_sweep/traces/32_channels_per_device/8_devices/model_parallel_FC/Llama2-7B/trace_2_FC_devices_seqlen_1152.txt
/home/aatmaj/CENT/aim_simulator/build/ramulator2 -f /home/aatmaj/CENT/aim_simulator/test/example.yaml -t /home/aatmaj/CENT/experiments/dda_full_sweep/traces/32_channels_per_device/8_devices/model_parallel/Llama2-7B/trace_4_FC_devices_seqlen_1152.txt
/home/aatmaj/CENT/aim_simulator/build/ramulator2 -f /home/aatmaj/CENT/aim_simulator/test/example.yaml -t /home/aatmaj/CENT/experiments/dda_full_sweep/traces/32_channels_per_device/8_devices/model_parallel_FC/Llama2-7B/trace_4_FC_devices_seqlen_1152.txt
/home/aatmaj/CENT/aim_simulator/build/ramulator2 -f /home/aatmaj/CENT/aim_simulator/test/example.yaml -t /home/aatmaj/CENT/experiments/dda_full_sweep/traces/32_channels_per_device/8_devices/model_parallel/Llama2-7B/trace_8_FC_devices_seqlen_1152.txt
/home/aatmaj/CENT/aim_simulator/build/ramulator2 -f /home/aatmaj/CENT/aim_simulator/test/example.yaml -t /home/aatmaj/CENT/experiments/dda_full_sweep/traces/32_channels_per_device/8_devices/model_parallel_FC/Llama2-7B/trace_8_FC_devices_seqlen_1152.txt
/home/aatmaj/CENT/aim_simulator/build/ramulator2 -f /home/aatmaj/CENT/aim_simulator/test/example.yaml -t /home/aatmaj/CENT/experiments/dda_full_sweep/traces/32_channels_per_device/8_devices/model_parallel/Llama2-7B/trace_1_FC_devices_seqlen_1280.txt
/home/aatmaj/CENT/aim_simulator/build/ramulator2 -f /home/aatmaj/CENT/aim_simulator/test/example.yaml -t /home/aatmaj/CENT/experiments/dda_full_sweep/traces/32_channels_per_device/8_devices/model_parallel_FC/Llama2-7B/trace_1_FC_devices_seqlen_1280.txt
/home/aatmaj/CENT/aim_simulator/build/ramulator2 -f /home/aatmaj/CENT/aim_simulator/test/example.yaml -t /home/aatmaj/CENT/experiments/dda_full_sweep/traces/32_channels_per_device/8_devices/model_parallel/Llama2-7B/trace_2_FC_devices_seqlen_1280.txt
/home/aatmaj/CENT/aim_simulator/build/ramulator2 -f /home/aatmaj/CENT/aim_simulator/test/example.yaml -t /home/aatmaj/CENT/experiments/dda_full_sweep/traces/32_channels_per_device/8_devices/model_parallel_FC/Llama2-7B/trace_2_FC_devices_seqlen_1280.txt
/home/aatmaj/CENT/aim_simulator/build/ramulator2 -f /home/aatmaj/CENT/aim_simulator/test/example.yaml -t /home/aatmaj/CENT/experiments/dda_full_sweep/traces/32_channels_per_device/8_devices/model_parallel/Llama2-7B/trace_4_FC_devices_seqlen_1280.txt
/home/aatmaj/CENT/aim_simulator/build/ramulator2 -f /home/aatmaj/CENT/aim_simulator/test/example.yaml -t /home/aatmaj/CENT/experiments/dda_full_sweep/traces/32_channels_per_device/8_devices/model_parallel_FC/Llama2-7B/trace_4_FC_devices_seqlen_1280.txt
/home/aatmaj/CENT/aim_simulator/build/ramulator2 -f /home/aatmaj/CENT/aim_simulator/test/example.yaml -t /home/aatmaj/CENT/experiments/dda_full_sweep/traces/32_channels_per_device/8_devices/model_parallel/Llama2-7B/trace_8_FC_devices_seqlen_1280.txt
/home/aatmaj/CENT/aim_simulator/build/ramulator2 -f /home/aatmaj/CENT/aim_simulator/test/example.yaml -t /home/aatmaj/CENT/experiments/dda_full_sweep/traces/32_channels_per_device/8_devices/model_parallel_FC/Llama2-7B/trace_8_FC_devices_seqlen_1280.txt
/home/aatmaj/CENT/aim_simulator/build/ramulator2 -f /home/aatmaj/CENT/aim_simulator/test/example.yaml -t /home/aatmaj/CENT/experiments/dda_full_sweep/traces/32_channels_per_device/8_devices/model_parallel/Llama2-7B/trace_1_FC_devices_seqlen_1408.txt
/home/aatmaj/CENT/aim_simulator/build/ramulator2 -f /home/aatmaj/CENT/aim_simulator/test/example.yaml -t /home/aatmaj/CENT/experiments/dda_full_sweep/traces/32_channels_per_device/8_devices/model_parallel_FC/Llama2-7B/trace_1_FC_devices_seqlen_1408.txt
/home/aatmaj/CENT/aim_simulator/build/ramulator2 -f /home/aatmaj/CENT/aim_simulator/test/example.yaml -t /home/aatmaj/CENT/experiments/dda_full_sweep/traces/32_channels_per_device/8_devices/model_parallel/Llama2-7B/trace_2_FC_devices_seqlen_1408.txt
/home/aatmaj/CENT/aim_simulator/build/ramulator2 -f /home/aatmaj/CENT/aim_simulator/test/example.yaml -t /home/aatmaj/CENT/experiments/dda_full_sweep/traces/32_channels_per_device/8_devices/model_parallel_FC/Llama2-7B/trace_2_FC_devices_seqlen_1408.txt
/home/aatmaj/CENT/aim_simulator/build/ramulator2 -f /home/aatmaj/CENT/aim_simulator/test/example.yaml -t /home/aatmaj/CENT/experiments/dda_full_sweep/traces/32_channels_per_device/8_devices/model_parallel/Llama2-7B/trace_4_FC_devices_seqlen_1408.txt
/home/aatmaj/CENT/aim_simulator/build/ramulator2 -f /home/aatmaj/CENT/aim_simulator/test/example.yaml -t /home/aatmaj/CENT/experiments/dda_full_sweep/traces/32_channels_per_device/8_devices/model_parallel_FC/Llama2-7B/trace_4_FC_devices_seqlen_1408.txt
/home/aatmaj/CENT/aim_simulator/build/ramulator2 -f /home/aatmaj/CENT/aim_simulator/test/example.yaml -t /home/aatmaj/CENT/experiments/dda_full_sweep/traces/32_channels_per_device/8_devices/model_parallel/Llama2-7B/trace_8_FC_devices_seqlen_1408.txt
/home/aatmaj/CENT/aim_simulator/build/ramulator2 -f /home/aatmaj/CENT/aim_simulator/test/example.yaml -t /home/aatmaj/CENT/experiments/dda_full_sweep/traces/32_channels_per_device/8_devices/model_parallel_FC/Llama2-7B/trace_8_FC_devices_seqlen_1408.txt
/home/aatmaj/CENT/aim_simulator/build/ramulator2 -f /home/aatmaj/CENT/aim_simulator/test/example.yaml -t /home/aatmaj/CENT/experiments/dda_full_sweep/traces/32_channels_per_device/8_devices/model_parallel/Llama2-7B/trace_1_FC_devices_seqlen_1536.txt
/home/aatmaj/CENT/aim_simulator/build/ramulator2 -f /home/aatmaj/CENT/aim_simulator/test/example.yaml -t /home/aatmaj/CENT/experiments/dda_full_sweep/traces/32_channels_per_device/8_devices/model_parallel_FC/Llama2-7B/trace_1_FC_devices_seqlen_1536.txt
/home/aatmaj/CENT/aim_simulator/build/ramulator2 -f /home/aatmaj/CENT/aim_simulator/test/example.yaml -t /home/aatmaj/CENT/experiments/dda_full_sweep/traces/32_channels_per_device/8_devices/model_parallel/Llama2-7B/trace_2_FC_devices_seqlen_1536.txt
/home/aatmaj/CENT/aim_simulator/build/ramulator2 -f /home/aatmaj/CENT/aim_simulator/test/example.yaml -t /home/aatmaj/CENT/experiments/dda_full_sweep/traces/32_channels_per_device/8_devices/model_parallel_FC/Llama2-7B/trace_2_FC_devices_seqlen_1536.txt
/home/aatmaj/CENT/aim_simulator/build/ramulator2 -f /home/aatmaj/CENT/aim_simulator/test/example.yaml -t /home/aatmaj/CENT/experiments/dda_full_sweep/traces/32_channels_per_device/8_devices/model_parallel/Llama2-7B/trace_4_FC_devices_seqlen_1536.txt
/home/aatmaj/CENT/aim_simulator/build/ramulator2 -f /home/aatmaj/CENT/aim_simulator/test/example.yaml -t /home/aatmaj/CENT/experiments/dda_full_sweep/traces/32_channels_per_device/8_devices/model_parallel_FC/Llama2-7B/trace_4_FC_devices_seqlen_1536.txt
/home/aatmaj/CENT/aim_simulator/build/ramulator2 -f /home/aatmaj/CENT/aim_simulator/test/example.yaml -t /home/aatmaj/CENT/experiments/dda_full_sweep/traces/32_channels_per_device/8_devices/model_parallel/Llama2-7B/trace_8_FC_devices_seqlen_1536.txt
/home/aatmaj/CENT/aim_simulator/build/ramulator2 -f /home/aatmaj/CENT/aim_simulator/test/example.yaml -t /home/aatmaj/CENT/experiments/dda_full_sweep/traces/32_channels_per_device/8_devices/model_parallel_FC/Llama2-7B/trace_8_FC_devices_seqlen_1536.txt
/home/aatmaj/CENT/aim_simulator/build/ramulator2 -f /home/aatmaj/CENT/aim_simulator/test/example.yaml -t /home/aatmaj/CENT/experiments/dda_full_sweep/traces/32_channels_per_device/8_devices/model_parallel/Llama2-7B/trace_1_FC_devices_seqlen_1664.txt
/home/aatmaj/CENT/aim_simulator/build/ramulator2 -f /home/aatmaj/CENT/aim_simulator/test/example.yaml -t /home/aatmaj/CENT/experiments/dda_full_sweep/traces/32_channels_per_device/8_devices/model_parallel_FC/Llama2-7B/trace_1_FC_devices_seqlen_1664.txt
/home/aatmaj/CENT/aim_simulator/build/ramulator2 -f /home/aatmaj/CENT/aim_simulator/test/example.yaml -t /home/aatmaj/CENT/experiments/dda_full_sweep/traces/32_channels_per_device/8_devices/model_parallel/Llama2-7B/trace_2_FC_devices_seqlen_1664.txt
/home/aatmaj/CENT/aim_simulator/build/ramulator2 -f /home/aatmaj/CENT/aim_simulator/test/example.yaml -t /home/aatmaj/CENT/experiments/dda_full_sweep/traces/32_channels_per_device/8_devices/model_parallel_FC/Llama2-7B/trace_2_FC_devices_seqlen_1664.txt
/home/aatmaj/CENT/aim_simulator/build/ramulator2 -f /home/aatmaj/CENT/aim_simulator/test/example.yaml -t /home/aatmaj/CENT/experiments/dda_full_sweep/traces/32_channels_per_device/8_devices/model_parallel/Llama2-7B/trace_4_FC_devices_seqlen_1664.txt
/home/aatmaj/CENT/aim_simulator/build/ramulator2 -f /home/aatmaj/CENT/aim_simulator/test/example.yaml -t /home/aatmaj/CENT/experiments/dda_full_sweep/traces/32_channels_per_device/8_devices/model_parallel_FC/Llama2-7B/trace_4_FC_devices_seqlen_1664.txt
/home/aatmaj/CENT/aim_simulator/build/ramulator2 -f /home/aatmaj/CENT/aim_simulator/test/example.yaml -t /home/aatmaj/CENT/experiments/dda_full_sweep/traces/32_channels_per_device/8_devices/model_parallel/Llama2-7B/trace_8_FC_devices_seqlen_1664.txt
/home/aatmaj/CENT/aim_simulator/build/ramulator2 -f /home/aatmaj/CENT/aim_simulator/test/example.yaml -t /home/aatmaj/CENT/experiments/dda_full_sweep/traces/32_channels_per_device/8_devices/model_parallel_FC/Llama2-7B/trace_8_FC_devices_seqlen_1664.txt
/home/aatmaj/CENT/aim_simulator/build/ramulator2 -f /home/aatmaj/CENT/aim_simulator/test/example.yaml -t /home/aatmaj/CENT/experiments/dda_full_sweep/traces/32_channels_per_device/8_devices/model_parallel/Llama2-7B/trace_1_FC_devices_seqlen_1792.txt
/home/aatmaj/CENT/aim_simulator/build/ramulator2 -f /home/aatmaj/CENT/aim_simulator/test/example.yaml -t /home/aatmaj/CENT/experiments/dda_full_sweep/traces/32_channels_per_device/8_devices/model_parallel_FC/Llama2-7B/trace_1_FC_devices_seqlen_1792.txt
/home/aatmaj/CENT/aim_simulator/build/ramulator2 -f /home/aatmaj/CENT/aim_simulator/test/example.yaml -t /home/aatmaj/CENT/experiments/dda_full_sweep/traces/32_channels_per_device/8_devices/model_parallel/Llama2-7B/trace_2_FC_devices_seqlen_1792.txt
/home/aatmaj/CENT/aim_simulator/build/ramulator2 -f /home/aatmaj/CENT/aim_simulator/test/example.yaml -t /home/aatmaj/CENT/experiments/dda_full_sweep/traces/32_channels_per_device/8_devices/model_parallel_FC/Llama2-7B/trace_2_FC_devices_seqlen_1792.txt
/home/aatmaj/CENT/aim_simulator/build/ramulator2 -f /home/aatmaj/CENT/aim_simulator/test/example.yaml -t /home/aatmaj/CENT/experiments/dda_full_sweep/traces/32_channels_per_device/8_devices/model_parallel/Llama2-7B/trace_4_FC_devices_seqlen_1792.txt
/home/aatmaj/CENT/aim_simulator/build/ramulator2 -f /home/aatmaj/CENT/aim_simulator/test/example.yaml -t /home/aatmaj/CENT/experiments/dda_full_sweep/traces/32_channels_per_device/8_devices/model_parallel_FC/Llama2-7B/trace_4_FC_devices_seqlen_1792.txt
/home/aatmaj/CENT/aim_simulator/build/ramulator2 -f /home/aatmaj/CENT/aim_simulator/test/example.yaml -t /home/aatmaj/CENT/experiments/dda_full_sweep/traces/32_channels_per_device/8_devices/model_parallel/Llama2-7B/trace_8_FC_devices_seqlen_1792.txt
/home/aatmaj/CENT/aim_simulator/build/ramulator2 -f /home/aatmaj/CENT/aim_simulator/test/example.yaml -t /home/aatmaj/CENT/experiments/dda_full_sweep/traces/32_channels_per_device/8_devices/model_parallel_FC/Llama2-7B/trace_8_FC_devices_seqlen_1792.txt
/home/aatmaj/CENT/aim_simulator/build/ramulator2 -f /home/aatmaj/CENT/aim_simulator/test/example.yaml -t /home/aatmaj/CENT/experiments/dda_full_sweep/traces/32_channels_per_device/8_devices/model_parallel/Llama2-7B/trace_1_FC_devices_seqlen_1920.txt
/home/aatmaj/CENT/aim_simulator/build/ramulator2 -f /home/aatmaj/CENT/aim_simulator/test/example.yaml -t /home/aatmaj/CENT/experiments/dda_full_sweep/traces/32_channels_per_device/8_devices/model_parallel_FC/Llama2-7B/trace_1_FC_devices_seqlen_1920.txt
/home/aatmaj/CENT/aim_simulator/build/ramulator2 -f /home/aatmaj/CENT/aim_simulator/test/example.yaml -t /home/aatmaj/CENT/experiments/dda_full_sweep/traces/32_channels_per_device/8_devices/model_parallel/Llama2-7B/trace_2_FC_devices_seqlen_1920.txt
/home/aatmaj/CENT/aim_simulator/build/ramulator2 -f /home/aatmaj/CENT/aim_simulator/test/example.yaml -t /home/aatmaj/CENT/experiments/dda_full_sweep/traces/32_channels_per_device/8_devices/model_parallel_FC/Llama2-7B/trace_2_FC_devices_seqlen_1920.txt
/home/aatmaj/CENT/aim_simulator/build/ramulator2 -f /home/aatmaj/CENT/aim_simulator/test/example.yaml -t /home/aatmaj/CENT/experiments/dda_full_sweep/traces/32_channels_per_device/8_devices/model_parallel/Llama2-7B/trace_4_FC_devices_seqlen_1920.txt
/home/aatmaj/CENT/aim_simulator/build/ramulator2 -f /home/aatmaj/CENT/aim_simulator/test/example.yaml -t /home/aatmaj/CENT/experiments/dda_full_sweep/traces/32_channels_per_device/8_devices/model_parallel_FC/Llama2-7B/trace_4_FC_devices_seqlen_1920.txt
/home/aatmaj/CENT/aim_simulator/build/ramulator2 -f /home/aatmaj/CENT/aim_simulator/test/example.yaml -t /home/aatmaj/CENT/experiments/dda_full_sweep/traces/32_channels_per_device/8_devices/model_parallel/Llama2-7B/trace_8_FC_devices_seqlen_1920.txt
/home/aatmaj/CENT/aim_simulator/build/ramulator2 -f /home/aatmaj/CENT/aim_simulator/test/example.yaml -t /home/aatmaj/CENT/experiments/dda_full_sweep/traces/32_channels_per_device/8_devices/model_parallel_FC/Llama2-7B/trace_8_FC_devices_seqlen_1920.txt
/home/aatmaj/CENT/aim_simulator/build/ramulator2 -f /home/aatmaj/CENT/aim_simulator/test/example.yaml -t /home/aatmaj/CENT/experiments/dda_full_sweep/traces/32_channels_per_device/8_devices/model_parallel/Llama2-7B/trace_1_FC_devices_seqlen_2048.txt
/home/aatmaj/CENT/aim_simulator/build/ramulator2 -f /home/aatmaj/CENT/aim_simulator/test/example.yaml -t /home/aatmaj/CENT/experiments/dda_full_sweep/traces/32_channels_per_device/8_devices/model_parallel_FC/Llama2-7B/trace_1_FC_devices_seqlen_2048.txt
/home/aatmaj/CENT/aim_simulator/build/ramulator2 -f /home/aatmaj/CENT/aim_simulator/test/example.yaml -t /home/aatmaj/CENT/experiments/dda_full_sweep/traces/32_channels_per_device/8_devices/model_parallel/Llama2-7B/trace_2_FC_devices_seqlen_2048.txt
/home/aatmaj/CENT/aim_simulator/build/ramulator2 -f /home/aatmaj/CENT/aim_simulator/test/example.yaml -t /home/aatmaj/CENT/experiments/dda_full_sweep/traces/32_channels_per_device/8_devices/model_parallel_FC/Llama2-7B/trace_2_FC_devices_seqlen_2048.txt
/home/aatmaj/CENT/aim_simulator/build/ramulator2 -f /home/aatmaj/CENT/aim_simulator/test/example.yaml -t /home/aatmaj/CENT/experiments/dda_full_sweep/traces/32_channels_per_device/8_devices/model_parallel/Llama2-7B/trace_4_FC_devices_seqlen_2048.txt
/home/aatmaj/CENT/aim_simulator/build/ramulator2 -f /home/aatmaj/CENT/aim_simulator/test/example.yaml -t /home/aatmaj/CENT/experiments/dda_full_sweep/traces/32_channels_per_device/8_devices/model_parallel_FC/Llama2-7B/trace_4_FC_devices_seqlen_2048.txt
/home/aatmaj/CENT/aim_simulator/build/ramulator2 -f /home/aatmaj/CENT/aim_simulator/test/example.yaml -t /home/aatmaj/CENT/experiments/dda_full_sweep/traces/32_channels_per_device/8_devices/model_parallel/Llama2-7B/trace_8_FC_devices_seqlen_2048.txt
/home/aatmaj/CENT/aim_simulator/build/ramulator2 -f /home/aatmaj/CENT/aim_simulator/test/example.yaml -t /home/aatmaj/CENT/experiments/dda_full_sweep/traces/32_channels_per_device/8_devices/model_parallel_FC/Llama2-7B/trace_8_FC_devices_seqlen_2048.txt
/home/aatmaj/CENT/aim_simulator/build/ramulator2 -f /home/aatmaj/CENT/aim_simulator/test/example.yaml -t /home/aatmaj/CENT/experiments/dda_full_sweep/traces/32_channels_per_device/8_devices/model_parallel/Llama2-7B/trace_1_FC_devices_seqlen_2176.txt
/home/aatmaj/CENT/aim_simulator/build/ramulator2 -f /home/aatmaj/CENT/aim_simulator/test/example.yaml -t /home/aatmaj/CENT/experiments/dda_full_sweep/traces/32_channels_per_device/8_devices/model_parallel_FC/Llama2-7B/trace_1_FC_devices_seqlen_2176.txt
/home/aatmaj/CENT/aim_simulator/build/ramulator2 -f /home/aatmaj/CENT/aim_simulator/test/example.yaml -t /home/aatmaj/CENT/experiments/dda_full_sweep/traces/32_channels_per_device/8_devices/model_parallel/Llama2-7B/trace_2_FC_devices_seqlen_2176.txt
/home/aatmaj/CENT/aim_simulator/build/ramulator2 -f /home/aatmaj/CENT/aim_simulator/test/example.yaml -t /home/aatmaj/CENT/experiments/dda_full_sweep/traces/32_channels_per_device/8_devices/model_parallel_FC/Llama2-7B/trace_2_FC_devices_seqlen_2176.txt
/home/aatmaj/CENT/aim_simulator/build/ramulator2 -f /home/aatmaj/CENT/aim_simulator/test/example.yaml -t /home/aatmaj/CENT/experiments/dda_full_sweep/traces/32_channels_per_device/8_devices/model_parallel/Llama2-7B/trace_4_FC_devices_seqlen_2176.txt
/home/aatmaj/CENT/aim_simulator/build/ramulator2 -f /home/aatmaj/CENT/aim_simulator/test/example.yaml -t /home/aatmaj/CENT/experiments/dda_full_sweep/traces/32_channels_per_device/8_devices/model_parallel_FC/Llama2-7B/trace_4_FC_devices_seqlen_2176.txt
/home/aatmaj/CENT/aim_simulator/build/ramulator2 -f /home/aatmaj/CENT/aim_simulator/test/example.yaml -t /home/aatmaj/CENT/experiments/dda_full_sweep/traces/32_channels_per_device/8_devices/model_parallel/Llama2-7B/trace_8_FC_devices_seqlen_2176.txt
/home/aatmaj/CENT/aim_simulator/build/ramulator2 -f /home/aatmaj/CENT/aim_simulator/test/example.yaml -t /home/aatmaj/CENT/experiments/dda_full_sweep/traces/32_channels_per_device/8_devices/model_parallel_FC/Llama2-7B/trace_8_FC_devices_seqlen_2176.txt
/home/aatmaj/CENT/aim_simulator/build/ramulator2 -f /home/aatmaj/CENT/aim_simulator/test/example.yaml -t /home/aatmaj/CENT/experiments/dda_full_sweep/traces/32_channels_per_device/8_devices/model_parallel/Llama2-7B/trace_1_FC_devices_seqlen_2304.txt
/home/aatmaj/CENT/aim_simulator/build/ramulator2 -f /home/aatmaj/CENT/aim_simulator/test/example.yaml -t /home/aatmaj/CENT/experiments/dda_full_sweep/traces/32_channels_per_device/8_devices/model_parallel_FC/Llama2-7B/trace_1_FC_devices_seqlen_2304.txt
/home/aatmaj/CENT/aim_simulator/build/ramulator2 -f /home/aatmaj/CENT/aim_simulator/test/example.yaml -t /home/aatmaj/CENT/experiments/dda_full_sweep/traces/32_channels_per_device/8_devices/model_parallel/Llama2-7B/trace_2_FC_devices_seqlen_2304.txt
/home/aatmaj/CENT/aim_simulator/build/ramulator2 -f /home/aatmaj/CENT/aim_simulator/test/example.yaml -t /home/aatmaj/CENT/experiments/dda_full_sweep/traces/32_channels_per_device/8_devices/model_parallel_FC/Llama2-7B/trace_2_FC_devices_seqlen_2304.txt
/home/aatmaj/CENT/aim_simulator/build/ramulator2 -f /home/aatmaj/CENT/aim_simulator/test/example.yaml -t /home/aatmaj/CENT/experiments/dda_full_sweep/traces/32_channels_per_device/8_devices/model_parallel/Llama2-7B/trace_4_FC_devices_seqlen_2304.txt
/home/aatmaj/CENT/aim_simulator/build/ramulator2 -f /home/aatmaj/CENT/aim_simulator/test/example.yaml -t /home/aatmaj/CENT/experiments/dda_full_sweep/traces/32_channels_per_device/8_devices/model_parallel_FC/Llama2-7B/trace_4_FC_devices_seqlen_2304.txt
/home/aatmaj/CENT/aim_simulator/build/ramulator2 -f /home/aatmaj/CENT/aim_simulator/test/example.yaml -t /home/aatmaj/CENT/experiments/dda_full_sweep/traces/32_channels_per_device/8_devices/model_parallel/Llama2-7B/trace_8_FC_devices_seqlen_2304.txt
/home/aatmaj/CENT/aim_simulator/build/ramulator2 -f /home/aatmaj/CENT/aim_simulator/test/example.yaml -t /home/aatmaj/CENT/experiments/dda_full_sweep/traces/32_channels_per_device/8_devices/model_parallel_FC/Llama2-7B/trace_8_FC_devices_seqlen_2304.txt
/home/aatmaj/CENT/aim_simulator/build/ramulator2 -f /home/aatmaj/CENT/aim_simulator/test/example.yaml -t /home/aatmaj/CENT/experiments/dda_full_sweep/traces/32_channels_per_device/8_devices/model_parallel/Llama2-7B/trace_1_FC_devices_seqlen_2432.txt
/home/aatmaj/CENT/aim_simulator/build/ramulator2 -f /home/aatmaj/CENT/aim_simulator/test/example.yaml -t /home/aatmaj/CENT/experiments/dda_full_sweep/traces/32_channels_per_device/8_devices/model_parallel_FC/Llama2-7B/trace_1_FC_devices_seqlen_2432.txt
/home/aatmaj/CENT/aim_simulator/build/ramulator2 -f /home/aatmaj/CENT/aim_simulator/test/example.yaml -t /home/aatmaj/CENT/experiments/dda_full_sweep/traces/32_channels_per_device/8_devices/model_parallel/Llama2-7B/trace_2_FC_devices_seqlen_2432.txt
/home/aatmaj/CENT/aim_simulator/build/ramulator2 -f /home/aatmaj/CENT/aim_simulator/test/example.yaml -t /home/aatmaj/CENT/experiments/dda_full_sweep/traces/32_channels_per_device/8_devices/model_parallel_FC/Llama2-7B/trace_2_FC_devices_seqlen_2432.txt
/home/aatmaj/CENT/aim_simulator/build/ramulator2 -f /home/aatmaj/CENT/aim_simulator/test/example.yaml -t /home/aatmaj/CENT/experiments/dda_full_sweep/traces/32_channels_per_device/8_devices/model_parallel/Llama2-7B/trace_4_FC_devices_seqlen_2432.txt
/home/aatmaj/CENT/aim_simulator/build/ramulator2 -f /home/aatmaj/CENT/aim_simulator/test/example.yaml -t /home/aatmaj/CENT/experiments/dda_full_sweep/traces/32_channels_per_device/8_devices/model_parallel_FC/Llama2-7B/trace_4_FC_devices_seqlen_2432.txt
/home/aatmaj/CENT/aim_simulator/build/ramulator2 -f /home/aatmaj/CENT/aim_simulator/test/example.yaml -t /home/aatmaj/CENT/experiments/dda_full_sweep/traces/32_channels_per_device/8_devices/model_parallel/Llama2-7B/trace_8_FC_devices_seqlen_2432.txt
/home/aatmaj/CENT/aim_simulator/build/ramulator2 -f /home/aatmaj/CENT/aim_simulator/test/example.yaml -t /home/aatmaj/CENT/experiments/dda_full_sweep/traces/32_channels_per_device/8_devices/model_parallel_FC/Llama2-7B/trace_8_FC_devices_seqlen_2432.txt
/home/aatmaj/CENT/aim_simulator/build/ramulator2 -f /home/aatmaj/CENT/aim_simulator/test/example.yaml -t /home/aatmaj/CENT/experiments/dda_full_sweep/traces/32_channels_per_device/8_devices/model_parallel/Llama2-7B/trace_1_FC_devices_seqlen_2560.txt
/home/aatmaj/CENT/aim_simulator/build/ramulator2 -f /home/aatmaj/CENT/aim_simulator/test/example.yaml -t /home/aatmaj/CENT/experiments/dda_full_sweep/traces/32_channels_per_device/8_devices/model_parallel_FC/Llama2-7B/trace_1_FC_devices_seqlen_2560.txt
/home/aatmaj/CENT/aim_simulator/build/ramulator2 -f /home/aatmaj/CENT/aim_simulator/test/example.yaml -t /home/aatmaj/CENT/experiments/dda_full_sweep/traces/32_channels_per_device/8_devices/model_parallel/Llama2-7B/trace_2_FC_devices_seqlen_2560.txt
/home/aatmaj/CENT/aim_simulator/build/ramulator2 -f /home/aatmaj/CENT/aim_simulator/test/example.yaml -t /home/aatmaj/CENT/experiments/dda_full_sweep/traces/32_channels_per_device/8_devices/model_parallel_FC/Llama2-7B/trace_2_FC_devices_seqlen_2560.txt
/home/aatmaj/CENT/aim_simulator/build/ramulator2 -f /home/aatmaj/CENT/aim_simulator/test/example.yaml -t /home/aatmaj/CENT/experiments/dda_full_sweep/traces/32_channels_per_device/8_devices/model_parallel/Llama2-7B/trace_4_FC_devices_seqlen_2560.txt
/home/aatmaj/CENT/aim_simulator/build/ramulator2 -f /home/aatmaj/CENT/aim_simulator/test/example.yaml -t /home/aatmaj/CENT/experiments/dda_full_sweep/traces/32_channels_per_device/8_devices/model_parallel_FC/Llama2-7B/trace_4_FC_devices_seqlen_2560.txt
/home/aatmaj/CENT/aim_simulator/build/ramulator2 -f /home/aatmaj/CENT/aim_simulator/test/example.yaml -t /home/aatmaj/CENT/experiments/dda_full_sweep/traces/32_channels_per_device/8_devices/model_parallel/Llama2-7B/trace_8_FC_devices_seqlen_2560.txt
/home/aatmaj/CENT/aim_simulator/build/ramulator2 -f /home/aatmaj/CENT/aim_simulator/test/example.yaml -t /home/aatmaj/CENT/experiments/dda_full_sweep/traces/32_channels_per_device/8_devices/model_parallel_FC/Llama2-7B/trace_8_FC_devices_seqlen_2560.txt
/home/aatmaj/CENT/aim_simulator/build/ramulator2 -f /home/aatmaj/CENT/aim_simulator/test/example.yaml -t /home/aatmaj/CENT/experiments/dda_full_sweep/traces/32_channels_per_device/8_devices/model_parallel/Llama2-7B/trace_1_FC_devices_seqlen_2688.txt
/home/aatmaj/CENT/aim_simulator/build/ramulator2 -f /home/aatmaj/CENT/aim_simulator/test/example.yaml -t /home/aatmaj/CENT/experiments/dda_full_sweep/traces/32_channels_per_device/8_devices/model_parallel_FC/Llama2-7B/trace_1_FC_devices_seqlen_2688.txt
/home/aatmaj/CENT/aim_simulator/build/ramulator2 -f /home/aatmaj/CENT/aim_simulator/test/example.yaml -t /home/aatmaj/CENT/experiments/dda_full_sweep/traces/32_channels_per_device/8_devices/model_parallel/Llama2-7B/trace_2_FC_devices_seqlen_2688.txt
/home/aatmaj/CENT/aim_simulator/build/ramulator2 -f /home/aatmaj/CENT/aim_simulator/test/example.yaml -t /home/aatmaj/CENT/experiments/dda_full_sweep/traces/32_channels_per_device/8_devices/model_parallel_FC/Llama2-7B/trace_2_FC_devices_seqlen_2688.txt
/home/aatmaj/CENT/aim_simulator/build/ramulator2 -f /home/aatmaj/CENT/aim_simulator/test/example.yaml -t /home/aatmaj/CENT/experiments/dda_full_sweep/traces/32_channels_per_device/8_devices/model_parallel/Llama2-7B/trace_4_FC_devices_seqlen_2688.txt
/home/aatmaj/CENT/aim_simulator/build/ramulator2 -f /home/aatmaj/CENT/aim_simulator/test/example.yaml -t /home/aatmaj/CENT/experiments/dda_full_sweep/traces/32_channels_per_device/8_devices/model_parallel_FC/Llama2-7B/trace_4_FC_devices_seqlen_2688.txt
/home/aatmaj/CENT/aim_simulator/build/ramulator2 -f /home/aatmaj/CENT/aim_simulator/test/example.yaml -t /home/aatmaj/CENT/experiments/dda_full_sweep/traces/32_channels_per_device/8_devices/model_parallel/Llama2-7B/trace_8_FC_devices_seqlen_2688.txt
/home/aatmaj/CENT/aim_simulator/build/ramulator2 -f /home/aatmaj/CENT/aim_simulator/test/example.yaml -t /home/aatmaj/CENT/experiments/dda_full_sweep/traces/32_channels_per_device/8_devices/model_parallel_FC/Llama2-7B/trace_8_FC_devices_seqlen_2688.txt
/home/aatmaj/CENT/aim_simulator/build/ramulator2 -f /home/aatmaj/CENT/aim_simulator/test/example.yaml -t /home/aatmaj/CENT/experiments/dda_full_sweep/traces/32_channels_per_device/8_devices/model_parallel/Llama2-7B/trace_1_FC_devices_seqlen_2816.txt
/home/aatmaj/CENT/aim_simulator/build/ramulator2 -f /home/aatmaj/CENT/aim_simulator/test/example.yaml -t /home/aatmaj/CENT/experiments/dda_full_sweep/traces/32_channels_per_device/8_devices/model_parallel_FC/Llama2-7B/trace_1_FC_devices_seqlen_2816.txt
/home/aatmaj/CENT/aim_simulator/build/ramulator2 -f /home/aatmaj/CENT/aim_simulator/test/example.yaml -t /home/aatmaj/CENT/experiments/dda_full_sweep/traces/32_channels_per_device/8_devices/model_parallel/Llama2-7B/trace_2_FC_devices_seqlen_2816.txt
/home/aatmaj/CENT/aim_simulator/build/ramulator2 -f /home/aatmaj/CENT/aim_simulator/test/example.yaml -t /home/aatmaj/CENT/experiments/dda_full_sweep/traces/32_channels_per_device/8_devices/model_parallel_FC/Llama2-7B/trace_2_FC_devices_seqlen_2816.txt
/home/aatmaj/CENT/aim_simulator/build/ramulator2 -f /home/aatmaj/CENT/aim_simulator/test/example.yaml -t /home/aatmaj/CENT/experiments/dda_full_sweep/traces/32_channels_per_device/8_devices/model_parallel/Llama2-7B/trace_4_FC_devices_seqlen_2816.txt
/home/aatmaj/CENT/aim_simulator/build/ramulator2 -f /home/aatmaj/CENT/aim_simulator/test/example.yaml -t /home/aatmaj/CENT/experiments/dda_full_sweep/traces/32_channels_per_device/8_devices/model_parallel_FC/Llama2-7B/trace_4_FC_devices_seqlen_2816.txt
/home/aatmaj/CENT/aim_simulator/build/ramulator2 -f /home/aatmaj/CENT/aim_simulator/test/example.yaml -t /home/aatmaj/CENT/experiments/dda_full_sweep/traces/32_channels_per_device/8_devices/model_parallel/Llama2-7B/trace_8_FC_devices_seqlen_2816.txt
/home/aatmaj/CENT/aim_simulator/build/ramulator2 -f /home/aatmaj/CENT/aim_simulator/test/example.yaml -t /home/aatmaj/CENT/experiments/dda_full_sweep/traces/32_channels_per_device/8_devices/model_parallel_FC/Llama2-7B/trace_8_FC_devices_seqlen_2816.txt
/home/aatmaj/CENT/aim_simulator/build/ramulator2 -f /home/aatmaj/CENT/aim_simulator/test/example.yaml -t /home/aatmaj/CENT/experiments/dda_full_sweep/traces/32_channels_per_device/8_devices/model_parallel/Llama2-7B/trace_1_FC_devices_seqlen_2944.txt
/home/aatmaj/CENT/aim_simulator/build/ramulator2 -f /home/aatmaj/CENT/aim_simulator/test/example.yaml -t /home/aatmaj/CENT/experiments/dda_full_sweep/traces/32_channels_per_device/8_devices/model_parallel_FC/Llama2-7B/trace_1_FC_devices_seqlen_2944.txt
/home/aatmaj/CENT/aim_simulator/build/ramulator2 -f /home/aatmaj/CENT/aim_simulator/test/example.yaml -t /home/aatmaj/CENT/experiments/dda_full_sweep/traces/32_channels_per_device/8_devices/model_parallel/Llama2-7B/trace_2_FC_devices_seqlen_2944.txt
/home/aatmaj/CENT/aim_simulator/build/ramulator2 -f /home/aatmaj/CENT/aim_simulator/test/example.yaml -t /home/aatmaj/CENT/experiments/dda_full_sweep/traces/32_channels_per_device/8_devices/model_parallel_FC/Llama2-7B/trace_2_FC_devices_seqlen_2944.txt
/home/aatmaj/CENT/aim_simulator/build/ramulator2 -f /home/aatmaj/CENT/aim_simulator/test/example.yaml -t /home/aatmaj/CENT/experiments/dda_full_sweep/traces/32_channels_per_device/8_devices/model_parallel/Llama2-7B/trace_4_FC_devices_seqlen_2944.txt
/home/aatmaj/CENT/aim_simulator/build/ramulator2 -f /home/aatmaj/CENT/aim_simulator/test/example.yaml -t /home/aatmaj/CENT/experiments/dda_full_sweep/traces/32_channels_per_device/8_devices/model_parallel_FC/Llama2-7B/trace_4_FC_devices_seqlen_2944.txt
/home/aatmaj/CENT/aim_simulator/build/ramulator2 -f /home/aatmaj/CENT/aim_simulator/test/example.yaml -t /home/aatmaj/CENT/experiments/dda_full_sweep/traces/32_channels_per_device/8_devices/model_parallel/Llama2-7B/trace_8_FC_devices_seqlen_2944.txt
/home/aatmaj/CENT/aim_simulator/build/ramulator2 -f /home/aatmaj/CENT/aim_simulator/test/example.yaml -t /home/aatmaj/CENT/experiments/dda_full_sweep/traces/32_channels_per_device/8_devices/model_parallel_FC/Llama2-7B/trace_8_FC_devices_seqlen_2944.txt
/home/aatmaj/CENT/aim_simulator/build/ramulator2 -f /home/aatmaj/CENT/aim_simulator/test/example.yaml -t /home/aatmaj/CENT/experiments/dda_full_sweep/traces/32_channels_per_device/8_devices/model_parallel/Llama2-7B/trace_1_FC_devices_seqlen_3072.txt
/home/aatmaj/CENT/aim_simulator/build/ramulator2 -f /home/aatmaj/CENT/aim_simulator/test/example.yaml -t /home/aatmaj/CENT/experiments/dda_full_sweep/traces/32_channels_per_device/8_devices/model_parallel_FC/Llama2-7B/trace_1_FC_devices_seqlen_3072.txt
/home/aatmaj/CENT/aim_simulator/build/ramulator2 -f /home/aatmaj/CENT/aim_simulator/test/example.yaml -t /home/aatmaj/CENT/experiments/dda_full_sweep/traces/32_channels_per_device/8_devices/model_parallel/Llama2-7B/trace_2_FC_devices_seqlen_3072.txt
/home/aatmaj/CENT/aim_simulator/build/ramulator2 -f /home/aatmaj/CENT/aim_simulator/test/example.yaml -t /home/aatmaj/CENT/experiments/dda_full_sweep/traces/32_channels_per_device/8_devices/model_parallel_FC/Llama2-7B/trace_2_FC_devices_seqlen_3072.txt
/home/aatmaj/CENT/aim_simulator/build/ramulator2 -f /home/aatmaj/CENT/aim_simulator/test/example.yaml -t /home/aatmaj/CENT/experiments/dda_full_sweep/traces/32_channels_per_device/8_devices/model_parallel/Llama2-7B/trace_4_FC_devices_seqlen_3072.txt
/home/aatmaj/CENT/aim_simulator/build/ramulator2 -f /home/aatmaj/CENT/aim_simulator/test/example.yaml -t /home/aatmaj/CENT/experiments/dda_full_sweep/traces/32_channels_per_device/8_devices/model_parallel_FC/Llama2-7B/trace_4_FC_devices_seqlen_3072.txt
/home/aatmaj/CENT/aim_simulator/build/ramulator2 -f /home/aatmaj/CENT/aim_simulator/test/example.yaml -t /home/aatmaj/CENT/experiments/dda_full_sweep/traces/32_channels_per_device/8_devices/model_parallel/Llama2-7B/trace_8_FC_devices_seqlen_3072.txt
/home/aatmaj/CENT/aim_simulator/build/ramulator2 -f /home/aatmaj/CENT/aim_simulator/test/example.yaml -t /home/aatmaj/CENT/experiments/dda_full_sweep/traces/32_channels_per_device/8_devices/model_parallel_FC/Llama2-7B/trace_8_FC_devices_seqlen_3072.txt
/home/aatmaj/CENT/aim_simulator/build/ramulator2 -f /home/aatmaj/CENT/aim_simulator/test/example.yaml -t /home/aatmaj/CENT/experiments/dda_full_sweep/traces/32_channels_per_device/8_devices/model_parallel/Llama2-7B/trace_1_FC_devices_seqlen_3200.txt
/home/aatmaj/CENT/aim_simulator/build/ramulator2 -f /home/aatmaj/CENT/aim_simulator/test/example.yaml -t /home/aatmaj/CENT/experiments/dda_full_sweep/traces/32_channels_per_device/8_devices/model_parallel_FC/Llama2-7B/trace_1_FC_devices_seqlen_3200.txt
/home/aatmaj/CENT/aim_simulator/build/ramulator2 -f /home/aatmaj/CENT/aim_simulator/test/example.yaml -t /home/aatmaj/CENT/experiments/dda_full_sweep/traces/32_channels_per_device/8_devices/model_parallel/Llama2-7B/trace_2_FC_devices_seqlen_3200.txt
/home/aatmaj/CENT/aim_simulator/build/ramulator2 -f /home/aatmaj/CENT/aim_simulator/test/example.yaml -t /home/aatmaj/CENT/experiments/dda_full_sweep/traces/32_channels_per_device/8_devices/model_parallel_FC/Llama2-7B/trace_2_FC_devices_seqlen_3200.txt
/home/aatmaj/CENT/aim_simulator/build/ramulator2 -f /home/aatmaj/CENT/aim_simulator/test/example.yaml -t /home/aatmaj/CENT/experiments/dda_full_sweep/traces/32_channels_per_device/8_devices/model_parallel/Llama2-7B/trace_4_FC_devices_seqlen_3200.txt
/home/aatmaj/CENT/aim_simulator/build/ramulator2 -f /home/aatmaj/CENT/aim_simulator/test/example.yaml -t /home/aatmaj/CENT/experiments/dda_full_sweep/traces/32_channels_per_device/8_devices/model_parallel_FC/Llama2-7B/trace_4_FC_devices_seqlen_3200.txt
/home/aatmaj/CENT/aim_simulator/build/ramulator2 -f /home/aatmaj/CENT/aim_simulator/test/example.yaml -t /home/aatmaj/CENT/experiments/dda_full_sweep/traces/32_channels_per_device/8_devices/model_parallel/Llama2-7B/trace_8_FC_devices_seqlen_3200.txt
/home/aatmaj/CENT/aim_simulator/build/ramulator2 -f /home/aatmaj/CENT/aim_simulator/test/example.yaml -t /home/aatmaj/CENT/experiments/dda_full_sweep/traces/32_channels_per_device/8_devices/model_parallel_FC/Llama2-7B/trace_8_FC_devices_seqlen_3200.txt
/home/aatmaj/CENT/aim_simulator/build/ramulator2 -f /home/aatmaj/CENT/aim_simulator/test/example.yaml -t /home/aatmaj/CENT/experiments/dda_full_sweep/traces/32_channels_per_device/8_devices/model_parallel/Llama2-7B/trace_1_FC_devices_seqlen_3328.txt
/home/aatmaj/CENT/aim_simulator/build/ramulator2 -f /home/aatmaj/CENT/aim_simulator/test/example.yaml -t /home/aatmaj/CENT/experiments/dda_full_sweep/traces/32_channels_per_device/8_devices/model_parallel_FC/Llama2-7B/trace_1_FC_devices_seqlen_3328.txt
/home/aatmaj/CENT/aim_simulator/build/ramulator2 -f /home/aatmaj/CENT/aim_simulator/test/example.yaml -t /home/aatmaj/CENT/experiments/dda_full_sweep/traces/32_channels_per_device/8_devices/model_parallel/Llama2-7B/trace_2_FC_devices_seqlen_3328.txt
/home/aatmaj/CENT/aim_simulator/build/ramulator2 -f /home/aatmaj/CENT/aim_simulator/test/example.yaml -t /home/aatmaj/CENT/experiments/dda_full_sweep/traces/32_channels_per_device/8_devices/model_parallel_FC/Llama2-7B/trace_2_FC_devices_seqlen_3328.txt
/home/aatmaj/CENT/aim_simulator/build/ramulator2 -f /home/aatmaj/CENT/aim_simulator/test/example.yaml -t /home/aatmaj/CENT/experiments/dda_full_sweep/traces/32_channels_per_device/8_devices/model_parallel/Llama2-7B/trace_4_FC_devices_seqlen_3328.txt
/home/aatmaj/CENT/aim_simulator/build/ramulator2 -f /home/aatmaj/CENT/aim_simulator/test/example.yaml -t /home/aatmaj/CENT/experiments/dda_full_sweep/traces/32_channels_per_device/8_devices/model_parallel_FC/Llama2-7B/trace_4_FC_devices_seqlen_3328.txt
/home/aatmaj/CENT/aim_simulator/build/ramulator2 -f /home/aatmaj/CENT/aim_simulator/test/example.yaml -t /home/aatmaj/CENT/experiments/dda_full_sweep/traces/32_channels_per_device/8_devices/model_parallel/Llama2-7B/trace_8_FC_devices_seqlen_3328.txt
/home/aatmaj/CENT/aim_simulator/build/ramulator2 -f /home/aatmaj/CENT/aim_simulator/test/example.yaml -t /home/aatmaj/CENT/experiments/dda_full_sweep/traces/32_channels_per_device/8_devices/model_parallel_FC/Llama2-7B/trace_8_FC_devices_seqlen_3328.txt
/home/aatmaj/CENT/aim_simulator/build/ramulator2 -f /home/aatmaj/CENT/aim_simulator/test/example.yaml -t /home/aatmaj/CENT/experiments/dda_full_sweep/traces/32_channels_per_device/8_devices/model_parallel/Llama2-7B/trace_1_FC_devices_seqlen_3456.txt
/home/aatmaj/CENT/aim_simulator/build/ramulator2 -f /home/aatmaj/CENT/aim_simulator/test/example.yaml -t /home/aatmaj/CENT/experiments/dda_full_sweep/traces/32_channels_per_device/8_devices/model_parallel_FC/Llama2-7B/trace_1_FC_devices_seqlen_3456.txt
/home/aatmaj/CENT/aim_simulator/build/ramulator2 -f /home/aatmaj/CENT/aim_simulator/test/example.yaml -t /home/aatmaj/CENT/experiments/dda_full_sweep/traces/32_channels_per_device/8_devices/model_parallel/Llama2-7B/trace_2_FC_devices_seqlen_3456.txt
/home/aatmaj/CENT/aim_simulator/build/ramulator2 -f /home/aatmaj/CENT/aim_simulator/test/example.yaml -t /home/aatmaj/CENT/experiments/dda_full_sweep/traces/32_channels_per_device/8_devices/model_parallel_FC/Llama2-7B/trace_2_FC_devices_seqlen_3456.txt
/home/aatmaj/CENT/aim_simulator/build/ramulator2 -f /home/aatmaj/CENT/aim_simulator/test/example.yaml -t /home/aatmaj/CENT/experiments/dda_full_sweep/traces/32_channels_per_device/8_devices/model_parallel/Llama2-7B/trace_4_FC_devices_seqlen_3456.txt
/home/aatmaj/CENT/aim_simulator/build/ramulator2 -f /home/aatmaj/CENT/aim_simulator/test/example.yaml -t /home/aatmaj/CENT/experiments/dda_full_sweep/traces/32_channels_per_device/8_devices/model_parallel_FC/Llama2-7B/trace_4_FC_devices_seqlen_3456.txt
/home/aatmaj/CENT/aim_simulator/build/ramulator2 -f /home/aatmaj/CENT/aim_simulator/test/example.yaml -t /home/aatmaj/CENT/experiments/dda_full_sweep/traces/32_channels_per_device/8_devices/model_parallel/Llama2-7B/trace_8_FC_devices_seqlen_3456.txt
/home/aatmaj/CENT/aim_simulator/build/ramulator2 -f /home/aatmaj/CENT/aim_simulator/test/example.yaml -t /home/aatmaj/CENT/experiments/dda_full_sweep/traces/32_channels_per_device/8_devices/model_parallel_FC/Llama2-7B/trace_8_FC_devices_seqlen_3456.txt
/home/aatmaj/CENT/aim_simulator/build/ramulator2 -f /home/aatmaj/CENT/aim_simulator/test/example.yaml -t /home/aatmaj/CENT/experiments/dda_full_sweep/traces/32_channels_per_device/8_devices/model_parallel/Llama2-7B/trace_1_FC_devices_seqlen_3584.txt
/home/aatmaj/CENT/aim_simulator/build/ramulator2 -f /home/aatmaj/CENT/aim_simulator/test/example.yaml -t /home/aatmaj/CENT/experiments/dda_full_sweep/traces/32_channels_per_device/8_devices/model_parallel_FC/Llama2-7B/trace_1_FC_devices_seqlen_3584.txt
/home/aatmaj/CENT/aim_simulator/build/ramulator2 -f /home/aatmaj/CENT/aim_simulator/test/example.yaml -t /home/aatmaj/CENT/experiments/dda_full_sweep/traces/32_channels_per_device/8_devices/model_parallel/Llama2-7B/trace_2_FC_devices_seqlen_3584.txt
/home/aatmaj/CENT/aim_simulator/build/ramulator2 -f /home/aatmaj/CENT/aim_simulator/test/example.yaml -t /home/aatmaj/CENT/experiments/dda_full_sweep/traces/32_channels_per_device/8_devices/model_parallel_FC/Llama2-7B/trace_2_FC_devices_seqlen_3584.txt
/home/aatmaj/CENT/aim_simulator/build/ramulator2 -f /home/aatmaj/CENT/aim_simulator/test/example.yaml -t /home/aatmaj/CENT/experiments/dda_full_sweep/traces/32_channels_per_device/8_devices/model_parallel/Llama2-7B/trace_4_FC_devices_seqlen_3584.txt
/home/aatmaj/CENT/aim_simulator/build/ramulator2 -f /home/aatmaj/CENT/aim_simulator/test/example.yaml -t /home/aatmaj/CENT/experiments/dda_full_sweep/traces/32_channels_per_device/8_devices/model_parallel_FC/Llama2-7B/trace_4_FC_devices_seqlen_3584.txt
/home/aatmaj/CENT/aim_simulator/build/ramulator2 -f /home/aatmaj/CENT/aim_simulator/test/example.yaml -t /home/aatmaj/CENT/experiments/dda_full_sweep/traces/32_channels_per_device/8_devices/model_parallel/Llama2-7B/trace_8_FC_devices_seqlen_3584.txt
/home/aatmaj/CENT/aim_simulator/build/ramulator2 -f /home/aatmaj/CENT/aim_simulator/test/example.yaml -t /home/aatmaj/CENT/experiments/dda_full_sweep/traces/32_channels_per_device/8_devices/model_parallel_FC/Llama2-7B/trace_8_FC_devices_seqlen_3584.txt
/home/aatmaj/CENT/aim_simulator/build/ramulator2 -f /home/aatmaj/CENT/aim_simulator/test/example.yaml -t /home/aatmaj/CENT/experiments/dda_full_sweep/traces/32_channels_per_device/8_devices/model_parallel/Llama2-7B/trace_1_FC_devices_seqlen_3712.txt
/home/aatmaj/CENT/aim_simulator/build/ramulator2 -f /home/aatmaj/CENT/aim_simulator/test/example.yaml -t /home/aatmaj/CENT/experiments/dda_full_sweep/traces/32_channels_per_device/8_devices/model_parallel_FC/Llama2-7B/trace_1_FC_devices_seqlen_3712.txt
/home/aatmaj/CENT/aim_simulator/build/ramulator2 -f /home/aatmaj/CENT/aim_simulator/test/example.yaml -t /home/aatmaj/CENT/experiments/dda_full_sweep/traces/32_channels_per_device/8_devices/model_parallel/Llama2-7B/trace_2_FC_devices_seqlen_3712.txt
/home/aatmaj/CENT/aim_simulator/build/ramulator2 -f /home/aatmaj/CENT/aim_simulator/test/example.yaml -t /home/aatmaj/CENT/experiments/dda_full_sweep/traces/32_channels_per_device/8_devices/model_parallel_FC/Llama2-7B/trace_2_FC_devices_seqlen_3712.txt
/home/aatmaj/CENT/aim_simulator/build/ramulator2 -f /home/aatmaj/CENT/aim_simulator/test/example.yaml -t /home/aatmaj/CENT/experiments/dda_full_sweep/traces/32_channels_per_device/8_devices/model_parallel/Llama2-7B/trace_4_FC_devices_seqlen_3712.txt
/home/aatmaj/CENT/aim_simulator/build/ramulator2 -f /home/aatmaj/CENT/aim_simulator/test/example.yaml -t /home/aatmaj/CENT/experiments/dda_full_sweep/traces/32_channels_per_device/8_devices/model_parallel_FC/Llama2-7B/trace_4_FC_devices_seqlen_3712.txt
/home/aatmaj/CENT/aim_simulator/build/ramulator2 -f /home/aatmaj/CENT/aim_simulator/test/example.yaml -t /home/aatmaj/CENT/experiments/dda_full_sweep/traces/32_channels_per_device/8_devices/model_parallel/Llama2-7B/trace_8_FC_devices_seqlen_3712.txt
/home/aatmaj/CENT/aim_simulator/build/ramulator2 -f /home/aatmaj/CENT/aim_simulator/test/example.yaml -t /home/aatmaj/CENT/experiments/dda_full_sweep/traces/32_channels_per_device/8_devices/model_parallel_FC/Llama2-7B/trace_8_FC_devices_seqlen_3712.txt
/home/aatmaj/CENT/aim_simulator/build/ramulator2 -f /home/aatmaj/CENT/aim_simulator/test/example.yaml -t /home/aatmaj/CENT/experiments/dda_full_sweep/traces/32_channels_per_device/8_devices/model_parallel/Llama2-7B/trace_1_FC_devices_seqlen_3840.txt
/home/aatmaj/CENT/aim_simulator/build/ramulator2 -f /home/aatmaj/CENT/aim_simulator/test/example.yaml -t /home/aatmaj/CENT/experiments/dda_full_sweep/traces/32_channels_per_device/8_devices/model_parallel_FC/Llama2-7B/trace_1_FC_devices_seqlen_3840.txt
/home/aatmaj/CENT/aim_simulator/build/ramulator2 -f /home/aatmaj/CENT/aim_simulator/test/example.yaml -t /home/aatmaj/CENT/experiments/dda_full_sweep/traces/32_channels_per_device/8_devices/model_parallel/Llama2-7B/trace_2_FC_devices_seqlen_3840.txt
/home/aatmaj/CENT/aim_simulator/build/ramulator2 -f /home/aatmaj/CENT/aim_simulator/test/example.yaml -t /home/aatmaj/CENT/experiments/dda_full_sweep/traces/32_channels_per_device/8_devices/model_parallel_FC/Llama2-7B/trace_2_FC_devices_seqlen_3840.txt
/home/aatmaj/CENT/aim_simulator/build/ramulator2 -f /home/aatmaj/CENT/aim_simulator/test/example.yaml -t /home/aatmaj/CENT/experiments/dda_full_sweep/traces/32_channels_per_device/8_devices/model_parallel/Llama2-7B/trace_4_FC_devices_seqlen_3840.txt
/home/aatmaj/CENT/aim_simulator/build/ramulator2 -f /home/aatmaj/CENT/aim_simulator/test/example.yaml -t /home/aatmaj/CENT/experiments/dda_full_sweep/traces/32_channels_per_device/8_devices/model_parallel_FC/Llama2-7B/trace_4_FC_devices_seqlen_3840.txt
/home/aatmaj/CENT/aim_simulator/build/ramulator2 -f /home/aatmaj/CENT/aim_simulator/test/example.yaml -t /home/aatmaj/CENT/experiments/dda_full_sweep/traces/32_channels_per_device/8_devices/model_parallel/Llama2-7B/trace_8_FC_devices_seqlen_3840.txt
/home/aatmaj/CENT/aim_simulator/build/ramulator2 -f /home/aatmaj/CENT/aim_simulator/test/example.yaml -t /home/aatmaj/CENT/experiments/dda_full_sweep/traces/32_channels_per_device/8_devices/model_parallel_FC/Llama2-7B/trace_8_FC_devices_seqlen_3840.txt
/home/aatmaj/CENT/aim_simulator/build/ramulator2 -f /home/aatmaj/CENT/aim_simulator/test/example.yaml -t /home/aatmaj/CENT/experiments/dda_full_sweep/traces/32_channels_per_device/8_devices/model_parallel/Llama2-7B/trace_1_FC_devices_seqlen_3968.txt
/home/aatmaj/CENT/aim_simulator/build/ramulator2 -f /home/aatmaj/CENT/aim_simulator/test/example.yaml -t /home/aatmaj/CENT/experiments/dda_full_sweep/traces/32_channels_per_device/8_devices/model_parallel_FC/Llama2-7B/trace_1_FC_devices_seqlen_3968.txt
/home/aatmaj/CENT/aim_simulator/build/ramulator2 -f /home/aatmaj/CENT/aim_simulator/test/example.yaml -t /home/aatmaj/CENT/experiments/dda_full_sweep/traces/32_channels_per_device/8_devices/model_parallel/Llama2-7B/trace_2_FC_devices_seqlen_3968.txt
/home/aatmaj/CENT/aim_simulator/build/ramulator2 -f /home/aatmaj/CENT/aim_simulator/test/example.yaml -t /home/aatmaj/CENT/experiments/dda_full_sweep/traces/32_channels_per_device/8_devices/model_parallel_FC/Llama2-7B/trace_2_FC_devices_seqlen_3968.txt
/home/aatmaj/CENT/aim_simulator/build/ramulator2 -f /home/aatmaj/CENT/aim_simulator/test/example.yaml -t /home/aatmaj/CENT/experiments/dda_full_sweep/traces/32_channels_per_device/8_devices/model_parallel/Llama2-7B/trace_4_FC_devices_seqlen_3968.txt
/home/aatmaj/CENT/aim_simulator/build/ramulator2 -f /home/aatmaj/CENT/aim_simulator/test/example.yaml -t /home/aatmaj/CENT/experiments/dda_full_sweep/traces/32_channels_per_device/8_devices/model_parallel_FC/Llama2-7B/trace_4_FC_devices_seqlen_3968.txt
/home/aatmaj/CENT/aim_simulator/build/ramulator2 -f /home/aatmaj/CENT/aim_simulator/test/example.yaml -t /home/aatmaj/CENT/experiments/dda_full_sweep/traces/32_channels_per_device/8_devices/model_parallel/Llama2-7B/trace_8_FC_devices_seqlen_3968.txt
/home/aatmaj/CENT/aim_simulator/build/ramulator2 -f /home/aatmaj/CENT/aim_simulator/test/example.yaml -t /home/aatmaj/CENT/experiments/dda_full_sweep/traces/32_channels_per_device/8_devices/model_parallel_FC/Llama2-7B/trace_8_FC_devices_seqlen_3968.txt
/home/aatmaj/CENT/aim_simulator/build/ramulator2 -f /home/aatmaj/CENT/aim_simulator/test/example.yaml -t /home/aatmaj/CENT/experiments/dda_full_sweep/traces/32_channels_per_device/8_devices/model_parallel/Llama2-7B/trace_1_FC_devices_seqlen_4096.txt
/home/aatmaj/CENT/aim_simulator/build/ramulator2 -f /home/aatmaj/CENT/aim_simulator/test/example.yaml -t /home/aatmaj/CENT/experiments/dda_full_sweep/traces/32_channels_per_device/8_devices/model_parallel_FC/Llama2-7B/trace_1_FC_devices_seqlen_4096.txt
/home/aatmaj/CENT/aim_simulator/build/ramulator2 -f /home/aatmaj/CENT/aim_simulator/test/example.yaml -t /home/aatmaj/CENT/experiments/dda_full_sweep/traces/32_channels_per_device/8_devices/model_parallel/Llama2-7B/trace_2_FC_devices_seqlen_4096.txt
/home/aatmaj/CENT/aim_simulator/build/ramulator2 -f /home/aatmaj/CENT/aim_simulator/test/example.yaml -t /home/aatmaj/CENT/experiments/dda_full_sweep/traces/32_channels_per_device/8_devices/model_parallel_FC/Llama2-7B/trace_2_FC_devices_seqlen_4096.txt
/home/aatmaj/CENT/experiments/dda_full_sweep/simulation/run_sim_full32.py:430: FutureWarning: The behavior of DataFrame concatenation with empty or all-NA entries is deprecated. In a future version, this will no longer exclude empty or all-NA columns when determining the result dtypes. To retain the old behavior, exclude the relevant entries before the concat operation.
  results_df = pd.concat([results_df, new_df], ignore_index=True)
/home/aatmaj/CENT/aim_simulator/build/ramulator2 -f /home/aatmaj/CENT/aim_simulator/test/example.yaml -t /home/aatmaj/CENT/experiments/dda_full_sweep/traces/32_channels_per_device/8_devices/model_parallel/Llama2-7B/trace_4_FC_devices_seqlen_4096.txt
/home/aatmaj/CENT/aim_simulator/build/ramulator2 -f /home/aatmaj/CENT/aim_simulator/test/example.yaml -t /home/aatmaj/CENT/experiments/dda_full_sweep/traces/32_channels_per_device/8_devices/model_parallel_FC/Llama2-7B/trace_4_FC_devices_seqlen_4096.txt
/home/aatmaj/CENT/aim_simulator/build/ramulator2 -f /home/aatmaj/CENT/aim_simulator/test/example.yaml -t /home/aatmaj/CENT/experiments/dda_full_sweep/traces/32_channels_per_device/8_devices/model_parallel/Llama2-7B/trace_8_FC_devices_seqlen_4096.txt
/home/aatmaj/CENT/aim_simulator/build/ramulator2 -f /home/aatmaj/CENT/aim_simulator/test/example.yaml -t /home/aatmaj/CENT/experiments/dda_full_sweep/traces/32_channels_per_device/8_devices/model_parallel_FC/Llama2-7B/trace_8_FC_devices_seqlen_4096.txt
Processing results...
Updating simulation results to CSV...
=== Llama2-7B | N=8 | mode=mp | re-scoring at 18 lanes/dev (standalone box) ===
/home/aatmaj/CENT/experiments/dda_full_sweep/simulation/run_sim_full32.py:430: FutureWarning: The behavior of DataFrame concatenation with empty or all-NA entries is deprecated. In a future version, this will no longer exclude empty or all-NA columns when determining the result dtypes. To retain the old behavior, exclude the relevant entries before the concat operation.
  results_df = pd.concat([results_df, new_df], ignore_index=True)
Updating simulation results to CSV...

=== Llama2-7B | N=16 | mode=pp | scoring at 4 lanes/dev (shared 32-dev fabric) ===
Generating traces for Llama2-7B (16 devices) ...
/home/aatmaj/CENT/aim_simulator/build/ramulator2 -f /home/aatmaj/CENT/aim_simulator/test/example.yaml -t /home/aatmaj/CENT/experiments/dda_full_sweep/traces/32_channels_per_device/16_devices/pipeline_parallel_embedding/Llama2-7B/trace_16_channels_per_block_seqlen_4096.txt
/home/aatmaj/CENT/aim_simulator/build/ramulator2 -f /home/aatmaj/CENT/aim_simulator/test/example.yaml -t /home/aatmaj/CENT/experiments/dda_full_sweep/traces/32_channels_per_device/16_devices/pipeline_parallel/Llama2-7B/trace_16_channels_per_block_seqlen_128.txt
/home/aatmaj/CENT/aim_simulator/build/ramulator2 -f /home/aatmaj/CENT/aim_simulator/test/example.yaml -t /home/aatmaj/CENT/experiments/dda_full_sweep/traces/32_channels_per_device/16_devices/pipeline_parallel/Llama2-7B/trace_16_channels_per_block_seqlen_256.txt
/home/aatmaj/CENT/aim_simulator/build/ramulator2 -f /home/aatmaj/CENT/aim_simulator/test/example.yaml -t /home/aatmaj/CENT/experiments/dda_full_sweep/traces/32_channels_per_device/16_devices/pipeline_parallel/Llama2-7B/trace_16_channels_per_block_seqlen_384.txt
/home/aatmaj/CENT/aim_simulator/build/ramulator2 -f /home/aatmaj/CENT/aim_simulator/test/example.yaml -t /home/aatmaj/CENT/experiments/dda_full_sweep/traces/32_channels_per_device/16_devices/pipeline_parallel/Llama2-7B/trace_16_channels_per_block_seqlen_512.txt
/home/aatmaj/CENT/aim_simulator/build/ramulator2 -f /home/aatmaj/CENT/aim_simulator/test/example.yaml -t /home/aatmaj/CENT/experiments/dda_full_sweep/traces/32_channels_per_device/16_devices/pipeline_parallel/Llama2-7B/trace_16_channels_per_block_seqlen_640.txt
/home/aatmaj/CENT/aim_simulator/build/ramulator2 -f /home/aatmaj/CENT/aim_simulator/test/example.yaml -t /home/aatmaj/CENT/experiments/dda_full_sweep/traces/32_channels_per_device/16_devices/pipeline_parallel/Llama2-7B/trace_16_channels_per_block_seqlen_768.txt
/home/aatmaj/CENT/aim_simulator/build/ramulator2 -f /home/aatmaj/CENT/aim_simulator/test/example.yaml -t /home/aatmaj/CENT/experiments/dda_full_sweep/traces/32_channels_per_device/16_devices/pipeline_parallel/Llama2-7B/trace_16_channels_per_block_seqlen_896.txt
/home/aatmaj/CENT/aim_simulator/build/ramulator2 -f /home/aatmaj/CENT/aim_simulator/test/example.yaml -t /home/aatmaj/CENT/experiments/dda_full_sweep/traces/32_channels_per_device/16_devices/pipeline_parallel/Llama2-7B/trace_16_channels_per_block_seqlen_1024.txt
/home/aatmaj/CENT/aim_simulator/build/ramulator2 -f /home/aatmaj/CENT/aim_simulator/test/example.yaml -t /home/aatmaj/CENT/experiments/dda_full_sweep/traces/32_channels_per_device/16_devices/pipeline_parallel/Llama2-7B/trace_16_channels_per_block_seqlen_1152.txt
/home/aatmaj/CENT/aim_simulator/build/ramulator2 -f /home/aatmaj/CENT/aim_simulator/test/example.yaml -t /home/aatmaj/CENT/experiments/dda_full_sweep/traces/32_channels_per_device/16_devices/pipeline_parallel/Llama2-7B/trace_16_channels_per_block_seqlen_1280.txt
/home/aatmaj/CENT/aim_simulator/build/ramulator2 -f /home/aatmaj/CENT/aim_simulator/test/example.yaml -t /home/aatmaj/CENT/experiments/dda_full_sweep/traces/32_channels_per_device/16_devices/pipeline_parallel/Llama2-7B/trace_16_channels_per_block_seqlen_1408.txt
/home/aatmaj/CENT/aim_simulator/build/ramulator2 -f /home/aatmaj/CENT/aim_simulator/test/example.yaml -t /home/aatmaj/CENT/experiments/dda_full_sweep/traces/32_channels_per_device/16_devices/pipeline_parallel/Llama2-7B/trace_16_channels_per_block_seqlen_1536.txt
/home/aatmaj/CENT/aim_simulator/build/ramulator2 -f /home/aatmaj/CENT/aim_simulator/test/example.yaml -t /home/aatmaj/CENT/experiments/dda_full_sweep/traces/32_channels_per_device/16_devices/pipeline_parallel/Llama2-7B/trace_16_channels_per_block_seqlen_1664.txt
/home/aatmaj/CENT/aim_simulator/build/ramulator2 -f /home/aatmaj/CENT/aim_simulator/test/example.yaml -t /home/aatmaj/CENT/experiments/dda_full_sweep/traces/32_channels_per_device/16_devices/pipeline_parallel/Llama2-7B/trace_16_channels_per_block_seqlen_1792.txt
/home/aatmaj/CENT/aim_simulator/build/ramulator2 -f /home/aatmaj/CENT/aim_simulator/test/example.yaml -t /home/aatmaj/CENT/experiments/dda_full_sweep/traces/32_channels_per_device/16_devices/pipeline_parallel/Llama2-7B/trace_16_channels_per_block_seqlen_1920.txt
/home/aatmaj/CENT/aim_simulator/build/ramulator2 -f /home/aatmaj/CENT/aim_simulator/test/example.yaml -t /home/aatmaj/CENT/experiments/dda_full_sweep/traces/32_channels_per_device/16_devices/pipeline_parallel/Llama2-7B/trace_16_channels_per_block_seqlen_2048.txt
/home/aatmaj/CENT/aim_simulator/build/ramulator2 -f /home/aatmaj/CENT/aim_simulator/test/example.yaml -t /home/aatmaj/CENT/experiments/dda_full_sweep/traces/32_channels_per_device/16_devices/pipeline_parallel/Llama2-7B/trace_16_channels_per_block_seqlen_2176.txt
/home/aatmaj/CENT/aim_simulator/build/ramulator2 -f /home/aatmaj/CENT/aim_simulator/test/example.yaml -t /home/aatmaj/CENT/experiments/dda_full_sweep/traces/32_channels_per_device/16_devices/pipeline_parallel/Llama2-7B/trace_16_channels_per_block_seqlen_2304.txt
/home/aatmaj/CENT/aim_simulator/build/ramulator2 -f /home/aatmaj/CENT/aim_simulator/test/example.yaml -t /home/aatmaj/CENT/experiments/dda_full_sweep/traces/32_channels_per_device/16_devices/pipeline_parallel/Llama2-7B/trace_16_channels_per_block_seqlen_2432.txt
/home/aatmaj/CENT/aim_simulator/build/ramulator2 -f /home/aatmaj/CENT/aim_simulator/test/example.yaml -t /home/aatmaj/CENT/experiments/dda_full_sweep/traces/32_channels_per_device/16_devices/pipeline_parallel/Llama2-7B/trace_16_channels_per_block_seqlen_2560.txt
/home/aatmaj/CENT/aim_simulator/build/ramulator2 -f /home/aatmaj/CENT/aim_simulator/test/example.yaml -t /home/aatmaj/CENT/experiments/dda_full_sweep/traces/32_channels_per_device/16_devices/pipeline_parallel/Llama2-7B/trace_16_channels_per_block_seqlen_2688.txt
/home/aatmaj/CENT/aim_simulator/build/ramulator2 -f /home/aatmaj/CENT/aim_simulator/test/example.yaml -t /home/aatmaj/CENT/experiments/dda_full_sweep/traces/32_channels_per_device/16_devices/pipeline_parallel/Llama2-7B/trace_16_channels_per_block_seqlen_2816.txt
/home/aatmaj/CENT/aim_simulator/build/ramulator2 -f /home/aatmaj/CENT/aim_simulator/test/example.yaml -t /home/aatmaj/CENT/experiments/dda_full_sweep/traces/32_channels_per_device/16_devices/pipeline_parallel/Llama2-7B/trace_16_channels_per_block_seqlen_2944.txt
/home/aatmaj/CENT/aim_simulator/build/ramulator2 -f /home/aatmaj/CENT/aim_simulator/test/example.yaml -t /home/aatmaj/CENT/experiments/dda_full_sweep/traces/32_channels_per_device/16_devices/pipeline_parallel/Llama2-7B/trace_16_channels_per_block_seqlen_3072.txt
/home/aatmaj/CENT/aim_simulator/build/ramulator2 -f /home/aatmaj/CENT/aim_simulator/test/example.yaml -t /home/aatmaj/CENT/experiments/dda_full_sweep/traces/32_channels_per_device/16_devices/pipeline_parallel/Llama2-7B/trace_16_channels_per_block_seqlen_3200.txt
/home/aatmaj/CENT/aim_simulator/build/ramulator2 -f /home/aatmaj/CENT/aim_simulator/test/example.yaml -t /home/aatmaj/CENT/experiments/dda_full_sweep/traces/32_channels_per_device/16_devices/pipeline_parallel/Llama2-7B/trace_16_channels_per_block_seqlen_3328.txt
/home/aatmaj/CENT/aim_simulator/build/ramulator2 -f /home/aatmaj/CENT/aim_simulator/test/example.yaml -t /home/aatmaj/CENT/experiments/dda_full_sweep/traces/32_channels_per_device/16_devices/pipeline_parallel/Llama2-7B/trace_16_channels_per_block_seqlen_3456.txt
/home/aatmaj/CENT/aim_simulator/build/ramulator2 -f /home/aatmaj/CENT/aim_simulator/test/example.yaml -t /home/aatmaj/CENT/experiments/dda_full_sweep/traces/32_channels_per_device/16_devices/pipeline_parallel/Llama2-7B/trace_16_channels_per_block_seqlen_3584.txt
/home/aatmaj/CENT/aim_simulator/build/ramulator2 -f /home/aatmaj/CENT/aim_simulator/test/example.yaml -t /home/aatmaj/CENT/experiments/dda_full_sweep/traces/32_channels_per_device/16_devices/pipeline_parallel/Llama2-7B/trace_16_channels_per_block_seqlen_3712.txt
/home/aatmaj/CENT/experiments/dda_full_sweep/simulation/run_sim_full32.py:443: FutureWarning: The behavior of DataFrame concatenation with empty or all-NA entries is deprecated. In a future version, this will no longer exclude empty or all-NA columns when determining the result dtypes. To retain the old behavior, exclude the relevant entries before the concat operation.
  results_df = pd.concat([results_df, new_df], ignore_index=True)
/home/aatmaj/CENT/aim_simulator/build/ramulator2 -f /home/aatmaj/CENT/aim_simulator/test/example.yaml -t /home/aatmaj/CENT/experiments/dda_full_sweep/traces/32_channels_per_device/16_devices/pipeline_parallel/Llama2-7B/trace_16_channels_per_block_seqlen_3840.txt
/home/aatmaj/CENT/aim_simulator/build/ramulator2 -f /home/aatmaj/CENT/aim_simulator/test/example.yaml -t /home/aatmaj/CENT/experiments/dda_full_sweep/traces/32_channels_per_device/16_devices/pipeline_parallel/Llama2-7B/trace_16_channels_per_block_seqlen_3968.txt
/home/aatmaj/CENT/aim_simulator/build/ramulator2 -f /home/aatmaj/CENT/aim_simulator/test/example.yaml -t /home/aatmaj/CENT/experiments/dda_full_sweep/traces/32_channels_per_device/16_devices/pipeline_parallel/Llama2-7B/trace_16_channels_per_block_seqlen_4096.txt
Processing results...
Updating simulation results to CSV...
=== Llama2-7B | N=16 | mode=pp | re-scoring at 9 lanes/dev (standalone box) ===
/home/aatmaj/CENT/experiments/dda_full_sweep/simulation/run_sim_full32.py:443: FutureWarning: The behavior of DataFrame concatenation with empty or all-NA entries is deprecated. In a future version, this will no longer exclude empty or all-NA columns when determining the result dtypes. To retain the old behavior, exclude the relevant entries before the concat operation.
  results_df = pd.concat([results_df, new_df], ignore_index=True)
Updating simulation results to CSV...

=== Llama2-7B | N=16 | mode=mp | scoring at 4 lanes/dev (shared 32-dev fabric) ===
Generating traces for Llama2-7B (16 devices) ...
/home/aatmaj/CENT/aim_simulator/build/ramulator2 -f /home/aatmaj/CENT/aim_simulator/test/example.yaml -t /home/aatmaj/CENT/experiments/dda_full_sweep/traces/32_channels_per_device/16_devices/model_parallel_embedding/Llama2-7B/trace_1_FC_devices_seqlen_4096.txt
/home/aatmaj/CENT/aim_simulator/build/ramulator2 -f /home/aatmaj/CENT/aim_simulator/test/example.yaml -t /home/aatmaj/CENT/experiments/dda_full_sweep/traces/32_channels_per_device/16_devices/model_parallel_embedding/Llama2-7B/trace_2_FC_devices_seqlen_4096.txt
/home/aatmaj/CENT/aim_simulator/build/ramulator2 -f /home/aatmaj/CENT/aim_simulator/test/example.yaml -t /home/aatmaj/CENT/experiments/dda_full_sweep/traces/32_channels_per_device/16_devices/model_parallel_embedding/Llama2-7B/trace_4_FC_devices_seqlen_4096.txt
/home/aatmaj/CENT/aim_simulator/build/ramulator2 -f /home/aatmaj/CENT/aim_simulator/test/example.yaml -t /home/aatmaj/CENT/experiments/dda_full_sweep/traces/32_channels_per_device/16_devices/model_parallel_embedding/Llama2-7B/trace_8_FC_devices_seqlen_4096.txt
/home/aatmaj/CENT/aim_simulator/build/ramulator2 -f /home/aatmaj/CENT/aim_simulator/test/example.yaml -t /home/aatmaj/CENT/experiments/dda_full_sweep/traces/32_channels_per_device/16_devices/model_parallel_embedding/Llama2-7B/trace_16_FC_devices_seqlen_4096.txt
/home/aatmaj/CENT/aim_simulator/build/ramulator2 -f /home/aatmaj/CENT/aim_simulator/test/example.yaml -t /home/aatmaj/CENT/experiments/dda_full_sweep/traces/32_channels_per_device/16_devices/model_parallel/Llama2-7B/trace_1_FC_devices_seqlen_128.txt
/home/aatmaj/CENT/aim_simulator/build/ramulator2 -f /home/aatmaj/CENT/aim_simulator/test/example.yaml -t /home/aatmaj/CENT/experiments/dda_full_sweep/traces/32_channels_per_device/16_devices/model_parallel_FC/Llama2-7B/trace_1_FC_devices_seqlen_128.txt
/home/aatmaj/CENT/aim_simulator/build/ramulator2 -f /home/aatmaj/CENT/aim_simulator/test/example.yaml -t /home/aatmaj/CENT/experiments/dda_full_sweep/traces/32_channels_per_device/16_devices/model_parallel/Llama2-7B/trace_2_FC_devices_seqlen_128.txt
/home/aatmaj/CENT/aim_simulator/build/ramulator2 -f /home/aatmaj/CENT/aim_simulator/test/example.yaml -t /home/aatmaj/CENT/experiments/dda_full_sweep/traces/32_channels_per_device/16_devices/model_parallel_FC/Llama2-7B/trace_2_FC_devices_seqlen_128.txt
/home/aatmaj/CENT/aim_simulator/build/ramulator2 -f /home/aatmaj/CENT/aim_simulator/test/example.yaml -t /home/aatmaj/CENT/experiments/dda_full_sweep/traces/32_channels_per_device/16_devices/model_parallel/Llama2-7B/trace_4_FC_devices_seqlen_128.txt
/home/aatmaj/CENT/aim_simulator/build/ramulator2 -f /home/aatmaj/CENT/aim_simulator/test/example.yaml -t /home/aatmaj/CENT/experiments/dda_full_sweep/traces/32_channels_per_device/16_devices/model_parallel_FC/Llama2-7B/trace_4_FC_devices_seqlen_128.txt
/home/aatmaj/CENT/aim_simulator/build/ramulator2 -f /home/aatmaj/CENT/aim_simulator/test/example.yaml -t /home/aatmaj/CENT/experiments/dda_full_sweep/traces/32_channels_per_device/16_devices/model_parallel/Llama2-7B/trace_8_FC_devices_seqlen_128.txt
/home/aatmaj/CENT/aim_simulator/build/ramulator2 -f /home/aatmaj/CENT/aim_simulator/test/example.yaml -t /home/aatmaj/CENT/experiments/dda_full_sweep/traces/32_channels_per_device/16_devices/model_parallel_FC/Llama2-7B/trace_8_FC_devices_seqlen_128.txt
/home/aatmaj/CENT/aim_simulator/build/ramulator2 -f /home/aatmaj/CENT/aim_simulator/test/example.yaml -t /home/aatmaj/CENT/experiments/dda_full_sweep/traces/32_channels_per_device/16_devices/model_parallel/Llama2-7B/trace_16_FC_devices_seqlen_128.txt
/home/aatmaj/CENT/aim_simulator/build/ramulator2 -f /home/aatmaj/CENT/aim_simulator/test/example.yaml -t /home/aatmaj/CENT/experiments/dda_full_sweep/traces/32_channels_per_device/16_devices/model_parallel_FC/Llama2-7B/trace_16_FC_devices_seqlen_128.txt
/home/aatmaj/CENT/aim_simulator/build/ramulator2 -f /home/aatmaj/CENT/aim_simulator/test/example.yaml -t /home/aatmaj/CENT/experiments/dda_full_sweep/traces/32_channels_per_device/16_devices/model_parallel/Llama2-7B/trace_1_FC_devices_seqlen_256.txt
/home/aatmaj/CENT/aim_simulator/build/ramulator2 -f /home/aatmaj/CENT/aim_simulator/test/example.yaml -t /home/aatmaj/CENT/experiments/dda_full_sweep/traces/32_channels_per_device/16_devices/model_parallel_FC/Llama2-7B/trace_1_FC_devices_seqlen_256.txt
/home/aatmaj/CENT/aim_simulator/build/ramulator2 -f /home/aatmaj/CENT/aim_simulator/test/example.yaml -t /home/aatmaj/CENT/experiments/dda_full_sweep/traces/32_channels_per_device/16_devices/model_parallel/Llama2-7B/trace_2_FC_devices_seqlen_256.txt
/home/aatmaj/CENT/aim_simulator/build/ramulator2 -f /home/aatmaj/CENT/aim_simulator/test/example.yaml -t /home/aatmaj/CENT/experiments/dda_full_sweep/traces/32_channels_per_device/16_devices/model_parallel_FC/Llama2-7B/trace_2_FC_devices_seqlen_256.txt
/home/aatmaj/CENT/aim_simulator/build/ramulator2 -f /home/aatmaj/CENT/aim_simulator/test/example.yaml -t /home/aatmaj/CENT/experiments/dda_full_sweep/traces/32_channels_per_device/16_devices/model_parallel/Llama2-7B/trace_4_FC_devices_seqlen_256.txt
/home/aatmaj/CENT/aim_simulator/build/ramulator2 -f /home/aatmaj/CENT/aim_simulator/test/example.yaml -t /home/aatmaj/CENT/experiments/dda_full_sweep/traces/32_channels_per_device/16_devices/model_parallel_FC/Llama2-7B/trace_4_FC_devices_seqlen_256.txt
/home/aatmaj/CENT/aim_simulator/build/ramulator2 -f /home/aatmaj/CENT/aim_simulator/test/example.yaml -t /home/aatmaj/CENT/experiments/dda_full_sweep/traces/32_channels_per_device/16_devices/model_parallel/Llama2-7B/trace_8_FC_devices_seqlen_256.txt
/home/aatmaj/CENT/aim_simulator/build/ramulator2 -f /home/aatmaj/CENT/aim_simulator/test/example.yaml -t /home/aatmaj/CENT/experiments/dda_full_sweep/traces/32_channels_per_device/16_devices/model_parallel_FC/Llama2-7B/trace_8_FC_devices_seqlen_256.txt
/home/aatmaj/CENT/aim_simulator/build/ramulator2 -f /home/aatmaj/CENT/aim_simulator/test/example.yaml -t /home/aatmaj/CENT/experiments/dda_full_sweep/traces/32_channels_per_device/16_devices/model_parallel/Llama2-7B/trace_16_FC_devices_seqlen_256.txt
/home/aatmaj/CENT/aim_simulator/build/ramulator2 -f /home/aatmaj/CENT/aim_simulator/test/example.yaml -t /home/aatmaj/CENT/experiments/dda_full_sweep/traces/32_channels_per_device/16_devices/model_parallel_FC/Llama2-7B/trace_16_FC_devices_seqlen_256.txt
/home/aatmaj/CENT/aim_simulator/build/ramulator2 -f /home/aatmaj/CENT/aim_simulator/test/example.yaml -t /home/aatmaj/CENT/experiments/dda_full_sweep/traces/32_channels_per_device/16_devices/model_parallel/Llama2-7B/trace_1_FC_devices_seqlen_384.txt
/home/aatmaj/CENT/aim_simulator/build/ramulator2 -f /home/aatmaj/CENT/aim_simulator/test/example.yaml -t /home/aatmaj/CENT/experiments/dda_full_sweep/traces/32_channels_per_device/16_devices/model_parallel_FC/Llama2-7B/trace_1_FC_devices_seqlen_384.txt
/home/aatmaj/CENT/aim_simulator/build/ramulator2 -f /home/aatmaj/CENT/aim_simulator/test/example.yaml -t /home/aatmaj/CENT/experiments/dda_full_sweep/traces/32_channels_per_device/16_devices/model_parallel/Llama2-7B/trace_2_FC_devices_seqlen_384.txt
/home/aatmaj/CENT/aim_simulator/build/ramulator2 -f /home/aatmaj/CENT/aim_simulator/test/example.yaml -t /home/aatmaj/CENT/experiments/dda_full_sweep/traces/32_channels_per_device/16_devices/model_parallel_FC/Llama2-7B/trace_2_FC_devices_seqlen_384.txt
/home/aatmaj/CENT/aim_simulator/build/ramulator2 -f /home/aatmaj/CENT/aim_simulator/test/example.yaml -t /home/aatmaj/CENT/experiments/dda_full_sweep/traces/32_channels_per_device/16_devices/model_parallel/Llama2-7B/trace_4_FC_devices_seqlen_384.txt
/home/aatmaj/CENT/aim_simulator/build/ramulator2 -f /home/aatmaj/CENT/aim_simulator/test/example.yaml -t /home/aatmaj/CENT/experiments/dda_full_sweep/traces/32_channels_per_device/16_devices/model_parallel_FC/Llama2-7B/trace_4_FC_devices_seqlen_384.txt
/home/aatmaj/CENT/aim_simulator/build/ramulator2 -f /home/aatmaj/CENT/aim_simulator/test/example.yaml -t /home/aatmaj/CENT/experiments/dda_full_sweep/traces/32_channels_per_device/16_devices/model_parallel/Llama2-7B/trace_8_FC_devices_seqlen_384.txt
/home/aatmaj/CENT/aim_simulator/build/ramulator2 -f /home/aatmaj/CENT/aim_simulator/test/example.yaml -t /home/aatmaj/CENT/experiments/dda_full_sweep/traces/32_channels_per_device/16_devices/model_parallel_FC/Llama2-7B/trace_8_FC_devices_seqlen_384.txt
/home/aatmaj/CENT/aim_simulator/build/ramulator2 -f /home/aatmaj/CENT/aim_simulator/test/example.yaml -t /home/aatmaj/CENT/experiments/dda_full_sweep/traces/32_channels_per_device/16_devices/model_parallel/Llama2-7B/trace_16_FC_devices_seqlen_384.txt
/home/aatmaj/CENT/aim_simulator/build/ramulator2 -f /home/aatmaj/CENT/aim_simulator/test/example.yaml -t /home/aatmaj/CENT/experiments/dda_full_sweep/traces/32_channels_per_device/16_devices/model_parallel_FC/Llama2-7B/trace_16_FC_devices_seqlen_384.txt
/home/aatmaj/CENT/aim_simulator/build/ramulator2 -f /home/aatmaj/CENT/aim_simulator/test/example.yaml -t /home/aatmaj/CENT/experiments/dda_full_sweep/traces/32_channels_per_device/16_devices/model_parallel/Llama2-7B/trace_1_FC_devices_seqlen_512.txt
/home/aatmaj/CENT/aim_simulator/build/ramulator2 -f /home/aatmaj/CENT/aim_simulator/test/example.yaml -t /home/aatmaj/CENT/experiments/dda_full_sweep/traces/32_channels_per_device/16_devices/model_parallel_FC/Llama2-7B/trace_1_FC_devices_seqlen_512.txt
/home/aatmaj/CENT/aim_simulator/build/ramulator2 -f /home/aatmaj/CENT/aim_simulator/test/example.yaml -t /home/aatmaj/CENT/experiments/dda_full_sweep/traces/32_channels_per_device/16_devices/model_parallel/Llama2-7B/trace_2_FC_devices_seqlen_512.txt
/home/aatmaj/CENT/aim_simulator/build/ramulator2 -f /home/aatmaj/CENT/aim_simulator/test/example.yaml -t /home/aatmaj/CENT/experiments/dda_full_sweep/traces/32_channels_per_device/16_devices/model_parallel_FC/Llama2-7B/trace_2_FC_devices_seqlen_512.txt
/home/aatmaj/CENT/aim_simulator/build/ramulator2 -f /home/aatmaj/CENT/aim_simulator/test/example.yaml -t /home/aatmaj/CENT/experiments/dda_full_sweep/traces/32_channels_per_device/16_devices/model_parallel/Llama2-7B/trace_4_FC_devices_seqlen_512.txt
/home/aatmaj/CENT/aim_simulator/build/ramulator2 -f /home/aatmaj/CENT/aim_simulator/test/example.yaml -t /home/aatmaj/CENT/experiments/dda_full_sweep/traces/32_channels_per_device/16_devices/model_parallel_FC/Llama2-7B/trace_4_FC_devices_seqlen_512.txt
/home/aatmaj/CENT/aim_simulator/build/ramulator2 -f /home/aatmaj/CENT/aim_simulator/test/example.yaml -t /home/aatmaj/CENT/experiments/dda_full_sweep/traces/32_channels_per_device/16_devices/model_parallel/Llama2-7B/trace_8_FC_devices_seqlen_512.txt
/home/aatmaj/CENT/aim_simulator/build/ramulator2 -f /home/aatmaj/CENT/aim_simulator/test/example.yaml -t /home/aatmaj/CENT/experiments/dda_full_sweep/traces/32_channels_per_device/16_devices/model_parallel_FC/Llama2-7B/trace_8_FC_devices_seqlen_512.txt
/home/aatmaj/CENT/aim_simulator/build/ramulator2 -f /home/aatmaj/CENT/aim_simulator/test/example.yaml -t /home/aatmaj/CENT/experiments/dda_full_sweep/traces/32_channels_per_device/16_devices/model_parallel/Llama2-7B/trace_16_FC_devices_seqlen_512.txt
/home/aatmaj/CENT/aim_simulator/build/ramulator2 -f /home/aatmaj/CENT/aim_simulator/test/example.yaml -t /home/aatmaj/CENT/experiments/dda_full_sweep/traces/32_channels_per_device/16_devices/model_parallel_FC/Llama2-7B/trace_16_FC_devices_seqlen_512.txt
/home/aatmaj/CENT/aim_simulator/build/ramulator2 -f /home/aatmaj/CENT/aim_simulator/test/example.yaml -t /home/aatmaj/CENT/experiments/dda_full_sweep/traces/32_channels_per_device/16_devices/model_parallel/Llama2-7B/trace_1_FC_devices_seqlen_640.txt
/home/aatmaj/CENT/aim_simulator/build/ramulator2 -f /home/aatmaj/CENT/aim_simulator/test/example.yaml -t /home/aatmaj/CENT/experiments/dda_full_sweep/traces/32_channels_per_device/16_devices/model_parallel_FC/Llama2-7B/trace_1_FC_devices_seqlen_640.txt
/home/aatmaj/CENT/aim_simulator/build/ramulator2 -f /home/aatmaj/CENT/aim_simulator/test/example.yaml -t /home/aatmaj/CENT/experiments/dda_full_sweep/traces/32_channels_per_device/16_devices/model_parallel/Llama2-7B/trace_2_FC_devices_seqlen_640.txt
/home/aatmaj/CENT/aim_simulator/build/ramulator2 -f /home/aatmaj/CENT/aim_simulator/test/example.yaml -t /home/aatmaj/CENT/experiments/dda_full_sweep/traces/32_channels_per_device/16_devices/model_parallel_FC/Llama2-7B/trace_2_FC_devices_seqlen_640.txt
/home/aatmaj/CENT/aim_simulator/build/ramulator2 -f /home/aatmaj/CENT/aim_simulator/test/example.yaml -t /home/aatmaj/CENT/experiments/dda_full_sweep/traces/32_channels_per_device/16_devices/model_parallel/Llama2-7B/trace_4_FC_devices_seqlen_640.txt
/home/aatmaj/CENT/aim_simulator/build/ramulator2 -f /home/aatmaj/CENT/aim_simulator/test/example.yaml -t /home/aatmaj/CENT/experiments/dda_full_sweep/traces/32_channels_per_device/16_devices/model_parallel_FC/Llama2-7B/trace_4_FC_devices_seqlen_640.txt
/home/aatmaj/CENT/aim_simulator/build/ramulator2 -f /home/aatmaj/CENT/aim_simulator/test/example.yaml -t /home/aatmaj/CENT/experiments/dda_full_sweep/traces/32_channels_per_device/16_devices/model_parallel/Llama2-7B/trace_8_FC_devices_seqlen_640.txt
/home/aatmaj/CENT/aim_simulator/build/ramulator2 -f /home/aatmaj/CENT/aim_simulator/test/example.yaml -t /home/aatmaj/CENT/experiments/dda_full_sweep/traces/32_channels_per_device/16_devices/model_parallel_FC/Llama2-7B/trace_8_FC_devices_seqlen_640.txt
/home/aatmaj/CENT/aim_simulator/build/ramulator2 -f /home/aatmaj/CENT/aim_simulator/test/example.yaml -t /home/aatmaj/CENT/experiments/dda_full_sweep/traces/32_channels_per_device/16_devices/model_parallel/Llama2-7B/trace_16_FC_devices_seqlen_640.txt
/home/aatmaj/CENT/aim_simulator/build/ramulator2 -f /home/aatmaj/CENT/aim_simulator/test/example.yaml -t /home/aatmaj/CENT/experiments/dda_full_sweep/traces/32_channels_per_device/16_devices/model_parallel_FC/Llama2-7B/trace_16_FC_devices_seqlen_640.txt
/home/aatmaj/CENT/aim_simulator/build/ramulator2 -f /home/aatmaj/CENT/aim_simulator/test/example.yaml -t /home/aatmaj/CENT/experiments/dda_full_sweep/traces/32_channels_per_device/16_devices/model_parallel/Llama2-7B/trace_1_FC_devices_seqlen_768.txt
/home/aatmaj/CENT/aim_simulator/build/ramulator2 -f /home/aatmaj/CENT/aim_simulator/test/example.yaml -t /home/aatmaj/CENT/experiments/dda_full_sweep/traces/32_channels_per_device/16_devices/model_parallel_FC/Llama2-7B/trace_1_FC_devices_seqlen_768.txt
/home/aatmaj/CENT/aim_simulator/build/ramulator2 -f /home/aatmaj/CENT/aim_simulator/test/example.yaml -t /home/aatmaj/CENT/experiments/dda_full_sweep/traces/32_channels_per_device/16_devices/model_parallel/Llama2-7B/trace_2_FC_devices_seqlen_768.txt
/home/aatmaj/CENT/aim_simulator/build/ramulator2 -f /home/aatmaj/CENT/aim_simulator/test/example.yaml -t /home/aatmaj/CENT/experiments/dda_full_sweep/traces/32_channels_per_device/16_devices/model_parallel_FC/Llama2-7B/trace_2_FC_devices_seqlen_768.txt
/home/aatmaj/CENT/aim_simulator/build/ramulator2 -f /home/aatmaj/CENT/aim_simulator/test/example.yaml -t /home/aatmaj/CENT/experiments/dda_full_sweep/traces/32_channels_per_device/16_devices/model_parallel/Llama2-7B/trace_4_FC_devices_seqlen_768.txt
/home/aatmaj/CENT/aim_simulator/build/ramulator2 -f /home/aatmaj/CENT/aim_simulator/test/example.yaml -t /home/aatmaj/CENT/experiments/dda_full_sweep/traces/32_channels_per_device/16_devices/model_parallel_FC/Llama2-7B/trace_4_FC_devices_seqlen_768.txt
/home/aatmaj/CENT/aim_simulator/build/ramulator2 -f /home/aatmaj/CENT/aim_simulator/test/example.yaml -t /home/aatmaj/CENT/experiments/dda_full_sweep/traces/32_channels_per_device/16_devices/model_parallel/Llama2-7B/trace_8_FC_devices_seqlen_768.txt
/home/aatmaj/CENT/aim_simulator/build/ramulator2 -f /home/aatmaj/CENT/aim_simulator/test/example.yaml -t /home/aatmaj/CENT/experiments/dda_full_sweep/traces/32_channels_per_device/16_devices/model_parallel_FC/Llama2-7B/trace_8_FC_devices_seqlen_768.txt
/home/aatmaj/CENT/aim_simulator/build/ramulator2 -f /home/aatmaj/CENT/aim_simulator/test/example.yaml -t /home/aatmaj/CENT/experiments/dda_full_sweep/traces/32_channels_per_device/16_devices/model_parallel/Llama2-7B/trace_16_FC_devices_seqlen_768.txt
/home/aatmaj/CENT/aim_simulator/build/ramulator2 -f /home/aatmaj/CENT/aim_simulator/test/example.yaml -t /home/aatmaj/CENT/experiments/dda_full_sweep/traces/32_channels_per_device/16_devices/model_parallel_FC/Llama2-7B/trace_16_FC_devices_seqlen_768.txt
/home/aatmaj/CENT/aim_simulator/build/ramulator2 -f /home/aatmaj/CENT/aim_simulator/test/example.yaml -t /home/aatmaj/CENT/experiments/dda_full_sweep/traces/32_channels_per_device/16_devices/model_parallel/Llama2-7B/trace_1_FC_devices_seqlen_896.txt
/home/aatmaj/CENT/aim_simulator/build/ramulator2 -f /home/aatmaj/CENT/aim_simulator/test/example.yaml -t /home/aatmaj/CENT/experiments/dda_full_sweep/traces/32_channels_per_device/16_devices/model_parallel_FC/Llama2-7B/trace_1_FC_devices_seqlen_896.txt
/home/aatmaj/CENT/aim_simulator/build/ramulator2 -f /home/aatmaj/CENT/aim_simulator/test/example.yaml -t /home/aatmaj/CENT/experiments/dda_full_sweep/traces/32_channels_per_device/16_devices/model_parallel/Llama2-7B/trace_2_FC_devices_seqlen_896.txt
/home/aatmaj/CENT/aim_simulator/build/ramulator2 -f /home/aatmaj/CENT/aim_simulator/test/example.yaml -t /home/aatmaj/CENT/experiments/dda_full_sweep/traces/32_channels_per_device/16_devices/model_parallel_FC/Llama2-7B/trace_2_FC_devices_seqlen_896.txt
/home/aatmaj/CENT/aim_simulator/build/ramulator2 -f /home/aatmaj/CENT/aim_simulator/test/example.yaml -t /home/aatmaj/CENT/experiments/dda_full_sweep/traces/32_channels_per_device/16_devices/model_parallel/Llama2-7B/trace_4_FC_devices_seqlen_896.txt
/home/aatmaj/CENT/aim_simulator/build/ramulator2 -f /home/aatmaj/CENT/aim_simulator/test/example.yaml -t /home/aatmaj/CENT/experiments/dda_full_sweep/traces/32_channels_per_device/16_devices/model_parallel_FC/Llama2-7B/trace_4_FC_devices_seqlen_896.txt
/home/aatmaj/CENT/aim_simulator/build/ramulator2 -f /home/aatmaj/CENT/aim_simulator/test/example.yaml -t /home/aatmaj/CENT/experiments/dda_full_sweep/traces/32_channels_per_device/16_devices/model_parallel/Llama2-7B/trace_8_FC_devices_seqlen_896.txt
/home/aatmaj/CENT/aim_simulator/build/ramulator2 -f /home/aatmaj/CENT/aim_simulator/test/example.yaml -t /home/aatmaj/CENT/experiments/dda_full_sweep/traces/32_channels_per_device/16_devices/model_parallel_FC/Llama2-7B/trace_8_FC_devices_seqlen_896.txt
/home/aatmaj/CENT/aim_simulator/build/ramulator2 -f /home/aatmaj/CENT/aim_simulator/test/example.yaml -t /home/aatmaj/CENT/experiments/dda_full_sweep/traces/32_channels_per_device/16_devices/model_parallel/Llama2-7B/trace_16_FC_devices_seqlen_896.txt
/home/aatmaj/CENT/aim_simulator/build/ramulator2 -f /home/aatmaj/CENT/aim_simulator/test/example.yaml -t /home/aatmaj/CENT/experiments/dda_full_sweep/traces/32_channels_per_device/16_devices/model_parallel_FC/Llama2-7B/trace_16_FC_devices_seqlen_896.txt
/home/aatmaj/CENT/aim_simulator/build/ramulator2 -f /home/aatmaj/CENT/aim_simulator/test/example.yaml -t /home/aatmaj/CENT/experiments/dda_full_sweep/traces/32_channels_per_device/16_devices/model_parallel/Llama2-7B/trace_1_FC_devices_seqlen_1024.txt
/home/aatmaj/CENT/aim_simulator/build/ramulator2 -f /home/aatmaj/CENT/aim_simulator/test/example.yaml -t /home/aatmaj/CENT/experiments/dda_full_sweep/traces/32_channels_per_device/16_devices/model_parallel_FC/Llama2-7B/trace_1_FC_devices_seqlen_1024.txt
/home/aatmaj/CENT/aim_simulator/build/ramulator2 -f /home/aatmaj/CENT/aim_simulator/test/example.yaml -t /home/aatmaj/CENT/experiments/dda_full_sweep/traces/32_channels_per_device/16_devices/model_parallel/Llama2-7B/trace_2_FC_devices_seqlen_1024.txt
/home/aatmaj/CENT/aim_simulator/build/ramulator2 -f /home/aatmaj/CENT/aim_simulator/test/example.yaml -t /home/aatmaj/CENT/experiments/dda_full_sweep/traces/32_channels_per_device/16_devices/model_parallel_FC/Llama2-7B/trace_2_FC_devices_seqlen_1024.txt
/home/aatmaj/CENT/aim_simulator/build/ramulator2 -f /home/aatmaj/CENT/aim_simulator/test/example.yaml -t /home/aatmaj/CENT/experiments/dda_full_sweep/traces/32_channels_per_device/16_devices/model_parallel/Llama2-7B/trace_4_FC_devices_seqlen_1024.txt
/home/aatmaj/CENT/aim_simulator/build/ramulator2 -f /home/aatmaj/CENT/aim_simulator/test/example.yaml -t /home/aatmaj/CENT/experiments/dda_full_sweep/traces/32_channels_per_device/16_devices/model_parallel_FC/Llama2-7B/trace_4_FC_devices_seqlen_1024.txt
/home/aatmaj/CENT/aim_simulator/build/ramulator2 -f /home/aatmaj/CENT/aim_simulator/test/example.yaml -t /home/aatmaj/CENT/experiments/dda_full_sweep/traces/32_channels_per_device/16_devices/model_parallel/Llama2-7B/trace_8_FC_devices_seqlen_1024.txt
/home/aatmaj/CENT/aim_simulator/build/ramulator2 -f /home/aatmaj/CENT/aim_simulator/test/example.yaml -t /home/aatmaj/CENT/experiments/dda_full_sweep/traces/32_channels_per_device/16_devices/model_parallel_FC/Llama2-7B/trace_8_FC_devices_seqlen_1024.txt
/home/aatmaj/CENT/aim_simulator/build/ramulator2 -f /home/aatmaj/CENT/aim_simulator/test/example.yaml -t /home/aatmaj/CENT/experiments/dda_full_sweep/traces/32_channels_per_device/16_devices/model_parallel/Llama2-7B/trace_16_FC_devices_seqlen_1024.txt
/home/aatmaj/CENT/aim_simulator/build/ramulator2 -f /home/aatmaj/CENT/aim_simulator/test/example.yaml -t /home/aatmaj/CENT/experiments/dda_full_sweep/traces/32_channels_per_device/16_devices/model_parallel_FC/Llama2-7B/trace_16_FC_devices_seqlen_1024.txt
/home/aatmaj/CENT/aim_simulator/build/ramulator2 -f /home/aatmaj/CENT/aim_simulator/test/example.yaml -t /home/aatmaj/CENT/experiments/dda_full_sweep/traces/32_channels_per_device/16_devices/model_parallel/Llama2-7B/trace_1_FC_devices_seqlen_1152.txt
/home/aatmaj/CENT/aim_simulator/build/ramulator2 -f /home/aatmaj/CENT/aim_simulator/test/example.yaml -t /home/aatmaj/CENT/experiments/dda_full_sweep/traces/32_channels_per_device/16_devices/model_parallel_FC/Llama2-7B/trace_1_FC_devices_seqlen_1152.txt
/home/aatmaj/CENT/aim_simulator/build/ramulator2 -f /home/aatmaj/CENT/aim_simulator/test/example.yaml -t /home/aatmaj/CENT/experiments/dda_full_sweep/traces/32_channels_per_device/16_devices/model_parallel/Llama2-7B/trace_2_FC_devices_seqlen_1152.txt
/home/aatmaj/CENT/aim_simulator/build/ramulator2 -f /home/aatmaj/CENT/aim_simulator/test/example.yaml -t /home/aatmaj/CENT/experiments/dda_full_sweep/traces/32_channels_per_device/16_devices/model_parallel_FC/Llama2-7B/trace_2_FC_devices_seqlen_1152.txt
/home/aatmaj/CENT/aim_simulator/build/ramulator2 -f /home/aatmaj/CENT/aim_simulator/test/example.yaml -t /home/aatmaj/CENT/experiments/dda_full_sweep/traces/32_channels_per_device/16_devices/model_parallel/Llama2-7B/trace_4_FC_devices_seqlen_1152.txt
/home/aatmaj/CENT/aim_simulator/build/ramulator2 -f /home/aatmaj/CENT/aim_simulator/test/example.yaml -t /home/aatmaj/CENT/experiments/dda_full_sweep/traces/32_channels_per_device/16_devices/model_parallel_FC/Llama2-7B/trace_4_FC_devices_seqlen_1152.txt
/home/aatmaj/CENT/aim_simulator/build/ramulator2 -f /home/aatmaj/CENT/aim_simulator/test/example.yaml -t /home/aatmaj/CENT/experiments/dda_full_sweep/traces/32_channels_per_device/16_devices/model_parallel/Llama2-7B/trace_8_FC_devices_seqlen_1152.txt
/home/aatmaj/CENT/aim_simulator/build/ramulator2 -f /home/aatmaj/CENT/aim_simulator/test/example.yaml -t /home/aatmaj/CENT/experiments/dda_full_sweep/traces/32_channels_per_device/16_devices/model_parallel_FC/Llama2-7B/trace_8_FC_devices_seqlen_1152.txt
/home/aatmaj/CENT/aim_simulator/build/ramulator2 -f /home/aatmaj/CENT/aim_simulator/test/example.yaml -t /home/aatmaj/CENT/experiments/dda_full_sweep/traces/32_channels_per_device/16_devices/model_parallel/Llama2-7B/trace_16_FC_devices_seqlen_1152.txt
/home/aatmaj/CENT/aim_simulator/build/ramulator2 -f /home/aatmaj/CENT/aim_simulator/test/example.yaml -t /home/aatmaj/CENT/experiments/dda_full_sweep/traces/32_channels_per_device/16_devices/model_parallel_FC/Llama2-7B/trace_16_FC_devices_seqlen_1152.txt
/home/aatmaj/CENT/aim_simulator/build/ramulator2 -f /home/aatmaj/CENT/aim_simulator/test/example.yaml -t /home/aatmaj/CENT/experiments/dda_full_sweep/traces/32_channels_per_device/16_devices/model_parallel/Llama2-7B/trace_1_FC_devices_seqlen_1280.txt
/home/aatmaj/CENT/aim_simulator/build/ramulator2 -f /home/aatmaj/CENT/aim_simulator/test/example.yaml -t /home/aatmaj/CENT/experiments/dda_full_sweep/traces/32_channels_per_device/16_devices/model_parallel_FC/Llama2-7B/trace_1_FC_devices_seqlen_1280.txt
/home/aatmaj/CENT/aim_simulator/build/ramulator2 -f /home/aatmaj/CENT/aim_simulator/test/example.yaml -t /home/aatmaj/CENT/experiments/dda_full_sweep/traces/32_channels_per_device/16_devices/model_parallel/Llama2-7B/trace_2_FC_devices_seqlen_1280.txt
/home/aatmaj/CENT/aim_simulator/build/ramulator2 -f /home/aatmaj/CENT/aim_simulator/test/example.yaml -t /home/aatmaj/CENT/experiments/dda_full_sweep/traces/32_channels_per_device/16_devices/model_parallel_FC/Llama2-7B/trace_2_FC_devices_seqlen_1280.txt
/home/aatmaj/CENT/aim_simulator/build/ramulator2 -f /home/aatmaj/CENT/aim_simulator/test/example.yaml -t /home/aatmaj/CENT/experiments/dda_full_sweep/traces/32_channels_per_device/16_devices/model_parallel/Llama2-7B/trace_4_FC_devices_seqlen_1280.txt
/home/aatmaj/CENT/aim_simulator/build/ramulator2 -f /home/aatmaj/CENT/aim_simulator/test/example.yaml -t /home/aatmaj/CENT/experiments/dda_full_sweep/traces/32_channels_per_device/16_devices/model_parallel_FC/Llama2-7B/trace_4_FC_devices_seqlen_1280.txt
/home/aatmaj/CENT/aim_simulator/build/ramulator2 -f /home/aatmaj/CENT/aim_simulator/test/example.yaml -t /home/aatmaj/CENT/experiments/dda_full_sweep/traces/32_channels_per_device/16_devices/model_parallel/Llama2-7B/trace_8_FC_devices_seqlen_1280.txt
/home/aatmaj/CENT/aim_simulator/build/ramulator2 -f /home/aatmaj/CENT/aim_simulator/test/example.yaml -t /home/aatmaj/CENT/experiments/dda_full_sweep/traces/32_channels_per_device/16_devices/model_parallel_FC/Llama2-7B/trace_8_FC_devices_seqlen_1280.txt
/home/aatmaj/CENT/aim_simulator/build/ramulator2 -f /home/aatmaj/CENT/aim_simulator/test/example.yaml -t /home/aatmaj/CENT/experiments/dda_full_sweep/traces/32_channels_per_device/16_devices/model_parallel/Llama2-7B/trace_16_FC_devices_seqlen_1280.txt
/home/aatmaj/CENT/aim_simulator/build/ramulator2 -f /home/aatmaj/CENT/aim_simulator/test/example.yaml -t /home/aatmaj/CENT/experiments/dda_full_sweep/traces/32_channels_per_device/16_devices/model_parallel_FC/Llama2-7B/trace_16_FC_devices_seqlen_1280.txt
/home/aatmaj/CENT/aim_simulator/build/ramulator2 -f /home/aatmaj/CENT/aim_simulator/test/example.yaml -t /home/aatmaj/CENT/experiments/dda_full_sweep/traces/32_channels_per_device/16_devices/model_parallel/Llama2-7B/trace_1_FC_devices_seqlen_1408.txt
/home/aatmaj/CENT/aim_simulator/build/ramulator2 -f /home/aatmaj/CENT/aim_simulator/test/example.yaml -t /home/aatmaj/CENT/experiments/dda_full_sweep/traces/32_channels_per_device/16_devices/model_parallel_FC/Llama2-7B/trace_1_FC_devices_seqlen_1408.txt
/home/aatmaj/CENT/aim_simulator/build/ramulator2 -f /home/aatmaj/CENT/aim_simulator/test/example.yaml -t /home/aatmaj/CENT/experiments/dda_full_sweep/traces/32_channels_per_device/16_devices/model_parallel/Llama2-7B/trace_2_FC_devices_seqlen_1408.txt
/home/aatmaj/CENT/aim_simulator/build/ramulator2 -f /home/aatmaj/CENT/aim_simulator/test/example.yaml -t /home/aatmaj/CENT/experiments/dda_full_sweep/traces/32_channels_per_device/16_devices/model_parallel_FC/Llama2-7B/trace_2_FC_devices_seqlen_1408.txt
/home/aatmaj/CENT/aim_simulator/build/ramulator2 -f /home/aatmaj/CENT/aim_simulator/test/example.yaml -t /home/aatmaj/CENT/experiments/dda_full_sweep/traces/32_channels_per_device/16_devices/model_parallel/Llama2-7B/trace_4_FC_devices_seqlen_1408.txt
/home/aatmaj/CENT/aim_simulator/build/ramulator2 -f /home/aatmaj/CENT/aim_simulator/test/example.yaml -t /home/aatmaj/CENT/experiments/dda_full_sweep/traces/32_channels_per_device/16_devices/model_parallel_FC/Llama2-7B/trace_4_FC_devices_seqlen_1408.txt
/home/aatmaj/CENT/aim_simulator/build/ramulator2 -f /home/aatmaj/CENT/aim_simulator/test/example.yaml -t /home/aatmaj/CENT/experiments/dda_full_sweep/traces/32_channels_per_device/16_devices/model_parallel/Llama2-7B/trace_8_FC_devices_seqlen_1408.txt
/home/aatmaj/CENT/aim_simulator/build/ramulator2 -f /home/aatmaj/CENT/aim_simulator/test/example.yaml -t /home/aatmaj/CENT/experiments/dda_full_sweep/traces/32_channels_per_device/16_devices/model_parallel_FC/Llama2-7B/trace_8_FC_devices_seqlen_1408.txt
/home/aatmaj/CENT/aim_simulator/build/ramulator2 -f /home/aatmaj/CENT/aim_simulator/test/example.yaml -t /home/aatmaj/CENT/experiments/dda_full_sweep/traces/32_channels_per_device/16_devices/model_parallel/Llama2-7B/trace_16_FC_devices_seqlen_1408.txt
/home/aatmaj/CENT/aim_simulator/build/ramulator2 -f /home/aatmaj/CENT/aim_simulator/test/example.yaml -t /home/aatmaj/CENT/experiments/dda_full_sweep/traces/32_channels_per_device/16_devices/model_parallel_FC/Llama2-7B/trace_16_FC_devices_seqlen_1408.txt
/home/aatmaj/CENT/aim_simulator/build/ramulator2 -f /home/aatmaj/CENT/aim_simulator/test/example.yaml -t /home/aatmaj/CENT/experiments/dda_full_sweep/traces/32_channels_per_device/16_devices/model_parallel/Llama2-7B/trace_1_FC_devices_seqlen_1536.txt
/home/aatmaj/CENT/aim_simulator/build/ramulator2 -f /home/aatmaj/CENT/aim_simulator/test/example.yaml -t /home/aatmaj/CENT/experiments/dda_full_sweep/traces/32_channels_per_device/16_devices/model_parallel_FC/Llama2-7B/trace_1_FC_devices_seqlen_1536.txt
/home/aatmaj/CENT/aim_simulator/build/ramulator2 -f /home/aatmaj/CENT/aim_simulator/test/example.yaml -t /home/aatmaj/CENT/experiments/dda_full_sweep/traces/32_channels_per_device/16_devices/model_parallel/Llama2-7B/trace_2_FC_devices_seqlen_1536.txt
/home/aatmaj/CENT/aim_simulator/build/ramulator2 -f /home/aatmaj/CENT/aim_simulator/test/example.yaml -t /home/aatmaj/CENT/experiments/dda_full_sweep/traces/32_channels_per_device/16_devices/model_parallel_FC/Llama2-7B/trace_2_FC_devices_seqlen_1536.txt
/home/aatmaj/CENT/aim_simulator/build/ramulator2 -f /home/aatmaj/CENT/aim_simulator/test/example.yaml -t /home/aatmaj/CENT/experiments/dda_full_sweep/traces/32_channels_per_device/16_devices/model_parallel/Llama2-7B/trace_4_FC_devices_seqlen_1536.txt
/home/aatmaj/CENT/aim_simulator/build/ramulator2 -f /home/aatmaj/CENT/aim_simulator/test/example.yaml -t /home/aatmaj/CENT/experiments/dda_full_sweep/traces/32_channels_per_device/16_devices/model_parallel_FC/Llama2-7B/trace_4_FC_devices_seqlen_1536.txt
/home/aatmaj/CENT/aim_simulator/build/ramulator2 -f /home/aatmaj/CENT/aim_simulator/test/example.yaml -t /home/aatmaj/CENT/experiments/dda_full_sweep/traces/32_channels_per_device/16_devices/model_parallel/Llama2-7B/trace_8_FC_devices_seqlen_1536.txt
/home/aatmaj/CENT/aim_simulator/build/ramulator2 -f /home/aatmaj/CENT/aim_simulator/test/example.yaml -t /home/aatmaj/CENT/experiments/dda_full_sweep/traces/32_channels_per_device/16_devices/model_parallel_FC/Llama2-7B/trace_8_FC_devices_seqlen_1536.txt
/home/aatmaj/CENT/aim_simulator/build/ramulator2 -f /home/aatmaj/CENT/aim_simulator/test/example.yaml -t /home/aatmaj/CENT/experiments/dda_full_sweep/traces/32_channels_per_device/16_devices/model_parallel/Llama2-7B/trace_16_FC_devices_seqlen_1536.txt
/home/aatmaj/CENT/aim_simulator/build/ramulator2 -f /home/aatmaj/CENT/aim_simulator/test/example.yaml -t /home/aatmaj/CENT/experiments/dda_full_sweep/traces/32_channels_per_device/16_devices/model_parallel_FC/Llama2-7B/trace_16_FC_devices_seqlen_1536.txt
/home/aatmaj/CENT/aim_simulator/build/ramulator2 -f /home/aatmaj/CENT/aim_simulator/test/example.yaml -t /home/aatmaj/CENT/experiments/dda_full_sweep/traces/32_channels_per_device/16_devices/model_parallel/Llama2-7B/trace_1_FC_devices_seqlen_1664.txt
/home/aatmaj/CENT/aim_simulator/build/ramulator2 -f /home/aatmaj/CENT/aim_simulator/test/example.yaml -t /home/aatmaj/CENT/experiments/dda_full_sweep/traces/32_channels_per_device/16_devices/model_parallel_FC/Llama2-7B/trace_1_FC_devices_seqlen_1664.txt
/home/aatmaj/CENT/aim_simulator/build/ramulator2 -f /home/aatmaj/CENT/aim_simulator/test/example.yaml -t /home/aatmaj/CENT/experiments/dda_full_sweep/traces/32_channels_per_device/16_devices/model_parallel/Llama2-7B/trace_2_FC_devices_seqlen_1664.txt
/home/aatmaj/CENT/aim_simulator/build/ramulator2 -f /home/aatmaj/CENT/aim_simulator/test/example.yaml -t /home/aatmaj/CENT/experiments/dda_full_sweep/traces/32_channels_per_device/16_devices/model_parallel_FC/Llama2-7B/trace_2_FC_devices_seqlen_1664.txt
/home/aatmaj/CENT/aim_simulator/build/ramulator2 -f /home/aatmaj/CENT/aim_simulator/test/example.yaml -t /home/aatmaj/CENT/experiments/dda_full_sweep/traces/32_channels_per_device/16_devices/model_parallel/Llama2-7B/trace_4_FC_devices_seqlen_1664.txt
/home/aatmaj/CENT/aim_simulator/build/ramulator2 -f /home/aatmaj/CENT/aim_simulator/test/example.yaml -t /home/aatmaj/CENT/experiments/dda_full_sweep/traces/32_channels_per_device/16_devices/model_parallel_FC/Llama2-7B/trace_4_FC_devices_seqlen_1664.txt
/home/aatmaj/CENT/aim_simulator/build/ramulator2 -f /home/aatmaj/CENT/aim_simulator/test/example.yaml -t /home/aatmaj/CENT/experiments/dda_full_sweep/traces/32_channels_per_device/16_devices/model_parallel/Llama2-7B/trace_8_FC_devices_seqlen_1664.txt
/home/aatmaj/CENT/aim_simulator/build/ramulator2 -f /home/aatmaj/CENT/aim_simulator/test/example.yaml -t /home/aatmaj/CENT/experiments/dda_full_sweep/traces/32_channels_per_device/16_devices/model_parallel_FC/Llama2-7B/trace_8_FC_devices_seqlen_1664.txt
/home/aatmaj/CENT/aim_simulator/build/ramulator2 -f /home/aatmaj/CENT/aim_simulator/test/example.yaml -t /home/aatmaj/CENT/experiments/dda_full_sweep/traces/32_channels_per_device/16_devices/model_parallel/Llama2-7B/trace_16_FC_devices_seqlen_1664.txt
/home/aatmaj/CENT/aim_simulator/build/ramulator2 -f /home/aatmaj/CENT/aim_simulator/test/example.yaml -t /home/aatmaj/CENT/experiments/dda_full_sweep/traces/32_channels_per_device/16_devices/model_parallel_FC/Llama2-7B/trace_16_FC_devices_seqlen_1664.txt
/home/aatmaj/CENT/aim_simulator/build/ramulator2 -f /home/aatmaj/CENT/aim_simulator/test/example.yaml -t /home/aatmaj/CENT/experiments/dda_full_sweep/traces/32_channels_per_device/16_devices/model_parallel/Llama2-7B/trace_1_FC_devices_seqlen_1792.txt
/home/aatmaj/CENT/aim_simulator/build/ramulator2 -f /home/aatmaj/CENT/aim_simulator/test/example.yaml -t /home/aatmaj/CENT/experiments/dda_full_sweep/traces/32_channels_per_device/16_devices/model_parallel_FC/Llama2-7B/trace_1_FC_devices_seqlen_1792.txt
/home/aatmaj/CENT/aim_simulator/build/ramulator2 -f /home/aatmaj/CENT/aim_simulator/test/example.yaml -t /home/aatmaj/CENT/experiments/dda_full_sweep/traces/32_channels_per_device/16_devices/model_parallel/Llama2-7B/trace_2_FC_devices_seqlen_1792.txt
/home/aatmaj/CENT/aim_simulator/build/ramulator2 -f /home/aatmaj/CENT/aim_simulator/test/example.yaml -t /home/aatmaj/CENT/experiments/dda_full_sweep/traces/32_channels_per_device/16_devices/model_parallel_FC/Llama2-7B/trace_2_FC_devices_seqlen_1792.txt
/home/aatmaj/CENT/aim_simulator/build/ramulator2 -f /home/aatmaj/CENT/aim_simulator/test/example.yaml -t /home/aatmaj/CENT/experiments/dda_full_sweep/traces/32_channels_per_device/16_devices/model_parallel/Llama2-7B/trace_4_FC_devices_seqlen_1792.txt
/home/aatmaj/CENT/aim_simulator/build/ramulator2 -f /home/aatmaj/CENT/aim_simulator/test/example.yaml -t /home/aatmaj/CENT/experiments/dda_full_sweep/traces/32_channels_per_device/16_devices/model_parallel_FC/Llama2-7B/trace_4_FC_devices_seqlen_1792.txt
/home/aatmaj/CENT/aim_simulator/build/ramulator2 -f /home/aatmaj/CENT/aim_simulator/test/example.yaml -t /home/aatmaj/CENT/experiments/dda_full_sweep/traces/32_channels_per_device/16_devices/model_parallel/Llama2-7B/trace_8_FC_devices_seqlen_1792.txt
/home/aatmaj/CENT/aim_simulator/build/ramulator2 -f /home/aatmaj/CENT/aim_simulator/test/example.yaml -t /home/aatmaj/CENT/experiments/dda_full_sweep/traces/32_channels_per_device/16_devices/model_parallel_FC/Llama2-7B/trace_8_FC_devices_seqlen_1792.txt
/home/aatmaj/CENT/aim_simulator/build/ramulator2 -f /home/aatmaj/CENT/aim_simulator/test/example.yaml -t /home/aatmaj/CENT/experiments/dda_full_sweep/traces/32_channels_per_device/16_devices/model_parallel/Llama2-7B/trace_16_FC_devices_seqlen_1792.txt
/home/aatmaj/CENT/aim_simulator/build/ramulator2 -f /home/aatmaj/CENT/aim_simulator/test/example.yaml -t /home/aatmaj/CENT/experiments/dda_full_sweep/traces/32_channels_per_device/16_devices/model_parallel_FC/Llama2-7B/trace_16_FC_devices_seqlen_1792.txt
/home/aatmaj/CENT/aim_simulator/build/ramulator2 -f /home/aatmaj/CENT/aim_simulator/test/example.yaml -t /home/aatmaj/CENT/experiments/dda_full_sweep/traces/32_channels_per_device/16_devices/model_parallel/Llama2-7B/trace_1_FC_devices_seqlen_1920.txt
/home/aatmaj/CENT/aim_simulator/build/ramulator2 -f /home/aatmaj/CENT/aim_simulator/test/example.yaml -t /home/aatmaj/CENT/experiments/dda_full_sweep/traces/32_channels_per_device/16_devices/model_parallel_FC/Llama2-7B/trace_1_FC_devices_seqlen_1920.txt
/home/aatmaj/CENT/aim_simulator/build/ramulator2 -f /home/aatmaj/CENT/aim_simulator/test/example.yaml -t /home/aatmaj/CENT/experiments/dda_full_sweep/traces/32_channels_per_device/16_devices/model_parallel/Llama2-7B/trace_2_FC_devices_seqlen_1920.txt
/home/aatmaj/CENT/aim_simulator/build/ramulator2 -f /home/aatmaj/CENT/aim_simulator/test/example.yaml -t /home/aatmaj/CENT/experiments/dda_full_sweep/traces/32_channels_per_device/16_devices/model_parallel_FC/Llama2-7B/trace_2_FC_devices_seqlen_1920.txt
/home/aatmaj/CENT/aim_simulator/build/ramulator2 -f /home/aatmaj/CENT/aim_simulator/test/example.yaml -t /home/aatmaj/CENT/experiments/dda_full_sweep/traces/32_channels_per_device/16_devices/model_parallel/Llama2-7B/trace_4_FC_devices_seqlen_1920.txt
/home/aatmaj/CENT/aim_simulator/build/ramulator2 -f /home/aatmaj/CENT/aim_simulator/test/example.yaml -t /home/aatmaj/CENT/experiments/dda_full_sweep/traces/32_channels_per_device/16_devices/model_parallel_FC/Llama2-7B/trace_4_FC_devices_seqlen_1920.txt
/home/aatmaj/CENT/aim_simulator/build/ramulator2 -f /home/aatmaj/CENT/aim_simulator/test/example.yaml -t /home/aatmaj/CENT/experiments/dda_full_sweep/traces/32_channels_per_device/16_devices/model_parallel/Llama2-7B/trace_8_FC_devices_seqlen_1920.txt
/home/aatmaj/CENT/aim_simulator/build/ramulator2 -f /home/aatmaj/CENT/aim_simulator/test/example.yaml -t /home/aatmaj/CENT/experiments/dda_full_sweep/traces/32_channels_per_device/16_devices/model_parallel_FC/Llama2-7B/trace_8_FC_devices_seqlen_1920.txt
/home/aatmaj/CENT/aim_simulator/build/ramulator2 -f /home/aatmaj/CENT/aim_simulator/test/example.yaml -t /home/aatmaj/CENT/experiments/dda_full_sweep/traces/32_channels_per_device/16_devices/model_parallel/Llama2-7B/trace_16_FC_devices_seqlen_1920.txt
/home/aatmaj/CENT/aim_simulator/build/ramulator2 -f /home/aatmaj/CENT/aim_simulator/test/example.yaml -t /home/aatmaj/CENT/experiments/dda_full_sweep/traces/32_channels_per_device/16_devices/model_parallel_FC/Llama2-7B/trace_16_FC_devices_seqlen_1920.txt
/home/aatmaj/CENT/aim_simulator/build/ramulator2 -f /home/aatmaj/CENT/aim_simulator/test/example.yaml -t /home/aatmaj/CENT/experiments/dda_full_sweep/traces/32_channels_per_device/16_devices/model_parallel/Llama2-7B/trace_1_FC_devices_seqlen_2048.txt
/home/aatmaj/CENT/aim_simulator/build/ramulator2 -f /home/aatmaj/CENT/aim_simulator/test/example.yaml -t /home/aatmaj/CENT/experiments/dda_full_sweep/traces/32_channels_per_device/16_devices/model_parallel_FC/Llama2-7B/trace_1_FC_devices_seqlen_2048.txt
/home/aatmaj/CENT/aim_simulator/build/ramulator2 -f /home/aatmaj/CENT/aim_simulator/test/example.yaml -t /home/aatmaj/CENT/experiments/dda_full_sweep/traces/32_channels_per_device/16_devices/model_parallel/Llama2-7B/trace_2_FC_devices_seqlen_2048.txt
/home/aatmaj/CENT/aim_simulator/build/ramulator2 -f /home/aatmaj/CENT/aim_simulator/test/example.yaml -t /home/aatmaj/CENT/experiments/dda_full_sweep/traces/32_channels_per_device/16_devices/model_parallel_FC/Llama2-7B/trace_2_FC_devices_seqlen_2048.txt
/home/aatmaj/CENT/aim_simulator/build/ramulator2 -f /home/aatmaj/CENT/aim_simulator/test/example.yaml -t /home/aatmaj/CENT/experiments/dda_full_sweep/traces/32_channels_per_device/16_devices/model_parallel/Llama2-7B/trace_4_FC_devices_seqlen_2048.txt
/home/aatmaj/CENT/aim_simulator/build/ramulator2 -f /home/aatmaj/CENT/aim_simulator/test/example.yaml -t /home/aatmaj/CENT/experiments/dda_full_sweep/traces/32_channels_per_device/16_devices/model_parallel_FC/Llama2-7B/trace_4_FC_devices_seqlen_2048.txt
/home/aatmaj/CENT/aim_simulator/build/ramulator2 -f /home/aatmaj/CENT/aim_simulator/test/example.yaml -t /home/aatmaj/CENT/experiments/dda_full_sweep/traces/32_channels_per_device/16_devices/model_parallel/Llama2-7B/trace_8_FC_devices_seqlen_2048.txt
/home/aatmaj/CENT/aim_simulator/build/ramulator2 -f /home/aatmaj/CENT/aim_simulator/test/example.yaml -t /home/aatmaj/CENT/experiments/dda_full_sweep/traces/32_channels_per_device/16_devices/model_parallel_FC/Llama2-7B/trace_8_FC_devices_seqlen_2048.txt
/home/aatmaj/CENT/aim_simulator/build/ramulator2 -f /home/aatmaj/CENT/aim_simulator/test/example.yaml -t /home/aatmaj/CENT/experiments/dda_full_sweep/traces/32_channels_per_device/16_devices/model_parallel/Llama2-7B/trace_16_FC_devices_seqlen_2048.txt
/home/aatmaj/CENT/aim_simulator/build/ramulator2 -f /home/aatmaj/CENT/aim_simulator/test/example.yaml -t /home/aatmaj/CENT/experiments/dda_full_sweep/traces/32_channels_per_device/16_devices/model_parallel_FC/Llama2-7B/trace_16_FC_devices_seqlen_2048.txt
/home/aatmaj/CENT/aim_simulator/build/ramulator2 -f /home/aatmaj/CENT/aim_simulator/test/example.yaml -t /home/aatmaj/CENT/experiments/dda_full_sweep/traces/32_channels_per_device/16_devices/model_parallel/Llama2-7B/trace_1_FC_devices_seqlen_2176.txt
/home/aatmaj/CENT/aim_simulator/build/ramulator2 -f /home/aatmaj/CENT/aim_simulator/test/example.yaml -t /home/aatmaj/CENT/experiments/dda_full_sweep/traces/32_channels_per_device/16_devices/model_parallel_FC/Llama2-7B/trace_1_FC_devices_seqlen_2176.txt
/home/aatmaj/CENT/aim_simulator/build/ramulator2 -f /home/aatmaj/CENT/aim_simulator/test/example.yaml -t /home/aatmaj/CENT/experiments/dda_full_sweep/traces/32_channels_per_device/16_devices/model_parallel/Llama2-7B/trace_2_FC_devices_seqlen_2176.txt
/home/aatmaj/CENT/aim_simulator/build/ramulator2 -f /home/aatmaj/CENT/aim_simulator/test/example.yaml -t /home/aatmaj/CENT/experiments/dda_full_sweep/traces/32_channels_per_device/16_devices/model_parallel_FC/Llama2-7B/trace_2_FC_devices_seqlen_2176.txt
/home/aatmaj/CENT/aim_simulator/build/ramulator2 -f /home/aatmaj/CENT/aim_simulator/test/example.yaml -t /home/aatmaj/CENT/experiments/dda_full_sweep/traces/32_channels_per_device/16_devices/model_parallel/Llama2-7B/trace_4_FC_devices_seqlen_2176.txt
/home/aatmaj/CENT/aim_simulator/build/ramulator2 -f /home/aatmaj/CENT/aim_simulator/test/example.yaml -t /home/aatmaj/CENT/experiments/dda_full_sweep/traces/32_channels_per_device/16_devices/model_parallel_FC/Llama2-7B/trace_4_FC_devices_seqlen_2176.txt
/home/aatmaj/CENT/aim_simulator/build/ramulator2 -f /home/aatmaj/CENT/aim_simulator/test/example.yaml -t /home/aatmaj/CENT/experiments/dda_full_sweep/traces/32_channels_per_device/16_devices/model_parallel/Llama2-7B/trace_8_FC_devices_seqlen_2176.txt
/home/aatmaj/CENT/aim_simulator/build/ramulator2 -f /home/aatmaj/CENT/aim_simulator/test/example.yaml -t /home/aatmaj/CENT/experiments/dda_full_sweep/traces/32_channels_per_device/16_devices/model_parallel_FC/Llama2-7B/trace_8_FC_devices_seqlen_2176.txt
/home/aatmaj/CENT/aim_simulator/build/ramulator2 -f /home/aatmaj/CENT/aim_simulator/test/example.yaml -t /home/aatmaj/CENT/experiments/dda_full_sweep/traces/32_channels_per_device/16_devices/model_parallel/Llama2-7B/trace_16_FC_devices_seqlen_2176.txt
/home/aatmaj/CENT/aim_simulator/build/ramulator2 -f /home/aatmaj/CENT/aim_simulator/test/example.yaml -t /home/aatmaj/CENT/experiments/dda_full_sweep/traces/32_channels_per_device/16_devices/model_parallel_FC/Llama2-7B/trace_16_FC_devices_seqlen_2176.txt
/home/aatmaj/CENT/aim_simulator/build/ramulator2 -f /home/aatmaj/CENT/aim_simulator/test/example.yaml -t /home/aatmaj/CENT/experiments/dda_full_sweep/traces/32_channels_per_device/16_devices/model_parallel/Llama2-7B/trace_1_FC_devices_seqlen_2304.txt
/home/aatmaj/CENT/aim_simulator/build/ramulator2 -f /home/aatmaj/CENT/aim_simulator/test/example.yaml -t /home/aatmaj/CENT/experiments/dda_full_sweep/traces/32_channels_per_device/16_devices/model_parallel_FC/Llama2-7B/trace_1_FC_devices_seqlen_2304.txt
/home/aatmaj/CENT/aim_simulator/build/ramulator2 -f /home/aatmaj/CENT/aim_simulator/test/example.yaml -t /home/aatmaj/CENT/experiments/dda_full_sweep/traces/32_channels_per_device/16_devices/model_parallel/Llama2-7B/trace_2_FC_devices_seqlen_2304.txt
/home/aatmaj/CENT/aim_simulator/build/ramulator2 -f /home/aatmaj/CENT/aim_simulator/test/example.yaml -t /home/aatmaj/CENT/experiments/dda_full_sweep/traces/32_channels_per_device/16_devices/model_parallel_FC/Llama2-7B/trace_2_FC_devices_seqlen_2304.txt
/home/aatmaj/CENT/aim_simulator/build/ramulator2 -f /home/aatmaj/CENT/aim_simulator/test/example.yaml -t /home/aatmaj/CENT/experiments/dda_full_sweep/traces/32_channels_per_device/16_devices/model_parallel/Llama2-7B/trace_4_FC_devices_seqlen_2304.txt
/home/aatmaj/CENT/aim_simulator/build/ramulator2 -f /home/aatmaj/CENT/aim_simulator/test/example.yaml -t /home/aatmaj/CENT/experiments/dda_full_sweep/traces/32_channels_per_device/16_devices/model_parallel_FC/Llama2-7B/trace_4_FC_devices_seqlen_2304.txt
/home/aatmaj/CENT/aim_simulator/build/ramulator2 -f /home/aatmaj/CENT/aim_simulator/test/example.yaml -t /home/aatmaj/CENT/experiments/dda_full_sweep/traces/32_channels_per_device/16_devices/model_parallel/Llama2-7B/trace_8_FC_devices_seqlen_2304.txt
/home/aatmaj/CENT/aim_simulator/build/ramulator2 -f /home/aatmaj/CENT/aim_simulator/test/example.yaml -t /home/aatmaj/CENT/experiments/dda_full_sweep/traces/32_channels_per_device/16_devices/model_parallel_FC/Llama2-7B/trace_8_FC_devices_seqlen_2304.txt
/home/aatmaj/CENT/aim_simulator/build/ramulator2 -f /home/aatmaj/CENT/aim_simulator/test/example.yaml -t /home/aatmaj/CENT/experiments/dda_full_sweep/traces/32_channels_per_device/16_devices/model_parallel/Llama2-7B/trace_16_FC_devices_seqlen_2304.txt
/home/aatmaj/CENT/aim_simulator/build/ramulator2 -f /home/aatmaj/CENT/aim_simulator/test/example.yaml -t /home/aatmaj/CENT/experiments/dda_full_sweep/traces/32_channels_per_device/16_devices/model_parallel_FC/Llama2-7B/trace_16_FC_devices_seqlen_2304.txt
/home/aatmaj/CENT/aim_simulator/build/ramulator2 -f /home/aatmaj/CENT/aim_simulator/test/example.yaml -t /home/aatmaj/CENT/experiments/dda_full_sweep/traces/32_channels_per_device/16_devices/model_parallel/Llama2-7B/trace_1_FC_devices_seqlen_2432.txt
/home/aatmaj/CENT/aim_simulator/build/ramulator2 -f /home/aatmaj/CENT/aim_simulator/test/example.yaml -t /home/aatmaj/CENT/experiments/dda_full_sweep/traces/32_channels_per_device/16_devices/model_parallel_FC/Llama2-7B/trace_1_FC_devices_seqlen_2432.txt
/home/aatmaj/CENT/aim_simulator/build/ramulator2 -f /home/aatmaj/CENT/aim_simulator/test/example.yaml -t /home/aatmaj/CENT/experiments/dda_full_sweep/traces/32_channels_per_device/16_devices/model_parallel/Llama2-7B/trace_2_FC_devices_seqlen_2432.txt
/home/aatmaj/CENT/aim_simulator/build/ramulator2 -f /home/aatmaj/CENT/aim_simulator/test/example.yaml -t /home/aatmaj/CENT/experiments/dda_full_sweep/traces/32_channels_per_device/16_devices/model_parallel_FC/Llama2-7B/trace_2_FC_devices_seqlen_2432.txt
/home/aatmaj/CENT/aim_simulator/build/ramulator2 -f /home/aatmaj/CENT/aim_simulator/test/example.yaml -t /home/aatmaj/CENT/experiments/dda_full_sweep/traces/32_channels_per_device/16_devices/model_parallel/Llama2-7B/trace_4_FC_devices_seqlen_2432.txt
/home/aatmaj/CENT/aim_simulator/build/ramulator2 -f /home/aatmaj/CENT/aim_simulator/test/example.yaml -t /home/aatmaj/CENT/experiments/dda_full_sweep/traces/32_channels_per_device/16_devices/model_parallel_FC/Llama2-7B/trace_4_FC_devices_seqlen_2432.txt
/home/aatmaj/CENT/aim_simulator/build/ramulator2 -f /home/aatmaj/CENT/aim_simulator/test/example.yaml -t /home/aatmaj/CENT/experiments/dda_full_sweep/traces/32_channels_per_device/16_devices/model_parallel/Llama2-7B/trace_8_FC_devices_seqlen_2432.txt
/home/aatmaj/CENT/aim_simulator/build/ramulator2 -f /home/aatmaj/CENT/aim_simulator/test/example.yaml -t /home/aatmaj/CENT/experiments/dda_full_sweep/traces/32_channels_per_device/16_devices/model_parallel_FC/Llama2-7B/trace_8_FC_devices_seqlen_2432.txt
/home/aatmaj/CENT/aim_simulator/build/ramulator2 -f /home/aatmaj/CENT/aim_simulator/test/example.yaml -t /home/aatmaj/CENT/experiments/dda_full_sweep/traces/32_channels_per_device/16_devices/model_parallel/Llama2-7B/trace_16_FC_devices_seqlen_2432.txt
/home/aatmaj/CENT/aim_simulator/build/ramulator2 -f /home/aatmaj/CENT/aim_simulator/test/example.yaml -t /home/aatmaj/CENT/experiments/dda_full_sweep/traces/32_channels_per_device/16_devices/model_parallel_FC/Llama2-7B/trace_16_FC_devices_seqlen_2432.txt
/home/aatmaj/CENT/aim_simulator/build/ramulator2 -f /home/aatmaj/CENT/aim_simulator/test/example.yaml -t /home/aatmaj/CENT/experiments/dda_full_sweep/traces/32_channels_per_device/16_devices/model_parallel/Llama2-7B/trace_1_FC_devices_seqlen_2560.txt
/home/aatmaj/CENT/aim_simulator/build/ramulator2 -f /home/aatmaj/CENT/aim_simulator/test/example.yaml -t /home/aatmaj/CENT/experiments/dda_full_sweep/traces/32_channels_per_device/16_devices/model_parallel_FC/Llama2-7B/trace_1_FC_devices_seqlen_2560.txt
/home/aatmaj/CENT/aim_simulator/build/ramulator2 -f /home/aatmaj/CENT/aim_simulator/test/example.yaml -t /home/aatmaj/CENT/experiments/dda_full_sweep/traces/32_channels_per_device/16_devices/model_parallel/Llama2-7B/trace_2_FC_devices_seqlen_2560.txt
/home/aatmaj/CENT/aim_simulator/build/ramulator2 -f /home/aatmaj/CENT/aim_simulator/test/example.yaml -t /home/aatmaj/CENT/experiments/dda_full_sweep/traces/32_channels_per_device/16_devices/model_parallel_FC/Llama2-7B/trace_2_FC_devices_seqlen_2560.txt
/home/aatmaj/CENT/aim_simulator/build/ramulator2 -f /home/aatmaj/CENT/aim_simulator/test/example.yaml -t /home/aatmaj/CENT/experiments/dda_full_sweep/traces/32_channels_per_device/16_devices/model_parallel/Llama2-7B/trace_4_FC_devices_seqlen_2560.txt
/home/aatmaj/CENT/aim_simulator/build/ramulator2 -f /home/aatmaj/CENT/aim_simulator/test/example.yaml -t /home/aatmaj/CENT/experiments/dda_full_sweep/traces/32_channels_per_device/16_devices/model_parallel_FC/Llama2-7B/trace_4_FC_devices_seqlen_2560.txt
/home/aatmaj/CENT/aim_simulator/build/ramulator2 -f /home/aatmaj/CENT/aim_simulator/test/example.yaml -t /home/aatmaj/CENT/experiments/dda_full_sweep/traces/32_channels_per_device/16_devices/model_parallel/Llama2-7B/trace_8_FC_devices_seqlen_2560.txt
/home/aatmaj/CENT/aim_simulator/build/ramulator2 -f /home/aatmaj/CENT/aim_simulator/test/example.yaml -t /home/aatmaj/CENT/experiments/dda_full_sweep/traces/32_channels_per_device/16_devices/model_parallel_FC/Llama2-7B/trace_8_FC_devices_seqlen_2560.txt
/home/aatmaj/CENT/aim_simulator/build/ramulator2 -f /home/aatmaj/CENT/aim_simulator/test/example.yaml -t /home/aatmaj/CENT/experiments/dda_full_sweep/traces/32_channels_per_device/16_devices/model_parallel/Llama2-7B/trace_16_FC_devices_seqlen_2560.txt
/home/aatmaj/CENT/aim_simulator/build/ramulator2 -f /home/aatmaj/CENT/aim_simulator/test/example.yaml -t /home/aatmaj/CENT/experiments/dda_full_sweep/traces/32_channels_per_device/16_devices/model_parallel_FC/Llama2-7B/trace_16_FC_devices_seqlen_2560.txt
/home/aatmaj/CENT/aim_simulator/build/ramulator2 -f /home/aatmaj/CENT/aim_simulator/test/example.yaml -t /home/aatmaj/CENT/experiments/dda_full_sweep/traces/32_channels_per_device/16_devices/model_parallel/Llama2-7B/trace_1_FC_devices_seqlen_2688.txt
/home/aatmaj/CENT/aim_simulator/build/ramulator2 -f /home/aatmaj/CENT/aim_simulator/test/example.yaml -t /home/aatmaj/CENT/experiments/dda_full_sweep/traces/32_channels_per_device/16_devices/model_parallel_FC/Llama2-7B/trace_1_FC_devices_seqlen_2688.txt
/home/aatmaj/CENT/aim_simulator/build/ramulator2 -f /home/aatmaj/CENT/aim_simulator/test/example.yaml -t /home/aatmaj/CENT/experiments/dda_full_sweep/traces/32_channels_per_device/16_devices/model_parallel/Llama2-7B/trace_2_FC_devices_seqlen_2688.txt
/home/aatmaj/CENT/aim_simulator/build/ramulator2 -f /home/aatmaj/CENT/aim_simulator/test/example.yaml -t /home/aatmaj/CENT/experiments/dda_full_sweep/traces/32_channels_per_device/16_devices/model_parallel_FC/Llama2-7B/trace_2_FC_devices_seqlen_2688.txt
/home/aatmaj/CENT/aim_simulator/build/ramulator2 -f /home/aatmaj/CENT/aim_simulator/test/example.yaml -t /home/aatmaj/CENT/experiments/dda_full_sweep/traces/32_channels_per_device/16_devices/model_parallel/Llama2-7B/trace_4_FC_devices_seqlen_2688.txt
/home/aatmaj/CENT/aim_simulator/build/ramulator2 -f /home/aatmaj/CENT/aim_simulator/test/example.yaml -t /home/aatmaj/CENT/experiments/dda_full_sweep/traces/32_channels_per_device/16_devices/model_parallel_FC/Llama2-7B/trace_4_FC_devices_seqlen_2688.txt
/home/aatmaj/CENT/aim_simulator/build/ramulator2 -f /home/aatmaj/CENT/aim_simulator/test/example.yaml -t /home/aatmaj/CENT/experiments/dda_full_sweep/traces/32_channels_per_device/16_devices/model_parallel/Llama2-7B/trace_8_FC_devices_seqlen_2688.txt
/home/aatmaj/CENT/aim_simulator/build/ramulator2 -f /home/aatmaj/CENT/aim_simulator/test/example.yaml -t /home/aatmaj/CENT/experiments/dda_full_sweep/traces/32_channels_per_device/16_devices/model_parallel_FC/Llama2-7B/trace_8_FC_devices_seqlen_2688.txt
/home/aatmaj/CENT/aim_simulator/build/ramulator2 -f /home/aatmaj/CENT/aim_simulator/test/example.yaml -t /home/aatmaj/CENT/experiments/dda_full_sweep/traces/32_channels_per_device/16_devices/model_parallel/Llama2-7B/trace_16_FC_devices_seqlen_2688.txt
/home/aatmaj/CENT/aim_simulator/build/ramulator2 -f /home/aatmaj/CENT/aim_simulator/test/example.yaml -t /home/aatmaj/CENT/experiments/dda_full_sweep/traces/32_channels_per_device/16_devices/model_parallel_FC/Llama2-7B/trace_16_FC_devices_seqlen_2688.txt
/home/aatmaj/CENT/aim_simulator/build/ramulator2 -f /home/aatmaj/CENT/aim_simulator/test/example.yaml -t /home/aatmaj/CENT/experiments/dda_full_sweep/traces/32_channels_per_device/16_devices/model_parallel/Llama2-7B/trace_1_FC_devices_seqlen_2816.txt
/home/aatmaj/CENT/aim_simulator/build/ramulator2 -f /home/aatmaj/CENT/aim_simulator/test/example.yaml -t /home/aatmaj/CENT/experiments/dda_full_sweep/traces/32_channels_per_device/16_devices/model_parallel_FC/Llama2-7B/trace_1_FC_devices_seqlen_2816.txt
/home/aatmaj/CENT/aim_simulator/build/ramulator2 -f /home/aatmaj/CENT/aim_simulator/test/example.yaml -t /home/aatmaj/CENT/experiments/dda_full_sweep/traces/32_channels_per_device/16_devices/model_parallel/Llama2-7B/trace_2_FC_devices_seqlen_2816.txt
/home/aatmaj/CENT/aim_simulator/build/ramulator2 -f /home/aatmaj/CENT/aim_simulator/test/example.yaml -t /home/aatmaj/CENT/experiments/dda_full_sweep/traces/32_channels_per_device/16_devices/model_parallel_FC/Llama2-7B/trace_2_FC_devices_seqlen_2816.txt
/home/aatmaj/CENT/aim_simulator/build/ramulator2 -f /home/aatmaj/CENT/aim_simulator/test/example.yaml -t /home/aatmaj/CENT/experiments/dda_full_sweep/traces/32_channels_per_device/16_devices/model_parallel/Llama2-7B/trace_4_FC_devices_seqlen_2816.txt
/home/aatmaj/CENT/aim_simulator/build/ramulator2 -f /home/aatmaj/CENT/aim_simulator/test/example.yaml -t /home/aatmaj/CENT/experiments/dda_full_sweep/traces/32_channels_per_device/16_devices/model_parallel_FC/Llama2-7B/trace_4_FC_devices_seqlen_2816.txt
/home/aatmaj/CENT/aim_simulator/build/ramulator2 -f /home/aatmaj/CENT/aim_simulator/test/example.yaml -t /home/aatmaj/CENT/experiments/dda_full_sweep/traces/32_channels_per_device/16_devices/model_parallel/Llama2-7B/trace_8_FC_devices_seqlen_2816.txt
/home/aatmaj/CENT/aim_simulator/build/ramulator2 -f /home/aatmaj/CENT/aim_simulator/test/example.yaml -t /home/aatmaj/CENT/experiments/dda_full_sweep/traces/32_channels_per_device/16_devices/model_parallel_FC/Llama2-7B/trace_8_FC_devices_seqlen_2816.txt
/home/aatmaj/CENT/aim_simulator/build/ramulator2 -f /home/aatmaj/CENT/aim_simulator/test/example.yaml -t /home/aatmaj/CENT/experiments/dda_full_sweep/traces/32_channels_per_device/16_devices/model_parallel/Llama2-7B/trace_16_FC_devices_seqlen_2816.txt
/home/aatmaj/CENT/aim_simulator/build/ramulator2 -f /home/aatmaj/CENT/aim_simulator/test/example.yaml -t /home/aatmaj/CENT/experiments/dda_full_sweep/traces/32_channels_per_device/16_devices/model_parallel_FC/Llama2-7B/trace_16_FC_devices_seqlen_2816.txt
/home/aatmaj/CENT/aim_simulator/build/ramulator2 -f /home/aatmaj/CENT/aim_simulator/test/example.yaml -t /home/aatmaj/CENT/experiments/dda_full_sweep/traces/32_channels_per_device/16_devices/model_parallel/Llama2-7B/trace_1_FC_devices_seqlen_2944.txt
/home/aatmaj/CENT/aim_simulator/build/ramulator2 -f /home/aatmaj/CENT/aim_simulator/test/example.yaml -t /home/aatmaj/CENT/experiments/dda_full_sweep/traces/32_channels_per_device/16_devices/model_parallel_FC/Llama2-7B/trace_1_FC_devices_seqlen_2944.txt
/home/aatmaj/CENT/aim_simulator/build/ramulator2 -f /home/aatmaj/CENT/aim_simulator/test/example.yaml -t /home/aatmaj/CENT/experiments/dda_full_sweep/traces/32_channels_per_device/16_devices/model_parallel/Llama2-7B/trace_2_FC_devices_seqlen_2944.txt
/home/aatmaj/CENT/aim_simulator/build/ramulator2 -f /home/aatmaj/CENT/aim_simulator/test/example.yaml -t /home/aatmaj/CENT/experiments/dda_full_sweep/traces/32_channels_per_device/16_devices/model_parallel_FC/Llama2-7B/trace_2_FC_devices_seqlen_2944.txt
/home/aatmaj/CENT/aim_simulator/build/ramulator2 -f /home/aatmaj/CENT/aim_simulator/test/example.yaml -t /home/aatmaj/CENT/experiments/dda_full_sweep/traces/32_channels_per_device/16_devices/model_parallel/Llama2-7B/trace_4_FC_devices_seqlen_2944.txt
/home/aatmaj/CENT/aim_simulator/build/ramulator2 -f /home/aatmaj/CENT/aim_simulator/test/example.yaml -t /home/aatmaj/CENT/experiments/dda_full_sweep/traces/32_channels_per_device/16_devices/model_parallel_FC/Llama2-7B/trace_4_FC_devices_seqlen_2944.txt
/home/aatmaj/CENT/aim_simulator/build/ramulator2 -f /home/aatmaj/CENT/aim_simulator/test/example.yaml -t /home/aatmaj/CENT/experiments/dda_full_sweep/traces/32_channels_per_device/16_devices/model_parallel/Llama2-7B/trace_8_FC_devices_seqlen_2944.txt
/home/aatmaj/CENT/aim_simulator/build/ramulator2 -f /home/aatmaj/CENT/aim_simulator/test/example.yaml -t /home/aatmaj/CENT/experiments/dda_full_sweep/traces/32_channels_per_device/16_devices/model_parallel_FC/Llama2-7B/trace_8_FC_devices_seqlen_2944.txt
/home/aatmaj/CENT/aim_simulator/build/ramulator2 -f /home/aatmaj/CENT/aim_simulator/test/example.yaml -t /home/aatmaj/CENT/experiments/dda_full_sweep/traces/32_channels_per_device/16_devices/model_parallel/Llama2-7B/trace_16_FC_devices_seqlen_2944.txt
/home/aatmaj/CENT/aim_simulator/build/ramulator2 -f /home/aatmaj/CENT/aim_simulator/test/example.yaml -t /home/aatmaj/CENT/experiments/dda_full_sweep/traces/32_channels_per_device/16_devices/model_parallel_FC/Llama2-7B/trace_16_FC_devices_seqlen_2944.txt
/home/aatmaj/CENT/aim_simulator/build/ramulator2 -f /home/aatmaj/CENT/aim_simulator/test/example.yaml -t /home/aatmaj/CENT/experiments/dda_full_sweep/traces/32_channels_per_device/16_devices/model_parallel/Llama2-7B/trace_1_FC_devices_seqlen_3072.txt
/home/aatmaj/CENT/aim_simulator/build/ramulator2 -f /home/aatmaj/CENT/aim_simulator/test/example.yaml -t /home/aatmaj/CENT/experiments/dda_full_sweep/traces/32_channels_per_device/16_devices/model_parallel_FC/Llama2-7B/trace_1_FC_devices_seqlen_3072.txt
/home/aatmaj/CENT/aim_simulator/build/ramulator2 -f /home/aatmaj/CENT/aim_simulator/test/example.yaml -t /home/aatmaj/CENT/experiments/dda_full_sweep/traces/32_channels_per_device/16_devices/model_parallel/Llama2-7B/trace_2_FC_devices_seqlen_3072.txt
/home/aatmaj/CENT/aim_simulator/build/ramulator2 -f /home/aatmaj/CENT/aim_simulator/test/example.yaml -t /home/aatmaj/CENT/experiments/dda_full_sweep/traces/32_channels_per_device/16_devices/model_parallel_FC/Llama2-7B/trace_2_FC_devices_seqlen_3072.txt
/home/aatmaj/CENT/aim_simulator/build/ramulator2 -f /home/aatmaj/CENT/aim_simulator/test/example.yaml -t /home/aatmaj/CENT/experiments/dda_full_sweep/traces/32_channels_per_device/16_devices/model_parallel/Llama2-7B/trace_4_FC_devices_seqlen_3072.txt
/home/aatmaj/CENT/aim_simulator/build/ramulator2 -f /home/aatmaj/CENT/aim_simulator/test/example.yaml -t /home/aatmaj/CENT/experiments/dda_full_sweep/traces/32_channels_per_device/16_devices/model_parallel_FC/Llama2-7B/trace_4_FC_devices_seqlen_3072.txt
/home/aatmaj/CENT/aim_simulator/build/ramulator2 -f /home/aatmaj/CENT/aim_simulator/test/example.yaml -t /home/aatmaj/CENT/experiments/dda_full_sweep/traces/32_channels_per_device/16_devices/model_parallel/Llama2-7B/trace_8_FC_devices_seqlen_3072.txt
/home/aatmaj/CENT/aim_simulator/build/ramulator2 -f /home/aatmaj/CENT/aim_simulator/test/example.yaml -t /home/aatmaj/CENT/experiments/dda_full_sweep/traces/32_channels_per_device/16_devices/model_parallel_FC/Llama2-7B/trace_8_FC_devices_seqlen_3072.txt
/home/aatmaj/CENT/aim_simulator/build/ramulator2 -f /home/aatmaj/CENT/aim_simulator/test/example.yaml -t /home/aatmaj/CENT/experiments/dda_full_sweep/traces/32_channels_per_device/16_devices/model_parallel/Llama2-7B/trace_16_FC_devices_seqlen_3072.txt
/home/aatmaj/CENT/aim_simulator/build/ramulator2 -f /home/aatmaj/CENT/aim_simulator/test/example.yaml -t /home/aatmaj/CENT/experiments/dda_full_sweep/traces/32_channels_per_device/16_devices/model_parallel_FC/Llama2-7B/trace_16_FC_devices_seqlen_3072.txt
/home/aatmaj/CENT/aim_simulator/build/ramulator2 -f /home/aatmaj/CENT/aim_simulator/test/example.yaml -t /home/aatmaj/CENT/experiments/dda_full_sweep/traces/32_channels_per_device/16_devices/model_parallel/Llama2-7B/trace_1_FC_devices_seqlen_3200.txt
/home/aatmaj/CENT/aim_simulator/build/ramulator2 -f /home/aatmaj/CENT/aim_simulator/test/example.yaml -t /home/aatmaj/CENT/experiments/dda_full_sweep/traces/32_channels_per_device/16_devices/model_parallel_FC/Llama2-7B/trace_1_FC_devices_seqlen_3200.txt
/home/aatmaj/CENT/aim_simulator/build/ramulator2 -f /home/aatmaj/CENT/aim_simulator/test/example.yaml -t /home/aatmaj/CENT/experiments/dda_full_sweep/traces/32_channels_per_device/16_devices/model_parallel/Llama2-7B/trace_2_FC_devices_seqlen_3200.txt
/home/aatmaj/CENT/aim_simulator/build/ramulator2 -f /home/aatmaj/CENT/aim_simulator/test/example.yaml -t /home/aatmaj/CENT/experiments/dda_full_sweep/traces/32_channels_per_device/16_devices/model_parallel_FC/Llama2-7B/trace_2_FC_devices_seqlen_3200.txt
/home/aatmaj/CENT/aim_simulator/build/ramulator2 -f /home/aatmaj/CENT/aim_simulator/test/example.yaml -t /home/aatmaj/CENT/experiments/dda_full_sweep/traces/32_channels_per_device/16_devices/model_parallel/Llama2-7B/trace_4_FC_devices_seqlen_3200.txt
/home/aatmaj/CENT/aim_simulator/build/ramulator2 -f /home/aatmaj/CENT/aim_simulator/test/example.yaml -t /home/aatmaj/CENT/experiments/dda_full_sweep/traces/32_channels_per_device/16_devices/model_parallel_FC/Llama2-7B/trace_4_FC_devices_seqlen_3200.txt
/home/aatmaj/CENT/aim_simulator/build/ramulator2 -f /home/aatmaj/CENT/aim_simulator/test/example.yaml -t /home/aatmaj/CENT/experiments/dda_full_sweep/traces/32_channels_per_device/16_devices/model_parallel/Llama2-7B/trace_8_FC_devices_seqlen_3200.txt
/home/aatmaj/CENT/aim_simulator/build/ramulator2 -f /home/aatmaj/CENT/aim_simulator/test/example.yaml -t /home/aatmaj/CENT/experiments/dda_full_sweep/traces/32_channels_per_device/16_devices/model_parallel_FC/Llama2-7B/trace_8_FC_devices_seqlen_3200.txt
/home/aatmaj/CENT/aim_simulator/build/ramulator2 -f /home/aatmaj/CENT/aim_simulator/test/example.yaml -t /home/aatmaj/CENT/experiments/dda_full_sweep/traces/32_channels_per_device/16_devices/model_parallel/Llama2-7B/trace_16_FC_devices_seqlen_3200.txt
/home/aatmaj/CENT/aim_simulator/build/ramulator2 -f /home/aatmaj/CENT/aim_simulator/test/example.yaml -t /home/aatmaj/CENT/experiments/dda_full_sweep/traces/32_channels_per_device/16_devices/model_parallel_FC/Llama2-7B/trace_16_FC_devices_seqlen_3200.txt
/home/aatmaj/CENT/aim_simulator/build/ramulator2 -f /home/aatmaj/CENT/aim_simulator/test/example.yaml -t /home/aatmaj/CENT/experiments/dda_full_sweep/traces/32_channels_per_device/16_devices/model_parallel/Llama2-7B/trace_1_FC_devices_seqlen_3328.txt
/home/aatmaj/CENT/aim_simulator/build/ramulator2 -f /home/aatmaj/CENT/aim_simulator/test/example.yaml -t /home/aatmaj/CENT/experiments/dda_full_sweep/traces/32_channels_per_device/16_devices/model_parallel_FC/Llama2-7B/trace_1_FC_devices_seqlen_3328.txt
/home/aatmaj/CENT/aim_simulator/build/ramulator2 -f /home/aatmaj/CENT/aim_simulator/test/example.yaml -t /home/aatmaj/CENT/experiments/dda_full_sweep/traces/32_channels_per_device/16_devices/model_parallel/Llama2-7B/trace_2_FC_devices_seqlen_3328.txt
/home/aatmaj/CENT/aim_simulator/build/ramulator2 -f /home/aatmaj/CENT/aim_simulator/test/example.yaml -t /home/aatmaj/CENT/experiments/dda_full_sweep/traces/32_channels_per_device/16_devices/model_parallel_FC/Llama2-7B/trace_2_FC_devices_seqlen_3328.txt
/home/aatmaj/CENT/aim_simulator/build/ramulator2 -f /home/aatmaj/CENT/aim_simulator/test/example.yaml -t /home/aatmaj/CENT/experiments/dda_full_sweep/traces/32_channels_per_device/16_devices/model_parallel/Llama2-7B/trace_4_FC_devices_seqlen_3328.txt
/home/aatmaj/CENT/aim_simulator/build/ramulator2 -f /home/aatmaj/CENT/aim_simulator/test/example.yaml -t /home/aatmaj/CENT/experiments/dda_full_sweep/traces/32_channels_per_device/16_devices/model_parallel_FC/Llama2-7B/trace_4_FC_devices_seqlen_3328.txt
/home/aatmaj/CENT/aim_simulator/build/ramulator2 -f /home/aatmaj/CENT/aim_simulator/test/example.yaml -t /home/aatmaj/CENT/experiments/dda_full_sweep/traces/32_channels_per_device/16_devices/model_parallel/Llama2-7B/trace_8_FC_devices_seqlen_3328.txt
/home/aatmaj/CENT/aim_simulator/build/ramulator2 -f /home/aatmaj/CENT/aim_simulator/test/example.yaml -t /home/aatmaj/CENT/experiments/dda_full_sweep/traces/32_channels_per_device/16_devices/model_parallel_FC/Llama2-7B/trace_8_FC_devices_seqlen_3328.txt
/home/aatmaj/CENT/aim_simulator/build/ramulator2 -f /home/aatmaj/CENT/aim_simulator/test/example.yaml -t /home/aatmaj/CENT/experiments/dda_full_sweep/traces/32_channels_per_device/16_devices/model_parallel/Llama2-7B/trace_16_FC_devices_seqlen_3328.txt
/home/aatmaj/CENT/aim_simulator/build/ramulator2 -f /home/aatmaj/CENT/aim_simulator/test/example.yaml -t /home/aatmaj/CENT/experiments/dda_full_sweep/traces/32_channels_per_device/16_devices/model_parallel_FC/Llama2-7B/trace_16_FC_devices_seqlen_3328.txt
/home/aatmaj/CENT/aim_simulator/build/ramulator2 -f /home/aatmaj/CENT/aim_simulator/test/example.yaml -t /home/aatmaj/CENT/experiments/dda_full_sweep/traces/32_channels_per_device/16_devices/model_parallel/Llama2-7B/trace_1_FC_devices_seqlen_3456.txt
/home/aatmaj/CENT/aim_simulator/build/ramulator2 -f /home/aatmaj/CENT/aim_simulator/test/example.yaml -t /home/aatmaj/CENT/experiments/dda_full_sweep/traces/32_channels_per_device/16_devices/model_parallel_FC/Llama2-7B/trace_1_FC_devices_seqlen_3456.txt
/home/aatmaj/CENT/aim_simulator/build/ramulator2 -f /home/aatmaj/CENT/aim_simulator/test/example.yaml -t /home/aatmaj/CENT/experiments/dda_full_sweep/traces/32_channels_per_device/16_devices/model_parallel/Llama2-7B/trace_2_FC_devices_seqlen_3456.txt
/home/aatmaj/CENT/aim_simulator/build/ramulator2 -f /home/aatmaj/CENT/aim_simulator/test/example.yaml -t /home/aatmaj/CENT/experiments/dda_full_sweep/traces/32_channels_per_device/16_devices/model_parallel_FC/Llama2-7B/trace_2_FC_devices_seqlen_3456.txt
/home/aatmaj/CENT/aim_simulator/build/ramulator2 -f /home/aatmaj/CENT/aim_simulator/test/example.yaml -t /home/aatmaj/CENT/experiments/dda_full_sweep/traces/32_channels_per_device/16_devices/model_parallel/Llama2-7B/trace_4_FC_devices_seqlen_3456.txt
/home/aatmaj/CENT/aim_simulator/build/ramulator2 -f /home/aatmaj/CENT/aim_simulator/test/example.yaml -t /home/aatmaj/CENT/experiments/dda_full_sweep/traces/32_channels_per_device/16_devices/model_parallel_FC/Llama2-7B/trace_4_FC_devices_seqlen_3456.txt
/home/aatmaj/CENT/aim_simulator/build/ramulator2 -f /home/aatmaj/CENT/aim_simulator/test/example.yaml -t /home/aatmaj/CENT/experiments/dda_full_sweep/traces/32_channels_per_device/16_devices/model_parallel/Llama2-7B/trace_8_FC_devices_seqlen_3456.txt
/home/aatmaj/CENT/aim_simulator/build/ramulator2 -f /home/aatmaj/CENT/aim_simulator/test/example.yaml -t /home/aatmaj/CENT/experiments/dda_full_sweep/traces/32_channels_per_device/16_devices/model_parallel_FC/Llama2-7B/trace_8_FC_devices_seqlen_3456.txt
/home/aatmaj/CENT/aim_simulator/build/ramulator2 -f /home/aatmaj/CENT/aim_simulator/test/example.yaml -t /home/aatmaj/CENT/experiments/dda_full_sweep/traces/32_channels_per_device/16_devices/model_parallel/Llama2-7B/trace_16_FC_devices_seqlen_3456.txt
/home/aatmaj/CENT/aim_simulator/build/ramulator2 -f /home/aatmaj/CENT/aim_simulator/test/example.yaml -t /home/aatmaj/CENT/experiments/dda_full_sweep/traces/32_channels_per_device/16_devices/model_parallel_FC/Llama2-7B/trace_16_FC_devices_seqlen_3456.txt
/home/aatmaj/CENT/aim_simulator/build/ramulator2 -f /home/aatmaj/CENT/aim_simulator/test/example.yaml -t /home/aatmaj/CENT/experiments/dda_full_sweep/traces/32_channels_per_device/16_devices/model_parallel/Llama2-7B/trace_1_FC_devices_seqlen_3584.txt
/home/aatmaj/CENT/aim_simulator/build/ramulator2 -f /home/aatmaj/CENT/aim_simulator/test/example.yaml -t /home/aatmaj/CENT/experiments/dda_full_sweep/traces/32_channels_per_device/16_devices/model_parallel_FC/Llama2-7B/trace_1_FC_devices_seqlen_3584.txt
/home/aatmaj/CENT/aim_simulator/build/ramulator2 -f /home/aatmaj/CENT/aim_simulator/test/example.yaml -t /home/aatmaj/CENT/experiments/dda_full_sweep/traces/32_channels_per_device/16_devices/model_parallel/Llama2-7B/trace_2_FC_devices_seqlen_3584.txt
/home/aatmaj/CENT/aim_simulator/build/ramulator2 -f /home/aatmaj/CENT/aim_simulator/test/example.yaml -t /home/aatmaj/CENT/experiments/dda_full_sweep/traces/32_channels_per_device/16_devices/model_parallel_FC/Llama2-7B/trace_2_FC_devices_seqlen_3584.txt
/home/aatmaj/CENT/aim_simulator/build/ramulator2 -f /home/aatmaj/CENT/aim_simulator/test/example.yaml -t /home/aatmaj/CENT/experiments/dda_full_sweep/traces/32_channels_per_device/16_devices/model_parallel/Llama2-7B/trace_4_FC_devices_seqlen_3584.txt
/home/aatmaj/CENT/aim_simulator/build/ramulator2 -f /home/aatmaj/CENT/aim_simulator/test/example.yaml -t /home/aatmaj/CENT/experiments/dda_full_sweep/traces/32_channels_per_device/16_devices/model_parallel_FC/Llama2-7B/trace_4_FC_devices_seqlen_3584.txt
/home/aatmaj/CENT/aim_simulator/build/ramulator2 -f /home/aatmaj/CENT/aim_simulator/test/example.yaml -t /home/aatmaj/CENT/experiments/dda_full_sweep/traces/32_channels_per_device/16_devices/model_parallel/Llama2-7B/trace_8_FC_devices_seqlen_3584.txt
/home/aatmaj/CENT/aim_simulator/build/ramulator2 -f /home/aatmaj/CENT/aim_simulator/test/example.yaml -t /home/aatmaj/CENT/experiments/dda_full_sweep/traces/32_channels_per_device/16_devices/model_parallel_FC/Llama2-7B/trace_8_FC_devices_seqlen_3584.txt
/home/aatmaj/CENT/aim_simulator/build/ramulator2 -f /home/aatmaj/CENT/aim_simulator/test/example.yaml -t /home/aatmaj/CENT/experiments/dda_full_sweep/traces/32_channels_per_device/16_devices/model_parallel/Llama2-7B/trace_16_FC_devices_seqlen_3584.txt
/home/aatmaj/CENT/aim_simulator/build/ramulator2 -f /home/aatmaj/CENT/aim_simulator/test/example.yaml -t /home/aatmaj/CENT/experiments/dda_full_sweep/traces/32_channels_per_device/16_devices/model_parallel_FC/Llama2-7B/trace_16_FC_devices_seqlen_3584.txt
/home/aatmaj/CENT/aim_simulator/build/ramulator2 -f /home/aatmaj/CENT/aim_simulator/test/example.yaml -t /home/aatmaj/CENT/experiments/dda_full_sweep/traces/32_channels_per_device/16_devices/model_parallel/Llama2-7B/trace_1_FC_devices_seqlen_3712.txt
/home/aatmaj/CENT/aim_simulator/build/ramulator2 -f /home/aatmaj/CENT/aim_simulator/test/example.yaml -t /home/aatmaj/CENT/experiments/dda_full_sweep/traces/32_channels_per_device/16_devices/model_parallel_FC/Llama2-7B/trace_1_FC_devices_seqlen_3712.txt
/home/aatmaj/CENT/aim_simulator/build/ramulator2 -f /home/aatmaj/CENT/aim_simulator/test/example.yaml -t /home/aatmaj/CENT/experiments/dda_full_sweep/traces/32_channels_per_device/16_devices/model_parallel/Llama2-7B/trace_2_FC_devices_seqlen_3712.txt
/home/aatmaj/CENT/aim_simulator/build/ramulator2 -f /home/aatmaj/CENT/aim_simulator/test/example.yaml -t /home/aatmaj/CENT/experiments/dda_full_sweep/traces/32_channels_per_device/16_devices/model_parallel_FC/Llama2-7B/trace_2_FC_devices_seqlen_3712.txt
/home/aatmaj/CENT/aim_simulator/build/ramulator2 -f /home/aatmaj/CENT/aim_simulator/test/example.yaml -t /home/aatmaj/CENT/experiments/dda_full_sweep/traces/32_channels_per_device/16_devices/model_parallel/Llama2-7B/trace_4_FC_devices_seqlen_3712.txt
/home/aatmaj/CENT/aim_simulator/build/ramulator2 -f /home/aatmaj/CENT/aim_simulator/test/example.yaml -t /home/aatmaj/CENT/experiments/dda_full_sweep/traces/32_channels_per_device/16_devices/model_parallel_FC/Llama2-7B/trace_4_FC_devices_seqlen_3712.txt
/home/aatmaj/CENT/aim_simulator/build/ramulator2 -f /home/aatmaj/CENT/aim_simulator/test/example.yaml -t /home/aatmaj/CENT/experiments/dda_full_sweep/traces/32_channels_per_device/16_devices/model_parallel/Llama2-7B/trace_8_FC_devices_seqlen_3712.txt
/home/aatmaj/CENT/aim_simulator/build/ramulator2 -f /home/aatmaj/CENT/aim_simulator/test/example.yaml -t /home/aatmaj/CENT/experiments/dda_full_sweep/traces/32_channels_per_device/16_devices/model_parallel_FC/Llama2-7B/trace_8_FC_devices_seqlen_3712.txt
/home/aatmaj/CENT/aim_simulator/build/ramulator2 -f /home/aatmaj/CENT/aim_simulator/test/example.yaml -t /home/aatmaj/CENT/experiments/dda_full_sweep/traces/32_channels_per_device/16_devices/model_parallel/Llama2-7B/trace_16_FC_devices_seqlen_3712.txt
/home/aatmaj/CENT/aim_simulator/build/ramulator2 -f /home/aatmaj/CENT/aim_simulator/test/example.yaml -t /home/aatmaj/CENT/experiments/dda_full_sweep/traces/32_channels_per_device/16_devices/model_parallel_FC/Llama2-7B/trace_16_FC_devices_seqlen_3712.txt
/home/aatmaj/CENT/aim_simulator/build/ramulator2 -f /home/aatmaj/CENT/aim_simulator/test/example.yaml -t /home/aatmaj/CENT/experiments/dda_full_sweep/traces/32_channels_per_device/16_devices/model_parallel/Llama2-7B/trace_1_FC_devices_seqlen_3840.txt
/home/aatmaj/CENT/aim_simulator/build/ramulator2 -f /home/aatmaj/CENT/aim_simulator/test/example.yaml -t /home/aatmaj/CENT/experiments/dda_full_sweep/traces/32_channels_per_device/16_devices/model_parallel_FC/Llama2-7B/trace_1_FC_devices_seqlen_3840.txt
/home/aatmaj/CENT/aim_simulator/build/ramulator2 -f /home/aatmaj/CENT/aim_simulator/test/example.yaml -t /home/aatmaj/CENT/experiments/dda_full_sweep/traces/32_channels_per_device/16_devices/model_parallel/Llama2-7B/trace_2_FC_devices_seqlen_3840.txt
/home/aatmaj/CENT/aim_simulator/build/ramulator2 -f /home/aatmaj/CENT/aim_simulator/test/example.yaml -t /home/aatmaj/CENT/experiments/dda_full_sweep/traces/32_channels_per_device/16_devices/model_parallel_FC/Llama2-7B/trace_2_FC_devices_seqlen_3840.txt
/home/aatmaj/CENT/aim_simulator/build/ramulator2 -f /home/aatmaj/CENT/aim_simulator/test/example.yaml -t /home/aatmaj/CENT/experiments/dda_full_sweep/traces/32_channels_per_device/16_devices/model_parallel/Llama2-7B/trace_4_FC_devices_seqlen_3840.txt
/home/aatmaj/CENT/aim_simulator/build/ramulator2 -f /home/aatmaj/CENT/aim_simulator/test/example.yaml -t /home/aatmaj/CENT/experiments/dda_full_sweep/traces/32_channels_per_device/16_devices/model_parallel_FC/Llama2-7B/trace_4_FC_devices_seqlen_3840.txt
/home/aatmaj/CENT/aim_simulator/build/ramulator2 -f /home/aatmaj/CENT/aim_simulator/test/example.yaml -t /home/aatmaj/CENT/experiments/dda_full_sweep/traces/32_channels_per_device/16_devices/model_parallel/Llama2-7B/trace_8_FC_devices_seqlen_3840.txt
/home/aatmaj/CENT/aim_simulator/build/ramulator2 -f /home/aatmaj/CENT/aim_simulator/test/example.yaml -t /home/aatmaj/CENT/experiments/dda_full_sweep/traces/32_channels_per_device/16_devices/model_parallel_FC/Llama2-7B/trace_8_FC_devices_seqlen_3840.txt
/home/aatmaj/CENT/aim_simulator/build/ramulator2 -f /home/aatmaj/CENT/aim_simulator/test/example.yaml -t /home/aatmaj/CENT/experiments/dda_full_sweep/traces/32_channels_per_device/16_devices/model_parallel/Llama2-7B/trace_16_FC_devices_seqlen_3840.txt
/home/aatmaj/CENT/aim_simulator/build/ramulator2 -f /home/aatmaj/CENT/aim_simulator/test/example.yaml -t /home/aatmaj/CENT/experiments/dda_full_sweep/traces/32_channels_per_device/16_devices/model_parallel_FC/Llama2-7B/trace_16_FC_devices_seqlen_3840.txt
/home/aatmaj/CENT/aim_simulator/build/ramulator2 -f /home/aatmaj/CENT/aim_simulator/test/example.yaml -t /home/aatmaj/CENT/experiments/dda_full_sweep/traces/32_channels_per_device/16_devices/model_parallel/Llama2-7B/trace_1_FC_devices_seqlen_3968.txt
/home/aatmaj/CENT/aim_simulator/build/ramulator2 -f /home/aatmaj/CENT/aim_simulator/test/example.yaml -t /home/aatmaj/CENT/experiments/dda_full_sweep/traces/32_channels_per_device/16_devices/model_parallel_FC/Llama2-7B/trace_1_FC_devices_seqlen_3968.txt
/home/aatmaj/CENT/aim_simulator/build/ramulator2 -f /home/aatmaj/CENT/aim_simulator/test/example.yaml -t /home/aatmaj/CENT/experiments/dda_full_sweep/traces/32_channels_per_device/16_devices/model_parallel/Llama2-7B/trace_2_FC_devices_seqlen_3968.txt
/home/aatmaj/CENT/aim_simulator/build/ramulator2 -f /home/aatmaj/CENT/aim_simulator/test/example.yaml -t /home/aatmaj/CENT/experiments/dda_full_sweep/traces/32_channels_per_device/16_devices/model_parallel_FC/Llama2-7B/trace_2_FC_devices_seqlen_3968.txt
/home/aatmaj/CENT/aim_simulator/build/ramulator2 -f /home/aatmaj/CENT/aim_simulator/test/example.yaml -t /home/aatmaj/CENT/experiments/dda_full_sweep/traces/32_channels_per_device/16_devices/model_parallel/Llama2-7B/trace_4_FC_devices_seqlen_3968.txt
/home/aatmaj/CENT/aim_simulator/build/ramulator2 -f /home/aatmaj/CENT/aim_simulator/test/example.yaml -t /home/aatmaj/CENT/experiments/dda_full_sweep/traces/32_channels_per_device/16_devices/model_parallel_FC/Llama2-7B/trace_4_FC_devices_seqlen_3968.txt
/home/aatmaj/CENT/aim_simulator/build/ramulator2 -f /home/aatmaj/CENT/aim_simulator/test/example.yaml -t /home/aatmaj/CENT/experiments/dda_full_sweep/traces/32_channels_per_device/16_devices/model_parallel/Llama2-7B/trace_8_FC_devices_seqlen_3968.txt
/home/aatmaj/CENT/aim_simulator/build/ramulator2 -f /home/aatmaj/CENT/aim_simulator/test/example.yaml -t /home/aatmaj/CENT/experiments/dda_full_sweep/traces/32_channels_per_device/16_devices/model_parallel_FC/Llama2-7B/trace_8_FC_devices_seqlen_3968.txt
/home/aatmaj/CENT/aim_simulator/build/ramulator2 -f /home/aatmaj/CENT/aim_simulator/test/example.yaml -t /home/aatmaj/CENT/experiments/dda_full_sweep/traces/32_channels_per_device/16_devices/model_parallel/Llama2-7B/trace_16_FC_devices_seqlen_3968.txt
/home/aatmaj/CENT/aim_simulator/build/ramulator2 -f /home/aatmaj/CENT/aim_simulator/test/example.yaml -t /home/aatmaj/CENT/experiments/dda_full_sweep/traces/32_channels_per_device/16_devices/model_parallel_FC/Llama2-7B/trace_16_FC_devices_seqlen_3968.txt
/home/aatmaj/CENT/aim_simulator/build/ramulator2 -f /home/aatmaj/CENT/aim_simulator/test/example.yaml -t /home/aatmaj/CENT/experiments/dda_full_sweep/traces/32_channels_per_device/16_devices/model_parallel/Llama2-7B/trace_1_FC_devices_seqlen_4096.txt
/home/aatmaj/CENT/aim_simulator/build/ramulator2 -f /home/aatmaj/CENT/aim_simulator/test/example.yaml -t /home/aatmaj/CENT/experiments/dda_full_sweep/traces/32_channels_per_device/16_devices/model_parallel_FC/Llama2-7B/trace_1_FC_devices_seqlen_4096.txt
/home/aatmaj/CENT/aim_simulator/build/ramulator2 -f /home/aatmaj/CENT/aim_simulator/test/example.yaml -t /home/aatmaj/CENT/experiments/dda_full_sweep/traces/32_channels_per_device/16_devices/model_parallel/Llama2-7B/trace_2_FC_devices_seqlen_4096.txt
/home/aatmaj/CENT/aim_simulator/build/ramulator2 -f /home/aatmaj/CENT/aim_simulator/test/example.yaml -t /home/aatmaj/CENT/experiments/dda_full_sweep/traces/32_channels_per_device/16_devices/model_parallel_FC/Llama2-7B/trace_2_FC_devices_seqlen_4096.txt
/home/aatmaj/CENT/aim_simulator/build/ramulator2 -f /home/aatmaj/CENT/aim_simulator/test/example.yaml -t /home/aatmaj/CENT/experiments/dda_full_sweep/traces/32_channels_per_device/16_devices/model_parallel/Llama2-7B/trace_4_FC_devices_seqlen_4096.txt
/home/aatmaj/CENT/experiments/dda_full_sweep/simulation/run_sim_full32.py:430: FutureWarning: The behavior of DataFrame concatenation with empty or all-NA entries is deprecated. In a future version, this will no longer exclude empty or all-NA columns when determining the result dtypes. To retain the old behavior, exclude the relevant entries before the concat operation.
  results_df = pd.concat([results_df, new_df], ignore_index=True)
/home/aatmaj/CENT/aim_simulator/build/ramulator2 -f /home/aatmaj/CENT/aim_simulator/test/example.yaml -t /home/aatmaj/CENT/experiments/dda_full_sweep/traces/32_channels_per_device/16_devices/model_parallel_FC/Llama2-7B/trace_4_FC_devices_seqlen_4096.txt
/home/aatmaj/CENT/aim_simulator/build/ramulator2 -f /home/aatmaj/CENT/aim_simulator/test/example.yaml -t /home/aatmaj/CENT/experiments/dda_full_sweep/traces/32_channels_per_device/16_devices/model_parallel_FC/Llama2-7B/trace_8_FC_devices_seqlen_4096.txt
/home/aatmaj/CENT/aim_simulator/build/ramulator2 -f /home/aatmaj/CENT/aim_simulator/test/example.yaml -t /home/aatmaj/CENT/experiments/dda_full_sweep/traces/32_channels_per_device/16_devices/model_parallel/Llama2-7B/trace_16_FC_devices_seqlen_4096.txt
/home/aatmaj/CENT/aim_simulator/build/ramulator2 -f /home/aatmaj/CENT/aim_simulator/test/example.yaml -t /home/aatmaj/CENT/experiments/dda_full_sweep/traces/32_channels_per_device/16_devices/model_parallel_FC/Llama2-7B/trace_16_FC_devices_seqlen_4096.txt
Processing results...
Updating simulation results to CSV...
Råx  &w#åx  ‡ºH åx  `¶H åx  pæH åx  ÉH åx  êºH åx  ¿•H åx  pÇH åx  ¿ÇH åx  ∞øH åx  @ºH åx   ÑH åx  0ÅH åx  `ÉH åx  †ÑH åx  ÑH åx  –ÅH åx  PÑH åx  ‡Y#åx  @ÖH åx  –ÜH åx  ¿áH åx  0ê∑Råx  0"^#åx  ∞"^#åx   ÆY#åx  ¿∞Y#åx  0±Y#åx  0#^#åx  †±Y#åx  ≤Y#åx=== Llama2-7B | N=16 | mode=mp | re-scoring at 9 lanes/dev (standalone box) ===
/home/aatmaj/CENT/experiments/dda_full_sweep/simulation/run_sim_full32.py:430: FutureWarning: The behavior of DataFrame concatenation with empty or all-NA entries is deprecated. In a future version, this will no longer exclude empty or all-NA columns when determining the result dtypes. To retain the old behavior, exclude the relevant entries before the concat operation.
  results_df = pd.concat([results_df, new_df], ignore_index=True)
Updating simulation results to CSV...

=== Llama2-7B | N=32 | mode=pp | scoring at 4 lanes/dev (shared 32-dev fabric) ===
Generating traces for Llama2-7B (32 devices) ...
/home/aatmaj/CENT/aim_simulator/build/ramulator2 -f /home/aatmaj/CENT/aim_simulator/test/example.yaml -t /home/aatmaj/CENT/experiments/dda_full_sweep/traces/32_channels_per_device/32_devices/pipeline_parallel_embedding/Llama2-7B/trace_32_channels_per_block_seqlen_4096.txt
/home/aatmaj/CENT/aim_simulator/build/ramulator2 -f /home/aatmaj/CENT/aim_simulator/test/example.yaml -t /home/aatmaj/CENT/experiments/dda_full_sweep/traces/32_channels_per_device/32_devices/pipeline_parallel/Llama2-7B/trace_32_channels_per_block_seqlen_128.txt
/home/aatmaj/CENT/aim_simulator/build/ramulator2 -f /home/aatmaj/CENT/aim_simulator/test/example.yaml -t /home/aatmaj/CENT/experiments/dda_full_sweep/traces/32_channels_per_device/32_devices/pipeline_parallel/Llama2-7B/trace_32_channels_per_block_seqlen_256.txt
/home/aatmaj/CENT/aim_simulator/build/ramulator2 -f /home/aatmaj/CENT/aim_simulator/test/example.yaml -t /home/aatmaj/CENT/experiments/dda_full_sweep/traces/32_channels_per_device/32_devices/pipeline_parallel/Llama2-7B/trace_32_channels_per_block_seqlen_384.txt
/home/aatmaj/CENT/aim_simulator/build/ramulator2 -f /home/aatmaj/CENT/aim_simulator/test/example.yaml -t /home/aatmaj/CENT/experiments/dda_full_sweep/traces/32_channels_per_device/32_devices/pipeline_parallel/Llama2-7B/trace_32_channels_per_block_seqlen_512.txt
/home/aatmaj/CENT/aim_simulator/build/ramulator2 -f /home/aatmaj/CENT/aim_simulator/test/example.yaml -t /home/aatmaj/CENT/experiments/dda_full_sweep/traces/32_channels_per_device/32_devices/pipeline_parallel/Llama2-7B/trace_32_channels_per_block_seqlen_640.txt
/home/aatmaj/CENT/aim_simulator/build/ramulator2 -f /home/aatmaj/CENT/aim_simulator/test/example.yaml -t /home/aatmaj/CENT/experiments/dda_full_sweep/traces/32_channels_per_device/32_devices/pipeline_parallel/Llama2-7B/trace_32_channels_per_block_seqlen_768.txt
/home/aatmaj/CENT/aim_simulator/build/ramulator2 -f /home/aatmaj/CENT/aim_simulator/test/example.yaml -t /home/aatmaj/CENT/experiments/dda_full_sweep/traces/32_channels_per_device/32_devices/pipeline_parallel/Llama2-7B/trace_32_channels_per_block_seqlen_896.txt
/home/aatmaj/CENT/aim_simulator/build/ramulator2 -f /home/aatmaj/CENT/aim_simulator/test/example.yaml -t /home/aatmaj/CENT/experiments/dda_full_sweep/traces/32_channels_per_device/32_devices/pipeline_parallel/Llama2-7B/trace_32_channels_per_block_seqlen_1024.txt
/home/aatmaj/CENT/aim_simulator/build/ramulator2 -f /home/aatmaj/CENT/aim_simulator/test/example.yaml -t /home/aatmaj/CENT/experiments/dda_full_sweep/traces/32_channels_per_device/32_devices/pipeline_parallel/Llama2-7B/trace_32_channels_per_block_seqlen_1152.txt
/home/aatmaj/CENT/aim_simulator/build/ramulator2 -f /home/aatmaj/CENT/aim_simulator/test/example.yaml -t /home/aatmaj/CENT/experiments/dda_full_sweep/traces/32_channels_per_device/32_devices/pipeline_parallel/Llama2-7B/trace_32_channels_per_block_seqlen_1280.txt
/home/aatmaj/CENT/aim_simulator/build/ramulator2 -f /home/aatmaj/CENT/aim_simulator/test/example.yaml -t /home/aatmaj/CENT/experiments/dda_full_sweep/traces/32_channels_per_device/32_devices/pipeline_parallel/Llama2-7B/trace_32_channels_per_block_seqlen_1408.txt
/home/aatmaj/CENT/aim_simulator/build/ramulator2 -f /home/aatmaj/CENT/aim_simulator/test/example.yaml -t /home/aatmaj/CENT/experiments/dda_full_sweep/traces/32_channels_per_device/32_devices/pipeline_parallel/Llama2-7B/trace_32_channels_per_block_seqlen_1536.txt
/home/aatmaj/CENT/aim_simulator/build/ramulator2 -f /home/aatmaj/CENT/aim_simulator/test/example.yaml -t /home/aatmaj/CENT/experiments/dda_full_sweep/traces/32_channels_per_device/32_devices/pipeline_parallel/Llama2-7B/trace_32_channels_per_block_seqlen_1664.txt
/home/aatmaj/CENT/aim_simulator/build/ramulator2 -f /home/aatmaj/CENT/aim_simulator/test/example.yaml -t /home/aatmaj/CENT/experiments/dda_full_sweep/traces/32_channels_per_device/32_devices/pipeline_parallel/Llama2-7B/trace_32_channels_per_block_seqlen_1792.txt
/home/aatmaj/CENT/aim_simulator/build/ramulator2 -f /home/aatmaj/CENT/aim_simulator/test/example.yaml -t /home/aatmaj/CENT/experiments/dda_full_sweep/traces/32_channels_per_device/32_devices/pipeline_parallel/Llama2-7B/trace_32_channels_per_block_seqlen_1920.txt
/home/aatmaj/CENT/aim_simulator/build/ramulator2 -f /home/aatmaj/CENT/aim_simulator/test/example.yaml -t /home/aatmaj/CENT/experiments/dda_full_sweep/traces/32_channels_per_device/32_devices/pipeline_parallel/Llama2-7B/trace_32_channels_per_block_seqlen_2048.txt
/home/aatmaj/CENT/aim_simulator/build/ramulator2 -f /home/aatmaj/CENT/aim_simulator/test/example.yaml -t /home/aatmaj/CENT/experiments/dda_full_sweep/traces/32_channels_per_device/32_devices/pipeline_parallel/Llama2-7B/trace_32_channels_per_block_seqlen_2176.txt
/home/aatmaj/CENT/aim_simulator/build/ramulator2 -f /home/aatmaj/CENT/aim_simulator/test/example.yaml -t /home/aatmaj/CENT/experiments/dda_full_sweep/traces/32_channels_per_device/32_devices/pipeline_parallel/Llama2-7B/trace_32_channels_per_block_seqlen_2304.txt
/home/aatmaj/CENT/aim_simulator/build/ramulator2 -f /home/aatmaj/CENT/aim_simulator/test/example.yaml -t /home/aatmaj/CENT/experiments/dda_full_sweep/traces/32_channels_per_device/32_devices/pipeline_parallel/Llama2-7B/trace_32_channels_per_block_seqlen_2432.txt
/home/aatmaj/CENT/aim_simulator/build/ramulator2 -f /home/aatmaj/CENT/aim_simulator/test/example.yaml -t /home/aatmaj/CENT/experiments/dda_full_sweep/traces/32_channels_per_device/32_devices/pipeline_parallel/Llama2-7B/trace_32_channels_per_block_seqlen_2560.txt
/home/aatmaj/CENT/aim_simulator/build/ramulator2 -f /home/aatmaj/CENT/aim_simulator/test/example.yaml -t /home/aatmaj/CENT/experiments/dda_full_sweep/traces/32_channels_per_device/32_devices/pipeline_parallel/Llama2-7B/trace_32_channels_per_block_seqlen_2688.txt
/home/aatmaj/CENT/aim_simulator/build/ramulator2 -f /home/aatmaj/CENT/aim_simulator/test/example.yaml -t /home/aatmaj/CENT/experiments/dda_full_sweep/traces/32_channels_per_device/32_devices/pipeline_parallel/Llama2-7B/trace_32_channels_per_block_seqlen_2816.txt
/home/aatmaj/CENT/aim_simulator/build/ramulator2 -f /home/aatmaj/CENT/aim_simulator/test/example.yaml -t /home/aatmaj/CENT/experiments/dda_full_sweep/traces/32_channels_per_device/32_devices/pipeline_parallel/Llama2-7B/trace_32_channels_per_block_seqlen_2944.txt
/home/aatmaj/CENT/aim_simulator/build/ramulator2 -f /home/aatmaj/CENT/aim_simulator/test/example.yaml -t /home/aatmaj/CENT/experiments/dda_full_sweep/traces/32_channels_per_device/32_devices/pipeline_parallel/Llama2-7B/trace_32_channels_per_block_seqlen_3072.txt
/home/aatmaj/CENT/aim_simulator/build/ramulator2 -f /home/aatmaj/CENT/aim_simulator/test/example.yaml -t /home/aatmaj/CENT/experiments/dda_full_sweep/traces/32_channels_per_device/32_devices/pipeline_parallel/Llama2-7B/trace_32_channels_per_block_seqlen_3200.txt
/home/aatmaj/CENT/aim_simulator/build/ramulator2 -f /home/aatmaj/CENT/aim_simulator/test/example.yaml -t /home/aatmaj/CENT/experiments/dda_full_sweep/traces/32_channels_per_device/32_devices/pipeline_parallel/Llama2-7B/trace_32_channels_per_block_seqlen_3328.txt
/home/aatmaj/CENT/aim_simulator/build/ramulator2 -f /home/aatmaj/CENT/aim_simulator/test/example.yaml -t /home/aatmaj/CENT/experiments/dda_full_sweep/traces/32_channels_per_device/32_devices/pipeline_parallel/Llama2-7B/trace_32_channels_per_block_seqlen_3456.txt
/home/aatmaj/CENT/aim_simulator/build/ramulator2 -f /home/aatmaj/CENT/aim_simulator/test/example.yaml -t /home/aatmaj/CENT/experiments/dda_full_sweep/traces/32_channels_per_device/32_devices/pipeline_parallel/Llama2-7B/trace_32_channels_per_block_seqlen_3584.txt
/home/aatmaj/CENT/aim_simulator/build/ramulator2 -f /home/aatmaj/CENT/aim_simulator/test/example.yaml -t /home/aatmaj/CENT/experiments/dda_full_sweep/traces/32_channels_per_device/32_devices/pipeline_parallel/Llama2-7B/trace_32_channels_per_block_seqlen_3712.txt
/home/aatmaj/CENT/experiments/dda_full_sweep/simulation/run_sim_full32.py:443: FutureWarning: The behavior of DataFrame concatenation with empty or all-NA entries is deprecated. In a future version, this will no longer exclude empty or all-NA columns when determining the result dtypes. To retain the old behavior, exclude the relevant entries before the concat operation.
  results_df = pd.concat([results_df, new_df], ignore_index=True)
/home/aatmaj/CENT/aim_simulator/build/ramulator2 -f /home/aatmaj/CENT/aim_simulator/test/example.yaml -t /home/aatmaj/CENT/experiments/dda_full_sweep/traces/32_channels_per_device/32_devices/pipeline_parallel/Llama2-7B/trace_32_channels_per_block_seqlen_3840.txt
/home/aatmaj/CENT/aim_simulator/build/ramulator2 -f /home/aatmaj/CENT/aim_simulator/test/example.yaml -t /home/aatmaj/CENT/experiments/dda_full_sweep/traces/32_channels_per_device/32_devices/pipeline_parallel/Llama2-7B/trace_32_channels_per_block_seqlen_3968.txt
/home/aatmaj/CENT/aim_simulator/build/ramulator2 -f /home/aatmaj/CENT/aim_simulator/test/example.yaml -t /home/aatmaj/CENT/experiments/dda_full_sweep/traces/32_channels_per_device/32_devices/pipeline_parallel/Llama2-7B/trace_32_channels_per_block_seqlen_4096.txt
Processing results...
Updating simulation results to CSV...
=== Llama2-7B | N=32 | mode=pp | re-scoring at 4 lanes/dev (standalone box) ===
/home/aatmaj/CENT/experiments/dda_full_sweep/simulation/run_sim_full32.py:443: FutureWarning: The behavior of DataFrame concatenation with empty or all-NA entries is deprecated. In a future version, this will no longer exclude empty or all-NA columns when determining the result dtypes. To retain the old behavior, exclude the relevant entries before the concat operation.
  results_df = pd.concat([results_df, new_df], ignore_index=True)
Updating simulation results to CSV...

=== Llama2-7B | N=32 | mode=mp | scoring at 4 lanes/dev (shared 32-dev fabric) ===
Generating traces for Llama2-7B (32 devices) ...
/home/aatmaj/CENT/aim_simulator/build/ramulator2 -f /home/aatmaj/CENT/aim_simulator/test/example.yaml -t /home/aatmaj/CENT/experiments/dda_full_sweep/traces/32_channels_per_device/32_devices/model_parallel/Llama2-7B/trace_1_FC_devices_seqlen_128.txt
/home/aatmaj/CENT/aim_simulator/build/ramulator2 -f /home/aatmaj/CENT/aim_simulator/test/example.yaml -t /home/aatmaj/CENT/experiments/dda_full_sweep/traces/32_channels_per_device/32_devices/model_parallel_FC/Llama2-7B/trace_1_FC_devices_seqlen_128.txt
/home/aatmaj/CENT/aim_simulator/build/ramulator2 -f /home/aatmaj/CENT/aim_simulator/test/example.yaml -t /home/aatmaj/CENT/experiments/dda_full_sweep/traces/32_channels_per_device/32_devices/model_parallel/Llama2-7B/trace_2_FC_devices_seqlen_128.txt
/home/aatmaj/CENT/aim_simulator/build/ramulator2 -f /home/aatmaj/CENT/aim_simulator/test/example.yaml -t /home/aatmaj/CENT/experiments/dda_full_sweep/traces/32_channels_per_device/32_devices/model_parallel_FC/Llama2-7B/trace_2_FC_devices_seqlen_128.txt
/home/aatmaj/CENT/aim_simulator/build/ramulator2 -f /home/aatmaj/CENT/aim_simulator/test/example.yaml -t /home/aatmaj/CENT/experiments/dda_full_sweep/traces/32_channels_per_device/32_devices/model_parallel/Llama2-7B/trace_4_FC_devices_seqlen_128.txt
/home/aatmaj/CENT/aim_simulator/build/ramulator2 -f /home/aatmaj/CENT/aim_simulator/test/example.yaml -t /home/aatmaj/CENT/experiments/dda_full_sweep/traces/32_channels_per_device/32_devices/model_parallel_FC/Llama2-7B/trace_4_FC_devices_seqlen_128.txt
/home/aatmaj/CENT/aim_simulator/build/ramulator2 -f /home/aatmaj/CENT/aim_simulator/test/example.yaml -t /home/aatmaj/CENT/experiments/dda_full_sweep/traces/32_channels_per_device/32_devices/model_parallel/Llama2-7B/trace_8_FC_devices_seqlen_128.txt
/home/aatmaj/CENT/aim_simulator/build/ramulator2 -f /home/aatmaj/CENT/aim_simulator/test/example.yaml -t /home/aatmaj/CENT/experiments/dda_full_sweep/traces/32_channels_per_device/32_devices/model_parallel_FC/Llama2-7B/trace_8_FC_devices_seqlen_128.txt
/home/aatmaj/CENT/aim_simulator/build/ramulator2 -f /home/aatmaj/CENT/aim_simulator/test/example.yaml -t /home/aatmaj/CENT/experiments/dda_full_sweep/traces/32_channels_per_device/32_devices/model_parallel/Llama2-7B/trace_16_FC_devices_seqlen_128.txt
/home/aatmaj/CENT/aim_simulator/build/ramulator2 -f /home/aatmaj/CENT/aim_simulator/test/example.yaml -t /home/aatmaj/CENT/experiments/dda_full_sweep/traces/32_channels_per_device/32_devices/model_parallel_FC/Llama2-7B/trace_16_FC_devices_seqlen_128.txt
/home/aatmaj/CENT/aim_simulator/build/ramulator2 -f /home/aatmaj/CENT/aim_simulator/test/example.yaml -t /home/aatmaj/CENT/experiments/dda_full_sweep/traces/32_channels_per_device/32_devices/model_parallel/Llama2-7B/trace_32_FC_devices_seqlen_128.txt
/home/aatmaj/CENT/aim_simulator/build/ramulator2 -f /home/aatmaj/CENT/aim_simulator/test/example.yaml -t /home/aatmaj/CENT/experiments/dda_full_sweep/traces/32_channels_per_device/32_devices/model_parallel_FC/Llama2-7B/trace_32_FC_devices_seqlen_128.txt
/home/aatmaj/CENT/aim_simulator/build/ramulator2 -f /home/aatmaj/CENT/aim_simulator/test/example.yaml -t /home/aatmaj/CENT/experiments/dda_full_sweep/traces/32_channels_per_device/32_devices/model_parallel/Llama2-7B/trace_1_FC_devices_seqlen_256.txt
/home/aatmaj/CENT/aim_simulator/build/ramulator2 -f /home/aatmaj/CENT/aim_simulator/test/example.yaml -t /home/aatmaj/CENT/experiments/dda_full_sweep/traces/32_channels_per_device/32_devices/model_parallel_FC/Llama2-7B/trace_1_FC_devices_seqlen_256.txt
/home/aatmaj/CENT/aim_simulator/build/ramulator2 -f /home/aatmaj/CENT/aim_simulator/test/example.yaml -t /home/aatmaj/CENT/experiments/dda_full_sweep/traces/32_channels_per_device/32_devices/model_parallel/Llama2-7B/trace_2_FC_devices_seqlen_256.txt
/home/aatmaj/CENT/aim_simulator/build/ramulator2 -f /home/aatmaj/CENT/aim_simulator/test/example.yaml -t /home/aatmaj/CENT/experiments/dda_full_sweep/traces/32_channels_per_device/32_devices/model_parallel_FC/Llama2-7B/trace_2_FC_devices_seqlen_256.txt
/home/aatmaj/CENT/aim_simulator/build/ramulator2 -f /home/aatmaj/CENT/aim_simulator/test/example.yaml -t /home/aatmaj/CENT/experiments/dda_full_sweep/traces/32_channels_per_device/32_devices/model_parallel/Llama2-7B/trace_4_FC_devices_seqlen_256.txt
/home/aatmaj/CENT/aim_simulator/build/ramulator2 -f /home/aatmaj/CENT/aim_simulator/test/example.yaml -t /home/aatmaj/CENT/experiments/dda_full_sweep/traces/32_channels_per_device/32_devices/model_parallel_FC/Llama2-7B/trace_4_FC_devices_seqlen_256.txt
/home/aatmaj/CENT/aim_simulator/build/ramulator2 -f /home/aatmaj/CENT/aim_simulator/test/example.yaml -t /home/aatmaj/CENT/experiments/dda_full_sweep/traces/32_channels_per_device/32_devices/model_parallel/Llama2-7B/trace_8_FC_devices_seqlen_256.txt
/home/aatmaj/CENT/aim_simulator/build/ramulator2 -f /home/aatmaj/CENT/aim_simulator/test/example.yaml -t /home/aatmaj/CENT/experiments/dda_full_sweep/traces/32_channels_per_device/32_devices/model_parallel_FC/Llama2-7B/trace_8_FC_devices_seqlen_256.txt
/home/aatmaj/CENT/aim_simulator/build/ramulator2 -f /home/aatmaj/CENT/aim_simulator/test/example.yaml -t /home/aatmaj/CENT/experiments/dda_full_sweep/traces/32_channels_per_device/32_devices/model_parallel/Llama2-7B/trace_16_FC_devices_seqlen_256.txt
/home/aatmaj/CENT/aim_simulator/build/ramulator2 -f /home/aatmaj/CENT/aim_simulator/test/example.yaml -t /home/aatmaj/CENT/experiments/dda_full_sweep/traces/32_channels_per_device/32_devices/model_parallel_FC/Llama2-7B/trace_16_FC_devices_seqlen_256.txt
/home/aatmaj/CENT/aim_simulator/build/ramulator2 -f /home/aatmaj/CENT/aim_simulator/test/example.yaml -t /home/aatmaj/CENT/experiments/dda_full_sweep/traces/32_channels_per_device/32_devices/model_parallel/Llama2-7B/trace_32_FC_devices_seqlen_256.txt
/home/aatmaj/CENT/aim_simulator/build/ramulator2 -f /home/aatmaj/CENT/aim_simulator/test/example.yaml -t /home/aatmaj/CENT/experiments/dda_full_sweep/traces/32_channels_per_device/32_devices/model_parallel_FC/Llama2-7B/trace_32_FC_devices_seqlen_256.txt
/home/aatmaj/CENT/aim_simulator/build/ramulator2 -f /home/aatmaj/CENT/aim_simulator/test/example.yaml -t /home/aatmaj/CENT/experiments/dda_full_sweep/traces/32_channels_per_device/32_devices/model_parallel/Llama2-7B/trace_1_FC_devices_seqlen_384.txt
/home/aatmaj/CENT/aim_simulator/build/ramulator2 -f /home/aatmaj/CENT/aim_simulator/test/example.yaml -t /home/aatmaj/CENT/experiments/dda_full_sweep/traces/32_channels_per_device/32_devices/model_parallel_FC/Llama2-7B/trace_1_FC_devices_seqlen_384.txt
/home/aatmaj/CENT/aim_simulator/build/ramulator2 -f /home/aatmaj/CENT/aim_simulator/test/example.yaml -t /home/aatmaj/CENT/experiments/dda_full_sweep/traces/32_channels_per_device/32_devices/model_parallel/Llama2-7B/trace_2_FC_devices_seqlen_384.txt
/home/aatmaj/CENT/aim_simulator/build/ramulator2 -f /home/aatmaj/CENT/aim_simulator/test/example.yaml -t /home/aatmaj/CENT/experiments/dda_full_sweep/traces/32_channels_per_device/32_devices/model_parallel_FC/Llama2-7B/trace_2_FC_devices_seqlen_384.txt
/home/aatmaj/CENT/aim_simulator/build/ramulator2 -f /home/aatmaj/CENT/aim_simulator/test/example.yaml -t /home/aatmaj/CENT/experiments/dda_full_sweep/traces/32_channels_per_device/32_devices/model_parallel/Llama2-7B/trace_4_FC_devices_seqlen_384.txt
/home/aatmaj/CENT/aim_simulator/build/ramulator2 -f /home/aatmaj/CENT/aim_simulator/test/example.yaml -t /home/aatmaj/CENT/experiments/dda_full_sweep/traces/32_channels_per_device/32_devices/model_parallel_FC/Llama2-7B/trace_4_FC_devices_seqlen_384.txt
/home/aatmaj/CENT/aim_simulator/build/ramulator2 -f /home/aatmaj/CENT/aim_simulator/test/example.yaml -t /home/aatmaj/CENT/experiments/dda_full_sweep/traces/32_channels_per_device/32_devices/model_parallel/Llama2-7B/trace_8_FC_devices_seqlen_384.txt
/home/aatmaj/CENT/aim_simulator/build/ramulator2 -f /home/aatmaj/CENT/aim_simulator/test/example.yaml -t /home/aatmaj/CENT/experiments/dda_full_sweep/traces/32_channels_per_device/32_devices/model_parallel_FC/Llama2-7B/trace_8_FC_devices_seqlen_384.txt
/home/aatmaj/CENT/aim_simulator/build/ramulator2 -f /home/aatmaj/CENT/aim_simulator/test/example.yaml -t /home/aatmaj/CENT/experiments/dda_full_sweep/traces/32_channels_per_device/32_devices/model_parallel/Llama2-7B/trace_16_FC_devices_seqlen_384.txt
/home/aatmaj/CENT/aim_simulator/build/ramulator2 -f /home/aatmaj/CENT/aim_simulator/test/example.yaml -t /home/aatmaj/CENT/experiments/dda_full_sweep/traces/32_channels_per_device/32_devices/model_parallel_FC/Llama2-7B/trace_16_FC_devices_seqlen_384.txt
/home/aatmaj/CENT/aim_simulator/build/ramulator2 -f /home/aatmaj/CENT/aim_simulator/test/example.yaml -t /home/aatmaj/CENT/experiments/dda_full_sweep/traces/32_channels_per_device/32_devices/model_parallel/Llama2-7B/trace_32_FC_devices_seqlen_384.txt
/home/aatmaj/CENT/aim_simulator/build/ramulator2 -f /home/aatmaj/CENT/aim_simulator/test/example.yaml -t /home/aatmaj/CENT/experiments/dda_full_sweep/traces/32_channels_per_device/32_devices/model_parallel_FC/Llama2-7B/trace_32_FC_devices_seqlen_384.txt
/home/aatmaj/CENT/aim_simulator/build/ramulator2 -f /home/aatmaj/CENT/aim_simulator/test/example.yaml -t /home/aatmaj/CENT/experiments/dda_full_sweep/traces/32_channels_per_device/32_devices/model_parallel/Llama2-7B/trace_1_FC_devices_seqlen_640.txt
/home/aatmaj/CENT/aim_simulator/build/ramulator2 -f /home/aatmaj/CENT/aim_simulator/test/example.yaml -t /home/aatmaj/CENT/experiments/dda_full_sweep/traces/32_channels_per_device/32_devices/model_parallel_FC/Llama2-7B/trace_1_FC_devices_seqlen_640.txt
/home/aatmaj/CENT/aim_simulator/build/ramulator2 -f /home/aatmaj/CENT/aim_simulator/test/example.yaml -t /home/aatmaj/CENT/experiments/dda_full_sweep/traces/32_channels_per_device/32_devices/model_parallel/Llama2-7B/trace_2_FC_devices_seqlen_640.txt
/home/aatmaj/CENT/aim_simulator/build/ramulator2 -f /home/aatmaj/CENT/aim_simulator/test/example.yaml -t /home/aatmaj/CENT/experiments/dda_full_sweep/traces/32_channels_per_device/32_devices/model_parallel_FC/Llama2-7B/trace_2_FC_devices_seqlen_640.txt
/home/aatmaj/CENT/aim_simulator/build/ramulator2 -f /home/aatmaj/CENT/aim_simulator/test/example.yaml -t /home/aatmaj/CENT/experiments/dda_full_sweep/traces/32_channels_per_device/32_devices/model_parallel/Llama2-7B/trace_4_FC_devices_seqlen_640.txt
/home/aatmaj/CENT/aim_simulator/build/ramulator2 -f /home/aatmaj/CENT/aim_simulator/test/example.yaml -t /home/aatmaj/CENT/experiments/dda_full_sweep/traces/32_channels_per_device/32_devices/model_parallel_FC/Llama2-7B/trace_4_FC_devices_seqlen_640.txt
/home/aatmaj/CENT/aim_simulator/build/ramulator2 -f /home/aatmaj/CENT/aim_simulator/test/example.yaml -t /home/aatmaj/CENT/experiments/dda_full_sweep/traces/32_channels_per_device/32_devices/model_parallel/Llama2-7B/trace_8_FC_devices_seqlen_640.txt
/home/aatmaj/CENT/aim_simulator/build/ramulator2 -f /home/aatmaj/CENT/aim_simulator/test/example.yaml -t /home/aatmaj/CENT/experiments/dda_full_sweep/traces/32_channels_per_device/32_devices/model_parallel_FC/Llama2-7B/trace_8_FC_devices_seqlen_640.txt
/home/aatmaj/CENT/aim_simulator/build/ramulator2 -f /home/aatmaj/CENT/aim_simulator/test/example.yaml -t /home/aatmaj/CENT/experiments/dda_full_sweep/traces/32_channels_per_device/32_devices/model_parallel/Llama2-7B/trace_16_FC_devices_seqlen_640.txt
/home/aatmaj/CENT/aim_simulator/build/ramulator2 -f /home/aatmaj/CENT/aim_simulator/test/example.yaml -t /home/aatmaj/CENT/experiments/dda_full_sweep/traces/32_channels_per_device/32_devices/model_parallel_FC/Llama2-7B/trace_16_FC_devices_seqlen_640.txt
/home/aatmaj/CENT/aim_simulator/build/ramulator2 -f /home/aatmaj/CENT/aim_simulator/test/example.yaml -t /home/aatmaj/CENT/experiments/dda_full_sweep/traces/32_channels_per_device/32_devices/model_parallel/Llama2-7B/trace_32_FC_devices_seqlen_640.txt
/home/aatmaj/CENT/aim_simulator/build/ramulator2 -f /home/aatmaj/CENT/aim_simulator/test/example.yaml -t /home/aatmaj/CENT/experiments/dda_full_sweep/traces/32_channels_per_device/32_devices/model_parallel_FC/Llama2-7B/trace_32_FC_devices_seqlen_640.txt
/home/aatmaj/CENT/aim_simulator/build/ramulator2 -f /home/aatmaj/CENT/aim_simulator/test/example.yaml -t /home/aatmaj/CENT/experiments/dda_full_sweep/traces/32_channels_per_device/32_devices/model_parallel/Llama2-7B/trace_1_FC_devices_seqlen_768.txt
/home/aatmaj/CENT/aim_simulator/build/ramulator2 -f /home/aatmaj/CENT/aim_simulator/test/example.yaml -t /home/aatmaj/CENT/experiments/dda_full_sweep/traces/32_channels_per_device/32_devices/model_parallel_FC/Llama2-7B/trace_1_FC_devices_seqlen_768.txt
/home/aatmaj/CENT/aim_simulator/build/ramulator2 -f /home/aatmaj/CENT/aim_simulator/test/example.yaml -t /home/aatmaj/CENT/experiments/dda_full_sweep/traces/32_channels_per_device/32_devices/model_parallel/Llama2-7B/trace_2_FC_devices_seqlen_768.txt
/home/aatmaj/CENT/aim_simulator/build/ramulator2 -f /home/aatmaj/CENT/aim_simulator/test/example.yaml -t /home/aatmaj/CENT/experiments/dda_full_sweep/traces/32_channels_per_device/32_devices/model_parallel_FC/Llama2-7B/trace_2_FC_devices_seqlen_768.txt
/home/aatmaj/CENT/aim_simulator/build/ramulator2 -f /home/aatmaj/CENT/aim_simulator/test/example.yaml -t /home/aatmaj/CENT/experiments/dda_full_sweep/traces/32_channels_per_device/32_devices/model_parallel/Llama2-7B/trace_4_FC_devices_seqlen_768.txt
/home/aatmaj/CENT/aim_simulator/build/ramulator2 -f /home/aatmaj/CENT/aim_simulator/test/example.yaml -t /home/aatmaj/CENT/experiments/dda_full_sweep/traces/32_channels_per_device/32_devices/model_parallel_FC/Llama2-7B/trace_4_FC_devices_seqlen_768.txt
/home/aatmaj/CENT/aim_simulator/build/ramulator2 -f /home/aatmaj/CENT/aim_simulator/test/example.yaml -t /home/aatmaj/CENT/experiments/dda_full_sweep/traces/32_channels_per_device/32_devices/model_parallel/Llama2-7B/trace_8_FC_devices_seqlen_768.txt
/home/aatmaj/CENT/aim_simulator/build/ramulator2 -f /home/aatmaj/CENT/aim_simulator/test/example.yaml -t /home/aatmaj/CENT/experiments/dda_full_sweep/traces/32_channels_per_device/32_devices/model_parallel_FC/Llama2-7B/trace_8_FC_devices_seqlen_768.txt
/home/aatmaj/CENT/aim_simulator/build/ramulator2 -f /home/aatmaj/CENT/aim_simulator/test/example.yaml -t /home/aatmaj/CENT/experiments/dda_full_sweep/traces/32_channels_per_device/32_devices/model_parallel/Llama2-7B/trace_16_FC_devices_seqlen_768.txt
/home/aatmaj/CENT/aim_simulator/build/ramulator2 -f /home/aatmaj/CENT/aim_simulator/test/example.yaml -t /home/aatmaj/CENT/experiments/dda_full_sweep/traces/32_channels_per_device/32_devices/model_parallel_FC/Llama2-7B/trace_16_FC_devices_seqlen_768.txt
/home/aatmaj/CENT/aim_simulator/build/ramulator2 -f /home/aatmaj/CENT/aim_simulator/test/example.yaml -t /home/aatmaj/CENT/experiments/dda_full_sweep/traces/32_channels_per_device/32_devices/model_parallel/Llama2-7B/trace_32_FC_devices_seqlen_768.txt
/home/aatmaj/CENT/aim_simulator/build/ramulator2 -f /home/aatmaj/CENT/aim_simulator/test/example.yaml -t /home/aatmaj/CENT/experiments/dda_full_sweep/traces/32_channels_per_device/32_devices/model_parallel_FC/Llama2-7B/trace_32_FC_devices_seqlen_768.txt
/home/aatmaj/CENT/aim_simulator/build/ramulator2 -f /home/aatmaj/CENT/aim_simulator/test/example.yaml -t /home/aatmaj/CENT/experiments/dda_full_sweep/traces/32_channels_per_device/32_devices/model_parallel/Llama2-7B/trace_1_FC_devices_seqlen_896.txt
/home/aatmaj/CENT/aim_simulator/build/ramulator2 -f /home/aatmaj/CENT/aim_simulator/test/example.yaml -t /home/aatmaj/CENT/experiments/dda_full_sweep/traces/32_channels_per_device/32_devices/model_parallel_FC/Llama2-7B/trace_1_FC_devices_seqlen_896.txt
/home/aatmaj/CENT/aim_simulator/build/ramulator2 -f /home/aatmaj/CENT/aim_simulator/test/example.yaml -t /home/aatmaj/CENT/experiments/dda_full_sweep/traces/32_channels_per_device/32_devices/model_parallel/Llama2-7B/trace_2_FC_devices_seqlen_896.txt
/home/aatmaj/CENT/aim_simulator/build/ramulator2 -f /home/aatmaj/CENT/aim_simulator/test/example.yaml -t /home/aatmaj/CENT/experiments/dda_full_sweep/traces/32_channels_per_device/32_devices/model_parallel_FC/Llama2-7B/trace_2_FC_devices_seqlen_896.txt
/home/aatmaj/CENT/aim_simulator/build/ramulator2 -f /home/aatmaj/CENT/aim_simulator/test/example.yaml -t /home/aatmaj/CENT/experiments/dda_full_sweep/traces/32_channels_per_device/32_devices/model_parallel/Llama2-7B/trace_4_FC_devices_seqlen_896.txt
/home/aatmaj/CENT/aim_simulator/build/ramulator2 -f /home/aatmaj/CENT/aim_simulator/test/example.yaml -t /home/aatmaj/CENT/experiments/dda_full_sweep/traces/32_channels_per_device/32_devices/model_parallel_FC/Llama2-7B/trace_4_FC_devices_seqlen_896.txt
/home/aatmaj/CENT/aim_simulator/build/ramulator2 -f /home/aatmaj/CENT/aim_simulator/test/example.yaml -t /home/aatmaj/CENT/experiments/dda_full_sweep/traces/32_channels_per_device/32_devices/model_parallel/Llama2-7B/trace_8_FC_devices_seqlen_896.txt
/home/aatmaj/CENT/aim_simulator/build/ramulator2 -f /home/aatmaj/CENT/aim_simulator/test/example.yaml -t /home/aatmaj/CENT/experiments/dda_full_sweep/traces/32_channels_per_device/32_devices/model_parallel_FC/Llama2-7B/trace_8_FC_devices_seqlen_896.txt
/home/aatmaj/CENT/aim_simulator/build/ramulator2 -f /home/aatmaj/CENT/aim_simulator/test/example.yaml -t /home/aatmaj/CENT/experiments/dda_full_sweep/traces/32_channels_per_device/32_devices/model_parallel/Llama2-7B/trace_16_FC_devices_seqlen_896.txt
/home/aatmaj/CENT/aim_simulator/build/ramulator2 -f /home/aatmaj/CENT/aim_simulator/test/example.yaml -t /home/aatmaj/CENT/experiments/dda_full_sweep/traces/32_channels_per_device/32_devices/model_parallel_FC/Llama2-7B/trace_16_FC_devices_seqlen_896.txt
/home/aatmaj/CENT/aim_simulator/build/ramulator2 -f /home/aatmaj/CENT/aim_simulator/test/example.yaml -t /home/aatmaj/CENT/experiments/dda_full_sweep/traces/32_channels_per_device/32_devices/model_parallel/Llama2-7B/trace_32_FC_devices_seqlen_896.txt
/home/aatmaj/CENT/aim_simulator/build/ramulator2 -f /home/aatmaj/CENT/aim_simulator/test/example.yaml -t /home/aatmaj/CENT/experiments/dda_full_sweep/traces/32_channels_per_device/32_devices/model_parallel_FC/Llama2-7B/trace_32_FC_devices_seqlen_896.txt
/home/aatmaj/CENT/aim_simulator/build/ramulator2 -f /home/aatmaj/CENT/aim_simulator/test/example.yaml -t /home/aatmaj/CENT/experiments/dda_full_sweep/traces/32_channels_per_device/32_devices/model_parallel/Llama2-7B/trace_1_FC_devices_seqlen_1024.txt
/home/aatmaj/CENT/aim_simulator/build/ramulator2 -f /home/aatmaj/CENT/aim_simulator/test/example.yaml -t /home/aatmaj/CENT/experiments/dda_full_sweep/traces/32_channels_per_device/32_devices/model_parallel_FC/Llama2-7B/trace_1_FC_devices_seqlen_1024.txt
/home/aatmaj/CENT/aim_simulator/build/ramulator2 -f /home/aatmaj/CENT/aim_simulator/test/example.yaml -t /home/aatmaj/CENT/experiments/dda_full_sweep/traces/32_channels_per_device/32_devices/model_parallel/Llama2-7B/trace_2_FC_devices_seqlen_1024.txt
/home/aatmaj/CENT/aim_simulator/build/ramulator2 -f /home/aatmaj/CENT/aim_simulator/test/example.yaml -t /home/aatmaj/CENT/experiments/dda_full_sweep/traces/32_channels_per_device/32_devices/model_parallel_FC/Llama2-7B/trace_2_FC_devices_seqlen_1024.txt
/home/aatmaj/CENT/aim_simulator/build/ramulator2 -f /home/aatmaj/CENT/aim_simulator/test/example.yaml -t /home/aatmaj/CENT/experiments/dda_full_sweep/traces/32_channels_per_device/32_devices/model_parallel/Llama2-7B/trace_4_FC_devices_seqlen_1024.txt
/home/aatmaj/CENT/aim_simulator/build/ramulator2 -f /home/aatmaj/CENT/aim_simulator/test/example.yaml -t /home/aatmaj/CENT/experiments/dda_full_sweep/traces/32_channels_per_device/32_devices/model_parallel_FC/Llama2-7B/trace_4_FC_devices_seqlen_1024.txt
/home/aatmaj/CENT/aim_simulator/build/ramulator2 -f /home/aatmaj/CENT/aim_simulator/test/example.yaml -t /home/aatmaj/CENT/experiments/dda_full_sweep/traces/32_channels_per_device/32_devices/model_parallel/Llama2-7B/trace_8_FC_devices_seqlen_1024.txt
/home/aatmaj/CENT/aim_simulator/build/ramulator2 -f /home/aatmaj/CENT/aim_simulator/test/example.yaml -t /home/aatmaj/CENT/experiments/dda_full_sweep/traces/32_channels_per_device/32_devices/model_parallel_FC/Llama2-7B/trace_8_FC_devices_seqlen_1024.txt
/home/aatmaj/CENT/aim_simulator/build/ramulator2 -f /home/aatmaj/CENT/aim_simulator/test/example.yaml -t /home/aatmaj/CENT/experiments/dda_full_sweep/traces/32_channels_per_device/32_devices/model_parallel/Llama2-7B/trace_16_FC_devices_seqlen_1024.txt
/home/aatmaj/CENT/aim_simulator/build/ramulator2 -f /home/aatmaj/CENT/aim_simulator/test/example.yaml -t /home/aatmaj/CENT/experiments/dda_full_sweep/traces/32_channels_per_device/32_devices/model_parallel_FC/Llama2-7B/trace_16_FC_devices_seqlen_1024.txt
/home/aatmaj/CENT/aim_simulator/build/ramulator2 -f /home/aatmaj/CENT/aim_simulator/test/example.yaml -t /home/aatmaj/CENT/experiments/dda_full_sweep/traces/32_channels_per_device/32_devices/model_parallel/Llama2-7B/trace_32_FC_devices_seqlen_1024.txt
/home/aatmaj/CENT/aim_simulator/build/ramulator2 -f /home/aatmaj/CENT/aim_simulator/test/example.yaml -t /home/aatmaj/CENT/experiments/dda_full_sweep/traces/32_channels_per_device/32_devices/model_parallel_FC/Llama2-7B/trace_32_FC_devices_seqlen_1024.txt
/home/aatmaj/CENT/aim_simulator/build/ramulator2 -f /home/aatmaj/CENT/aim_simulator/test/example.yaml -t /home/aatmaj/CENT/experiments/dda_full_sweep/traces/32_channels_per_device/32_devices/model_parallel/Llama2-7B/trace_1_FC_devices_seqlen_1152.txt
/home/aatmaj/CENT/aim_simulator/build/ramulator2 -f /home/aatmaj/CENT/aim_simulator/test/example.yaml -t /home/aatmaj/CENT/experiments/dda_full_sweep/traces/32_channels_per_device/32_devices/model_parallel_FC/Llama2-7B/trace_1_FC_devices_seqlen_1152.txt
/home/aatmaj/CENT/aim_simulator/build/ramulator2 -f /home/aatmaj/CENT/aim_simulator/test/example.yaml -t /home/aatmaj/CENT/experiments/dda_full_sweep/traces/32_channels_per_device/32_devices/model_parallel/Llama2-7B/trace_2_FC_devices_seqlen_1152.txt
/home/aatmaj/CENT/aim_simulator/build/ramulator2 -f /home/aatmaj/CENT/aim_simulator/test/example.yaml -t /home/aatmaj/CENT/experiments/dda_full_sweep/traces/32_channels_per_device/32_devices/model_parallel_FC/Llama2-7B/trace_2_FC_devices_seqlen_1152.txt
/home/aatmaj/CENT/aim_simulator/build/ramulator2 -f /home/aatmaj/CENT/aim_simulator/test/example.yaml -t /home/aatmaj/CENT/experiments/dda_full_sweep/traces/32_channels_per_device/32_devices/model_parallel/Llama2-7B/trace_4_FC_devices_seqlen_1152.txt
/home/aatmaj/CENT/aim_simulator/build/ramulator2 -f /home/aatmaj/CENT/aim_simulator/test/example.yaml -t /home/aatmaj/CENT/experiments/dda_full_sweep/traces/32_channels_per_device/32_devices/model_parallel_FC/Llama2-7B/trace_4_FC_devices_seqlen_1152.txt
/home/aatmaj/CENT/aim_simulator/build/ramulator2 -f /home/aatmaj/CENT/aim_simulator/test/example.yaml -t /home/aatmaj/CENT/experiments/dda_full_sweep/traces/32_channels_per_device/32_devices/model_parallel/Llama2-7B/trace_8_FC_devices_seqlen_1152.txt
/home/aatmaj/CENT/aim_simulator/build/ramulator2 -f /home/aatmaj/CENT/aim_simulator/test/example.yaml -t /home/aatmaj/CENT/experiments/dda_full_sweep/traces/32_channels_per_device/32_devices/model_parallel_FC/Llama2-7B/trace_8_FC_devices_seqlen_1152.txt
/home/aatmaj/CENT/aim_simulator/build/ramulator2 -f /home/aatmaj/CENT/aim_simulator/test/example.yaml -t /home/aatmaj/CENT/experiments/dda_full_sweep/traces/32_channels_per_device/32_devices/model_parallel/Llama2-7B/trace_16_FC_devices_seqlen_1152.txt
/home/aatmaj/CENT/aim_simulator/build/ramulator2 -f /home/aatmaj/CENT/aim_simulator/test/example.yaml -t /home/aatmaj/CENT/experiments/dda_full_sweep/traces/32_channels_per_device/32_devices/model_parallel_FC/Llama2-7B/trace_16_FC_devices_seqlen_1152.txt
/home/aatmaj/CENT/aim_simulator/build/ramulator2 -f /home/aatmaj/CENT/aim_simulator/test/example.yaml -t /home/aatmaj/CENT/experiments/dda_full_sweep/traces/32_channels_per_device/32_devices/model_parallel/Llama2-7B/trace_32_FC_devices_seqlen_1152.txt
/home/aatmaj/CENT/aim_simulator/build/ramulator2 -f /home/aatmaj/CENT/aim_simulator/test/example.yaml -t /home/aatmaj/CENT/experiments/dda_full_sweep/traces/32_channels_per_device/32_devices/model_parallel_FC/Llama2-7B/trace_32_FC_devices_seqlen_1152.txt
/home/aatmaj/CENT/aim_simulator/build/ramulator2 -f /home/aatmaj/CENT/aim_simulator/test/example.yaml -t /home/aatmaj/CENT/experiments/dda_full_sweep/traces/32_channels_per_device/32_devices/model_parallel/Llama2-7B/trace_1_FC_devices_seqlen_1280.txt
/home/aatmaj/CENT/aim_simulator/build/ramulator2 -f /home/aatmaj/CENT/aim_simulator/test/example.yaml -t /home/aatmaj/CENT/experiments/dda_full_sweep/traces/32_channels_per_device/32_devices/model_parallel_FC/Llama2-7B/trace_1_FC_devices_seqlen_1280.txt
/home/aatmaj/CENT/aim_simulator/build/ramulator2 -f /home/aatmaj/CENT/aim_simulator/test/example.yaml -t /home/aatmaj/CENT/experiments/dda_full_sweep/traces/32_channels_per_device/32_devices/model_parallel/Llama2-7B/trace_2_FC_devices_seqlen_1280.txt
/home/aatmaj/CENT/aim_simulator/build/ramulator2 -f /home/aatmaj/CENT/aim_simulator/test/example.yaml -t /home/aatmaj/CENT/experiments/dda_full_sweep/traces/32_channels_per_device/32_devices/model_parallel_FC/Llama2-7B/trace_2_FC_devices_seqlen_1280.txt
/home/aatmaj/CENT/aim_simulator/build/ramulator2 -f /home/aatmaj/CENT/aim_simulator/test/example.yaml -t /home/aatmaj/CENT/experiments/dda_full_sweep/traces/32_channels_per_device/32_devices/model_parallel/Llama2-7B/trace_4_FC_devices_seqlen_1280.txt
/home/aatmaj/CENT/aim_simulator/build/ramulator2 -f /home/aatmaj/CENT/aim_simulator/test/example.yaml -t /home/aatmaj/CENT/experiments/dda_full_sweep/traces/32_channels_per_device/32_devices/model_parallel_FC/Llama2-7B/trace_4_FC_devices_seqlen_1280.txt
/home/aatmaj/CENT/aim_simulator/build/ramulator2 -f /home/aatmaj/CENT/aim_simulator/test/example.yaml -t /home/aatmaj/CENT/experiments/dda_full_sweep/traces/32_channels_per_device/32_devices/model_parallel/Llama2-7B/trace_8_FC_devices_seqlen_1280.txt
/home/aatmaj/CENT/aim_simulator/build/ramulator2 -f /home/aatmaj/CENT/aim_simulator/test/example.yaml -t /home/aatmaj/CENT/experiments/dda_full_sweep/traces/32_channels_per_device/32_devices/model_parallel_FC/Llama2-7B/trace_8_FC_devices_seqlen_1280.txt
/home/aatmaj/CENT/aim_simulator/build/ramulator2 -f /home/aatmaj/CENT/aim_simulator/test/example.yaml -t /home/aatmaj/CENT/experiments/dda_full_sweep/traces/32_channels_per_device/32_devices/model_parallel/Llama2-7B/trace_16_FC_devices_seqlen_1280.txt
/home/aatmaj/CENT/aim_simulator/build/ramulator2 -f /home/aatmaj/CENT/aim_simulator/test/example.yaml -t /home/aatmaj/CENT/experiments/dda_full_sweep/traces/32_channels_per_device/32_devices/model_parallel_FC/Llama2-7B/trace_16_FC_devices_seqlen_1280.txt
/home/aatmaj/CENT/aim_simulator/build/ramulator2 -f /home/aatmaj/CENT/aim_simulator/test/example.yaml -t /home/aatmaj/CENT/experiments/dda_full_sweep/traces/32_channels_per_device/32_devices/model_parallel/Llama2-7B/trace_32_FC_devices_seqlen_1280.txt
/home/aatmaj/CENT/aim_simulator/build/ramulator2 -f /home/aatmaj/CENT/aim_simulator/test/example.yaml -t /home/aatmaj/CENT/experiments/dda_full_sweep/traces/32_channels_per_device/32_devices/model_parallel_FC/Llama2-7B/trace_32_FC_devices_seqlen_1280.txt
/home/aatmaj/CENT/aim_simulator/build/ramulator2 -f /home/aatmaj/CENT/aim_simulator/test/example.yaml -t /home/aatmaj/CENT/experiments/dda_full_sweep/traces/32_channels_per_device/32_devices/model_parallel/Llama2-7B/trace_1_FC_devices_seqlen_1408.txt
/home/aatmaj/CENT/aim_simulator/build/ramulator2 -f /home/aatmaj/CENT/aim_simulator/test/example.yaml -t /home/aatmaj/CENT/experiments/dda_full_sweep/traces/32_channels_per_device/32_devices/model_parallel_FC/Llama2-7B/trace_1_FC_devices_seqlen_1408.txt
/home/aatmaj/CENT/aim_simulator/build/ramulator2 -f /home/aatmaj/CENT/aim_simulator/test/example.yaml -t /home/aatmaj/CENT/experiments/dda_full_sweep/traces/32_channels_per_device/32_devices/model_parallel/Llama2-7B/trace_2_FC_devices_seqlen_1408.txt
/home/aatmaj/CENT/aim_simulator/build/ramulator2 -f /home/aatmaj/CENT/aim_simulator/test/example.yaml -t /home/aatmaj/CENT/experiments/dda_full_sweep/traces/32_channels_per_device/32_devices/model_parallel_FC/Llama2-7B/trace_2_FC_devices_seqlen_1408.txt
/home/aatmaj/CENT/aim_simulator/build/ramulator2 -f /home/aatmaj/CENT/aim_simulator/test/example.yaml -t /home/aatmaj/CENT/experiments/dda_full_sweep/traces/32_channels_per_device/32_devices/model_parallel/Llama2-7B/trace_4_FC_devices_seqlen_1408.txt
/home/aatmaj/CENT/aim_simulator/build/ramulator2 -f /home/aatmaj/CENT/aim_simulator/test/example.yaml -t /home/aatmaj/CENT/experiments/dda_full_sweep/traces/32_channels_per_device/32_devices/model_parallel_FC/Llama2-7B/trace_4_FC_devices_seqlen_1408.txt
/home/aatmaj/CENT/aim_simulator/build/ramulator2 -f /home/aatmaj/CENT/aim_simulator/test/example.yaml -t /home/aatmaj/CENT/experiments/dda_full_sweep/traces/32_channels_per_device/32_devices/model_parallel/Llama2-7B/trace_8_FC_devices_seqlen_1408.txt
/home/aatmaj/CENT/aim_simulator/build/ramulator2 -f /home/aatmaj/CENT/aim_simulator/test/example.yaml -t /home/aatmaj/CENT/experiments/dda_full_sweep/traces/32_channels_per_device/32_devices/model_parallel_FC/Llama2-7B/trace_8_FC_devices_seqlen_1408.txt
/home/aatmaj/CENT/aim_simulator/build/ramulator2 -f /home/aatmaj/CENT/aim_simulator/test/example.yaml -t /home/aatmaj/CENT/experiments/dda_full_sweep/traces/32_channels_per_device/32_devices/model_parallel/Llama2-7B/trace_16_FC_devices_seqlen_1408.txt
/home/aatmaj/CENT/aim_simulator/build/ramulator2 -f /home/aatmaj/CENT/aim_simulator/test/example.yaml -t /home/aatmaj/CENT/experiments/dda_full_sweep/traces/32_channels_per_device/32_devices/model_parallel_FC/Llama2-7B/trace_16_FC_devices_seqlen_1408.txt
/home/aatmaj/CENT/aim_simulator/build/ramulator2 -f /home/aatmaj/CENT/aim_simulator/test/example.yaml -t /home/aatmaj/CENT/experiments/dda_full_sweep/traces/32_channels_per_device/32_devices/model_parallel/Llama2-7B/trace_32_FC_devices_seqlen_1408.txt
/home/aatmaj/CENT/aim_simulator/build/ramulator2 -f /home/aatmaj/CENT/aim_simulator/test/example.yaml -t /home/aatmaj/CENT/experiments/dda_full_sweep/traces/32_channels_per_device/32_devices/model_parallel_FC/Llama2-7B/trace_32_FC_devices_seqlen_1408.txt
/home/aatmaj/CENT/aim_simulator/build/ramulator2 -f /home/aatmaj/CENT/aim_simulator/test/example.yaml -t /home/aatmaj/CENT/experiments/dda_full_sweep/traces/32_channels_per_device/32_devices/model_parallel/Llama2-7B/trace_1_FC_devices_seqlen_1536.txt
/home/aatmaj/CENT/aim_simulator/build/ramulator2 -f /home/aatmaj/CENT/aim_simulator/test/example.yaml -t /home/aatmaj/CENT/experiments/dda_full_sweep/traces/32_channels_per_device/32_devices/model_parallel_FC/Llama2-7B/trace_1_FC_devices_seqlen_1536.txt
/home/aatmaj/CENT/aim_simulator/build/ramulator2 -f /home/aatmaj/CENT/aim_simulator/test/example.yaml -t /home/aatmaj/CENT/experiments/dda_full_sweep/traces/32_channels_per_device/32_devices/model_parallel/Llama2-7B/trace_2_FC_devices_seqlen_1536.txt
/home/aatmaj/CENT/aim_simulator/build/ramulator2 -f /home/aatmaj/CENT/aim_simulator/test/example.yaml -t /home/aatmaj/CENT/experiments/dda_full_sweep/traces/32_channels_per_device/32_devices/model_parallel_FC/Llama2-7B/trace_2_FC_devices_seqlen_1536.txt
/home/aatmaj/CENT/aim_simulator/build/ramulator2 -f /home/aatmaj/CENT/aim_simulator/test/example.yaml -t /home/aatmaj/CENT/experiments/dda_full_sweep/traces/32_channels_per_device/32_devices/model_parallel/Llama2-7B/trace_4_FC_devices_seqlen_1536.txt
/home/aatmaj/CENT/aim_simulator/build/ramulator2 -f /home/aatmaj/CENT/aim_simulator/test/example.yaml -t /home/aatmaj/CENT/experiments/dda_full_sweep/traces/32_channels_per_device/32_devices/model_parallel_FC/Llama2-7B/trace_4_FC_devices_seqlen_1536.txt
/home/aatmaj/CENT/aim_simulator/build/ramulator2 -f /home/aatmaj/CENT/aim_simulator/test/example.yaml -t /home/aatmaj/CENT/experiments/dda_full_sweep/traces/32_channels_per_device/32_devices/model_parallel/Llama2-7B/trace_8_FC_devices_seqlen_1536.txt
/home/aatmaj/CENT/aim_simulator/build/ramulator2 -f /home/aatmaj/CENT/aim_simulator/test/example.yaml -t /home/aatmaj/CENT/experiments/dda_full_sweep/traces/32_channels_per_device/32_devices/model_parallel_FC/Llama2-7B/trace_8_FC_devices_seqlen_1536.txt
/home/aatmaj/CENT/aim_simulator/build/ramulator2 -f /home/aatmaj/CENT/aim_simulator/test/example.yaml -t /home/aatmaj/CENT/experiments/dda_full_sweep/traces/32_channels_per_device/32_devices/model_parallel/Llama2-7B/trace_16_FC_devices_seqlen_1536.txt
/home/aatmaj/CENT/aim_simulator/build/ramulator2 -f /home/aatmaj/CENT/aim_simulator/test/example.yaml -t /home/aatmaj/CENT/experiments/dda_full_sweep/traces/32_channels_per_device/32_devices/model_parallel_FC/Llama2-7B/trace_16_FC_devices_seqlen_1536.txt
/home/aatmaj/CENT/aim_simulator/build/ramulator2 -f /home/aatmaj/CENT/aim_simulator/test/example.yaml -t /home/aatmaj/CENT/experiments/dda_full_sweep/traces/32_channels_per_device/32_devices/model_parallel/Llama2-7B/trace_32_FC_devices_seqlen_1536.txt
/home/aatmaj/CENT/aim_simulator/build/ramulator2 -f /home/aatmaj/CENT/aim_simulator/test/example.yaml -t /home/aatmaj/CENT/experiments/dda_full_sweep/traces/32_channels_per_device/32_devices/model_parallel_FC/Llama2-7B/trace_32_FC_devices_seqlen_1536.txt
/home/aatmaj/CENT/aim_simulator/build/ramulator2 -f /home/aatmaj/CENT/aim_simulator/test/example.yaml -t /home/aatmaj/CENT/experiments/dda_full_sweep/traces/32_channels_per_device/32_devices/model_parallel/Llama2-7B/trace_1_FC_devices_seqlen_1664.txt
/home/aatmaj/CENT/aim_simulator/build/ramulator2 -f /home/aatmaj/CENT/aim_simulator/test/example.yaml -t /home/aatmaj/CENT/experiments/dda_full_sweep/traces/32_channels_per_device/32_devices/model_parallel_FC/Llama2-7B/trace_1_FC_devices_seqlen_1664.txt
/home/aatmaj/CENT/aim_simulator/build/ramulator2 -f /home/aatmaj/CENT/aim_simulator/test/example.yaml -t /home/aatmaj/CENT/experiments/dda_full_sweep/traces/32_channels_per_device/32_devices/model_parallel/Llama2-7B/trace_2_FC_devices_seqlen_1664.txt
/home/aatmaj/CENT/aim_simulator/build/ramulator2 -f /home/aatmaj/CENT/aim_simulator/test/example.yaml -t /home/aatmaj/CENT/experiments/dda_full_sweep/traces/32_channels_per_device/32_devices/model_parallel_FC/Llama2-7B/trace_2_FC_devices_seqlen_1664.txt
/home/aatmaj/CENT/aim_simulator/build/ramulator2 -f /home/aatmaj/CENT/aim_simulator/test/example.yaml -t /home/aatmaj/CENT/experiments/dda_full_sweep/traces/32_channels_per_device/32_devices/model_parallel/Llama2-7B/trace_4_FC_devices_seqlen_1664.txt
/home/aatmaj/CENT/aim_simulator/build/ramulator2 -f /home/aatmaj/CENT/aim_simulator/test/example.yaml -t /home/aatmaj/CENT/experiments/dda_full_sweep/traces/32_channels_per_device/32_devices/model_parallel_FC/Llama2-7B/trace_4_FC_devices_seqlen_1664.txt
/home/aatmaj/CENT/aim_simulator/build/ramulator2 -f /home/aatmaj/CENT/aim_simulator/test/example.yaml -t /home/aatmaj/CENT/experiments/dda_full_sweep/traces/32_channels_per_device/32_devices/model_parallel/Llama2-7B/trace_8_FC_devices_seqlen_1664.txt
/home/aatmaj/CENT/aim_simulator/build/ramulator2 -f /home/aatmaj/CENT/aim_simulator/test/example.yaml -t /home/aatmaj/CENT/experiments/dda_full_sweep/traces/32_channels_per_device/32_devices/model_parallel_FC/Llama2-7B/trace_8_FC_devices_seqlen_1664.txt
/home/aatmaj/CENT/aim_simulator/build/ramulator2 -f /home/aatmaj/CENT/aim_simulator/test/example.yaml -t /home/aatmaj/CENT/experiments/dda_full_sweep/traces/32_channels_per_device/32_devices/model_parallel/Llama2-7B/trace_16_FC_devices_seqlen_1664.txt
/home/aatmaj/CENT/aim_simulator/build/ramulator2 -f /home/aatmaj/CENT/aim_simulator/test/example.yaml -t /home/aatmaj/CENT/experiments/dda_full_sweep/traces/32_channels_per_device/32_devices/model_parallel_FC/Llama2-7B/trace_16_FC_devices_seqlen_1664.txt
/home/aatmaj/CENT/aim_simulator/build/ramulator2 -f /home/aatmaj/CENT/aim_simulator/test/example.yaml -t /home/aatmaj/CENT/experiments/dda_full_sweep/traces/32_channels_per_device/32_devices/model_parallel/Llama2-7B/trace_32_FC_devices_seqlen_1664.txt
/home/aatmaj/CENT/aim_simulator/build/ramulator2 -f /home/aatmaj/CENT/aim_simulator/test/example.yaml -t /home/aatmaj/CENT/experiments/dda_full_sweep/traces/32_channels_per_device/32_devices/model_parallel_FC/Llama2-7B/trace_32_FC_devices_seqlen_1664.txt
/home/aatmaj/CENT/aim_simulator/build/ramulator2 -f /home/aatmaj/CENT/aim_simulator/test/example.yaml -t /home/aatmaj/CENT/experiments/dda_full_sweep/traces/32_channels_per_device/32_devices/model_parallel/Llama2-7B/trace_1_FC_devices_seqlen_1792.txt
/home/aatmaj/CENT/aim_simulator/build/ramulator2 -f /home/aatmaj/CENT/aim_simulator/test/example.yaml -t /home/aatmaj/CENT/experiments/dda_full_sweep/traces/32_channels_per_device/32_devices/model_parallel_FC/Llama2-7B/trace_1_FC_devices_seqlen_1792.txt
/home/aatmaj/CENT/aim_simulator/build/ramulator2 -f /home/aatmaj/CENT/aim_simulator/test/example.yaml -t /home/aatmaj/CENT/experiments/dda_full_sweep/traces/32_channels_per_device/32_devices/model_parallel/Llama2-7B/trace_2_FC_devices_seqlen_1792.txt
/home/aatmaj/CENT/aim_simulator/build/ramulator2 -f /home/aatmaj/CENT/aim_simulator/test/example.yaml -t /home/aatmaj/CENT/experiments/dda_full_sweep/traces/32_channels_per_device/32_devices/model_parallel_FC/Llama2-7B/trace_2_FC_devices_seqlen_1792.txt
/home/aatmaj/CENT/aim_simulator/build/ramulator2 -f /home/aatmaj/CENT/aim_simulator/test/example.yaml -t /home/aatmaj/CENT/experiments/dda_full_sweep/traces/32_channels_per_device/32_devices/model_parallel/Llama2-7B/trace_4_FC_devices_seqlen_1792.txt
/home/aatmaj/CENT/aim_simulator/build/ramulator2 -f /home/aatmaj/CENT/aim_simulator/test/example.yaml -t /home/aatmaj/CENT/experiments/dda_full_sweep/traces/32_channels_per_device/32_devices/model_parallel_FC/Llama2-7B/trace_4_FC_devices_seqlen_1792.txt
/home/aatmaj/CENT/aim_simulator/build/ramulator2 -f /home/aatmaj/CENT/aim_simulator/test/example.yaml -t /home/aatmaj/CENT/experiments/dda_full_sweep/traces/32_channels_per_device/32_devices/model_parallel/Llama2-7B/trace_8_FC_devices_seqlen_1792.txt
/home/aatmaj/CENT/aim_simulator/build/ramulator2 -f /home/aatmaj/CENT/aim_simulator/test/example.yaml -t /home/aatmaj/CENT/experiments/dda_full_sweep/traces/32_channels_per_device/32_devices/model_parallel_FC/Llama2-7B/trace_8_FC_devices_seqlen_1792.txt
/home/aatmaj/CENT/aim_simulator/build/ramulator2 -f /home/aatmaj/CENT/aim_simulator/test/example.yaml -t /home/aatmaj/CENT/experiments/dda_full_sweep/traces/32_channels_per_device/32_devices/model_parallel/Llama2-7B/trace_16_FC_devices_seqlen_1792.txt
/home/aatmaj/CENT/aim_simulator/build/ramulator2 -f /home/aatmaj/CENT/aim_simulator/test/example.yaml -t /home/aatmaj/CENT/experiments/dda_full_sweep/traces/32_channels_per_device/32_devices/model_parallel_FC/Llama2-7B/trace_16_FC_devices_seqlen_1792.txt
/home/aatmaj/CENT/aim_simulator/build/ramulator2 -f /home/aatmaj/CENT/aim_simulator/test/example.yaml -t /home/aatmaj/CENT/experiments/dda_full_sweep/traces/32_channels_per_device/32_devices/model_parallel/Llama2-7B/trace_32_FC_devices_seqlen_1792.txt
/home/aatmaj/CENT/aim_simulator/build/ramulator2 -f /home/aatmaj/CENT/aim_simulator/test/example.yaml -t /home/aatmaj/CENT/experiments/dda_full_sweep/traces/32_channels_per_device/32_devices/model_parallel_FC/Llama2-7B/trace_32_FC_devices_seqlen_1792.txt
/home/aatmaj/CENT/aim_simulator/build/ramulator2 -f /home/aatmaj/CENT/aim_simulator/test/example.yaml -t /home/aatmaj/CENT/experiments/dda_full_sweep/traces/32_channels_per_device/32_devices/model_parallel/Llama2-7B/trace_1_FC_devices_seqlen_1920.txt
/home/aatmaj/CENT/aim_simulator/build/ramulator2 -f /home/aatmaj/CENT/aim_simulator/test/example.yaml -t /home/aatmaj/CENT/experiments/dda_full_sweep/traces/32_channels_per_device/32_devices/model_parallel_FC/Llama2-7B/trace_1_FC_devices_seqlen_1920.txt
/home/aatmaj/CENT/aim_simulator/build/ramulator2 -f /home/aatmaj/CENT/aim_simulator/test/example.yaml -t /home/aatmaj/CENT/experiments/dda_full_sweep/traces/32_channels_per_device/32_devices/model_parallel/Llama2-7B/trace_2_FC_devices_seqlen_1920.txt
/home/aatmaj/CENT/aim_simulator/build/ramulator2 -f /home/aatmaj/CENT/aim_simulator/test/example.yaml -t /home/aatmaj/CENT/experiments/dda_full_sweep/traces/32_channels_per_device/32_devices/model_parallel_FC/Llama2-7B/trace_2_FC_devices_seqlen_1920.txt
/home/aatmaj/CENT/aim_simulator/build/ramulator2 -f /home/aatmaj/CENT/aim_simulator/test/example.yaml -t /home/aatmaj/CENT/experiments/dda_full_sweep/traces/32_channels_per_device/32_devices/model_parallel/Llama2-7B/trace_4_FC_devices_seqlen_1920.txt
/home/aatmaj/CENT/aim_simulator/build/ramulator2 -f /home/aatmaj/CENT/aim_simulator/test/example.yaml -t /home/aatmaj/CENT/experiments/dda_full_sweep/traces/32_channels_per_device/32_devices/model_parallel_FC/Llama2-7B/trace_4_FC_devices_seqlen_1920.txt
/home/aatmaj/CENT/aim_simulator/build/ramulator2 -f /home/aatmaj/CENT/aim_simulator/test/example.yaml -t /home/aatmaj/CENT/experiments/dda_full_sweep/traces/32_channels_per_device/32_devices/model_parallel/Llama2-7B/trace_8_FC_devices_seqlen_1920.txt
/home/aatmaj/CENT/aim_simulator/build/ramulator2 -f /home/aatmaj/CENT/aim_simulator/test/example.yaml -t /home/aatmaj/CENT/experiments/dda_full_sweep/traces/32_channels_per_device/32_devices/model_parallel_FC/Llama2-7B/trace_8_FC_devices_seqlen_1920.txt
/home/aatmaj/CENT/aim_simulator/build/ramulator2 -f /home/aatmaj/CENT/aim_simulator/test/example.yaml -t /home/aatmaj/CENT/experiments/dda_full_sweep/traces/32_channels_per_device/32_devices/model_parallel/Llama2-7B/trace_16_FC_devices_seqlen_1920.txt
/home/aatmaj/CENT/aim_simulator/build/ramulator2 -f /home/aatmaj/CENT/aim_simulator/test/example.yaml -t /home/aatmaj/CENT/experiments/dda_full_sweep/traces/32_channels_per_device/32_devices/model_parallel_FC/Llama2-7B/trace_16_FC_devices_seqlen_1920.txt
/home/aatmaj/CENT/aim_simulator/build/ramulator2 -f /home/aatmaj/CENT/aim_simulator/test/example.yaml -t /home/aatmaj/CENT/experiments/dda_full_sweep/traces/32_channels_per_device/32_devices/model_parallel/Llama2-7B/trace_32_FC_devices_seqlen_1920.txt
/home/aatmaj/CENT/aim_simulator/build/ramulator2 -f /home/aatmaj/CENT/aim_simulator/test/example.yaml -t /home/aatmaj/CENT/experiments/dda_full_sweep/traces/32_channels_per_device/32_devices/model_parallel_FC/Llama2-7B/trace_32_FC_devices_seqlen_1920.txt
/home/aatmaj/CENT/aim_simulator/build/ramulator2 -f /home/aatmaj/CENT/aim_simulator/test/example.yaml -t /home/aatmaj/CENT/experiments/dda_full_sweep/traces/32_channels_per_device/32_devices/model_parallel/Llama2-7B/trace_1_FC_devices_seqlen_2048.txt
/home/aatmaj/CENT/aim_simulator/build/ramulator2 -f /home/aatmaj/CENT/aim_simulator/test/example.yaml -t /home/aatmaj/CENT/experiments/dda_full_sweep/traces/32_channels_per_device/32_devices/model_parallel_FC/Llama2-7B/trace_1_FC_devices_seqlen_2048.txt
/home/aatmaj/CENT/aim_simulator/build/ramulator2 -f /home/aatmaj/CENT/aim_simulator/test/example.yaml -t /home/aatmaj/CENT/experiments/dda_full_sweep/traces/32_channels_per_device/32_devices/model_parallel/Llama2-7B/trace_2_FC_devices_seqlen_2048.txt
/home/aatmaj/CENT/aim_simulator/build/ramulator2 -f /home/aatmaj/CENT/aim_simulator/test/example.yaml -t /home/aatmaj/CENT/experiments/dda_full_sweep/traces/32_channels_per_device/32_devices/model_parallel_FC/Llama2-7B/trace_2_FC_devices_seqlen_2048.txt
/home/aatmaj/CENT/aim_simulator/build/ramulator2 -f /home/aatmaj/CENT/aim_simulator/test/example.yaml -t /home/aatmaj/CENT/experiments/dda_full_sweep/traces/32_channels_per_device/32_devices/model_parallel/Llama2-7B/trace_4_FC_devices_seqlen_2048.txt
/home/aatmaj/CENT/aim_simulator/build/ramulator2 -f /home/aatmaj/CENT/aim_simulator/test/example.yaml -t /home/aatmaj/CENT/experiments/dda_full_sweep/traces/32_channels_per_device/32_devices/model_parallel_FC/Llama2-7B/trace_4_FC_devices_seqlen_2048.txt
/home/aatmaj/CENT/aim_simulator/build/ramulator2 -f /home/aatmaj/CENT/aim_simulator/test/example.yaml -t /home/aatmaj/CENT/experiments/dda_full_sweep/traces/32_channels_per_device/32_devices/model_parallel/Llama2-7B/trace_8_FC_devices_seqlen_2048.txt
/home/aatmaj/CENT/aim_simulator/build/ramulator2 -f /home/aatmaj/CENT/aim_simulator/test/example.yaml -t /home/aatmaj/CENT/experiments/dda_full_sweep/traces/32_channels_per_device/32_devices/model_parallel_FC/Llama2-7B/trace_8_FC_devices_seqlen_2048.txt
/home/aatmaj/CENT/aim_simulator/build/ramulator2 -f /home/aatmaj/CENT/aim_simulator/test/example.yaml -t /home/aatmaj/CENT/experiments/dda_full_sweep/traces/32_channels_per_device/32_devices/model_parallel/Llama2-7B/trace_16_FC_devices_seqlen_2048.txt
/home/aatmaj/CENT/aim_simulator/build/ramulator2 -f /home/aatmaj/CENT/aim_simulator/test/example.yaml -t /home/aatmaj/CENT/experiments/dda_full_sweep/traces/32_channels_per_device/32_devices/model_parallel_FC/Llama2-7B/trace_16_FC_devices_seqlen_2048.txt
/home/aatmaj/CENT/aim_simulator/build/ramulator2 -f /home/aatmaj/CENT/aim_simulator/test/example.yaml -t /home/aatmaj/CENT/experiments/dda_full_sweep/traces/32_channels_per_device/32_devices/model_parallel/Llama2-7B/trace_32_FC_devices_seqlen_2048.txt
/home/aatmaj/CENT/aim_simulator/build/ramulator2 -f /home/aatmaj/CENT/aim_simulator/test/example.yaml -t /home/aatmaj/CENT/experiments/dda_full_sweep/traces/32_channels_per_device/32_devices/model_parallel_FC/Llama2-7B/trace_32_FC_devices_seqlen_2048.txt
/home/aatmaj/CENT/aim_simulator/build/ramulator2 -f /home/aatmaj/CENT/aim_simulator/test/example.yaml -t /home/aatmaj/CENT/experiments/dda_full_sweep/traces/32_channels_per_device/32_devices/model_parallel/Llama2-7B/trace_1_FC_devices_seqlen_2176.txt
/home/aatmaj/CENT/aim_simulator/build/ramulator2 -f /home/aatmaj/CENT/aim_simulator/test/example.yaml -t /home/aatmaj/CENT/experiments/dda_full_sweep/traces/32_channels_per_device/32_devices/model_parallel_FC/Llama2-7B/trace_1_FC_devices_seqlen_2176.txt
/home/aatmaj/CENT/aim_simulator/build/ramulator2 -f /home/aatmaj/CENT/aim_simulator/test/example.yaml -t /home/aatmaj/CENT/experiments/dda_full_sweep/traces/32_channels_per_device/32_devices/model_parallel/Llama2-7B/trace_2_FC_devices_seqlen_2176.txt
/home/aatmaj/CENT/aim_simulator/build/ramulator2 -f /home/aatmaj/CENT/aim_simulator/test/example.yaml -t /home/aatmaj/CENT/experiments/dda_full_sweep/traces/32_channels_per_device/32_devices/model_parallel_FC/Llama2-7B/trace_2_FC_devices_seqlen_2176.txt
/home/aatmaj/CENT/aim_simulator/build/ramulator2 -f /home/aatmaj/CENT/aim_simulator/test/example.yaml -t /home/aatmaj/CENT/experiments/dda_full_sweep/traces/32_channels_per_device/32_devices/model_parallel/Llama2-7B/trace_4_FC_devices_seqlen_2176.txt
/home/aatmaj/CENT/aim_simulator/build/ramulator2 -f /home/aatmaj/CENT/aim_simulator/test/example.yaml -t /home/aatmaj/CENT/experiments/dda_full_sweep/traces/32_channels_per_device/32_devices/model_parallel_FC/Llama2-7B/trace_4_FC_devices_seqlen_2176.txt
/home/aatmaj/CENT/aim_simulator/build/ramulator2 -f /home/aatmaj/CENT/aim_simulator/test/example.yaml -t /home/aatmaj/CENT/experiments/dda_full_sweep/traces/32_channels_per_device/32_devices/model_parallel/Llama2-7B/trace_8_FC_devices_seqlen_2176.txt
/home/aatmaj/CENT/aim_simulator/build/ramulator2 -f /home/aatmaj/CENT/aim_simulator/test/example.yaml -t /home/aatmaj/CENT/experiments/dda_full_sweep/traces/32_channels_per_device/32_devices/model_parallel_FC/Llama2-7B/trace_8_FC_devices_seqlen_2176.txt
/home/aatmaj/CENT/aim_simulator/build/ramulator2 -f /home/aatmaj/CENT/aim_simulator/test/example.yaml -t /home/aatmaj/CENT/experiments/dda_full_sweep/traces/32_channels_per_device/32_devices/model_parallel/Llama2-7B/trace_16_FC_devices_seqlen_2176.txt
/home/aatmaj/CENT/aim_simulator/build/ramulator2 -f /home/aatmaj/CENT/aim_simulator/test/example.yaml -t /home/aatmaj/CENT/experiments/dda_full_sweep/traces/32_channels_per_device/32_devices/model_parallel_FC/Llama2-7B/trace_16_FC_devices_seqlen_2176.txt
/home/aatmaj/CENT/aim_simulator/build/ramulator2 -f /home/aatmaj/CENT/aim_simulator/test/example.yaml -t /home/aatmaj/CENT/experiments/dda_full_sweep/traces/32_channels_per_device/32_devices/model_parallel/Llama2-7B/trace_32_FC_devices_seqlen_2176.txt
/home/aatmaj/CENT/aim_simulator/build/ramulator2 -f /home/aatmaj/CENT/aim_simulator/test/example.yaml -t /home/aatmaj/CENT/experiments/dda_full_sweep/traces/32_channels_per_device/32_devices/model_parallel_FC/Llama2-7B/trace_32_FC_devices_seqlen_2176.txt
/home/aatmaj/CENT/aim_simulator/build/ramulator2 -f /home/aatmaj/CENT/aim_simulator/test/example.yaml -t /home/aatmaj/CENT/experiments/dda_full_sweep/traces/32_channels_per_device/32_devices/model_parallel/Llama2-7B/trace_1_FC_devices_seqlen_2304.txt
/home/aatmaj/CENT/aim_simulator/build/ramulator2 -f /home/aatmaj/CENT/aim_simulator/test/example.yaml -t /home/aatmaj/CENT/experiments/dda_full_sweep/traces/32_channels_per_device/32_devices/model_parallel_FC/Llama2-7B/trace_1_FC_devices_seqlen_2304.txt
/home/aatmaj/CENT/aim_simulator/build/ramulator2 -f /home/aatmaj/CENT/aim_simulator/test/example.yaml -t /home/aatmaj/CENT/experiments/dda_full_sweep/traces/32_channels_per_device/32_devices/model_parallel/Llama2-7B/trace_2_FC_devices_seqlen_2304.txt
/home/aatmaj/CENT/aim_simulator/build/ramulator2 -f /home/aatmaj/CENT/aim_simulator/test/example.yaml -t /home/aatmaj/CENT/experiments/dda_full_sweep/traces/32_channels_per_device/32_devices/model_parallel_FC/Llama2-7B/trace_2_FC_devices_seqlen_2304.txt
/home/aatmaj/CENT/aim_simulator/build/ramulator2 -f /home/aatmaj/CENT/aim_simulator/test/example.yaml -t /home/aatmaj/CENT/experiments/dda_full_sweep/traces/32_channels_per_device/32_devices/model_parallel/Llama2-7B/trace_4_FC_devices_seqlen_2304.txt
/home/aatmaj/CENT/aim_simulator/build/ramulator2 -f /home/aatmaj/CENT/aim_simulator/test/example.yaml -t /home/aatmaj/CENT/experiments/dda_full_sweep/traces/32_channels_per_device/32_devices/model_parallel_FC/Llama2-7B/trace_4_FC_devices_seqlen_2304.txt
/home/aatmaj/CENT/aim_simulator/build/ramulator2 -f /home/aatmaj/CENT/aim_simulator/test/example.yaml -t /home/aatmaj/CENT/experiments/dda_full_sweep/traces/32_channels_per_device/32_devices/model_parallel/Llama2-7B/trace_8_FC_devices_seqlen_2304.txt
/home/aatmaj/CENT/aim_simulator/build/ramulator2 -f /home/aatmaj/CENT/aim_simulator/test/example.yaml -t /home/aatmaj/CENT/experiments/dda_full_sweep/traces/32_channels_per_device/32_devices/model_parallel_FC/Llama2-7B/trace_8_FC_devices_seqlen_2304.txt
/home/aatmaj/CENT/aim_simulator/build/ramulator2 -f /home/aatmaj/CENT/aim_simulator/test/example.yaml -t /home/aatmaj/CENT/experiments/dda_full_sweep/traces/32_channels_per_device/32_devices/model_parallel/Llama2-7B/trace_16_FC_devices_seqlen_2304.txt
/home/aatmaj/CENT/aim_simulator/build/ramulator2 -f /home/aatmaj/CENT/aim_simulator/test/example.yaml -t /home/aatmaj/CENT/experiments/dda_full_sweep/traces/32_channels_per_device/32_devices/model_parallel_FC/Llama2-7B/trace_16_FC_devices_seqlen_2304.txt
/home/aatmaj/CENT/aim_simulator/build/ramulator2 -f /home/aatmaj/CENT/aim_simulator/test/example.yaml -t /home/aatmaj/CENT/experiments/dda_full_sweep/traces/32_channels_per_device/32_devices/model_parallel/Llama2-7B/trace_32_FC_devices_seqlen_2304.txt
/home/aatmaj/CENT/aim_simulator/build/ramulator2 -f /home/aatmaj/CENT/aim_simulator/test/example.yaml -t /home/aatmaj/CENT/experiments/dda_full_sweep/traces/32_channels_per_device/32_devices/model_parallel_FC/Llama2-7B/trace_32_FC_devices_seqlen_2304.txt
/home/aatmaj/CENT/aim_simulator/build/ramulator2 -f /home/aatmaj/CENT/aim_simulator/test/example.yaml -t /home/aatmaj/CENT/experiments/dda_full_sweep/traces/32_channels_per_device/32_devices/model_parallel/Llama2-7B/trace_1_FC_devices_seqlen_2432.txt
/home/aatmaj/CENT/aim_simulator/build/ramulator2 -f /home/aatmaj/CENT/aim_simulator/test/example.yaml -t /home/aatmaj/CENT/experiments/dda_full_sweep/traces/32_channels_per_device/32_devices/model_parallel_FC/Llama2-7B/trace_1_FC_devices_seqlen_2432.txt
/home/aatmaj/CENT/aim_simulator/build/ramulator2 -f /home/aatmaj/CENT/aim_simulator/test/example.yaml -t /home/aatmaj/CENT/experiments/dda_full_sweep/traces/32_channels_per_device/32_devices/model_parallel/Llama2-7B/trace_2_FC_devices_seqlen_2432.txt
/home/aatmaj/CENT/aim_simulator/build/ramulator2 -f /home/aatmaj/CENT/aim_simulator/test/example.yaml -t /home/aatmaj/CENT/experiments/dda_full_sweep/traces/32_channels_per_device/32_devices/model_parallel_FC/Llama2-7B/trace_2_FC_devices_seqlen_2432.txt
/home/aatmaj/CENT/aim_simulator/build/ramulator2 -f /home/aatmaj/CENT/aim_simulator/test/example.yaml -t /home/aatmaj/CENT/experiments/dda_full_sweep/traces/32_channels_per_device/32_devices/model_parallel/Llama2-7B/trace_4_FC_devices_seqlen_2432.txt
/home/aatmaj/CENT/aim_simulator/build/ramulator2 -f /home/aatmaj/CENT/aim_simulator/test/example.yaml -t /home/aatmaj/CENT/experiments/dda_full_sweep/traces/32_channels_per_device/32_devices/model_parallel_FC/Llama2-7B/trace_4_FC_devices_seqlen_2432.txt
/home/aatmaj/CENT/aim_simulator/build/ramulator2 -f /home/aatmaj/CENT/aim_simulator/test/example.yaml -t /home/aatmaj/CENT/experiments/dda_full_sweep/traces/32_channels_per_device/32_devices/model_parallel/Llama2-7B/trace_8_FC_devices_seqlen_2432.txt
/home/aatmaj/CENT/aim_simulator/build/ramulator2 -f /home/aatmaj/CENT/aim_simulator/test/example.yaml -t /home/aatmaj/CENT/experiments/dda_full_sweep/traces/32_channels_per_device/32_devices/model_parallel_FC/Llama2-7B/trace_8_FC_devices_seqlen_2432.txt
/home/aatmaj/CENT/aim_simulator/build/ramulator2 -f /home/aatmaj/CENT/aim_simulator/test/example.yaml -t /home/aatmaj/CENT/experiments/dda_full_sweep/traces/32_channels_per_device/32_devices/model_parallel/Llama2-7B/trace_16_FC_devices_seqlen_2432.txt
/home/aatmaj/CENT/aim_simulator/build/ramulator2 -f /home/aatmaj/CENT/aim_simulator/test/example.yaml -t /home/aatmaj/CENT/experiments/dda_full_sweep/traces/32_channels_per_device/32_devices/model_parallel_FC/Llama2-7B/trace_16_FC_devices_seqlen_2432.txt
/home/aatmaj/CENT/aim_simulator/build/ramulator2 -f /home/aatmaj/CENT/aim_simulator/test/example.yaml -t /home/aatmaj/CENT/experiments/dda_full_sweep/traces/32_channels_per_device/32_devices/model_parallel/Llama2-7B/trace_32_FC_devices_seqlen_2432.txt
/home/aatmaj/CENT/aim_simulator/build/ramulator2 -f /home/aatmaj/CENT/aim_simulator/test/example.yaml -t /home/aatmaj/CENT/experiments/dda_full_sweep/traces/32_channels_per_device/32_devices/model_parallel_FC/Llama2-7B/trace_32_FC_devices_seqlen_2432.txt
/home/aatmaj/CENT/aim_simulator/build/ramulator2 -f /home/aatmaj/CENT/aim_simulator/test/example.yaml -t /home/aatmaj/CENT/experiments/dda_full_sweep/traces/32_channels_per_device/32_devices/model_parallel/Llama2-7B/trace_1_FC_devices_seqlen_2560.txt
/home/aatmaj/CENT/aim_simulator/build/ramulator2 -f /home/aatmaj/CENT/aim_simulator/test/example.yaml -t /home/aatmaj/CENT/experiments/dda_full_sweep/traces/32_channels_per_device/32_devices/model_parallel_FC/Llama2-7B/trace_1_FC_devices_seqlen_2560.txt
/home/aatmaj/CENT/aim_simulator/build/ramulator2 -f /home/aatmaj/CENT/aim_simulator/test/example.yaml -t /home/aatmaj/CENT/experiments/dda_full_sweep/traces/32_channels_per_device/32_devices/model_parallel/Llama2-7B/trace_2_FC_devices_seqlen_2560.txt
/home/aatmaj/CENT/aim_simulator/build/ramulator2 -f /home/aatmaj/CENT/aim_simulator/test/example.yaml -t /home/aatmaj/CENT/experiments/dda_full_sweep/traces/32_channels_per_device/32_devices/model_parallel_FC/Llama2-7B/trace_2_FC_devices_seqlen_2560.txt
/home/aatmaj/CENT/aim_simulator/build/ramulator2 -f /home/aatmaj/CENT/aim_simulator/test/example.yaml -t /home/aatmaj/CENT/experiments/dda_full_sweep/traces/32_channels_per_device/32_devices/model_parallel/Llama2-7B/trace_4_FC_devices_seqlen_2560.txt
/home/aatmaj/CENT/aim_simulator/build/ramulator2 -f /home/aatmaj/CENT/aim_simulator/test/example.yaml -t /home/aatmaj/CENT/experiments/dda_full_sweep/traces/32_channels_per_device/32_devices/model_parallel_FC/Llama2-7B/trace_4_FC_devices_seqlen_2560.txt
/home/aatmaj/CENT/aim_simulator/build/ramulator2 -f /home/aatmaj/CENT/aim_simulator/test/example.yaml -t /home/aatmaj/CENT/experiments/dda_full_sweep/traces/32_channels_per_device/32_devices/model_parallel/Llama2-7B/trace_8_FC_devices_seqlen_2560.txt
/home/aatmaj/CENT/aim_simulator/build/ramulator2 -f /home/aatmaj/CENT/aim_simulator/test/example.yaml -t /home/aatmaj/CENT/experiments/dda_full_sweep/traces/32_channels_per_device/32_devices/model_parallel_FC/Llama2-7B/trace_8_FC_devices_seqlen_2560.txt
/home/aatmaj/CENT/aim_simulator/build/ramulator2 -f /home/aatmaj/CENT/aim_simulator/test/example.yaml -t /home/aatmaj/CENT/experiments/dda_full_sweep/traces/32_channels_per_device/32_devices/model_parallel/Llama2-7B/trace_16_FC_devices_seqlen_2560.txt
/home/aatmaj/CENT/aim_simulator/build/ramulator2 -f /home/aatmaj/CENT/aim_simulator/test/example.yaml -t /home/aatmaj/CENT/experiments/dda_full_sweep/traces/32_channels_per_device/32_devices/model_parallel_FC/Llama2-7B/trace_16_FC_devices_seqlen_2560.txt
/home/aatmaj/CENT/aim_simulator/build/ramulator2 -f /home/aatmaj/CENT/aim_simulator/test/example.yaml -t /home/aatmaj/CENT/experiments/dda_full_sweep/traces/32_channels_per_device/32_devices/model_parallel/Llama2-7B/trace_32_FC_devices_seqlen_2560.txt
/home/aatmaj/CENT/aim_simulator/build/ramulator2 -f /home/aatmaj/CENT/aim_simulator/test/example.yaml -t /home/aatmaj/CENT/experiments/dda_full_sweep/traces/32_channels_per_device/32_devices/model_parallel_FC/Llama2-7B/trace_32_FC_devices_seqlen_2560.txt
/home/aatmaj/CENT/aim_simulator/build/ramulator2 -f /home/aatmaj/CENT/aim_simulator/test/example.yaml -t /home/aatmaj/CENT/experiments/dda_full_sweep/traces/32_channels_per_device/32_devices/model_parallel/Llama2-7B/trace_1_FC_devices_seqlen_2688.txt
/home/aatmaj/CENT/aim_simulator/build/ramulator2 -f /home/aatmaj/CENT/aim_simulator/test/example.yaml -t /home/aatmaj/CENT/experiments/dda_full_sweep/traces/32_channels_per_device/32_devices/model_parallel_FC/Llama2-7B/trace_1_FC_devices_seqlen_2688.txt
/home/aatmaj/CENT/aim_simulator/build/ramulator2 -f /home/aatmaj/CENT/aim_simulator/test/example.yaml -t /home/aatmaj/CENT/experiments/dda_full_sweep/traces/32_channels_per_device/32_devices/model_parallel/Llama2-7B/trace_2_FC_devices_seqlen_2688.txt
/home/aatmaj/CENT/aim_simulator/build/ramulator2 -f /home/aatmaj/CENT/aim_simulator/test/example.yaml -t /home/aatmaj/CENT/experiments/dda_full_sweep/traces/32_channels_per_device/32_devices/model_parallel_FC/Llama2-7B/trace_2_FC_devices_seqlen_2688.txt
/home/aatmaj/CENT/aim_simulator/build/ramulator2 -f /home/aatmaj/CENT/aim_simulator/test/example.yaml -t /home/aatmaj/CENT/experiments/dda_full_sweep/traces/32_channels_per_device/32_devices/model_parallel/Llama2-7B/trace_4_FC_devices_seqlen_2688.txt
/home/aatmaj/CENT/aim_simulator/build/ramulator2 -f /home/aatmaj/CENT/aim_simulator/test/example.yaml -t /home/aatmaj/CENT/experiments/dda_full_sweep/traces/32_channels_per_device/32_devices/model_parallel_FC/Llama2-7B/trace_4_FC_devices_seqlen_2688.txt
/home/aatmaj/CENT/aim_simulator/build/ramulator2 -f /home/aatmaj/CENT/aim_simulator/test/example.yaml -t /home/aatmaj/CENT/experiments/dda_full_sweep/traces/32_channels_per_device/32_devices/model_parallel/Llama2-7B/trace_8_FC_devices_seqlen_2688.txt
/home/aatmaj/CENT/aim_simulator/build/ramulator2 -f /home/aatmaj/CENT/aim_simulator/test/example.yaml -t /home/aatmaj/CENT/experiments/dda_full_sweep/traces/32_channels_per_device/32_devices/model_parallel_FC/Llama2-7B/trace_8_FC_devices_seqlen_2688.txt
/home/aatmaj/CENT/aim_simulator/build/ramulator2 -f /home/aatmaj/CENT/aim_simulator/test/example.yaml -t /home/aatmaj/CENT/experiments/dda_full_sweep/traces/32_channels_per_device/32_devices/model_parallel/Llama2-7B/trace_16_FC_devices_seqlen_2688.txt
/home/aatmaj/CENT/aim_simulator/build/ramulator2 -f /home/aatmaj/CENT/aim_simulator/test/example.yaml -t /home/aatmaj/CENT/experiments/dda_full_sweep/traces/32_channels_per_device/32_devices/model_parallel_FC/Llama2-7B/trace_16_FC_devices_seqlen_2688.txt
/home/aatmaj/CENT/aim_simulator/build/ramulator2 -f /home/aatmaj/CENT/aim_simulator/test/example.yaml -t /home/aatmaj/CENT/experiments/dda_full_sweep/traces/32_channels_per_device/32_devices/model_parallel/Llama2-7B/trace_32_FC_devices_seqlen_2688.txt
/home/aatmaj/CENT/aim_simulator/build/ramulator2 -f /home/aatmaj/CENT/aim_simulator/test/example.yaml -t /home/aatmaj/CENT/experiments/dda_full_sweep/traces/32_channels_per_device/32_devices/model_parallel_FC/Llama2-7B/trace_32_FC_devices_seqlen_2688.txt
/home/aatmaj/CENT/aim_simulator/build/ramulator2 -f /home/aatmaj/CENT/aim_simulator/test/example.yaml -t /home/aatmaj/CENT/experiments/dda_full_sweep/traces/32_channels_per_device/32_devices/model_parallel/Llama2-7B/trace_1_FC_devices_seqlen_2816.txt
/home/aatmaj/CENT/aim_simulator/build/ramulator2 -f /home/aatmaj/CENT/aim_simulator/test/example.yaml -t /home/aatmaj/CENT/experiments/dda_full_sweep/traces/32_channels_per_device/32_devices/model_parallel_FC/Llama2-7B/trace_1_FC_devices_seqlen_2816.txt
/home/aatmaj/CENT/aim_simulator/build/ramulator2 -f /home/aatmaj/CENT/aim_simulator/test/example.yaml -t /home/aatmaj/CENT/experiments/dda_full_sweep/traces/32_channels_per_device/32_devices/model_parallel/Llama2-7B/trace_2_FC_devices_seqlen_2816.txt
/home/aatmaj/CENT/aim_simulator/build/ramulator2 -f /home/aatmaj/CENT/aim_simulator/test/example.yaml -t /home/aatmaj/CENT/experiments/dda_full_sweep/traces/32_channels_per_device/32_devices/model_parallel_FC/Llama2-7B/trace_2_FC_devices_seqlen_2816.txt
/home/aatmaj/CENT/aim_simulator/build/ramulator2 -f /home/aatmaj/CENT/aim_simulator/test/example.yaml -t /home/aatmaj/CENT/experiments/dda_full_sweep/traces/32_channels_per_device/32_devices/model_parallel/Llama2-7B/trace_4_FC_devices_seqlen_2816.txt
/home/aatmaj/CENT/aim_simulator/build/ramulator2 -f /home/aatmaj/CENT/aim_simulator/test/example.yaml -t /home/aatmaj/CENT/experiments/dda_full_sweep/traces/32_channels_per_device/32_devices/model_parallel_FC/Llama2-7B/trace_4_FC_devices_seqlen_2816.txt
/home/aatmaj/CENT/aim_simulator/build/ramulator2 -f /home/aatmaj/CENT/aim_simulator/test/example.yaml -t /home/aatmaj/CENT/experiments/dda_full_sweep/traces/32_channels_per_device/32_devices/model_parallel/Llama2-7B/trace_8_FC_devices_seqlen_2816.txt
/home/aatmaj/CENT/aim_simulator/build/ramulator2 -f /home/aatmaj/CENT/aim_simulator/test/example.yaml -t /home/aatmaj/CENT/experiments/dda_full_sweep/traces/32_channels_per_device/32_devices/model_parallel_FC/Llama2-7B/trace_8_FC_devices_seqlen_2816.txt
/home/aatmaj/CENT/aim_simulator/build/ramulator2 -f /home/aatmaj/CENT/aim_simulator/test/example.yaml -t /home/aatmaj/CENT/experiments/dda_full_sweep/traces/32_channels_per_device/32_devices/model_parallel/Llama2-7B/trace_16_FC_devices_seqlen_2816.txt
/home/aatmaj/CENT/aim_simulator/build/ramulator2 -f /home/aatmaj/CENT/aim_simulator/test/example.yaml -t /home/aatmaj/CENT/experiments/dda_full_sweep/traces/32_channels_per_device/32_devices/model_parallel_FC/Llama2-7B/trace_16_FC_devices_seqlen_2816.txt
/home/aatmaj/CENT/aim_simulator/build/ramulator2 -f /home/aatmaj/CENT/aim_simulator/test/example.yaml -t /home/aatmaj/CENT/experiments/dda_full_sweep/traces/32_channels_per_device/32_devices/model_parallel/Llama2-7B/trace_32_FC_devices_seqlen_2816.txt
/home/aatmaj/CENT/aim_simulator/build/ramulator2 -f /home/aatmaj/CENT/aim_simulator/test/example.yaml -t /home/aatmaj/CENT/experiments/dda_full_sweep/traces/32_channels_per_device/32_devices/model_parallel_FC/Llama2-7B/trace_32_FC_devices_seqlen_2816.txt
/home/aatmaj/CENT/aim_simulator/build/ramulator2 -f /home/aatmaj/CENT/aim_simulator/test/example.yaml -t /home/aatmaj/CENT/experiments/dda_full_sweep/traces/32_channels_per_device/32_devices/model_parallel/Llama2-7B/trace_1_FC_devices_seqlen_2944.txt
/home/aatmaj/CENT/aim_simulator/build/ramulator2 -f /home/aatmaj/CENT/aim_simulator/test/example.yaml -t /home/aatmaj/CENT/experiments/dda_full_sweep/traces/32_channels_per_device/32_devices/model_parallel_FC/Llama2-7B/trace_1_FC_devices_seqlen_2944.txt
/home/aatmaj/CENT/aim_simulator/build/ramulator2 -f /home/aatmaj/CENT/aim_simulator/test/example.yaml -t /home/aatmaj/CENT/experiments/dda_full_sweep/traces/32_channels_per_device/32_devices/model_parallel/Llama2-7B/trace_2_FC_devices_seqlen_2944.txt
/home/aatmaj/CENT/aim_simulator/build/ramulator2 -f /home/aatmaj/CENT/aim_simulator/test/example.yaml -t /home/aatmaj/CENT/experiments/dda_full_sweep/traces/32_channels_per_device/32_devices/model_parallel_FC/Llama2-7B/trace_2_FC_devices_seqlen_2944.txt
/home/aatmaj/CENT/aim_simulator/build/ramulator2 -f /home/aatmaj/CENT/aim_simulator/test/example.yaml -t /home/aatmaj/CENT/experiments/dda_full_sweep/traces/32_channels_per_device/32_devices/model_parallel/Llama2-7B/trace_4_FC_devices_seqlen_2944.txt
/home/aatmaj/CENT/aim_simulator/build/ramulator2 -f /home/aatmaj/CENT/aim_simulator/test/example.yaml -t /home/aatmaj/CENT/experiments/dda_full_sweep/traces/32_channels_per_device/32_devices/model_parallel_FC/Llama2-7B/trace_4_FC_devices_seqlen_2944.txt
/home/aatmaj/CENT/aim_simulator/build/ramulator2 -f /home/aatmaj/CENT/aim_simulator/test/example.yaml -t /home/aatmaj/CENT/experiments/dda_full_sweep/traces/32_channels_per_device/32_devices/model_parallel/Llama2-7B/trace_8_FC_devices_seqlen_2944.txt
/home/aatmaj/CENT/aim_simulator/build/ramulator2 -f /home/aatmaj/CENT/aim_simulator/test/example.yaml -t /home/aatmaj/CENT/experiments/dda_full_sweep/traces/32_channels_per_device/32_devices/model_parallel_FC/Llama2-7B/trace_8_FC_devices_seqlen_2944.txt
/home/aatmaj/CENT/aim_simulator/build/ramulator2 -f /home/aatmaj/CENT/aim_simulator/test/example.yaml -t /home/aatmaj/CENT/experiments/dda_full_sweep/traces/32_channels_per_device/32_devices/model_parallel/Llama2-7B/trace_16_FC_devices_seqlen_2944.txt
/home/aatmaj/CENT/aim_simulator/build/ramulator2 -f /home/aatmaj/CENT/aim_simulator/test/example.yaml -t /home/aatmaj/CENT/experiments/dda_full_sweep/traces/32_channels_per_device/32_devices/model_parallel_FC/Llama2-7B/trace_16_FC_devices_seqlen_2944.txt
/home/aatmaj/CENT/aim_simulator/build/ramulator2 -f /home/aatmaj/CENT/aim_simulator/test/example.yaml -t /home/aatmaj/CENT/experiments/dda_full_sweep/traces/32_channels_per_device/32_devices/model_parallel/Llama2-7B/trace_32_FC_devices_seqlen_2944.txt
/home/aatmaj/CENT/aim_simulator/build/ramulator2 -f /home/aatmaj/CENT/aim_simulator/test/example.yaml -t /home/aatmaj/CENT/experiments/dda_full_sweep/traces/32_channels_per_device/32_devices/model_parallel_FC/Llama2-7B/trace_32_FC_devices_seqlen_2944.txt
/home/aatmaj/CENT/aim_simulator/build/ramulator2 -f /home/aatmaj/CENT/aim_simulator/test/example.yaml -t /home/aatmaj/CENT/experiments/dda_full_sweep/traces/32_channels_per_device/32_devices/model_parallel/Llama2-7B/trace_1_FC_devices_seqlen_3072.txt
/home/aatmaj/CENT/aim_simulator/build/ramulator2 -f /home/aatmaj/CENT/aim_simulator/test/example.yaml -t /home/aatmaj/CENT/experiments/dda_full_sweep/traces/32_channels_per_device/32_devices/model_parallel_FC/Llama2-7B/trace_1_FC_devices_seqlen_3072.txt
/home/aatmaj/CENT/aim_simulator/build/ramulator2 -f /home/aatmaj/CENT/aim_simulator/test/example.yaml -t /home/aatmaj/CENT/experiments/dda_full_sweep/traces/32_channels_per_device/32_devices/model_parallel/Llama2-7B/trace_2_FC_devices_seqlen_3072.txt
/home/aatmaj/CENT/aim_simulator/build/ramulator2 -f /home/aatmaj/CENT/aim_simulator/test/example.yaml -t /home/aatmaj/CENT/experiments/dda_full_sweep/traces/32_channels_per_device/32_devices/model_parallel_FC/Llama2-7B/trace_2_FC_devices_seqlen_3072.txt
/home/aatmaj/CENT/aim_simulator/build/ramulator2 -f /home/aatmaj/CENT/aim_simulator/test/example.yaml -t /home/aatmaj/CENT/experiments/dda_full_sweep/traces/32_channels_per_device/32_devices/model_parallel/Llama2-7B/trace_4_FC_devices_seqlen_3072.txt
/home/aatmaj/CENT/aim_simulator/build/ramulator2 -f /home/aatmaj/CENT/aim_simulator/test/example.yaml -t /home/aatmaj/CENT/experiments/dda_full_sweep/traces/32_channels_per_device/32_devices/model_parallel_FC/Llama2-7B/trace_4_FC_devices_seqlen_3072.txt
/home/aatmaj/CENT/aim_simulator/build/ramulator2 -f /home/aatmaj/CENT/aim_simulator/test/example.yaml -t /home/aatmaj/CENT/experiments/dda_full_sweep/traces/32_channels_per_device/32_devices/model_parallel/Llama2-7B/trace_8_FC_devices_seqlen_3072.txt
/home/aatmaj/CENT/aim_simulator/build/ramulator2 -f /home/aatmaj/CENT/aim_simulator/test/example.yaml -t /home/aatmaj/CENT/experiments/dda_full_sweep/traces/32_channels_per_device/32_devices/model_parallel_FC/Llama2-7B/trace_8_FC_devices_seqlen_3072.txt
/home/aatmaj/CENT/aim_simulator/build/ramulator2 -f /home/aatmaj/CENT/aim_simulator/test/example.yaml -t /home/aatmaj/CENT/experiments/dda_full_sweep/traces/32_channels_per_device/32_devices/model_parallel/Llama2-7B/trace_16_FC_devices_seqlen_3072.txt
/home/aatmaj/CENT/aim_simulator/build/ramulator2 -f /home/aatmaj/CENT/aim_simulator/test/example.yaml -t /home/aatmaj/CENT/experiments/dda_full_sweep/traces/32_channels_per_device/32_devices/model_parallel_FC/Llama2-7B/trace_16_FC_devices_seqlen_3072.txt
/home/aatmaj/CENT/aim_simulator/build/ramulator2 -f /home/aatmaj/CENT/aim_simulator/test/example.yaml -t /home/aatmaj/CENT/experiments/dda_full_sweep/traces/32_channels_per_device/32_devices/model_parallel/Llama2-7B/trace_32_FC_devices_seqlen_3072.txt
/home/aatmaj/CENT/aim_simulator/build/ramulator2 -f /home/aatmaj/CENT/aim_simulator/test/example.yaml -t /home/aatmaj/CENT/experiments/dda_full_sweep/traces/32_channels_per_device/32_devices/model_parallel_FC/Llama2-7B/trace_32_FC_devices_seqlen_3072.txt
/home/aatmaj/CENT/aim_simulator/build/ramulator2 -f /home/aatmaj/CENT/aim_simulator/test/example.yaml -t /home/aatmaj/CENT/experiments/dda_full_sweep/traces/32_channels_per_device/32_devices/model_parallel/Llama2-7B/trace_1_FC_devices_seqlen_3200.txt
/home/aatmaj/CENT/aim_simulator/build/ramulator2 -f /home/aatmaj/CENT/aim_simulator/test/example.yaml -t /home/aatmaj/CENT/experiments/dda_full_sweep/traces/32_channels_per_device/32_devices/model_parallel_FC/Llama2-7B/trace_1_FC_devices_seqlen_3200.txt
/home/aatmaj/CENT/aim_simulator/build/ramulator2 -f /home/aatmaj/CENT/aim_simulator/test/example.yaml -t /home/aatmaj/CENT/experiments/dda_full_sweep/traces/32_channels_per_device/32_devices/model_parallel/Llama2-7B/trace_2_FC_devices_seqlen_3200.txt
/home/aatmaj/CENT/aim_simulator/build/ramulator2 -f /home/aatmaj/CENT/aim_simulator/test/example.yaml -t /home/aatmaj/CENT/experiments/dda_full_sweep/traces/32_channels_per_device/32_devices/model_parallel_FC/Llama2-7B/trace_2_FC_devices_seqlen_3200.txt
/home/aatmaj/CENT/aim_simulator/build/ramulator2 -f /home/aatmaj/CENT/aim_simulator/test/example.yaml -t /home/aatmaj/CENT/experiments/dda_full_sweep/traces/32_channels_per_device/32_devices/model_parallel/Llama2-7B/trace_4_FC_devices_seqlen_3200.txt
/home/aatmaj/CENT/aim_simulator/build/ramulator2 -f /home/aatmaj/CENT/aim_simulator/test/example.yaml -t /home/aatmaj/CENT/experiments/dda_full_sweep/traces/32_channels_per_device/32_devices/model_parallel_FC/Llama2-7B/trace_4_FC_devices_seqlen_3200.txt
/home/aatmaj/CENT/aim_simulator/build/ramulator2 -f /home/aatmaj/CENT/aim_simulator/test/example.yaml -t /home/aatmaj/CENT/experiments/dda_full_sweep/traces/32_channels_per_device/32_devices/model_parallel/Llama2-7B/trace_8_FC_devices_seqlen_3200.txt
/home/aatmaj/CENT/aim_simulator/build/ramulator2 -f /home/aatmaj/CENT/aim_simulator/test/example.yaml -t /home/aatmaj/CENT/experiments/dda_full_sweep/traces/32_channels_per_device/32_devices/model_parallel_FC/Llama2-7B/trace_8_FC_devices_seqlen_3200.txt
/home/aatmaj/CENT/aim_simulator/build/ramulator2 -f /home/aatmaj/CENT/aim_simulator/test/example.yaml -t /home/aatmaj/CENT/experiments/dda_full_sweep/traces/32_channels_per_device/32_devices/model_parallel/Llama2-7B/trace_16_FC_devices_seqlen_3200.txt
/home/aatmaj/CENT/aim_simulator/build/ramulator2 -f /home/aatmaj/CENT/aim_simulator/test/example.yaml -t /home/aatmaj/CENT/experiments/dda_full_sweep/traces/32_channels_per_device/32_devices/model_parallel_FC/Llama2-7B/trace_16_FC_devices_seqlen_3200.txt
/home/aatmaj/CENT/aim_simulator/build/ramulator2 -f /home/aatmaj/CENT/aim_simulator/test/example.yaml -t /home/aatmaj/CENT/experiments/dda_full_sweep/traces/32_channels_per_device/32_devices/model_parallel/Llama2-7B/trace_32_FC_devices_seqlen_3200.txt
/home/aatmaj/CENT/aim_simulator/build/ramulator2 -f /home/aatmaj/CENT/aim_simulator/test/example.yaml -t /home/aatmaj/CENT/experiments/dda_full_sweep/traces/32_channels_per_device/32_devices/model_parallel_FC/Llama2-7B/trace_32_FC_devices_seqlen_3200.txt
/home/aatmaj/CENT/aim_simulator/build/ramulator2 -f /home/aatmaj/CENT/aim_simulator/test/example.yaml -t /home/aatmaj/CENT/experiments/dda_full_sweep/traces/32_channels_per_device/32_devices/model_parallel/Llama2-7B/trace_1_FC_devices_seqlen_3328.txt
/home/aatmaj/CENT/aim_simulator/build/ramulator2 -f /home/aatmaj/CENT/aim_simulator/test/example.yaml -t /home/aatmaj/CENT/experiments/dda_full_sweep/traces/32_channels_per_device/32_devices/model_parallel_FC/Llama2-7B/trace_1_FC_devices_seqlen_3328.txt
/home/aatmaj/CENT/aim_simulator/build/ramulator2 -f /home/aatmaj/CENT/aim_simulator/test/example.yaml -t /home/aatmaj/CENT/experiments/dda_full_sweep/traces/32_channels_per_device/32_devices/model_parallel/Llama2-7B/trace_2_FC_devices_seqlen_3328.txt
/home/aatmaj/CENT/aim_simulator/build/ramulator2 -f /home/aatmaj/CENT/aim_simulator/test/example.yaml -t /home/aatmaj/CENT/experiments/dda_full_sweep/traces/32_channels_per_device/32_devices/model_parallel_FC/Llama2-7B/trace_2_FC_devices_seqlen_3328.txt
/home/aatmaj/CENT/aim_simulator/build/ramulator2 -f /home/aatmaj/CENT/aim_simulator/test/example.yaml -t /home/aatmaj/CENT/experiments/dda_full_sweep/traces/32_channels_per_device/32_devices/model_parallel/Llama2-7B/trace_4_FC_devices_seqlen_3328.txt
/home/aatmaj/CENT/aim_simulator/build/ramulator2 -f /home/aatmaj/CENT/aim_simulator/test/example.yaml -t /home/aatmaj/CENT/experiments/dda_full_sweep/traces/32_channels_per_device/32_devices/model_parallel_FC/Llama2-7B/trace_4_FC_devices_seqlen_3328.txt
/home/aatmaj/CENT/aim_simulator/build/ramulator2 -f /home/aatmaj/CENT/aim_simulator/test/example.yaml -t /home/aatmaj/CENT/experiments/dda_full_sweep/traces/32_channels_per_device/32_devices/model_parallel/Llama2-7B/trace_8_FC_devices_seqlen_3328.txt
/home/aatmaj/CENT/aim_simulator/build/ramulator2 -f /home/aatmaj/CENT/aim_simulator/test/example.yaml -t /home/aatmaj/CENT/experiments/dda_full_sweep/traces/32_channels_per_device/32_devices/model_parallel_FC/Llama2-7B/trace_8_FC_devices_seqlen_3328.txt
/home/aatmaj/CENT/aim_simulator/build/ramulator2 -f /home/aatmaj/CENT/aim_simulator/test/example.yaml -t /home/aatmaj/CENT/experiments/dda_full_sweep/traces/32_channels_per_device/32_devices/model_parallel/Llama2-7B/trace_16_FC_devices_seqlen_3328.txt
/home/aatmaj/CENT/aim_simulator/build/ramulator2 -f /home/aatmaj/CENT/aim_simulator/test/example.yaml -t /home/aatmaj/CENT/experiments/dda_full_sweep/traces/32_channels_per_device/32_devices/model_parallel_FC/Llama2-7B/trace_16_FC_devices_seqlen_3328.txt
/home/aatmaj/CENT/aim_simulator/build/ramulator2 -f /home/aatmaj/CENT/aim_simulator/test/example.yaml -t /home/aatmaj/CENT/experiments/dda_full_sweep/traces/32_channels_per_device/32_devices/model_parallel/Llama2-7B/trace_32_FC_devices_seqlen_3328.txt
/home/aatmaj/CENT/aim_simulator/build/ramulator2 -f /home/aatmaj/CENT/aim_simulator/test/example.yaml -t /home/aatmaj/CENT/experiments/dda_full_sweep/traces/32_channels_per_device/32_devices/model_parallel_FC/Llama2-7B/trace_32_FC_devices_seqlen_3328.txt
/home/aatmaj/CENT/aim_simulator/build/ramulator2 -f /home/aatmaj/CENT/aim_simulator/test/example.yaml -t /home/aatmaj/CENT/experiments/dda_full_sweep/traces/32_channels_per_device/32_devices/model_parallel/Llama2-7B/trace_1_FC_devices_seqlen_3456.txt
/home/aatmaj/CENT/aim_simulator/build/ramulator2 -f /home/aatmaj/CENT/aim_simulator/test/example.yaml -t /home/aatmaj/CENT/experiments/dda_full_sweep/traces/32_channels_per_device/32_devices/model_parallel_FC/Llama2-7B/trace_1_FC_devices_seqlen_3456.txt
/home/aatmaj/CENT/aim_simulator/build/ramulator2 -f /home/aatmaj/CENT/aim_simulator/test/example.yaml -t /home/aatmaj/CENT/experiments/dda_full_sweep/traces/32_channels_per_device/32_devices/model_parallel/Llama2-7B/trace_2_FC_devices_seqlen_3456.txt
/home/aatmaj/CENT/aim_simulator/build/ramulator2 -f /home/aatmaj/CENT/aim_simulator/test/example.yaml -t /home/aatmaj/CENT/experiments/dda_full_sweep/traces/32_channels_per_device/32_devices/model_parallel_FC/Llama2-7B/trace_2_FC_devices_seqlen_3456.txt
/home/aatmaj/CENT/aim_simulator/build/ramulator2 -f /home/aatmaj/CENT/aim_simulator/test/example.yaml -t /home/aatmaj/CENT/experiments/dda_full_sweep/traces/32_channels_per_device/32_devices/model_parallel/Llama2-7B/trace_4_FC_devices_seqlen_3456.txt
/home/aatmaj/CENT/aim_simulator/build/ramulator2 -f /home/aatmaj/CENT/aim_simulator/test/example.yaml -t /home/aatmaj/CENT/experiments/dda_full_sweep/traces/32_channels_per_device/32_devices/model_parallel_FC/Llama2-7B/trace_4_FC_devices_seqlen_3456.txt
/home/aatmaj/CENT/aim_simulator/build/ramulator2 -f /home/aatmaj/CENT/aim_simulator/test/example.yaml -t /home/aatmaj/CENT/experiments/dda_full_sweep/traces/32_channels_per_device/32_devices/model_parallel/Llama2-7B/trace_8_FC_devices_seqlen_3456.txt
/home/aatmaj/CENT/aim_simulator/build/ramulator2 -f /home/aatmaj/CENT/aim_simulator/test/example.yaml -t /home/aatmaj/CENT/experiments/dda_full_sweep/traces/32_channels_per_device/32_devices/model_parallel_FC/Llama2-7B/trace_8_FC_devices_seqlen_3456.txt
/home/aatmaj/CENT/aim_simulator/build/ramulator2 -f /home/aatmaj/CENT/aim_simulator/test/example.yaml -t /home/aatmaj/CENT/experiments/dda_full_sweep/traces/32_channels_per_device/32_devices/model_parallel/Llama2-7B/trace_16_FC_devices_seqlen_3456.txt
/home/aatmaj/CENT/aim_simulator/build/ramulator2 -f /home/aatmaj/CENT/aim_simulator/test/example.yaml -t /home/aatmaj/CENT/experiments/dda_full_sweep/traces/32_channels_per_device/32_devices/model_parallel_FC/Llama2-7B/trace_16_FC_devices_seqlen_3456.txt
/home/aatmaj/CENT/aim_simulator/build/ramulator2 -f /home/aatmaj/CENT/aim_simulator/test/example.yaml -t /home/aatmaj/CENT/experiments/dda_full_sweep/traces/32_channels_per_device/32_devices/model_parallel/Llama2-7B/trace_32_FC_devices_seqlen_3456.txt
/home/aatmaj/CENT/aim_simulator/build/ramulator2 -f /home/aatmaj/CENT/aim_simulator/test/example.yaml -t /home/aatmaj/CENT/experiments/dda_full_sweep/traces/32_channels_per_device/32_devices/model_parallel_FC/Llama2-7B/trace_32_FC_devices_seqlen_3456.txt
/home/aatmaj/CENT/aim_simulator/build/ramulator2 -f /home/aatmaj/CENT/aim_simulator/test/example.yaml -t /home/aatmaj/CENT/experiments/dda_full_sweep/traces/32_channels_per_device/32_devices/model_parallel/Llama2-7B/trace_1_FC_devices_seqlen_3584.txt
/home/aatmaj/CENT/aim_simulator/build/ramulator2 -f /home/aatmaj/CENT/aim_simulator/test/example.yaml -t /home/aatmaj/CENT/experiments/dda_full_sweep/traces/32_channels_per_device/32_devices/model_parallel_FC/Llama2-7B/trace_1_FC_devices_seqlen_3584.txt
/home/aatmaj/CENT/aim_simulator/build/ramulator2 -f /home/aatmaj/CENT/aim_simulator/test/example.yaml -t /home/aatmaj/CENT/experiments/dda_full_sweep/traces/32_channels_per_device/32_devices/model_parallel/Llama2-7B/trace_2_FC_devices_seqlen_3584.txt
/home/aatmaj/CENT/aim_simulator/build/ramulator2 -f /home/aatmaj/CENT/aim_simulator/test/example.yaml -t /home/aatmaj/CENT/experiments/dda_full_sweep/traces/32_channels_per_device/32_devices/model_parallel_FC/Llama2-7B/trace_2_FC_devices_seqlen_3584.txt
/home/aatmaj/CENT/aim_simulator/build/ramulator2 -f /home/aatmaj/CENT/aim_simulator/test/example.yaml -t /home/aatmaj/CENT/experiments/dda_full_sweep/traces/32_channels_per_device/32_devices/model_parallel/Llama2-7B/trace_4_FC_devices_seqlen_3584.txt
/home/aatmaj/CENT/aim_simulator/build/ramulator2 -f /home/aatmaj/CENT/aim_simulator/test/example.yaml -t /home/aatmaj/CENT/experiments/dda_full_sweep/traces/32_channels_per_device/32_devices/model_parallel_FC/Llama2-7B/trace_4_FC_devices_seqlen_3584.txt
/home/aatmaj/CENT/aim_simulator/build/ramulator2 -f /home/aatmaj/CENT/aim_simulator/test/example.yaml -t /home/aatmaj/CENT/experiments/dda_full_sweep/traces/32_channels_per_device/32_devices/model_parallel/Llama2-7B/trace_8_FC_devices_seqlen_3584.txt
/home/aatmaj/CENT/aim_simulator/build/ramulator2 -f /home/aatmaj/CENT/aim_simulator/test/example.yaml -t /home/aatmaj/CENT/experiments/dda_full_sweep/traces/32_channels_per_device/32_devices/model_parallel_FC/Llama2-7B/trace_8_FC_devices_seqlen_3584.txt
/home/aatmaj/CENT/aim_simulator/build/ramulator2 -f /home/aatmaj/CENT/aim_simulator/test/example.yaml -t /home/aatmaj/CENT/experiments/dda_full_sweep/traces/32_channels_per_device/32_devices/model_parallel/Llama2-7B/trace_16_FC_devices_seqlen_3584.txt
/home/aatmaj/CENT/aim_simulator/build/ramulator2 -f /home/aatmaj/CENT/aim_simulator/test/example.yaml -t /home/aatmaj/CENT/experiments/dda_full_sweep/traces/32_channels_per_device/32_devices/model_parallel_FC/Llama2-7B/trace_16_FC_devices_seqlen_3584.txt
/home/aatmaj/CENT/aim_simulator/build/ramulator2 -f /home/aatmaj/CENT/aim_simulator/test/example.yaml -t /home/aatmaj/CENT/experiments/dda_full_sweep/traces/32_channels_per_device/32_devices/model_parallel/Llama2-7B/trace_32_FC_devices_seqlen_3584.txt
/home/aatmaj/CENT/aim_simulator/build/ramulator2 -f /home/aatmaj/CENT/aim_simulator/test/example.yaml -t /home/aatmaj/CENT/experiments/dda_full_sweep/traces/32_channels_per_device/32_devices/model_parallel_FC/Llama2-7B/trace_32_FC_devices_seqlen_3584.txt
/home/aatmaj/CENT/aim_simulator/build/ramulator2 -f /home/aatmaj/CENT/aim_simulator/test/example.yaml -t /home/aatmaj/CENT/experiments/dda_full_sweep/traces/32_channels_per_device/32_devices/model_parallel/Llama2-7B/trace_1_FC_devices_seqlen_3712.txt
/home/aatmaj/CENT/aim_simulator/build/ramulator2 -f /home/aatmaj/CENT/aim_simulator/test/example.yaml -t /home/aatmaj/CENT/experiments/dda_full_sweep/traces/32_channels_per_device/32_devices/model_parallel_FC/Llama2-7B/trace_1_FC_devices_seqlen_3712.txt
/home/aatmaj/CENT/aim_simulator/build/ramulator2 -f /home/aatmaj/CENT/aim_simulator/test/example.yaml -t /home/aatmaj/CENT/experiments/dda_full_sweep/traces/32_channels_per_device/32_devices/model_parallel/Llama2-7B/trace_2_FC_devices_seqlen_3712.txt
/home/aatmaj/CENT/aim_simulator/build/ramulator2 -f /home/aatmaj/CENT/aim_simulator/test/example.yaml -t /home/aatmaj/CENT/experiments/dda_full_sweep/traces/32_channels_per_device/32_devices/model_parallel_FC/Llama2-7B/trace_2_FC_devices_seqlen_3712.txt
/home/aatmaj/CENT/aim_simulator/build/ramulator2 -f /home/aatmaj/CENT/aim_simulator/test/example.yaml -t /home/aatmaj/CENT/experiments/dda_full_sweep/traces/32_channels_per_device/32_devices/model_parallel/Llama2-7B/trace_4_FC_devices_seqlen_3712.txt
/home/aatmaj/CENT/aim_simulator/build/ramulator2 -f /home/aatmaj/CENT/aim_simulator/test/example.yaml -t /home/aatmaj/CENT/experiments/dda_full_sweep/traces/32_channels_per_device/32_devices/model_parallel_FC/Llama2-7B/trace_4_FC_devices_seqlen_3712.txt
/home/aatmaj/CENT/aim_simulator/build/ramulator2 -f /home/aatmaj/CENT/aim_simulator/test/example.yaml -t /home/aatmaj/CENT/experiments/dda_full_sweep/traces/32_channels_per_device/32_devices/model_parallel/Llama2-7B/trace_8_FC_devices_seqlen_3712.txt
/home/aatmaj/CENT/aim_simulator/build/ramulator2 -f /home/aatmaj/CENT/aim_simulator/test/example.yaml -t /home/aatmaj/CENT/experiments/dda_full_sweep/traces/32_channels_per_device/32_devices/model_parallel_FC/Llama2-7B/trace_8_FC_devices_seqlen_3712.txt
/home/aatmaj/CENT/aim_simulator/build/ramulator2 -f /home/aatmaj/CENT/aim_simulator/test/example.yaml -t /home/aatmaj/CENT/experiments/dda_full_sweep/traces/32_channels_per_device/32_devices/model_parallel/Llama2-7B/trace_16_FC_devices_seqlen_3712.txt
/home/aatmaj/CENT/aim_simulator/build/ramulator2 -f /home/aatmaj/CENT/aim_simulator/test/example.yaml -t /home/aatmaj/CENT/experiments/dda_full_sweep/traces/32_channels_per_device/32_devices/model_parallel_FC/Llama2-7B/trace_16_FC_devices_seqlen_3712.txt
/home/aatmaj/CENT/aim_simulator/build/ramulator2 -f /home/aatmaj/CENT/aim_simulator/test/example.yaml -t /home/aatmaj/CENT/experiments/dda_full_sweep/traces/32_channels_per_device/32_devices/model_parallel/Llama2-7B/trace_32_FC_devices_seqlen_3712.txt
/home/aatmaj/CENT/aim_simulator/build/ramulator2 -f /home/aatmaj/CENT/aim_simulator/test/example.yaml -t /home/aatmaj/CENT/experiments/dda_full_sweep/traces/32_channels_per_device/32_devices/model_parallel_FC/Llama2-7B/trace_32_FC_devices_seqlen_3712.txt
/home/aatmaj/CENT/aim_simulator/build/ramulator2 -f /home/aatmaj/CENT/aim_simulator/test/example.yaml -t /home/aatmaj/CENT/experiments/dda_full_sweep/traces/32_channels_per_device/32_devices/model_parallel/Llama2-7B/trace_1_FC_devices_seqlen_3840.txt
/home/aatmaj/CENT/aim_simulator/build/ramulator2 -f /home/aatmaj/CENT/aim_simulator/test/example.yaml -t /home/aatmaj/CENT/experiments/dda_full_sweep/traces/32_channels_per_device/32_devices/model_parallel_FC/Llama2-7B/trace_1_FC_devices_seqlen_3840.txt
/home/aatmaj/CENT/aim_simulator/build/ramulator2 -f /home/aatmaj/CENT/aim_simulator/test/example.yaml -t /home/aatmaj/CENT/experiments/dda_full_sweep/traces/32_channels_per_device/32_devices/model_parallel/Llama2-7B/trace_2_FC_devices_seqlen_3840.txt
/home/aatmaj/CENT/aim_simulator/build/ramulator2 -f /home/aatmaj/CENT/aim_simulator/test/example.yaml -t /home/aatmaj/CENT/experiments/dda_full_sweep/traces/32_channels_per_device/32_devices/model_parallel_FC/Llama2-7B/trace_2_FC_devices_seqlen_3840.txt
/home/aatmaj/CENT/aim_simulator/build/ramulator2 -f /home/aatmaj/CENT/aim_simulator/test/example.yaml -t /home/aatmaj/CENT/experiments/dda_full_sweep/traces/32_channels_per_device/32_devices/model_parallel/Llama2-7B/trace_4_FC_devices_seqlen_3840.txt
/home/aatmaj/CENT/aim_simulator/build/ramulator2 -f /home/aatmaj/CENT/aim_simulator/test/example.yaml -t /home/aatmaj/CENT/experiments/dda_full_sweep/traces/32_channels_per_device/32_devices/model_parallel_FC/Llama2-7B/trace_4_FC_devices_seqlen_3840.txt
/home/aatmaj/CENT/aim_simulator/build/ramulator2 -f /home/aatmaj/CENT/aim_simulator/test/example.yaml -t /home/aatmaj/CENT/experiments/dda_full_sweep/traces/32_channels_per_device/32_devices/model_parallel/Llama2-7B/trace_8_FC_devices_seqlen_3840.txt
/home/aatmaj/CENT/aim_simulator/build/ramulator2 -f /home/aatmaj/CENT/aim_simulator/test/example.yaml -t /home/aatmaj/CENT/experiments/dda_full_sweep/traces/32_channels_per_device/32_devices/model_parallel_FC/Llama2-7B/trace_8_FC_devices_seqlen_3840.txt
/home/aatmaj/CENT/aim_simulator/build/ramulator2 -f /home/aatmaj/CENT/aim_simulator/test/example.yaml -t /home/aatmaj/CENT/experiments/dda_full_sweep/traces/32_channels_per_device/32_devices/model_parallel/Llama2-7B/trace_16_FC_devices_seqlen_3840.txt
/home/aatmaj/CENT/aim_simulator/build/ramulator2 -f /home/aatmaj/CENT/aim_simulator/test/example.yaml -t /home/aatmaj/CENT/experiments/dda_full_sweep/traces/32_channels_per_device/32_devices/model_parallel_FC/Llama2-7B/trace_16_FC_devices_seqlen_3840.txt
/home/aatmaj/CENT/aim_simulator/build/ramulator2 -f /home/aatmaj/CENT/aim_simulator/test/example.yaml -t /home/aatmaj/CENT/experiments/dda_full_sweep/traces/32_channels_per_device/32_devices/model_parallel/Llama2-7B/trace_32_FC_devices_seqlen_3840.txt
/home/aatmaj/CENT/aim_simulator/build/ramulator2 -f /home/aatmaj/CENT/aim_simulator/test/example.yaml -t /home/aatmaj/CENT/experiments/dda_full_sweep/traces/32_channels_per_device/32_devices/model_parallel_FC/Llama2-7B/trace_32_FC_devices_seqlen_3840.txt
/home/aatmaj/CENT/aim_simulator/build/ramulator2 -f /home/aatmaj/CENT/aim_simulator/test/example.yaml -t /home/aatmaj/CENT/experiments/dda_full_sweep/traces/32_channels_per_device/32_devices/model_parallel/Llama2-7B/trace_1_FC_devices_seqlen_3968.txt
/home/aatmaj/CENT/aim_simulator/build/ramulator2 -f /home/aatmaj/CENT/aim_simulator/test/example.yaml -t /home/aatmaj/CENT/experiments/dda_full_sweep/traces/32_channels_per_device/32_devices/model_parallel_FC/Llama2-7B/trace_1_FC_devices_seqlen_3968.txt
/home/aatmaj/CENT/aim_simulator/build/ramulator2 -f /home/aatmaj/CENT/aim_simulator/test/example.yaml -t /home/aatmaj/CENT/experiments/dda_full_sweep/traces/32_channels_per_device/32_devices/model_parallel/Llama2-7B/trace_2_FC_devices_seqlen_3968.txt
/home/aatmaj/CENT/aim_simulator/build/ramulator2 -f /home/aatmaj/CENT/aim_simulator/test/example.yaml -t /home/aatmaj/CENT/experiments/dda_full_sweep/traces/32_channels_per_device/32_devices/model_parallel_FC/Llama2-7B/trace_2_FC_devices_seqlen_3968.txt
/home/aatmaj/CENT/experiments/dda_full_sweep/simulation/run_sim_full32.py:430: FutureWarning: The behavior of DataFrame concatenation with empty or all-NA entries is deprecated. In a future version, this will no longer exclude empty or all-NA columns when determining the result dtypes. To retain the old behavior, exclude the relevant entries before the concat operation.
  results_df = pd.concat([results_df, new_df], ignore_index=True)
/home/aatmaj/CENT/aim_simulator/build/ramulator2 -f /home/aatmaj/CENT/aim_simulator/test/example.yaml -t /home/aatmaj/CENT/experiments/dda_full_sweep/traces/32_channels_per_device/32_devices/model_parallel/Llama2-7B/trace_4_FC_devices_seqlen_3968.txt
/home/aatmaj/CENT/aim_simulator/build/ramulator2 -f /home/aatmaj/CENT/aim_simulator/test/example.yaml -t /home/aatmaj/CENT/experiments/dda_full_sweep/traces/32_channels_per_device/32_devices/model_parallel_FC/Llama2-7B/trace_4_FC_devices_seqlen_3968.txt
/home/aatmaj/CENT/aim_simulator/build/ramulator2 -f /home/aatmaj/CENT/aim_simulator/test/example.yaml -t /home/aatmaj/CENT/experiments/dda_full_sweep/traces/32_channels_per_device/32_devices/model_parallel/Llama2-7B/trace_8_FC_devices_seqlen_3968.txt
/home/aatmaj/CENT/aim_simulator/build/ramulator2 -f /home/aatmaj/CENT/aim_simulator/test/example.yaml -t /home/aatmaj/CENT/experiments/dda_full_sweep/traces/32_channels_per_device/32_devices/model_parallel_FC/Llama2-7B/trace_8_FC_devices_seqlen_3968.txt
/home/aatmaj/CENT/aim_simulator/build/ramulator2 -f /home/aatmaj/CENT/aim_simulator/test/example.yaml -t /home/aatmaj/CENT/experiments/dda_full_sweep/traces/32_channels_per_device/32_devices/model_parallel/Llama2-7B/trace_16_FC_devices_seqlen_3968.txt
/home/aatmaj/CENT/aim_simulator/build/ramulator2 -f /home/aatmaj/CENT/aim_simulator/test/example.yaml -t /home/aatmaj/CENT/experiments/dda_full_sweep/traces/32_channels_per_device/32_devices/model_parallel_FC/Llama2-7B/trace_16_FC_devices_seqlen_3968.txt
/home/aatmaj/CENT/aim_simulator/build/ramulator2 -f /home/aatmaj/CENT/aim_simulator/test/example.yaml -t /home/aatmaj/CENT/experiments/dda_full_sweep/traces/32_channels_per_device/32_devices/model_parallel/Llama2-7B/trace_32_FC_devices_seqlen_3968.txt
/home/aatmaj/CENT/aim_simulator/build/ramulator2 -f /home/aatmaj/CENT/aim_simulator/test/example.yaml -t /home/aatmaj/CENT/experiments/dda_full_sweep/traces/32_channels_per_device/32_devices/model_parallel_FC/Llama2-7B/trace_32_FC_devices_seqlen_3968.txt
/home/aatmaj/CENT/aim_simulator/build/ramulator2 -f /home/aatmaj/CENT/aim_simulator/test/example.yaml -t /home/aatmaj/CENT/experiments/dda_full_sweep/traces/32_channels_per_device/32_devices/model_parallel/Llama2-7B/trace_1_FC_devices_seqlen_4096.txt
/home/aatmaj/CENT/aim_simulator/build/ramulator2 -f /home/aatmaj/CENT/aim_simulator/test/example.yaml -t /home/aatmaj/CENT/experiments/dda_full_sweep/traces/32_channels_per_device/32_devices/model_parallel_FC/Llama2-7B/trace_1_FC_devices_seqlen_4096.txt
/home/aatmaj/CENT/aim_simulator/build/ramulator2 -f /home/aatmaj/CENT/aim_simulator/test/example.yaml -t /home/aatmaj/CENT/experiments/dda_full_sweep/traces/32_channels_per_device/32_devices/model_parallel/Llama2-7B/trace_2_FC_devices_seqlen_4096.txt
/home/aatmaj/CENT/aim_simulator/build/ramulator2 -f /home/aatmaj/CENT/aim_simulator/test/example.yaml -t /home/aatmaj/CENT/experiments/dda_full_sweep/traces/32_channels_per_device/32_devices/model_parallel_FC/Llama2-7B/trace_2_FC_devices_seqlen_4096.txt
/home/aatmaj/CENT/aim_simulator/build/ramulator2 -f /home/aatmaj/CENT/aim_simulator/test/example.yaml -t /home/aatmaj/CENT/experiments/dda_full_sweep/traces/32_channels_per_device/32_devices/model_parallel/Llama2-7B/trace_4_FC_devices_seqlen_4096.txt
/home/aatmaj/CENT/aim_simulator/build/ramulator2 -f /home/aatmaj/CENT/aim_simulator/test/example.yaml -t /home/aatmaj/CENT/experiments/dda_full_sweep/traces/32_channels_per_device/32_devices/model_parallel_FC/Llama2-7B/trace_4_FC_devices_seqlen_4096.txt
/home/aatmaj/CENT/aim_simulator/build/ramulator2 -f /home/aatmaj/CENT/aim_simulator/test/example.yaml -t /home/aatmaj/CENT/experiments/dda_full_sweep/traces/32_channels_per_device/32_devices/model_parallel/Llama2-7B/trace_8_FC_devices_seqlen_4096.txt
/home/aatmaj/CENT/aim_simulator/build/ramulator2 -f /home/aatmaj/CENT/aim_simulator/test/example.yaml -t /home/aatmaj/CENT/experiments/dda_full_sweep/traces/32_channels_per_device/32_devices/model_parallel_FC/Llama2-7B/trace_8_FC_devices_seqlen_4096.txt
/home/aatmaj/CENT/aim_simulator/build/ramulator2 -f /home/aatmaj/CENT/aim_simulator/test/example.yaml -t /home/aatmaj/CENT/experiments/dda_full_sweep/traces/32_channels_per_device/32_devices/model_parallel/Llama2-7B/trace_16_FC_devices_seqlen_4096.txt
/home/aatmaj/CENT/aim_simulator/build/ramulator2 -f /home/aatmaj/CENT/aim_simulator/test/example.yaml -t /home/aatmaj/CENT/experiments/dda_full_sweep/traces/32_channels_per_device/32_devices/model_parallel_FC/Llama2-7B/trace_16_FC_devices_seqlen_4096.txt
/home/aatmaj/CENT/aim_simulator/build/ramulator2 -f /home/aatmaj/CENT/aim_simulator/test/example.yaml -t /home/aatmaj/CENT/experiments/dda_full_sweep/traces/32_channels_per_device/32_devices/model_parallel/Llama2-7B/trace_32_FC_devices_seqlen_4096.txt
/home/aatmaj/CENT/aim_simulator/build/ramulator2 -f /home/aatmaj/CENT/aim_simulator/test/example.yaml -t /home/aatmaj/CENT/experiments/dda_full_sweep/traces/32_channels_per_device/32_devices/model_parallel_FC/Llama2-7B/trace_32_FC_devices_seqlen_4096.txt
Processing results...
Updating simulation results to CSV...
=== Llama2-7B | N=32 | mode=mp | re-scoring at 4 lanes/dev (standalone box) ===
/home/aatmaj/CENT/experiments/dda_full_sweep/simulation/run_sim_full32.py:430: FutureWarning: The behavior of DataFrame concatenation with empty or all-NA entries is deprecated. In a future version, this will no longer exclude empty or all-NA columns when determining the result dtypes. To retain the old behavior, exclude the relevant entries before the concat operation.
  results_df = pd.concat([results_df, new_df], ignore_index=True)
Updating simulation results to CSV...

=== Llama2-13B | N=16 | mode=pp | scoring at 4 lanes/dev (shared 32-dev fabric) ===
Generating traces for Llama2-13B (16 devices) ...
/home/aatmaj/CENT/aim_simulator/build/ramulator2 -f /home/aatmaj/CENT/aim_simulator/test/example.yaml -t /home/aatmaj/CENT/experiments/dda_full_sweep/traces/32_channels_per_device/16_devices/pipeline_parallel_embedding/Llama2-13B/trace_10_channels_per_block_seqlen_4096.txt
/home/aatmaj/CENT/aim_simulator/build/ramulator2 -f /home/aatmaj/CENT/aim_simulator/test/example.yaml -t /home/aatmaj/CENT/experiments/dda_full_sweep/traces/32_channels_per_device/16_devices/pipeline_parallel/Llama2-13B/trace_10_channels_per_block_seqlen_128.txt
/home/aatmaj/CENT/aim_simulator/build/ramulator2 -f /home/aatmaj/CENT/aim_simulator/test/example.yaml -t /home/aatmaj/CENT/experiments/dda_full_sweep/traces/32_channels_per_device/16_devices/pipeline_parallel/Llama2-13B/trace_10_channels_per_block_seqlen_256.txt
/home/aatmaj/CENT/aim_simulator/build/ramulator2 -f /home/aatmaj/CENT/aim_simulator/test/example.yaml -t /home/aatmaj/CENT/experiments/dda_full_sweep/traces/32_channels_per_device/16_devices/pipeline_parallel/Llama2-13B/trace_10_channels_per_block_seqlen_384.txt
/home/aatmaj/CENT/aim_simulator/build/ramulator2 -f /home/aatmaj/CENT/aim_simulator/test/example.yaml -t /home/aatmaj/CENT/experiments/dda_full_sweep/traces/32_channels_per_device/16_devices/pipeline_parallel/Llama2-13B/trace_10_channels_per_block_seqlen_512.txt
/home/aatmaj/CENT/aim_simulator/build/ramulator2 -f /home/aatmaj/CENT/aim_simulator/test/example.yaml -t /home/aatmaj/CENT/experiments/dda_full_sweep/traces/32_channels_per_device/16_devices/pipeline_parallel/Llama2-13B/trace_10_channels_per_block_seqlen_640.txt
/home/aatmaj/CENT/aim_simulator/build/ramulator2 -f /home/aatmaj/CENT/aim_simulator/test/example.yaml -t /home/aatmaj/CENT/experiments/dda_full_sweep/traces/32_channels_per_device/16_devices/pipeline_parallel/Llama2-13B/trace_10_channels_per_block_seqlen_768.txt
/home/aatmaj/CENT/aim_simulator/build/ramulator2 -f /home/aatmaj/CENT/aim_simulator/test/example.yaml -t /home/aatmaj/CENT/experiments/dda_full_sweep/traces/32_channels_per_device/16_devices/pipeline_parallel/Llama2-13B/trace_10_channels_per_block_seqlen_896.txt
/home/aatmaj/CENT/aim_simulator/build/ramulator2 -f /home/aatmaj/CENT/aim_simulator/test/example.yaml -t /home/aatmaj/CENT/experiments/dda_full_sweep/traces/32_channels_per_device/16_devices/pipeline_parallel/Llama2-13B/trace_10_channels_per_block_seqlen_1024.txt
/home/aatmaj/CENT/aim_simulator/build/ramulator2 -f /home/aatmaj/CENT/aim_simulator/test/example.yaml -t /home/aatmaj/CENT/experiments/dda_full_sweep/traces/32_channels_per_device/16_devices/pipeline_parallel/Llama2-13B/trace_10_channels_per_block_seqlen_1152.txt
/home/aatmaj/CENT/aim_simulator/build/ramulator2 -f /home/aatmaj/CENT/aim_simulator/test/example.yaml -t /home/aatmaj/CENT/experiments/dda_full_sweep/traces/32_channels_per_device/16_devices/pipeline_parallel/Llama2-13B/trace_10_channels_per_block_seqlen_1280.txt
/home/aatmaj/CENT/aim_simulator/build/ramulator2 -f /home/aatmaj/CENT/aim_simulator/test/example.yaml -t /home/aatmaj/CENT/experiments/dda_full_sweep/traces/32_channels_per_device/16_devices/pipeline_parallel/Llama2-13B/trace_10_channels_per_block_seqlen_1408.txt
/home/aatmaj/CENT/aim_simulator/build/ramulator2 -f /home/aatmaj/CENT/aim_simulator/test/example.yaml -t /home/aatmaj/CENT/experiments/dda_full_sweep/traces/32_channels_per_device/16_devices/pipeline_parallel/Llama2-13B/trace_10_channels_per_block_seqlen_1536.txt
/home/aatmaj/CENT/aim_simulator/build/ramulator2 -f /home/aatmaj/CENT/aim_simulator/test/example.yaml -t /home/aatmaj/CENT/experiments/dda_full_sweep/traces/32_channels_per_device/16_devices/pipeline_parallel/Llama2-13B/trace_10_channels_per_block_seqlen_1664.txt
/home/aatmaj/CENT/aim_simulator/build/ramulator2 -f /home/aatmaj/CENT/aim_simulator/test/example.yaml -t /home/aatmaj/CENT/experiments/dda_full_sweep/traces/32_channels_per_device/16_devices/pipeline_parallel/Llama2-13B/trace_10_channels_per_block_seqlen_1792.txt
/home/aatmaj/CENT/aim_simulator/build/ramulator2 -f /home/aatmaj/CENT/aim_simulator/test/example.yaml -t /home/aatmaj/CENT/experiments/dda_full_sweep/traces/32_channels_per_device/16_devices/pipeline_parallel/Llama2-13B/trace_10_channels_per_block_seqlen_1920.txt
/home/aatmaj/CENT/aim_simulator/build/ramulator2 -f /home/aatmaj/CENT/aim_simulator/test/example.yaml -t /home/aatmaj/CENT/experiments/dda_full_sweep/traces/32_channels_per_device/16_devices/pipeline_parallel/Llama2-13B/trace_10_channels_per_block_seqlen_2048.txt
/home/aatmaj/CENT/aim_simulator/build/ramulator2 -f /home/aatmaj/CENT/aim_simulator/test/example.yaml -t /home/aatmaj/CENT/experiments/dda_full_sweep/traces/32_channels_per_device/16_devices/pipeline_parallel/Llama2-13B/trace_10_channels_per_block_seqlen_2176.txt
/home/aatmaj/CENT/aim_simulator/build/ramulator2 -f /home/aatmaj/CENT/aim_simulator/test/example.yaml -t /home/aatmaj/CENT/experiments/dda_full_sweep/traces/32_channels_per_device/16_devices/pipeline_parallel/Llama2-13B/trace_10_channels_per_block_seqlen_2304.txt
/home/aatmaj/CENT/aim_simulator/build/ramulator2 -f /home/aatmaj/CENT/aim_simulator/test/example.yaml -t /home/aatmaj/CENT/experiments/dda_full_sweep/traces/32_channels_per_device/16_devices/pipeline_parallel/Llama2-13B/trace_10_channels_per_block_seqlen_2432.txt
/home/aatmaj/CENT/aim_simulator/build/ramulator2 -f /home/aatmaj/CENT/aim_simulator/test/example.yaml -t /home/aatmaj/CENT/experiments/dda_full_sweep/traces/32_channels_per_device/16_devices/pipeline_parallel/Llama2-13B/trace_10_channels_per_block_seqlen_2560.txt
/home/aatmaj/CENT/aim_simulator/build/ramulator2 -f /home/aatmaj/CENT/aim_simulator/test/example.yaml -t /home/aatmaj/CENT/experiments/dda_full_sweep/traces/32_channels_per_device/16_devices/pipeline_parallel/Llama2-13B/trace_10_channels_per_block_seqlen_2688.txt
/home/aatmaj/CENT/aim_simulator/build/ramulator2 -f /home/aatmaj/CENT/aim_simulator/test/example.yaml -t /home/aatmaj/CENT/experiments/dda_full_sweep/traces/32_channels_per_device/16_devices/pipeline_parallel/Llama2-13B/trace_10_channels_per_block_seqlen_2816.txt
/home/aatmaj/CENT/aim_simulator/build/ramulator2 -f /home/aatmaj/CENT/aim_simulator/test/example.yaml -t /home/aatmaj/CENT/experiments/dda_full_sweep/traces/32_channels_per_device/16_devices/pipeline_parallel/Llama2-13B/trace_10_channels_per_block_seqlen_2944.txt
/home/aatmaj/CENT/aim_simulator/build/ramulator2 -f /home/aatmaj/CENT/aim_simulator/test/example.yaml -t /home/aatmaj/CENT/experiments/dda_full_sweep/traces/32_channels_per_device/16_devices/pipeline_parallel/Llama2-13B/trace_10_channels_per_block_seqlen_3072.txt
/home/aatmaj/CENT/aim_simulator/build/ramulator2 -f /home/aatmaj/CENT/aim_simulator/test/example.yaml -t /home/aatmaj/CENT/experiments/dda_full_sweep/traces/32_channels_per_device/16_devices/pipeline_parallel/Llama2-13B/trace_10_channels_per_block_seqlen_3200.txt
/home/aatmaj/CENT/aim_simulator/build/ramulator2 -f /home/aatmaj/CENT/aim_simulator/test/example.yaml -t /home/aatmaj/CENT/experiments/dda_full_sweep/traces/32_channels_per_device/16_devices/pipeline_parallel/Llama2-13B/trace_10_channels_per_block_seqlen_3328.txt
/home/aatmaj/CENT/aim_simulator/build/ramulator2 -f /home/aatmaj/CENT/aim_simulator/test/example.yaml -t /home/aatmaj/CENT/experiments/dda_full_sweep/traces/32_channels_per_device/16_devices/pipeline_parallel/Llama2-13B/trace_10_channels_per_block_seqlen_3456.txt
/home/aatmaj/CENT/aim_simulator/build/ramulator2 -f /home/aatmaj/CENT/aim_simulator/test/example.yaml -t /home/aatmaj/CENT/experiments/dda_full_sweep/traces/32_channels_per_device/16_devices/pipeline_parallel/Llama2-13B/trace_10_channels_per_block_seqlen_3584.txt
/home/aatmaj/CENT/aim_simulator/build/ramulator2 -f /home/aatmaj/CENT/aim_simulator/test/example.yaml -t /home/aatmaj/CENT/experiments/dda_full_sweep/traces/32_channels_per_device/16_devices/pipeline_parallel/Llama2-13B/trace_10_channels_per_block_seqlen_3712.txt
/home/aatmaj/CENT/experiments/dda_full_sweep/simulation/run_sim_full32.py:443: FutureWarning: The behavior of DataFrame concatenation with empty or all-NA entries is deprecated. In a future version, this will no longer exclude empty or all-NA columns when determining the result dtypes. To retain the old behavior, exclude the relevant entries before the concat operation.
  results_df = pd.concat([results_df, new_df], ignore_index=True)
/home/aatmaj/CENT/aim_simulator/build/ramulator2 -f /home/aatmaj/CENT/aim_simulator/test/example.yaml -t /home/aatmaj/CENT/experiments/dda_full_sweep/traces/32_channels_per_device/16_devices/pipeline_parallel/Llama2-13B/trace_10_channels_per_block_seqlen_3840.txt
/home/aatmaj/CENT/aim_simulator/build/ramulator2 -f /home/aatmaj/CENT/aim_simulator/test/example.yaml -t /home/aatmaj/CENT/experiments/dda_full_sweep/traces/32_channels_per_device/16_devices/pipeline_parallel/Llama2-13B/trace_10_channels_per_block_seqlen_3968.txt
/home/aatmaj/CENT/aim_simulator/build/ramulator2 -f /home/aatmaj/CENT/aim_simulator/test/example.yaml -t /home/aatmaj/CENT/experiments/dda_full_sweep/traces/32_channels_per_device/16_devices/pipeline_parallel/Llama2-13B/trace_10_channels_per_block_seqlen_4096.txt
Processing results...
Updating simulation results to CSV...
=== Llama2-13B | N=16 | mode=pp | re-scoring at 9 lanes/dev (standalone box) ===
/home/aatmaj/CENT/experiments/dda_full_sweep/simulation/run_sim_full32.py:443: FutureWarning: The behavior of DataFrame concatenation with empty or all-NA entries is deprecated. In a future version, this will no longer exclude empty or all-NA columns when determining the result dtypes. To retain the old behavior, exclude the relevant entries before the concat operation.
  results_df = pd.concat([results_df, new_df], ignore_index=True)
Updating simulation results to CSV...

=== Llama2-13B | N=16 | mode=mp | scoring at 4 lanes/dev (shared 32-dev fabric) ===
Generating traces for Llama2-13B (16 devices) ...
/home/aatmaj/CENT/aim_simulator/build/ramulator2 -f /home/aatmaj/CENT/aim_simulator/test/example.yaml -t /home/aatmaj/CENT/experiments/dda_full_sweep/traces/32_channels_per_device/16_devices/model_parallel_embedding/Llama2-13B/trace_1_FC_devices_seqlen_4096.txt
/home/aatmaj/CENT/aim_simulator/build/ramulator2 -f /home/aatmaj/CENT/aim_simulator/test/example.yaml -t /home/aatmaj/CENT/experiments/dda_full_sweep/traces/32_channels_per_device/16_devices/model_parallel_embedding/Llama2-13B/trace_2_FC_devices_seqlen_4096.txt
/home/aatmaj/CENT/aim_simulator/build/ramulator2 -f /home/aatmaj/CENT/aim_simulator/test/example.yaml -t /home/aatmaj/CENT/experiments/dda_full_sweep/traces/32_channels_per_device/16_devices/model_parallel_embedding/Llama2-13B/trace_4_FC_devices_seqlen_4096.txt
/home/aatmaj/CENT/aim_simulator/build/ramulator2 -f /home/aatmaj/CENT/aim_simulator/test/example.yaml -t /home/aatmaj/CENT/experiments/dda_full_sweep/traces/32_channels_per_device/16_devices/model_parallel_embedding/Llama2-13B/trace_8_FC_devices_seqlen_4096.txt
/home/aatmaj/CENT/aim_simulator/build/ramulator2 -f /home/aatmaj/CENT/aim_simulator/test/example.yaml -t /home/aatmaj/CENT/experiments/dda_full_sweep/traces/32_channels_per_device/16_devices/model_parallel_embedding/Llama2-13B/trace_16_FC_devices_seqlen_4096.txt
/home/aatmaj/CENT/aim_simulator/build/ramulator2 -f /home/aatmaj/CENT/aim_simulator/test/example.yaml -t /home/aatmaj/CENT/experiments/dda_full_sweep/traces/32_channels_per_device/16_devices/model_parallel/Llama2-13B/trace_1_FC_devices_seqlen_128.txt
/home/aatmaj/CENT/aim_simulator/build/ramulator2 -f /home/aatmaj/CENT/aim_simulator/test/example.yaml -t /home/aatmaj/CENT/experiments/dda_full_sweep/traces/32_channels_per_device/16_devices/model_parallel_FC/Llama2-13B/trace_1_FC_devices_seqlen_128.txt
/home/aatmaj/CENT/aim_simulator/build/ramulator2 -f /home/aatmaj/CENT/aim_simulator/test/example.yaml -t /home/aatmaj/CENT/experiments/dda_full_sweep/traces/32_channels_per_device/16_devices/model_parallel/Llama2-13B/trace_2_FC_devices_seqlen_128.txt
/home/aatmaj/CENT/aim_simulator/build/ramulator2 -f /home/aatmaj/CENT/aim_simulator/test/example.yaml -t /home/aatmaj/CENT/experiments/dda_full_sweep/traces/32_channels_per_device/16_devices/model_parallel_FC/Llama2-13B/trace_2_FC_devices_seqlen_128.txt
/home/aatmaj/CENT/aim_simulator/build/ramulator2 -f /home/aatmaj/CENT/aim_simulator/test/example.yaml -t /home/aatmaj/CENT/experiments/dda_full_sweep/traces/32_channels_per_device/16_devices/model_parallel/Llama2-13B/trace_4_FC_devices_seqlen_128.txt
/home/aatmaj/CENT/aim_simulator/build/ramulator2 -f /home/aatmaj/CENT/aim_simulator/test/example.yaml -t /home/aatmaj/CENT/experiments/dda_full_sweep/traces/32_channels_per_device/16_devices/model_parallel_FC/Llama2-13B/trace_4_FC_devices_seqlen_128.txt
/home/aatmaj/CENT/aim_simulator/build/ramulator2 -f /home/aatmaj/CENT/aim_simulator/test/example.yaml -t /home/aatmaj/CENT/experiments/dda_full_sweep/traces/32_channels_per_device/16_devices/model_parallel/Llama2-13B/trace_8_FC_devices_seqlen_128.txt
/home/aatmaj/CENT/aim_simulator/build/ramulator2 -f /home/aatmaj/CENT/aim_simulator/test/example.yaml -t /home/aatmaj/CENT/experiments/dda_full_sweep/traces/32_channels_per_device/16_devices/model_parallel_FC/Llama2-13B/trace_8_FC_devices_seqlen_128.txt
/home/aatmaj/CENT/aim_simulator/build/ramulator2 -f /home/aatmaj/CENT/aim_simulator/test/example.yaml -t /home/aatmaj/CENT/experiments/dda_full_sweep/traces/32_channels_per_device/16_devices/model_parallel/Llama2-13B/trace_16_FC_devices_seqlen_128.txt
/home/aatmaj/CENT/aim_simulator/build/ramulator2 -f /home/aatmaj/CENT/aim_simulator/test/example.yaml -t /home/aatmaj/CENT/experiments/dda_full_sweep/traces/32_channels_per_device/16_devices/model_parallel_FC/Llama2-13B/trace_16_FC_devices_seqlen_128.txt
/home/aatmaj/CENT/aim_simulator/build/ramulator2 -f /home/aatmaj/CENT/aim_simulator/test/example.yaml -t /home/aatmaj/CENT/experiments/dda_full_sweep/traces/32_channels_per_device/16_devices/model_parallel/Llama2-13B/trace_1_FC_devices_seqlen_256.txt
/home/aatmaj/CENT/aim_simulator/build/ramulator2 -f /home/aatmaj/CENT/aim_simulator/test/example.yaml -t /home/aatmaj/CENT/experiments/dda_full_sweep/traces/32_channels_per_device/16_devices/model_parallel_FC/Llama2-13B/trace_1_FC_devices_seqlen_256.txt
/home/aatmaj/CENT/aim_simulator/build/ramulator2 -f /home/aatmaj/CENT/aim_simulator/test/example.yaml -t /home/aatmaj/CENT/experiments/dda_full_sweep/traces/32_channels_per_device/16_devices/model_parallel/Llama2-13B/trace_2_FC_devices_seqlen_256.txt
/home/aatmaj/CENT/aim_simulator/build/ramulator2 -f /home/aatmaj/CENT/aim_simulator/test/example.yaml -t /home/aatmaj/CENT/experiments/dda_full_sweep/traces/32_channels_per_device/16_devices/model_parallel_FC/Llama2-13B/trace_2_FC_devices_seqlen_256.txt
/home/aatmaj/CENT/aim_simulator/build/ramulator2 -f /home/aatmaj/CENT/aim_simulator/test/example.yaml -t /home/aatmaj/CENT/experiments/dda_full_sweep/traces/32_channels_per_device/16_devices/model_parallel/Llama2-13B/trace_4_FC_devices_seqlen_256.txt
/home/aatmaj/CENT/aim_simulator/build/ramulator2 -f /home/aatmaj/CENT/aim_simulator/test/example.yaml -t /home/aatmaj/CENT/experiments/dda_full_sweep/traces/32_channels_per_device/16_devices/model_parallel_FC/Llama2-13B/trace_4_FC_devices_seqlen_256.txt
/home/aatmaj/CENT/aim_simulator/build/ramulator2 -f /home/aatmaj/CENT/aim_simulator/test/example.yaml -t /home/aatmaj/CENT/experiments/dda_full_sweep/traces/32_channels_per_device/16_devices/model_parallel/Llama2-13B/trace_8_FC_devices_seqlen_256.txt
/home/aatmaj/CENT/aim_simulator/build/ramulator2 -f /home/aatmaj/CENT/aim_simulator/test/example.yaml -t /home/aatmaj/CENT/experiments/dda_full_sweep/traces/32_channels_per_device/16_devices/model_parallel_FC/Llama2-13B/trace_8_FC_devices_seqlen_256.txt
/home/aatmaj/CENT/aim_simulator/build/ramulator2 -f /home/aatmaj/CENT/aim_simulator/test/example.yaml -t /home/aatmaj/CENT/experiments/dda_full_sweep/traces/32_channels_per_device/16_devices/model_parallel/Llama2-13B/trace_16_FC_devices_seqlen_256.txt
/home/aatmaj/CENT/aim_simulator/build/ramulator2 -f /home/aatmaj/CENT/aim_simulator/test/example.yaml -t /home/aatmaj/CENT/experiments/dda_full_sweep/traces/32_channels_per_device/16_devices/model_parallel_FC/Llama2-13B/trace_16_FC_devices_seqlen_256.txt
/home/aatmaj/CENT/aim_simulator/build/ramulator2 -f /home/aatmaj/CENT/aim_simulator/test/example.yaml -t /home/aatmaj/CENT/experiments/dda_full_sweep/traces/32_channels_per_device/16_devices/model_parallel/Llama2-13B/trace_1_FC_devices_seqlen_384.txt
/home/aatmaj/CENT/aim_simulator/build/ramulator2 -f /home/aatmaj/CENT/aim_simulator/test/example.yaml -t /home/aatmaj/CENT/experiments/dda_full_sweep/traces/32_channels_per_device/16_devices/model_parallel_FC/Llama2-13B/trace_1_FC_devices_seqlen_384.txt
/home/aatmaj/CENT/aim_simulator/build/ramulator2 -f /home/aatmaj/CENT/aim_simulator/test/example.yaml -t /home/aatmaj/CENT/experiments/dda_full_sweep/traces/32_channels_per_device/16_devices/model_parallel/Llama2-13B/trace_2_FC_devices_seqlen_384.txt
/home/aatmaj/CENT/aim_simulator/build/ramulator2 -f /home/aatmaj/CENT/aim_simulator/test/example.yaml -t /home/aatmaj/CENT/experiments/dda_full_sweep/traces/32_channels_per_device/16_devices/model_parallel_FC/Llama2-13B/trace_2_FC_devices_seqlen_384.txt
/home/aatmaj/CENT/aim_simulator/build/ramulator2 -f /home/aatmaj/CENT/aim_simulator/test/example.yaml -t /home/aatmaj/CENT/experiments/dda_full_sweep/traces/32_channels_per_device/16_devices/model_parallel/Llama2-13B/trace_4_FC_devices_seqlen_384.txt
/home/aatmaj/CENT/aim_simulator/build/ramulator2 -f /home/aatmaj/CENT/aim_simulator/test/example.yaml -t /home/aatmaj/CENT/experiments/dda_full_sweep/traces/32_channels_per_device/16_devices/model_parallel_FC/Llama2-13B/trace_4_FC_devices_seqlen_384.txt
/home/aatmaj/CENT/aim_simulator/build/ramulator2 -f /home/aatmaj/CENT/aim_simulator/test/example.yaml -t /home/aatmaj/CENT/experiments/dda_full_sweep/traces/32_channels_per_device/16_devices/model_parallel/Llama2-13B/trace_8_FC_devices_seqlen_384.txt
/home/aatmaj/CENT/aim_simulator/build/ramulator2 -f /home/aatmaj/CENT/aim_simulator/test/example.yaml -t /home/aatmaj/CENT/experiments/dda_full_sweep/traces/32_channels_per_device/16_devices/model_parallel_FC/Llama2-13B/trace_8_FC_devices_seqlen_384.txt
/home/aatmaj/CENT/aim_simulator/build/ramulator2 -f /home/aatmaj/CENT/aim_simulator/test/example.yaml -t /home/aatmaj/CENT/experiments/dda_full_sweep/traces/32_channels_per_device/16_devices/model_parallel/Llama2-13B/trace_16_FC_devices_seqlen_384.txt
/home/aatmaj/CENT/aim_simulator/build/ramulator2 -f /home/aatmaj/CENT/aim_simulator/test/example.yaml -t /home/aatmaj/CENT/experiments/dda_full_sweep/traces/32_channels_per_device/16_devices/model_parallel_FC/Llama2-13B/trace_16_FC_devices_seqlen_384.txt
/home/aatmaj/CENT/aim_simulator/build/ramulator2 -f /home/aatmaj/CENT/aim_simulator/test/example.yaml -t /home/aatmaj/CENT/experiments/dda_full_sweep/traces/32_channels_per_device/16_devices/model_parallel/Llama2-13B/trace_1_FC_devices_seqlen_512.txt
/home/aatmaj/CENT/aim_simulator/build/ramulator2 -f /home/aatmaj/CENT/aim_simulator/test/example.yaml -t /home/aatmaj/CENT/experiments/dda_full_sweep/traces/32_channels_per_device/16_devices/model_parallel_FC/Llama2-13B/trace_1_FC_devices_seqlen_512.txt
/home/aatmaj/CENT/aim_simulator/build/ramulator2 -f /home/aatmaj/CENT/aim_simulator/test/example.yaml -t /home/aatmaj/CENT/experiments/dda_full_sweep/traces/32_channels_per_device/16_devices/model_parallel/Llama2-13B/trace_2_FC_devices_seqlen_512.txt
/home/aatmaj/CENT/aim_simulator/build/ramulator2 -f /home/aatmaj/CENT/aim_simulator/test/example.yaml -t /home/aatmaj/CENT/experiments/dda_full_sweep/traces/32_channels_per_device/16_devices/model_parallel_FC/Llama2-13B/trace_2_FC_devices_seqlen_512.txt
/home/aatmaj/CENT/aim_simulator/build/ramulator2 -f /home/aatmaj/CENT/aim_simulator/test/example.yaml -t /home/aatmaj/CENT/experiments/dda_full_sweep/traces/32_channels_per_device/16_devices/model_parallel/Llama2-13B/trace_4_FC_devices_seqlen_512.txt
/home/aatmaj/CENT/aim_simulator/build/ramulator2 -f /home/aatmaj/CENT/aim_simulator/test/example.yaml -t /home/aatmaj/CENT/experiments/dda_full_sweep/traces/32_channels_per_device/16_devices/model_parallel_FC/Llama2-13B/trace_4_FC_devices_seqlen_512.txt
/home/aatmaj/CENT/aim_simulator/build/ramulator2 -f /home/aatmaj/CENT/aim_simulator/test/example.yaml -t /home/aatmaj/CENT/experiments/dda_full_sweep/traces/32_channels_per_device/16_devices/model_parallel/Llama2-13B/trace_8_FC_devices_seqlen_512.txt
/home/aatmaj/CENT/aim_simulator/build/ramulator2 -f /home/aatmaj/CENT/aim_simulator/test/example.yaml -t /home/aatmaj/CENT/experiments/dda_full_sweep/traces/32_channels_per_device/16_devices/model_parallel_FC/Llama2-13B/trace_8_FC_devices_seqlen_512.txt
/home/aatmaj/CENT/aim_simulator/build/ramulator2 -f /home/aatmaj/CENT/aim_simulator/test/example.yaml -t /home/aatmaj/CENT/experiments/dda_full_sweep/traces/32_channels_per_device/16_devices/model_parallel/Llama2-13B/trace_16_FC_devices_seqlen_512.txt
/home/aatmaj/CENT/aim_simulator/build/ramulator2 -f /home/aatmaj/CENT/aim_simulator/test/example.yaml -t /home/aatmaj/CENT/experiments/dda_full_sweep/traces/32_channels_per_device/16_devices/model_parallel_FC/Llama2-13B/trace_16_FC_devices_seqlen_512.txt
/home/aatmaj/CENT/aim_simulator/build/ramulator2 -f /home/aatmaj/CENT/aim_simulator/test/example.yaml -t /home/aatmaj/CENT/experiments/dda_full_sweep/traces/32_channels_per_device/16_devices/model_parallel/Llama2-13B/trace_1_FC_devices_seqlen_640.txt
/home/aatmaj/CENT/aim_simulator/build/ramulator2 -f /home/aatmaj/CENT/aim_simulator/test/example.yaml -t /home/aatmaj/CENT/experiments/dda_full_sweep/traces/32_channels_per_device/16_devices/model_parallel_FC/Llama2-13B/trace_1_FC_devices_seqlen_640.txt
/home/aatmaj/CENT/aim_simulator/build/ramulator2 -f /home/aatmaj/CENT/aim_simulator/test/example.yaml -t /home/aatmaj/CENT/experiments/dda_full_sweep/traces/32_channels_per_device/16_devices/model_parallel/Llama2-13B/trace_2_FC_devices_seqlen_640.txt
/home/aatmaj/CENT/aim_simulator/build/ramulator2 -f /home/aatmaj/CENT/aim_simulator/test/example.yaml -t /home/aatmaj/CENT/experiments/dda_full_sweep/traces/32_channels_per_device/16_devices/model_parallel_FC/Llama2-13B/trace_2_FC_devices_seqlen_640.txt
/home/aatmaj/CENT/aim_simulator/build/ramulator2 -f /home/aatmaj/CENT/aim_simulator/test/example.yaml -t /home/aatmaj/CENT/experiments/dda_full_sweep/traces/32_channels_per_device/16_devices/model_parallel/Llama2-13B/trace_4_FC_devices_seqlen_640.txt
/home/aatmaj/CENT/aim_simulator/build/ramulator2 -f /home/aatmaj/CENT/aim_simulator/test/example.yaml -t /home/aatmaj/CENT/experiments/dda_full_sweep/traces/32_channels_per_device/16_devices/model_parallel_FC/Llama2-13B/trace_4_FC_devices_seqlen_640.txt
/home/aatmaj/CENT/aim_simulator/build/ramulator2 -f /home/aatmaj/CENT/aim_simulator/test/example.yaml -t /home/aatmaj/CENT/experiments/dda_full_sweep/traces/32_channels_per_device/16_devices/model_parallel/Llama2-13B/trace_8_FC_devices_seqlen_640.txt
/home/aatmaj/CENT/aim_simulator/build/ramulator2 -f /home/aatmaj/CENT/aim_simulator/test/example.yaml -t /home/aatmaj/CENT/experiments/dda_full_sweep/traces/32_channels_per_device/16_devices/model_parallel_FC/Llama2-13B/trace_8_FC_devices_seqlen_640.txt
/home/aatmaj/CENT/aim_simulator/build/ramulator2 -f /home/aatmaj/CENT/aim_simulator/test/example.yaml -t /home/aatmaj/CENT/experiments/dda_full_sweep/traces/32_channels_per_device/16_devices/model_parallel/Llama2-13B/trace_16_FC_devices_seqlen_640.txt
/home/aatmaj/CENT/aim_simulator/build/ramulator2 -f /home/aatmaj/CENT/aim_simulator/test/example.yaml -t /home/aatmaj/CENT/experiments/dda_full_sweep/traces/32_channels_per_device/16_devices/model_parallel_FC/Llama2-13B/trace_16_FC_devices_seqlen_640.txt
/home/aatmaj/CENT/aim_simulator/build/ramulator2 -f /home/aatmaj/CENT/aim_simulator/test/example.yaml -t /home/aatmaj/CENT/experiments/dda_full_sweep/traces/32_channels_per_device/16_devices/model_parallel/Llama2-13B/trace_1_FC_devices_seqlen_768.txt
/home/aatmaj/CENT/aim_simulator/build/ramulator2 -f /home/aatmaj/CENT/aim_simulator/test/example.yaml -t /home/aatmaj/CENT/experiments/dda_full_sweep/traces/32_channels_per_device/16_devices/model_parallel_FC/Llama2-13B/trace_1_FC_devices_seqlen_768.txt
/home/aatmaj/CENT/aim_simulator/build/ramulator2 -f /home/aatmaj/CENT/aim_simulator/test/example.yaml -t /home/aatmaj/CENT/experiments/dda_full_sweep/traces/32_channels_per_device/16_devices/model_parallel/Llama2-13B/trace_2_FC_devices_seqlen_768.txt
/home/aatmaj/CENT/aim_simulator/build/ramulator2 -f /home/aatmaj/CENT/aim_simulator/test/example.yaml -t /home/aatmaj/CENT/experiments/dda_full_sweep/traces/32_channels_per_device/16_devices/model_parallel_FC/Llama2-13B/trace_2_FC_devices_seqlen_768.txt
/home/aatmaj/CENT/aim_simulator/build/ramulator2 -f /home/aatmaj/CENT/aim_simulator/test/example.yaml -t /home/aatmaj/CENT/experiments/dda_full_sweep/traces/32_channels_per_device/16_devices/model_parallel/Llama2-13B/trace_4_FC_devices_seqlen_768.txt
/home/aatmaj/CENT/aim_simulator/build/ramulator2 -f /home/aatmaj/CENT/aim_simulator/test/example.yaml -t /home/aatmaj/CENT/experiments/dda_full_sweep/traces/32_channels_per_device/16_devices/model_parallel_FC/Llama2-13B/trace_4_FC_devices_seqlen_768.txt
/home/aatmaj/CENT/aim_simulator/build/ramulator2 -f /home/aatmaj/CENT/aim_simulator/test/example.yaml -t /home/aatmaj/CENT/experiments/dda_full_sweep/traces/32_channels_per_device/16_devices/model_parallel/Llama2-13B/trace_8_FC_devices_seqlen_768.txt
/home/aatmaj/CENT/aim_simulator/build/ramulator2 -f /home/aatmaj/CENT/aim_simulator/test/example.yaml -t /home/aatmaj/CENT/experiments/dda_full_sweep/traces/32_channels_per_device/16_devices/model_parallel_FC/Llama2-13B/trace_8_FC_devices_seqlen_768.txt
/home/aatmaj/CENT/aim_simulator/build/ramulator2 -f /home/aatmaj/CENT/aim_simulator/test/example.yaml -t /home/aatmaj/CENT/experiments/dda_full_sweep/traces/32_channels_per_device/16_devices/model_parallel/Llama2-13B/trace_16_FC_devices_seqlen_768.txt
/home/aatmaj/CENT/aim_simulator/build/ramulator2 -f /home/aatmaj/CENT/aim_simulator/test/example.yaml -t /home/aatmaj/CENT/experiments/dda_full_sweep/traces/32_channels_per_device/16_devices/model_parallel_FC/Llama2-13B/trace_16_FC_devices_seqlen_768.txt
/home/aatmaj/CENT/aim_simulator/build/ramulator2 -f /home/aatmaj/CENT/aim_simulator/test/example.yaml -t /home/aatmaj/CENT/experiments/dda_full_sweep/traces/32_channels_per_device/16_devices/model_parallel/Llama2-13B/trace_1_FC_devices_seqlen_896.txt
/home/aatmaj/CENT/aim_simulator/build/ramulator2 -f /home/aatmaj/CENT/aim_simulator/test/example.yaml -t /home/aatmaj/CENT/experiments/dda_full_sweep/traces/32_channels_per_device/16_devices/model_parallel_FC/Llama2-13B/trace_1_FC_devices_seqlen_896.txt
/home/aatmaj/CENT/aim_simulator/build/ramulator2 -f /home/aatmaj/CENT/aim_simulator/test/example.yaml -t /home/aatmaj/CENT/experiments/dda_full_sweep/traces/32_channels_per_device/16_devices/model_parallel/Llama2-13B/trace_2_FC_devices_seqlen_896.txt
/home/aatmaj/CENT/aim_simulator/build/ramulator2 -f /home/aatmaj/CENT/aim_simulator/test/example.yaml -t /home/aatmaj/CENT/experiments/dda_full_sweep/traces/32_channels_per_device/16_devices/model_parallel_FC/Llama2-13B/trace_2_FC_devices_seqlen_896.txt
/home/aatmaj/CENT/aim_simulator/build/ramulator2 -f /home/aatmaj/CENT/aim_simulator/test/example.yaml -t /home/aatmaj/CENT/experiments/dda_full_sweep/traces/32_channels_per_device/16_devices/model_parallel/Llama2-13B/trace_4_FC_devices_seqlen_896.txt
/home/aatmaj/CENT/aim_simulator/build/ramulator2 -f /home/aatmaj/CENT/aim_simulator/test/example.yaml -t /home/aatmaj/CENT/experiments/dda_full_sweep/traces/32_channels_per_device/16_devices/model_parallel_FC/Llama2-13B/trace_4_FC_devices_seqlen_896.txt
/home/aatmaj/CENT/aim_simulator/build/ramulator2 -f /home/aatmaj/CENT/aim_simulator/test/example.yaml -t /home/aatmaj/CENT/experiments/dda_full_sweep/traces/32_channels_per_device/16_devices/model_parallel/Llama2-13B/trace_8_FC_devices_seqlen_896.txt
/home/aatmaj/CENT/aim_simulator/build/ramulator2 -f /home/aatmaj/CENT/aim_simulator/test/example.yaml -t /home/aatmaj/CENT/experiments/dda_full_sweep/traces/32_channels_per_device/16_devices/model_parallel_FC/Llama2-13B/trace_8_FC_devices_seqlen_896.txt
/home/aatmaj/CENT/aim_simulator/build/ramulator2 -f /home/aatmaj/CENT/aim_simulator/test/example.yaml -t /home/aatmaj/CENT/experiments/dda_full_sweep/traces/32_channels_per_device/16_devices/model_parallel/Llama2-13B/trace_16_FC_devices_seqlen_896.txt
/home/aatmaj/CENT/aim_simulator/build/ramulator2 -f /home/aatmaj/CENT/aim_simulator/test/example.yaml -t /home/aatmaj/CENT/experiments/dda_full_sweep/traces/32_channels_per_device/16_devices/model_parallel_FC/Llama2-13B/trace_16_FC_devices_seqlen_896.txt
/home/aatmaj/CENT/aim_simulator/build/ramulator2 -f /home/aatmaj/CENT/aim_simulator/test/example.yaml -t /home/aatmaj/CENT/experiments/dda_full_sweep/traces/32_channels_per_device/16_devices/model_parallel/Llama2-13B/trace_1_FC_devices_seqlen_1024.txt
/home/aatmaj/CENT/aim_simulator/build/ramulator2 -f /home/aatmaj/CENT/aim_simulator/test/example.yaml -t /home/aatmaj/CENT/experiments/dda_full_sweep/traces/32_channels_per_device/16_devices/model_parallel_FC/Llama2-13B/trace_1_FC_devices_seqlen_1024.txt
/home/aatmaj/CENT/aim_simulator/build/ramulator2 -f /home/aatmaj/CENT/aim_simulator/test/example.yaml -t /home/aatmaj/CENT/experiments/dda_full_sweep/traces/32_channels_per_device/16_devices/model_parallel/Llama2-13B/trace_2_FC_devices_seqlen_1024.txt
/home/aatmaj/CENT/aim_simulator/build/ramulator2 -f /home/aatmaj/CENT/aim_simulator/test/example.yaml -t /home/aatmaj/CENT/experiments/dda_full_sweep/traces/32_channels_per_device/16_devices/model_parallel_FC/Llama2-13B/trace_2_FC_devices_seqlen_1024.txt
/home/aatmaj/CENT/aim_simulator/build/ramulator2 -f /home/aatmaj/CENT/aim_simulator/test/example.yaml -t /home/aatmaj/CENT/experiments/dda_full_sweep/traces/32_channels_per_device/16_devices/model_parallel/Llama2-13B/trace_4_FC_devices_seqlen_1024.txt
/home/aatmaj/CENT/aim_simulator/build/ramulator2 -f /home/aatmaj/CENT/aim_simulator/test/example.yaml -t /home/aatmaj/CENT/experiments/dda_full_sweep/traces/32_channels_per_device/16_devices/model_parallel_FC/Llama2-13B/trace_4_FC_devices_seqlen_1024.txt
/home/aatmaj/CENT/aim_simulator/build/ramulator2 -f /home/aatmaj/CENT/aim_simulator/test/example.yaml -t /home/aatmaj/CENT/experiments/dda_full_sweep/traces/32_channels_per_device/16_devices/model_parallel/Llama2-13B/trace_8_FC_devices_seqlen_1024.txt
/home/aatmaj/CENT/aim_simulator/build/ramulator2 -f /home/aatmaj/CENT/aim_simulator/test/example.yaml -t /home/aatmaj/CENT/experiments/dda_full_sweep/traces/32_channels_per_device/16_devices/model_parallel_FC/Llama2-13B/trace_8_FC_devices_seqlen_1024.txt
/home/aatmaj/CENT/aim_simulator/build/ramulator2 -f /home/aatmaj/CENT/aim_simulator/test/example.yaml -t /home/aatmaj/CENT/experiments/dda_full_sweep/traces/32_channels_per_device/16_devices/model_parallel/Llama2-13B/trace_16_FC_devices_seqlen_1024.txt
/home/aatmaj/CENT/aim_simulator/build/ramulator2 -f /home/aatmaj/CENT/aim_simulator/test/example.yaml -t /home/aatmaj/CENT/experiments/dda_full_sweep/traces/32_channels_per_device/16_devices/model_parallel_FC/Llama2-13B/trace_16_FC_devices_seqlen_1024.txt
/home/aatmaj/CENT/aim_simulator/build/ramulator2 -f /home/aatmaj/CENT/aim_simulator/test/example.yaml -t /home/aatmaj/CENT/experiments/dda_full_sweep/traces/32_channels_per_device/16_devices/model_parallel/Llama2-13B/trace_1_FC_devices_seqlen_1152.txt
/home/aatmaj/CENT/aim_simulator/build/ramulator2 -f /home/aatmaj/CENT/aim_simulator/test/example.yaml -t /home/aatmaj/CENT/experiments/dda_full_sweep/traces/32_channels_per_device/16_devices/model_parallel_FC/Llama2-13B/trace_1_FC_devices_seqlen_1152.txt
/home/aatmaj/CENT/aim_simulator/build/ramulator2 -f /home/aatmaj/CENT/aim_simulator/test/example.yaml -t /home/aatmaj/CENT/experiments/dda_full_sweep/traces/32_channels_per_device/16_devices/model_parallel/Llama2-13B/trace_2_FC_devices_seqlen_1152.txt
/home/aatmaj/CENT/aim_simulator/build/ramulator2 -f /home/aatmaj/CENT/aim_simulator/test/example.yaml -t /home/aatmaj/CENT/experiments/dda_full_sweep/traces/32_channels_per_device/16_devices/model_parallel_FC/Llama2-13B/trace_2_FC_devices_seqlen_1152.txt
/home/aatmaj/CENT/aim_simulator/build/ramulator2 -f /home/aatmaj/CENT/aim_simulator/test/example.yaml -t /home/aatmaj/CENT/experiments/dda_full_sweep/traces/32_channels_per_device/16_devices/model_parallel/Llama2-13B/trace_4_FC_devices_seqlen_1152.txt
/home/aatmaj/CENT/aim_simulator/build/ramulator2 -f /home/aatmaj/CENT/aim_simulator/test/example.yaml -t /home/aatmaj/CENT/experiments/dda_full_sweep/traces/32_channels_per_device/16_devices/model_parallel_FC/Llama2-13B/trace_4_FC_devices_seqlen_1152.txt
/home/aatmaj/CENT/aim_simulator/build/ramulator2 -f /home/aatmaj/CENT/aim_simulator/test/example.yaml -t /home/aatmaj/CENT/experiments/dda_full_sweep/traces/32_channels_per_device/16_devices/model_parallel/Llama2-13B/trace_8_FC_devices_seqlen_1152.txt
/home/aatmaj/CENT/aim_simulator/build/ramulator2 -f /home/aatmaj/CENT/aim_simulator/test/example.yaml -t /home/aatmaj/CENT/experiments/dda_full_sweep/traces/32_channels_per_device/16_devices/model_parallel_FC/Llama2-13B/trace_8_FC_devices_seqlen_1152.txt
/home/aatmaj/CENT/aim_simulator/build/ramulator2 -f /home/aatmaj/CENT/aim_simulator/test/example.yaml -t /home/aatmaj/CENT/experiments/dda_full_sweep/traces/32_channels_per_device/16_devices/model_parallel/Llama2-13B/trace_16_FC_devices_seqlen_1152.txt
/home/aatmaj/CENT/aim_simulator/build/ramulator2 -f /home/aatmaj/CENT/aim_simulator/test/example.yaml -t /home/aatmaj/CENT/experiments/dda_full_sweep/traces/32_channels_per_device/16_devices/model_parallel_FC/Llama2-13B/trace_16_FC_devices_seqlen_1152.txt
/home/aatmaj/CENT/aim_simulator/build/ramulator2 -f /home/aatmaj/CENT/aim_simulator/test/example.yaml -t /home/aatmaj/CENT/experiments/dda_full_sweep/traces/32_channels_per_device/16_devices/model_parallel/Llama2-13B/trace_1_FC_devices_seqlen_1280.txt
/home/aatmaj/CENT/aim_simulator/build/ramulator2 -f /home/aatmaj/CENT/aim_simulator/test/example.yaml -t /home/aatmaj/CENT/experiments/dda_full_sweep/traces/32_channels_per_device/16_devices/model_parallel_FC/Llama2-13B/trace_1_FC_devices_seqlen_1280.txt
/home/aatmaj/CENT/aim_simulator/build/ramulator2 -f /home/aatmaj/CENT/aim_simulator/test/example.yaml -t /home/aatmaj/CENT/experiments/dda_full_sweep/traces/32_channels_per_device/16_devices/model_parallel/Llama2-13B/trace_2_FC_devices_seqlen_1280.txt
/home/aatmaj/CENT/aim_simulator/build/ramulator2 -f /home/aatmaj/CENT/aim_simulator/test/example.yaml -t /home/aatmaj/CENT/experiments/dda_full_sweep/traces/32_channels_per_device/16_devices/model_parallel_FC/Llama2-13B/trace_2_FC_devices_seqlen_1280.txt
/home/aatmaj/CENT/aim_simulator/build/ramulator2 -f /home/aatmaj/CENT/aim_simulator/test/example.yaml -t /home/aatmaj/CENT/experiments/dda_full_sweep/traces/32_channels_per_device/16_devices/model_parallel/Llama2-13B/trace_4_FC_devices_seqlen_1280.txt
/home/aatmaj/CENT/aim_simulator/build/ramulator2 -f /home/aatmaj/CENT/aim_simulator/test/example.yaml -t /home/aatmaj/CENT/experiments/dda_full_sweep/traces/32_channels_per_device/16_devices/model_parallel_FC/Llama2-13B/trace_4_FC_devices_seqlen_1280.txt
/home/aatmaj/CENT/aim_simulator/build/ramulator2 -f /home/aatmaj/CENT/aim_simulator/test/example.yaml -t /home/aatmaj/CENT/experiments/dda_full_sweep/traces/32_channels_per_device/16_devices/model_parallel/Llama2-13B/trace_8_FC_devices_seqlen_1280.txt
/home/aatmaj/CENT/aim_simulator/build/ramulator2 -f /home/aatmaj/CENT/aim_simulator/test/example.yaml -t /home/aatmaj/CENT/experiments/dda_full_sweep/traces/32_channels_per_device/16_devices/model_parallel_FC/Llama2-13B/trace_8_FC_devices_seqlen_1280.txt
/home/aatmaj/CENT/aim_simulator/build/ramulator2 -f /home/aatmaj/CENT/aim_simulator/test/example.yaml -t /home/aatmaj/CENT/experiments/dda_full_sweep/traces/32_channels_per_device/16_devices/model_parallel/Llama2-13B/trace_16_FC_devices_seqlen_1280.txt
/home/aatmaj/CENT/aim_simulator/build/ramulator2 -f /home/aatmaj/CENT/aim_simulator/test/example.yaml -t /home/aatmaj/CENT/experiments/dda_full_sweep/traces/32_channels_per_device/16_devices/model_parallel_FC/Llama2-13B/trace_16_FC_devices_seqlen_1280.txt
/home/aatmaj/CENT/aim_simulator/build/ramulator2 -f /home/aatmaj/CENT/aim_simulator/test/example.yaml -t /home/aatmaj/CENT/experiments/dda_full_sweep/traces/32_channels_per_device/16_devices/model_parallel/Llama2-13B/trace_1_FC_devices_seqlen_1408.txt
/home/aatmaj/CENT/aim_simulator/build/ramulator2 -f /home/aatmaj/CENT/aim_simulator/test/example.yaml -t /home/aatmaj/CENT/experiments/dda_full_sweep/traces/32_channels_per_device/16_devices/model_parallel_FC/Llama2-13B/trace_1_FC_devices_seqlen_1408.txt
/home/aatmaj/CENT/aim_simulator/build/ramulator2 -f /home/aatmaj/CENT/aim_simulator/test/example.yaml -t /home/aatmaj/CENT/experiments/dda_full_sweep/traces/32_channels_per_device/16_devices/model_parallel/Llama2-13B/trace_2_FC_devices_seqlen_1408.txt
/home/aatmaj/CENT/aim_simulator/build/ramulator2 -f /home/aatmaj/CENT/aim_simulator/test/example.yaml -t /home/aatmaj/CENT/experiments/dda_full_sweep/traces/32_channels_per_device/16_devices/model_parallel_FC/Llama2-13B/trace_2_FC_devices_seqlen_1408.txt
/home/aatmaj/CENT/aim_simulator/build/ramulator2 -f /home/aatmaj/CENT/aim_simulator/test/example.yaml -t /home/aatmaj/CENT/experiments/dda_full_sweep/traces/32_channels_per_device/16_devices/model_parallel/Llama2-13B/trace_4_FC_devices_seqlen_1408.txt
/home/aatmaj/CENT/aim_simulator/build/ramulator2 -f /home/aatmaj/CENT/aim_simulator/test/example.yaml -t /home/aatmaj/CENT/experiments/dda_full_sweep/traces/32_channels_per_device/16_devices/model_parallel_FC/Llama2-13B/trace_4_FC_devices_seqlen_1408.txt
/home/aatmaj/CENT/aim_simulator/build/ramulator2 -f /home/aatmaj/CENT/aim_simulator/test/example.yaml -t /home/aatmaj/CENT/experiments/dda_full_sweep/traces/32_channels_per_device/16_devices/model_parallel/Llama2-13B/trace_8_FC_devices_seqlen_1408.txt
/home/aatmaj/CENT/aim_simulator/build/ramulator2 -f /home/aatmaj/CENT/aim_simulator/test/example.yaml -t /home/aatmaj/CENT/experiments/dda_full_sweep/traces/32_channels_per_device/16_devices/model_parallel_FC/Llama2-13B/trace_8_FC_devices_seqlen_1408.txt
/home/aatmaj/CENT/aim_simulator/build/ramulator2 -f /home/aatmaj/CENT/aim_simulator/test/example.yaml -t /home/aatmaj/CENT/experiments/dda_full_sweep/traces/32_channels_per_device/16_devices/model_parallel/Llama2-13B/trace_16_FC_devices_seqlen_1408.txt
/home/aatmaj/CENT/aim_simulator/build/ramulator2 -f /home/aatmaj/CENT/aim_simulator/test/example.yaml -t /home/aatmaj/CENT/experiments/dda_full_sweep/traces/32_channels_per_device/16_devices/model_parallel_FC/Llama2-13B/trace_16_FC_devices_seqlen_1408.txt
/home/aatmaj/CENT/aim_simulator/build/ramulator2 -f /home/aatmaj/CENT/aim_simulator/test/example.yaml -t /home/aatmaj/CENT/experiments/dda_full_sweep/traces/32_channels_per_device/16_devices/model_parallel/Llama2-13B/trace_1_FC_devices_seqlen_1536.txt
/home/aatmaj/CENT/aim_simulator/build/ramulator2 -f /home/aatmaj/CENT/aim_simulator/test/example.yaml -t /home/aatmaj/CENT/experiments/dda_full_sweep/traces/32_channels_per_device/16_devices/model_parallel_FC/Llama2-13B/trace_1_FC_devices_seqlen_1536.txt
/home/aatmaj/CENT/aim_simulator/build/ramulator2 -f /home/aatmaj/CENT/aim_simulator/test/example.yaml -t /home/aatmaj/CENT/experiments/dda_full_sweep/traces/32_channels_per_device/16_devices/model_parallel/Llama2-13B/trace_2_FC_devices_seqlen_1536.txt
/home/aatmaj/CENT/aim_simulator/build/ramulator2 -f /home/aatmaj/CENT/aim_simulator/test/example.yaml -t /home/aatmaj/CENT/experiments/dda_full_sweep/traces/32_channels_per_device/16_devices/model_parallel_FC/Llama2-13B/trace_2_FC_devices_seqlen_1536.txt
/home/aatmaj/CENT/aim_simulator/build/ramulator2 -f /home/aatmaj/CENT/aim_simulator/test/example.yaml -t /home/aatmaj/CENT/experiments/dda_full_sweep/traces/32_channels_per_device/16_devices/model_parallel/Llama2-13B/trace_4_FC_devices_seqlen_1536.txt
/home/aatmaj/CENT/aim_simulator/build/ramulator2 -f /home/aatmaj/CENT/aim_simulator/test/example.yaml -t /home/aatmaj/CENT/experiments/dda_full_sweep/traces/32_channels_per_device/16_devices/model_parallel_FC/Llama2-13B/trace_4_FC_devices_seqlen_1536.txt
/home/aatmaj/CENT/aim_simulator/build/ramulator2 -f /home/aatmaj/CENT/aim_simulator/test/example.yaml -t /home/aatmaj/CENT/experiments/dda_full_sweep/traces/32_channels_per_device/16_devices/model_parallel/Llama2-13B/trace_8_FC_devices_seqlen_1536.txt
/home/aatmaj/CENT/aim_simulator/build/ramulator2 -f /home/aatmaj/CENT/aim_simulator/test/example.yaml -t /home/aatmaj/CENT/experiments/dda_full_sweep/traces/32_channels_per_device/16_devices/model_parallel_FC/Llama2-13B/trace_8_FC_devices_seqlen_1536.txt
/home/aatmaj/CENT/aim_simulator/build/ramulator2 -f /home/aatmaj/CENT/aim_simulator/test/example.yaml -t /home/aatmaj/CENT/experiments/dda_full_sweep/traces/32_channels_per_device/16_devices/model_parallel/Llama2-13B/trace_16_FC_devices_seqlen_1536.txt
/home/aatmaj/CENT/aim_simulator/build/ramulator2 -f /home/aatmaj/CENT/aim_simulator/test/example.yaml -t /home/aatmaj/CENT/experiments/dda_full_sweep/traces/32_channels_per_device/16_devices/model_parallel_FC/Llama2-13B/trace_16_FC_devices_seqlen_1536.txt
/home/aatmaj/CENT/aim_simulator/build/ramulator2 -f /home/aatmaj/CENT/aim_simulator/test/example.yaml -t /home/aatmaj/CENT/experiments/dda_full_sweep/traces/32_channels_per_device/16_devices/model_parallel/Llama2-13B/trace_1_FC_devices_seqlen_1664.txt
/home/aatmaj/CENT/aim_simulator/build/ramulator2 -f /home/aatmaj/CENT/aim_simulator/test/example.yaml -t /home/aatmaj/CENT/experiments/dda_full_sweep/traces/32_channels_per_device/16_devices/model_parallel_FC/Llama2-13B/trace_1_FC_devices_seqlen_1664.txt
/home/aatmaj/CENT/aim_simulator/build/ramulator2 -f /home/aatmaj/CENT/aim_simulator/test/example.yaml -t /home/aatmaj/CENT/experiments/dda_full_sweep/traces/32_channels_per_device/16_devices/model_parallel/Llama2-13B/trace_2_FC_devices_seqlen_1664.txt
/home/aatmaj/CENT/aim_simulator/build/ramulator2 -f /home/aatmaj/CENT/aim_simulator/test/example.yaml -t /home/aatmaj/CENT/experiments/dda_full_sweep/traces/32_channels_per_device/16_devices/model_parallel_FC/Llama2-13B/trace_2_FC_devices_seqlen_1664.txt
/home/aatmaj/CENT/aim_simulator/build/ramulator2 -f /home/aatmaj/CENT/aim_simulator/test/example.yaml -t /home/aatmaj/CENT/experiments/dda_full_sweep/traces/32_channels_per_device/16_devices/model_parallel/Llama2-13B/trace_4_FC_devices_seqlen_1664.txt
/home/aatmaj/CENT/aim_simulator/build/ramulator2 -f /home/aatmaj/CENT/aim_simulator/test/example.yaml -t /home/aatmaj/CENT/experiments/dda_full_sweep/traces/32_channels_per_device/16_devices/model_parallel_FC/Llama2-13B/trace_4_FC_devices_seqlen_1664.txt
/home/aatmaj/CENT/aim_simulator/build/ramulator2 -f /home/aatmaj/CENT/aim_simulator/test/example.yaml -t /home/aatmaj/CENT/experiments/dda_full_sweep/traces/32_channels_per_device/16_devices/model_parallel/Llama2-13B/trace_8_FC_devices_seqlen_1664.txt
/home/aatmaj/CENT/aim_simulator/build/ramulator2 -f /home/aatmaj/CENT/aim_simulator/test/example.yaml -t /home/aatmaj/CENT/experiments/dda_full_sweep/traces/32_channels_per_device/16_devices/model_parallel_FC/Llama2-13B/trace_8_FC_devices_seqlen_1664.txt
/home/aatmaj/CENT/aim_simulator/build/ramulator2 -f /home/aatmaj/CENT/aim_simulator/test/example.yaml -t /home/aatmaj/CENT/experiments/dda_full_sweep/traces/32_channels_per_device/16_devices/model_parallel/Llama2-13B/trace_16_FC_devices_seqlen_1664.txt
/home/aatmaj/CENT/aim_simulator/build/ramulator2 -f /home/aatmaj/CENT/aim_simulator/test/example.yaml -t /home/aatmaj/CENT/experiments/dda_full_sweep/traces/32_channels_per_device/16_devices/model_parallel_FC/Llama2-13B/trace_16_FC_devices_seqlen_1664.txt
/home/aatmaj/CENT/aim_simulator/build/ramulator2 -f /home/aatmaj/CENT/aim_simulator/test/example.yaml -t /home/aatmaj/CENT/experiments/dda_full_sweep/traces/32_channels_per_device/16_devices/model_parallel/Llama2-13B/trace_1_FC_devices_seqlen_1792.txt
/home/aatmaj/CENT/aim_simulator/build/ramulator2 -f /home/aatmaj/CENT/aim_simulator/test/example.yaml -t /home/aatmaj/CENT/experiments/dda_full_sweep/traces/32_channels_per_device/16_devices/model_parallel_FC/Llama2-13B/trace_1_FC_devices_seqlen_1792.txt
/home/aatmaj/CENT/aim_simulator/build/ramulator2 -f /home/aatmaj/CENT/aim_simulator/test/example.yaml -t /home/aatmaj/CENT/experiments/dda_full_sweep/traces/32_channels_per_device/16_devices/model_parallel/Llama2-13B/trace_2_FC_devices_seqlen_1792.txt
/home/aatmaj/CENT/aim_simulator/build/ramulator2 -f /home/aatmaj/CENT/aim_simulator/test/example.yaml -t /home/aatmaj/CENT/experiments/dda_full_sweep/traces/32_channels_per_device/16_devices/model_parallel_FC/Llama2-13B/trace_2_FC_devices_seqlen_1792.txt
/home/aatmaj/CENT/aim_simulator/build/ramulator2 -f /home/aatmaj/CENT/aim_simulator/test/example.yaml -t /home/aatmaj/CENT/experiments/dda_full_sweep/traces/32_channels_per_device/16_devices/model_parallel/Llama2-13B/trace_4_FC_devices_seqlen_1792.txt
/home/aatmaj/CENT/aim_simulator/build/ramulator2 -f /home/aatmaj/CENT/aim_simulator/test/example.yaml -t /home/aatmaj/CENT/experiments/dda_full_sweep/traces/32_channels_per_device/16_devices/model_parallel_FC/Llama2-13B/trace_4_FC_devices_seqlen_1792.txt
/home/aatmaj/CENT/aim_simulator/build/ramulator2 -f /home/aatmaj/CENT/aim_simulator/test/example.yaml -t /home/aatmaj/CENT/experiments/dda_full_sweep/traces/32_channels_per_device/16_devices/model_parallel/Llama2-13B/trace_8_FC_devices_seqlen_1792.txt
/home/aatmaj/CENT/aim_simulator/build/ramulator2 -f /home/aatmaj/CENT/aim_simulator/test/example.yaml -t /home/aatmaj/CENT/experiments/dda_full_sweep/traces/32_channels_per_device/16_devices/model_parallel_FC/Llama2-13B/trace_8_FC_devices_seqlen_1792.txt
/home/aatmaj/CENT/aim_simulator/build/ramulator2 -f /home/aatmaj/CENT/aim_simulator/test/example.yaml -t /home/aatmaj/CENT/experiments/dda_full_sweep/traces/32_channels_per_device/16_devices/model_parallel/Llama2-13B/trace_16_FC_devices_seqlen_1792.txt
/home/aatmaj/CENT/aim_simulator/build/ramulator2 -f /home/aatmaj/CENT/aim_simulator/test/example.yaml -t /home/aatmaj/CENT/experiments/dda_full_sweep/traces/32_channels_per_device/16_devices/model_parallel_FC/Llama2-13B/trace_16_FC_devices_seqlen_1792.txt
/home/aatmaj/CENT/aim_simulator/build/ramulator2 -f /home/aatmaj/CENT/aim_simulator/test/example.yaml -t /home/aatmaj/CENT/experiments/dda_full_sweep/traces/32_channels_per_device/16_devices/model_parallel/Llama2-13B/trace_1_FC_devices_seqlen_1920.txt
/home/aatmaj/CENT/aim_simulator/build/ramulator2 -f /home/aatmaj/CENT/aim_simulator/test/example.yaml -t /home/aatmaj/CENT/experiments/dda_full_sweep/traces/32_channels_per_device/16_devices/model_parallel_FC/Llama2-13B/trace_1_FC_devices_seqlen_1920.txt
/home/aatmaj/CENT/aim_simulator/build/ramulator2 -f /home/aatmaj/CENT/aim_simulator/test/example.yaml -t /home/aatmaj/CENT/experiments/dda_full_sweep/traces/32_channels_per_device/16_devices/model_parallel/Llama2-13B/trace_2_FC_devices_seqlen_1920.txt
/home/aatmaj/CENT/aim_simulator/build/ramulator2 -f /home/aatmaj/CENT/aim_simulator/test/example.yaml -t /home/aatmaj/CENT/experiments/dda_full_sweep/traces/32_channels_per_device/16_devices/model_parallel_FC/Llama2-13B/trace_2_FC_devices_seqlen_1920.txt
/home/aatmaj/CENT/aim_simulator/build/ramulator2 -f /home/aatmaj/CENT/aim_simulator/test/example.yaml -t /home/aatmaj/CENT/experiments/dda_full_sweep/traces/32_channels_per_device/16_devices/model_parallel/Llama2-13B/trace_4_FC_devices_seqlen_1920.txt
/home/aatmaj/CENT/aim_simulator/build/ramulator2 -f /home/aatmaj/CENT/aim_simulator/test/example.yaml -t /home/aatmaj/CENT/experiments/dda_full_sweep/traces/32_channels_per_device/16_devices/model_parallel_FC/Llama2-13B/trace_4_FC_devices_seqlen_1920.txt
/home/aatmaj/CENT/aim_simulator/build/ramulator2 -f /home/aatmaj/CENT/aim_simulator/test/example.yaml -t /home/aatmaj/CENT/experiments/dda_full_sweep/traces/32_channels_per_device/16_devices/model_parallel/Llama2-13B/trace_8_FC_devices_seqlen_1920.txt
/home/aatmaj/CENT/aim_simulator/build/ramulator2 -f /home/aatmaj/CENT/aim_simulator/test/example.yaml -t /home/aatmaj/CENT/experiments/dda_full_sweep/traces/32_channels_per_device/16_devices/model_parallel_FC/Llama2-13B/trace_8_FC_devices_seqlen_1920.txt
/home/aatmaj/CENT/aim_simulator/build/ramulator2 -f /home/aatmaj/CENT/aim_simulator/test/example.yaml -t /home/aatmaj/CENT/experiments/dda_full_sweep/traces/32_channels_per_device/16_devices/model_parallel/Llama2-13B/trace_16_FC_devices_seqlen_1920.txt
/home/aatmaj/CENT/aim_simulator/build/ramulator2 -f /home/aatmaj/CENT/aim_simulator/test/example.yaml -t /home/aatmaj/CENT/experiments/dda_full_sweep/traces/32_channels_per_device/16_devices/model_parallel_FC/Llama2-13B/trace_16_FC_devices_seqlen_1920.txt
/home/aatmaj/CENT/aim_simulator/build/ramulator2 -f /home/aatmaj/CENT/aim_simulator/test/example.yaml -t /home/aatmaj/CENT/experiments/dda_full_sweep/traces/32_channels_per_device/16_devices/model_parallel/Llama2-13B/trace_1_FC_devices_seqlen_2048.txt
/home/aatmaj/CENT/aim_simulator/build/ramulator2 -f /home/aatmaj/CENT/aim_simulator/test/example.yaml -t /home/aatmaj/CENT/experiments/dda_full_sweep/traces/32_channels_per_device/16_devices/model_parallel_FC/Llama2-13B/trace_1_FC_devices_seqlen_2048.txt
/home/aatmaj/CENT/aim_simulator/build/ramulator2 -f /home/aatmaj/CENT/aim_simulator/test/example.yaml -t /home/aatmaj/CENT/experiments/dda_full_sweep/traces/32_channels_per_device/16_devices/model_parallel/Llama2-13B/trace_2_FC_devices_seqlen_2048.txt
/home/aatmaj/CENT/aim_simulator/build/ramulator2 -f /home/aatmaj/CENT/aim_simulator/test/example.yaml -t /home/aatmaj/CENT/experiments/dda_full_sweep/traces/32_channels_per_device/16_devices/model_parallel_FC/Llama2-13B/trace_2_FC_devices_seqlen_2048.txt
/home/aatmaj/CENT/aim_simulator/build/ramulator2 -f /home/aatmaj/CENT/aim_simulator/test/example.yaml -t /home/aatmaj/CENT/experiments/dda_full_sweep/traces/32_channels_per_device/16_devices/model_parallel/Llama2-13B/trace_4_FC_devices_seqlen_2048.txt
/home/aatmaj/CENT/aim_simulator/build/ramulator2 -f /home/aatmaj/CENT/aim_simulator/test/example.yaml -t /home/aatmaj/CENT/experiments/dda_full_sweep/traces/32_channels_per_device/16_devices/model_parallel_FC/Llama2-13B/trace_4_FC_devices_seqlen_2048.txt
/home/aatmaj/CENT/aim_simulator/build/ramulator2 -f /home/aatmaj/CENT/aim_simulator/test/example.yaml -t /home/aatmaj/CENT/experiments/dda_full_sweep/traces/32_channels_per_device/16_devices/model_parallel/Llama2-13B/trace_8_FC_devices_seqlen_2048.txt
/home/aatmaj/CENT/aim_simulator/build/ramulator2 -f /home/aatmaj/CENT/aim_simulator/test/example.yaml -t /home/aatmaj/CENT/experiments/dda_full_sweep/traces/32_channels_per_device/16_devices/model_parallel_FC/Llama2-13B/trace_8_FC_devices_seqlen_2048.txt
/home/aatmaj/CENT/aim_simulator/build/ramulator2 -f /home/aatmaj/CENT/aim_simulator/test/example.yaml -t /home/aatmaj/CENT/experiments/dda_full_sweep/traces/32_channels_per_device/16_devices/model_parallel/Llama2-13B/trace_16_FC_devices_seqlen_2048.txt
/home/aatmaj/CENT/aim_simulator/build/ramulator2 -f /home/aatmaj/CENT/aim_simulator/test/example.yaml -t /home/aatmaj/CENT/experiments/dda_full_sweep/traces/32_channels_per_device/16_devices/model_parallel_FC/Llama2-13B/trace_16_FC_devices_seqlen_2048.txt
/home/aatmaj/CENT/aim_simulator/build/ramulator2 -f /home/aatmaj/CENT/aim_simulator/test/example.yaml -t /home/aatmaj/CENT/experiments/dda_full_sweep/traces/32_channels_per_device/16_devices/model_parallel/Llama2-13B/trace_1_FC_devices_seqlen_2176.txt
/home/aatmaj/CENT/aim_simulator/build/ramulator2 -f /home/aatmaj/CENT/aim_simulator/test/example.yaml -t /home/aatmaj/CENT/experiments/dda_full_sweep/traces/32_channels_per_device/16_devices/model_parallel_FC/Llama2-13B/trace_1_FC_devices_seqlen_2176.txt
/home/aatmaj/CENT/aim_simulator/build/ramulator2 -f /home/aatmaj/CENT/aim_simulator/test/example.yaml -t /home/aatmaj/CENT/experiments/dda_full_sweep/traces/32_channels_per_device/16_devices/model_parallel/Llama2-13B/trace_2_FC_devices_seqlen_2176.txt
/home/aatmaj/CENT/aim_simulator/build/ramulator2 -f /home/aatmaj/CENT/aim_simulator/test/example.yaml -t /home/aatmaj/CENT/experiments/dda_full_sweep/traces/32_channels_per_device/16_devices/model_parallel_FC/Llama2-13B/trace_2_FC_devices_seqlen_2176.txt
/home/aatmaj/CENT/aim_simulator/build/ramulator2 -f /home/aatmaj/CENT/aim_simulator/test/example.yaml -t /home/aatmaj/CENT/experiments/dda_full_sweep/traces/32_channels_per_device/16_devices/model_parallel/Llama2-13B/trace_4_FC_devices_seqlen_2176.txt
/home/aatmaj/CENT/aim_simulator/build/ramulator2 -f /home/aatmaj/CENT/aim_simulator/test/example.yaml -t /home/aatmaj/CENT/experiments/dda_full_sweep/traces/32_channels_per_device/16_devices/model_parallel_FC/Llama2-13B/trace_4_FC_devices_seqlen_2176.txt
/home/aatmaj/CENT/aim_simulator/build/ramulator2 -f /home/aatmaj/CENT/aim_simulator/test/example.yaml -t /home/aatmaj/CENT/experiments/dda_full_sweep/traces/32_channels_per_device/16_devices/model_parallel/Llama2-13B/trace_8_FC_devices_seqlen_2176.txt
/home/aatmaj/CENT/aim_simulator/build/ramulator2 -f /home/aatmaj/CENT/aim_simulator/test/example.yaml -t /home/aatmaj/CENT/experiments/dda_full_sweep/traces/32_channels_per_device/16_devices/model_parallel_FC/Llama2-13B/trace_8_FC_devices_seqlen_2176.txt
/home/aatmaj/CENT/aim_simulator/build/ramulator2 -f /home/aatmaj/CENT/aim_simulator/test/example.yaml -t /home/aatmaj/CENT/experiments/dda_full_sweep/traces/32_channels_per_device/16_devices/model_parallel/Llama2-13B/trace_16_FC_devices_seqlen_2176.txt
/home/aatmaj/CENT/aim_simulator/build/ramulator2 -f /home/aatmaj/CENT/aim_simulator/test/example.yaml -t /home/aatmaj/CENT/experiments/dda_full_sweep/traces/32_channels_per_device/16_devices/model_parallel_FC/Llama2-13B/trace_16_FC_devices_seqlen_2176.txt
/home/aatmaj/CENT/aim_simulator/build/ramulator2 -f /home/aatmaj/CENT/aim_simulator/test/example.yaml -t /home/aatmaj/CENT/experiments/dda_full_sweep/traces/32_channels_per_device/16_devices/model_parallel/Llama2-13B/trace_1_FC_devices_seqlen_2304.txt
/home/aatmaj/CENT/aim_simulator/build/ramulator2 -f /home/aatmaj/CENT/aim_simulator/test/example.yaml -t /home/aatmaj/CENT/experiments/dda_full_sweep/traces/32_channels_per_device/16_devices/model_parallel_FC/Llama2-13B/trace_1_FC_devices_seqlen_2304.txt
/home/aatmaj/CENT/aim_simulator/build/ramulator2 -f /home/aatmaj/CENT/aim_simulator/test/example.yaml -t /home/aatmaj/CENT/experiments/dda_full_sweep/traces/32_channels_per_device/16_devices/model_parallel/Llama2-13B/trace_2_FC_devices_seqlen_2304.txt
/home/aatmaj/CENT/aim_simulator/build/ramulator2 -f /home/aatmaj/CENT/aim_simulator/test/example.yaml -t /home/aatmaj/CENT/experiments/dda_full_sweep/traces/32_channels_per_device/16_devices/model_parallel_FC/Llama2-13B/trace_2_FC_devices_seqlen_2304.txt
/home/aatmaj/CENT/aim_simulator/build/ramulator2 -f /home/aatmaj/CENT/aim_simulator/test/example.yaml -t /home/aatmaj/CENT/experiments/dda_full_sweep/traces/32_channels_per_device/16_devices/model_parallel/Llama2-13B/trace_4_FC_devices_seqlen_2304.txt
/home/aatmaj/CENT/aim_simulator/build/ramulator2 -f /home/aatmaj/CENT/aim_simulator/test/example.yaml -t /home/aatmaj/CENT/experiments/dda_full_sweep/traces/32_channels_per_device/16_devices/model_parallel_FC/Llama2-13B/trace_4_FC_devices_seqlen_2304.txt
/home/aatmaj/CENT/aim_simulator/build/ramulator2 -f /home/aatmaj/CENT/aim_simulator/test/example.yaml -t /home/aatmaj/CENT/experiments/dda_full_sweep/traces/32_channels_per_device/16_devices/model_parallel/Llama2-13B/trace_8_FC_devices_seqlen_2304.txt
/home/aatmaj/CENT/aim_simulator/build/ramulator2 -f /home/aatmaj/CENT/aim_simulator/test/example.yaml -t /home/aatmaj/CENT/experiments/dda_full_sweep/traces/32_channels_per_device/16_devices/model_parallel_FC/Llama2-13B/trace_8_FC_devices_seqlen_2304.txt
/home/aatmaj/CENT/aim_simulator/build/ramulator2 -f /home/aatmaj/CENT/aim_simulator/test/example.yaml -t /home/aatmaj/CENT/experiments/dda_full_sweep/traces/32_channels_per_device/16_devices/model_parallel/Llama2-13B/trace_16_FC_devices_seqlen_2304.txt
/home/aatmaj/CENT/aim_simulator/build/ramulator2 -f /home/aatmaj/CENT/aim_simulator/test/example.yaml -t /home/aatmaj/CENT/experiments/dda_full_sweep/traces/32_channels_per_device/16_devices/model_parallel_FC/Llama2-13B/trace_16_FC_devices_seqlen_2304.txt
/home/aatmaj/CENT/aim_simulator/build/ramulator2 -f /home/aatmaj/CENT/aim_simulator/test/example.yaml -t /home/aatmaj/CENT/experiments/dda_full_sweep/traces/32_channels_per_device/16_devices/model_parallel/Llama2-13B/trace_1_FC_devices_seqlen_2432.txt
/home/aatmaj/CENT/aim_simulator/build/ramulator2 -f /home/aatmaj/CENT/aim_simulator/test/example.yaml -t /home/aatmaj/CENT/experiments/dda_full_sweep/traces/32_channels_per_device/16_devices/model_parallel_FC/Llama2-13B/trace_1_FC_devices_seqlen_2432.txt
/home/aatmaj/CENT/aim_simulator/build/ramulator2 -f /home/aatmaj/CENT/aim_simulator/test/example.yaml -t /home/aatmaj/CENT/experiments/dda_full_sweep/traces/32_channels_per_device/16_devices/model_parallel/Llama2-13B/trace_2_FC_devices_seqlen_2432.txt
/home/aatmaj/CENT/aim_simulator/build/ramulator2 -f /home/aatmaj/CENT/aim_simulator/test/example.yaml -t /home/aatmaj/CENT/experiments/dda_full_sweep/traces/32_channels_per_device/16_devices/model_parallel_FC/Llama2-13B/trace_2_FC_devices_seqlen_2432.txt
/home/aatmaj/CENT/aim_simulator/build/ramulator2 -f /home/aatmaj/CENT/aim_simulator/test/example.yaml -t /home/aatmaj/CENT/experiments/dda_full_sweep/traces/32_channels_per_device/16_devices/model_parallel/Llama2-13B/trace_4_FC_devices_seqlen_2432.txt
/home/aatmaj/CENT/aim_simulator/build/ramulator2 -f /home/aatmaj/CENT/aim_simulator/test/example.yaml -t /home/aatmaj/CENT/experiments/dda_full_sweep/traces/32_channels_per_device/16_devices/model_parallel_FC/Llama2-13B/trace_4_FC_devices_seqlen_2432.txt
/home/aatmaj/CENT/aim_simulator/build/ramulator2 -f /home/aatmaj/CENT/aim_simulator/test/example.yaml -t /home/aatmaj/CENT/experiments/dda_full_sweep/traces/32_channels_per_device/16_devices/model_parallel/Llama2-13B/trace_8_FC_devices_seqlen_2432.txt
/home/aatmaj/CENT/aim_simulator/build/ramulator2 -f /home/aatmaj/CENT/aim_simulator/test/example.yaml -t /home/aatmaj/CENT/experiments/dda_full_sweep/traces/32_channels_per_device/16_devices/model_parallel_FC/Llama2-13B/trace_8_FC_devices_seqlen_2432.txt
/home/aatmaj/CENT/aim_simulator/build/ramulator2 -f /home/aatmaj/CENT/aim_simulator/test/example.yaml -t /home/aatmaj/CENT/experiments/dda_full_sweep/traces/32_channels_per_device/16_devices/model_parallel/Llama2-13B/trace_16_FC_devices_seqlen_2432.txt
/home/aatmaj/CENT/aim_simulator/build/ramulator2 -f /home/aatmaj/CENT/aim_simulator/test/example.yaml -t /home/aatmaj/CENT/experiments/dda_full_sweep/traces/32_channels_per_device/16_devices/model_parallel_FC/Llama2-13B/trace_16_FC_devices_seqlen_2432.txt
/home/aatmaj/CENT/aim_simulator/build/ramulator2 -f /home/aatmaj/CENT/aim_simulator/test/example.yaml -t /home/aatmaj/CENT/experiments/dda_full_sweep/traces/32_channels_per_device/16_devices/model_parallel/Llama2-13B/trace_1_FC_devices_seqlen_2560.txt
/home/aatmaj/CENT/aim_simulator/build/ramulator2 -f /home/aatmaj/CENT/aim_simulator/test/example.yaml -t /home/aatmaj/CENT/experiments/dda_full_sweep/traces/32_channels_per_device/16_devices/model_parallel_FC/Llama2-13B/trace_1_FC_devices_seqlen_2560.txt
/home/aatmaj/CENT/aim_simulator/build/ramulator2 -f /home/aatmaj/CENT/aim_simulator/test/example.yaml -t /home/aatmaj/CENT/experiments/dda_full_sweep/traces/32_channels_per_device/16_devices/model_parallel/Llama2-13B/trace_2_FC_devices_seqlen_2560.txt
/home/aatmaj/CENT/aim_simulator/build/ramulator2 -f /home/aatmaj/CENT/aim_simulator/test/example.yaml -t /home/aatmaj/CENT/experiments/dda_full_sweep/traces/32_channels_per_device/16_devices/model_parallel_FC/Llama2-13B/trace_2_FC_devices_seqlen_2560.txt
/home/aatmaj/CENT/aim_simulator/build/ramulator2 -f /home/aatmaj/CENT/aim_simulator/test/example.yaml -t /home/aatmaj/CENT/experiments/dda_full_sweep/traces/32_channels_per_device/16_devices/model_parallel/Llama2-13B/trace_4_FC_devices_seqlen_2560.txt
/home/aatmaj/CENT/aim_simulator/build/ramulator2 -f /home/aatmaj/CENT/aim_simulator/test/example.yaml -t /home/aatmaj/CENT/experiments/dda_full_sweep/traces/32_channels_per_device/16_devices/model_parallel_FC/Llama2-13B/trace_4_FC_devices_seqlen_2560.txt
/home/aatmaj/CENT/aim_simulator/build/ramulator2 -f /home/aatmaj/CENT/aim_simulator/test/example.yaml -t /home/aatmaj/CENT/experiments/dda_full_sweep/traces/32_channels_per_device/16_devices/model_parallel/Llama2-13B/trace_8_FC_devices_seqlen_2560.txt
/home/aatmaj/CENT/aim_simulator/build/ramulator2 -f /home/aatmaj/CENT/aim_simulator/test/example.yaml -t /home/aatmaj/CENT/experiments/dda_full_sweep/traces/32_channels_per_device/16_devices/model_parallel_FC/Llama2-13B/trace_8_FC_devices_seqlen_2560.txt
/home/aatmaj/CENT/aim_simulator/build/ramulator2 -f /home/aatmaj/CENT/aim_simulator/test/example.yaml -t /home/aatmaj/CENT/experiments/dda_full_sweep/traces/32_channels_per_device/16_devices/model_parallel/Llama2-13B/trace_16_FC_devices_seqlen_2560.txt
/home/aatmaj/CENT/aim_simulator/build/ramulator2 -f /home/aatmaj/CENT/aim_simulator/test/example.yaml -t /home/aatmaj/CENT/experiments/dda_full_sweep/traces/32_channels_per_device/16_devices/model_parallel_FC/Llama2-13B/trace_16_FC_devices_seqlen_2560.txt
/home/aatmaj/CENT/aim_simulator/build/ramulator2 -f /home/aatmaj/CENT/aim_simulator/test/example.yaml -t /home/aatmaj/CENT/experiments/dda_full_sweep/traces/32_channels_per_device/16_devices/model_parallel/Llama2-13B/trace_1_FC_devices_seqlen_2688.txt
/home/aatmaj/CENT/aim_simulator/build/ramulator2 -f /home/aatmaj/CENT/aim_simulator/test/example.yaml -t /home/aatmaj/CENT/experiments/dda_full_sweep/traces/32_channels_per_device/16_devices/model_parallel_FC/Llama2-13B/trace_1_FC_devices_seqlen_2688.txt
/home/aatmaj/CENT/aim_simulator/build/ramulator2 -f /home/aatmaj/CENT/aim_simulator/test/example.yaml -t /home/aatmaj/CENT/experiments/dda_full_sweep/traces/32_channels_per_device/16_devices/model_parallel/Llama2-13B/trace_2_FC_devices_seqlen_2688.txt
/home/aatmaj/CENT/aim_simulator/build/ramulator2 -f /home/aatmaj/CENT/aim_simulator/test/example.yaml -t /home/aatmaj/CENT/experiments/dda_full_sweep/traces/32_channels_per_device/16_devices/model_parallel_FC/Llama2-13B/trace_2_FC_devices_seqlen_2688.txt
/home/aatmaj/CENT/aim_simulator/build/ramulator2 -f /home/aatmaj/CENT/aim_simulator/test/example.yaml -t /home/aatmaj/CENT/experiments/dda_full_sweep/traces/32_channels_per_device/16_devices/model_parallel/Llama2-13B/trace_4_FC_devices_seqlen_2688.txt
/home/aatmaj/CENT/aim_simulator/build/ramulator2 -f /home/aatmaj/CENT/aim_simulator/test/example.yaml -t /home/aatmaj/CENT/experiments/dda_full_sweep/traces/32_channels_per_device/16_devices/model_parallel_FC/Llama2-13B/trace_4_FC_devices_seqlen_2688.txt
/home/aatmaj/CENT/aim_simulator/build/ramulator2 -f /home/aatmaj/CENT/aim_simulator/test/example.yaml -t /home/aatmaj/CENT/experiments/dda_full_sweep/traces/32_channels_per_device/16_devices/model_parallel/Llama2-13B/trace_8_FC_devices_seqlen_2688.txt
/home/aatmaj/CENT/aim_simulator/build/ramulator2 -f /home/aatmaj/CENT/aim_simulator/test/example.yaml -t /home/aatmaj/CENT/experiments/dda_full_sweep/traces/32_channels_per_device/16_devices/model_parallel_FC/Llama2-13B/trace_8_FC_devices_seqlen_2688.txt
/home/aatmaj/CENT/aim_simulator/build/ramulator2 -f /home/aatmaj/CENT/aim_simulator/test/example.yaml -t /home/aatmaj/CENT/experiments/dda_full_sweep/traces/32_channels_per_device/16_devices/model_parallel/Llama2-13B/trace_16_FC_devices_seqlen_2688.txt
/home/aatmaj/CENT/aim_simulator/build/ramulator2 -f /home/aatmaj/CENT/aim_simulator/test/example.yaml -t /home/aatmaj/CENT/experiments/dda_full_sweep/traces/32_channels_per_device/16_devices/model_parallel_FC/Llama2-13B/trace_16_FC_devices_seqlen_2688.txt
/home/aatmaj/CENT/aim_simulator/build/ramulator2 -f /home/aatmaj/CENT/aim_simulator/test/example.yaml -t /home/aatmaj/CENT/experiments/dda_full_sweep/traces/32_channels_per_device/16_devices/model_parallel/Llama2-13B/trace_1_FC_devices_seqlen_2816.txt
/home/aatmaj/CENT/aim_simulator/build/ramulator2 -f /home/aatmaj/CENT/aim_simulator/test/example.yaml -t /home/aatmaj/CENT/experiments/dda_full_sweep/traces/32_channels_per_device/16_devices/model_parallel_FC/Llama2-13B/trace_1_FC_devices_seqlen_2816.txt
/home/aatmaj/CENT/aim_simulator/build/ramulator2 -f /home/aatmaj/CENT/aim_simulator/test/example.yaml -t /home/aatmaj/CENT/experiments/dda_full_sweep/traces/32_channels_per_device/16_devices/model_parallel/Llama2-13B/trace_2_FC_devices_seqlen_2816.txt
/home/aatmaj/CENT/aim_simulator/build/ramulator2 -f /home/aatmaj/CENT/aim_simulator/test/example.yaml -t /home/aatmaj/CENT/experiments/dda_full_sweep/traces/32_channels_per_device/16_devices/model_parallel_FC/Llama2-13B/trace_2_FC_devices_seqlen_2816.txt
/home/aatmaj/CENT/aim_simulator/build/ramulator2 -f /home/aatmaj/CENT/aim_simulator/test/example.yaml -t /home/aatmaj/CENT/experiments/dda_full_sweep/traces/32_channels_per_device/16_devices/model_parallel/Llama2-13B/trace_4_FC_devices_seqlen_2816.txt
/home/aatmaj/CENT/aim_simulator/build/ramulator2 -f /home/aatmaj/CENT/aim_simulator/test/example.yaml -t /home/aatmaj/CENT/experiments/dda_full_sweep/traces/32_channels_per_device/16_devices/model_parallel_FC/Llama2-13B/trace_4_FC_devices_seqlen_2816.txt
/home/aatmaj/CENT/aim_simulator/build/ramulator2 -f /home/aatmaj/CENT/aim_simulator/test/example.yaml -t /home/aatmaj/CENT/experiments/dda_full_sweep/traces/32_channels_per_device/16_devices/model_parallel/Llama2-13B/trace_8_FC_devices_seqlen_2816.txt
/home/aatmaj/CENT/aim_simulator/build/ramulator2 -f /home/aatmaj/CENT/aim_simulator/test/example.yaml -t /home/aatmaj/CENT/experiments/dda_full_sweep/traces/32_channels_per_device/16_devices/model_parallel_FC/Llama2-13B/trace_8_FC_devices_seqlen_2816.txt
/home/aatmaj/CENT/aim_simulator/build/ramulator2 -f /home/aatmaj/CENT/aim_simulator/test/example.yaml -t /home/aatmaj/CENT/experiments/dda_full_sweep/traces/32_channels_per_device/16_devices/model_parallel/Llama2-13B/trace_16_FC_devices_seqlen_2816.txt
/home/aatmaj/CENT/aim_simulator/build/ramulator2 -f /home/aatmaj/CENT/aim_simulator/test/example.yaml -t /home/aatmaj/CENT/experiments/dda_full_sweep/traces/32_channels_per_device/16_devices/model_parallel_FC/Llama2-13B/trace_16_FC_devices_seqlen_2816.txt
/home/aatmaj/CENT/aim_simulator/build/ramulator2 -f /home/aatmaj/CENT/aim_simulator/test/example.yaml -t /home/aatmaj/CENT/experiments/dda_full_sweep/traces/32_channels_per_device/16_devices/model_parallel/Llama2-13B/trace_1_FC_devices_seqlen_2944.txt
/home/aatmaj/CENT/aim_simulator/build/ramulator2 -f /home/aatmaj/CENT/aim_simulator/test/example.yaml -t /home/aatmaj/CENT/experiments/dda_full_sweep/traces/32_channels_per_device/16_devices/model_parallel_FC/Llama2-13B/trace_1_FC_devices_seqlen_2944.txt
/home/aatmaj/CENT/aim_simulator/build/ramulator2 -f /home/aatmaj/CENT/aim_simulator/test/example.yaml -t /home/aatmaj/CENT/experiments/dda_full_sweep/traces/32_channels_per_device/16_devices/model_parallel/Llama2-13B/trace_2_FC_devices_seqlen_2944.txt
/home/aatmaj/CENT/aim_simulator/build/ramulator2 -f /home/aatmaj/CENT/aim_simulator/test/example.yaml -t /home/aatmaj/CENT/experiments/dda_full_sweep/traces/32_channels_per_device/16_devices/model_parallel_FC/Llama2-13B/trace_2_FC_devices_seqlen_2944.txt
/home/aatmaj/CENT/aim_simulator/build/ramulator2 -f /home/aatmaj/CENT/aim_simulator/test/example.yaml -t /home/aatmaj/CENT/experiments/dda_full_sweep/traces/32_channels_per_device/16_devices/model_parallel/Llama2-13B/trace_4_FC_devices_seqlen_2944.txt
/home/aatmaj/CENT/aim_simulator/build/ramulator2 -f /home/aatmaj/CENT/aim_simulator/test/example.yaml -t /home/aatmaj/CENT/experiments/dda_full_sweep/traces/32_channels_per_device/16_devices/model_parallel_FC/Llama2-13B/trace_4_FC_devices_seqlen_2944.txt
/home/aatmaj/CENT/aim_simulator/build/ramulator2 -f /home/aatmaj/CENT/aim_simulator/test/example.yaml -t /home/aatmaj/CENT/experiments/dda_full_sweep/traces/32_channels_per_device/16_devices/model_parallel/Llama2-13B/trace_8_FC_devices_seqlen_2944.txt
/home/aatmaj/CENT/aim_simulator/build/ramulator2 -f /home/aatmaj/CENT/aim_simulator/test/example.yaml -t /home/aatmaj/CENT/experiments/dda_full_sweep/traces/32_channels_per_device/16_devices/model_parallel_FC/Llama2-13B/trace_8_FC_devices_seqlen_2944.txt
/home/aatmaj/CENT/aim_simulator/build/ramulator2 -f /home/aatmaj/CENT/aim_simulator/test/example.yaml -t /home/aatmaj/CENT/experiments/dda_full_sweep/traces/32_channels_per_device/16_devices/model_parallel/Llama2-13B/trace_16_FC_devices_seqlen_2944.txt
/home/aatmaj/CENT/aim_simulator/build/ramulator2 -f /home/aatmaj/CENT/aim_simulator/test/example.yaml -t /home/aatmaj/CENT/experiments/dda_full_sweep/traces/32_channels_per_device/16_devices/model_parallel_FC/Llama2-13B/trace_16_FC_devices_seqlen_2944.txt
/home/aatmaj/CENT/aim_simulator/build/ramulator2 -f /home/aatmaj/CENT/aim_simulator/test/example.yaml -t /home/aatmaj/CENT/experiments/dda_full_sweep/traces/32_channels_per_device/16_devices/model_parallel/Llama2-13B/trace_1_FC_devices_seqlen_3072.txt
/home/aatmaj/CENT/aim_simulator/build/ramulator2 -f /home/aatmaj/CENT/aim_simulator/test/example.yaml -t /home/aatmaj/CENT/experiments/dda_full_sweep/traces/32_channels_per_device/16_devices/model_parallel_FC/Llama2-13B/trace_1_FC_devices_seqlen_3072.txt
/home/aatmaj/CENT/aim_simulator/build/ramulator2 -f /home/aatmaj/CENT/aim_simulator/test/example.yaml -t /home/aatmaj/CENT/experiments/dda_full_sweep/traces/32_channels_per_device/16_devices/model_parallel/Llama2-13B/trace_2_FC_devices_seqlen_3072.txt
/home/aatmaj/CENT/aim_simulator/build/ramulator2 -f /home/aatmaj/CENT/aim_simulator/test/example.yaml -t /home/aatmaj/CENT/experiments/dda_full_sweep/traces/32_channels_per_device/16_devices/model_parallel_FC/Llama2-13B/trace_2_FC_devices_seqlen_3072.txt
/home/aatmaj/CENT/aim_simulator/build/ramulator2 -f /home/aatmaj/CENT/aim_simulator/test/example.yaml -t /home/aatmaj/CENT/experiments/dda_full_sweep/traces/32_channels_per_device/16_devices/model_parallel/Llama2-13B/trace_4_FC_devices_seqlen_3072.txt
/home/aatmaj/CENT/aim_simulator/build/ramulator2 -f /home/aatmaj/CENT/aim_simulator/test/example.yaml -t /home/aatmaj/CENT/experiments/dda_full_sweep/traces/32_channels_per_device/16_devices/model_parallel_FC/Llama2-13B/trace_4_FC_devices_seqlen_3072.txt
/home/aatmaj/CENT/aim_simulator/build/ramulator2 -f /home/aatmaj/CENT/aim_simulator/test/example.yaml -t /home/aatmaj/CENT/experiments/dda_full_sweep/traces/32_channels_per_device/16_devices/model_parallel/Llama2-13B/trace_8_FC_devices_seqlen_3072.txt
/home/aatmaj/CENT/aim_simulator/build/ramulator2 -f /home/aatmaj/CENT/aim_simulator/test/example.yaml -t /home/aatmaj/CENT/experiments/dda_full_sweep/traces/32_channels_per_device/16_devices/model_parallel_FC/Llama2-13B/trace_8_FC_devices_seqlen_3072.txt
/home/aatmaj/CENT/aim_simulator/build/ramulator2 -f /home/aatmaj/CENT/aim_simulator/test/example.yaml -t /home/aatmaj/CENT/experiments/dda_full_sweep/traces/32_channels_per_device/16_devices/model_parallel/Llama2-13B/trace_16_FC_devices_seqlen_3072.txt
/home/aatmaj/CENT/aim_simulator/build/ramulator2 -f /home/aatmaj/CENT/aim_simulator/test/example.yaml -t /home/aatmaj/CENT/experiments/dda_full_sweep/traces/32_channels_per_device/16_devices/model_parallel_FC/Llama2-13B/trace_16_FC_devices_seqlen_3072.txt
/home/aatmaj/CENT/aim_simulator/build/ramulator2 -f /home/aatmaj/CENT/aim_simulator/test/example.yaml -t /home/aatmaj/CENT/experiments/dda_full_sweep/traces/32_channels_per_device/16_devices/model_parallel/Llama2-13B/trace_1_FC_devices_seqlen_3200.txt
/home/aatmaj/CENT/aim_simulator/build/ramulator2 -f /home/aatmaj/CENT/aim_simulator/test/example.yaml -t /home/aatmaj/CENT/experiments/dda_full_sweep/traces/32_channels_per_device/16_devices/model_parallel_FC/Llama2-13B/trace_1_FC_devices_seqlen_3200.txt
/home/aatmaj/CENT/aim_simulator/build/ramulator2 -f /home/aatmaj/CENT/aim_simulator/test/example.yaml -t /home/aatmaj/CENT/experiments/dda_full_sweep/traces/32_channels_per_device/16_devices/model_parallel/Llama2-13B/trace_2_FC_devices_seqlen_3200.txt
/home/aatmaj/CENT/aim_simulator/build/ramulator2 -f /home/aatmaj/CENT/aim_simulator/test/example.yaml -t /home/aatmaj/CENT/experiments/dda_full_sweep/traces/32_channels_per_device/16_devices/model_parallel_FC/Llama2-13B/trace_2_FC_devices_seqlen_3200.txt
/home/aatmaj/CENT/aim_simulator/build/ramulator2 -f /home/aatmaj/CENT/aim_simulator/test/example.yaml -t /home/aatmaj/CENT/experiments/dda_full_sweep/traces/32_channels_per_device/16_devices/model_parallel/Llama2-13B/trace_4_FC_devices_seqlen_3200.txt
/home/aatmaj/CENT/aim_simulator/build/ramulator2 -f /home/aatmaj/CENT/aim_simulator/test/example.yaml -t /home/aatmaj/CENT/experiments/dda_full_sweep/traces/32_channels_per_device/16_devices/model_parallel_FC/Llama2-13B/trace_4_FC_devices_seqlen_3200.txt
/home/aatmaj/CENT/aim_simulator/build/ramulator2 -f /home/aatmaj/CENT/aim_simulator/test/example.yaml -t /home/aatmaj/CENT/experiments/dda_full_sweep/traces/32_channels_per_device/16_devices/model_parallel/Llama2-13B/trace_8_FC_devices_seqlen_3200.txt
/home/aatmaj/CENT/aim_simulator/build/ramulator2 -f /home/aatmaj/CENT/aim_simulator/test/example.yaml -t /home/aatmaj/CENT/experiments/dda_full_sweep/traces/32_channels_per_device/16_devices/model_parallel_FC/Llama2-13B/trace_8_FC_devices_seqlen_3200.txt
/home/aatmaj/CENT/aim_simulator/build/ramulator2 -f /home/aatmaj/CENT/aim_simulator/test/example.yaml -t /home/aatmaj/CENT/experiments/dda_full_sweep/traces/32_channels_per_device/16_devices/model_parallel/Llama2-13B/trace_16_FC_devices_seqlen_3200.txt
/home/aatmaj/CENT/aim_simulator/build/ramulator2 -f /home/aatmaj/CENT/aim_simulator/test/example.yaml -t /home/aatmaj/CENT/experiments/dda_full_sweep/traces/32_channels_per_device/16_devices/model_parallel_FC/Llama2-13B/trace_16_FC_devices_seqlen_3200.txt
/home/aatmaj/CENT/aim_simulator/build/ramulator2 -f /home/aatmaj/CENT/aim_simulator/test/example.yaml -t /home/aatmaj/CENT/experiments/dda_full_sweep/traces/32_channels_per_device/16_devices/model_parallel/Llama2-13B/trace_1_FC_devices_seqlen_3328.txt
/home/aatmaj/CENT/aim_simulator/build/ramulator2 -f /home/aatmaj/CENT/aim_simulator/test/example.yaml -t /home/aatmaj/CENT/experiments/dda_full_sweep/traces/32_channels_per_device/16_devices/model_parallel_FC/Llama2-13B/trace_1_FC_devices_seqlen_3328.txt
/home/aatmaj/CENT/aim_simulator/build/ramulator2 -f /home/aatmaj/CENT/aim_simulator/test/example.yaml -t /home/aatmaj/CENT/experiments/dda_full_sweep/traces/32_channels_per_device/16_devices/model_parallel/Llama2-13B/trace_2_FC_devices_seqlen_3328.txt
/home/aatmaj/CENT/aim_simulator/build/ramulator2 -f /home/aatmaj/CENT/aim_simulator/test/example.yaml -t /home/aatmaj/CENT/experiments/dda_full_sweep/traces/32_channels_per_device/16_devices/model_parallel_FC/Llama2-13B/trace_2_FC_devices_seqlen_3328.txt
/home/aatmaj/CENT/aim_simulator/build/ramulator2 -f /home/aatmaj/CENT/aim_simulator/test/example.yaml -t /home/aatmaj/CENT/experiments/dda_full_sweep/traces/32_channels_per_device/16_devices/model_parallel/Llama2-13B/trace_4_FC_devices_seqlen_3328.txt
/home/aatmaj/CENT/aim_simulator/build/ramulator2 -f /home/aatmaj/CENT/aim_simulator/test/example.yaml -t /home/aatmaj/CENT/experiments/dda_full_sweep/traces/32_channels_per_device/16_devices/model_parallel_FC/Llama2-13B/trace_4_FC_devices_seqlen_3328.txt
/home/aatmaj/CENT/aim_simulator/build/ramulator2 -f /home/aatmaj/CENT/aim_simulator/test/example.yaml -t /home/aatmaj/CENT/experiments/dda_full_sweep/traces/32_channels_per_device/16_devices/model_parallel/Llama2-13B/trace_8_FC_devices_seqlen_3328.txt
/home/aatmaj/CENT/aim_simulator/build/ramulator2 -f /home/aatmaj/CENT/aim_simulator/test/example.yaml -t /home/aatmaj/CENT/experiments/dda_full_sweep/traces/32_channels_per_device/16_devices/model_parallel_FC/Llama2-13B/trace_8_FC_devices_seqlen_3328.txt
/home/aatmaj/CENT/aim_simulator/build/ramulator2 -f /home/aatmaj/CENT/aim_simulator/test/example.yaml -t /home/aatmaj/CENT/experiments/dda_full_sweep/traces/32_channels_per_device/16_devices/model_parallel/Llama2-13B/trace_16_FC_devices_seqlen_3328.txt
/home/aatmaj/CENT/aim_simulator/build/ramulator2 -f /home/aatmaj/CENT/aim_simulator/test/example.yaml -t /home/aatmaj/CENT/experiments/dda_full_sweep/traces/32_channels_per_device/16_devices/model_parallel_FC/Llama2-13B/trace_16_FC_devices_seqlen_3328.txt
/home/aatmaj/CENT/aim_simulator/build/ramulator2 -f /home/aatmaj/CENT/aim_simulator/test/example.yaml -t /home/aatmaj/CENT/experiments/dda_full_sweep/traces/32_channels_per_device/16_devices/model_parallel/Llama2-13B/trace_1_FC_devices_seqlen_3456.txt
/home/aatmaj/CENT/aim_simulator/build/ramulator2 -f /home/aatmaj/CENT/aim_simulator/test/example.yaml -t /home/aatmaj/CENT/experiments/dda_full_sweep/traces/32_channels_per_device/16_devices/model_parallel_FC/Llama2-13B/trace_1_FC_devices_seqlen_3456.txt
/home/aatmaj/CENT/aim_simulator/build/ramulator2 -f /home/aatmaj/CENT/aim_simulator/test/example.yaml -t /home/aatmaj/CENT/experiments/dda_full_sweep/traces/32_channels_per_device/16_devices/model_parallel/Llama2-13B/trace_2_FC_devices_seqlen_3456.txt
/home/aatmaj/CENT/aim_simulator/build/ramulator2 -f /home/aatmaj/CENT/aim_simulator/test/example.yaml -t /home/aatmaj/CENT/experiments/dda_full_sweep/traces/32_channels_per_device/16_devices/model_parallel_FC/Llama2-13B/trace_2_FC_devices_seqlen_3456.txt
/home/aatmaj/CENT/aim_simulator/build/ramulator2 -f /home/aatmaj/CENT/aim_simulator/test/example.yaml -t /home/aatmaj/CENT/experiments/dda_full_sweep/traces/32_channels_per_device/16_devices/model_parallel/Llama2-13B/trace_4_FC_devices_seqlen_3456.txt
/home/aatmaj/CENT/aim_simulator/build/ramulator2 -f /home/aatmaj/CENT/aim_simulator/test/example.yaml -t /home/aatmaj/CENT/experiments/dda_full_sweep/traces/32_channels_per_device/16_devices/model_parallel_FC/Llama2-13B/trace_4_FC_devices_seqlen_3456.txt
/home/aatmaj/CENT/aim_simulator/build/ramulator2 -f /home/aatmaj/CENT/aim_simulator/test/example.yaml -t /home/aatmaj/CENT/experiments/dda_full_sweep/traces/32_channels_per_device/16_devices/model_parallel/Llama2-13B/trace_8_FC_devices_seqlen_3456.txt
/home/aatmaj/CENT/aim_simulator/build/ramulator2 -f /home/aatmaj/CENT/aim_simulator/test/example.yaml -t /home/aatmaj/CENT/experiments/dda_full_sweep/traces/32_channels_per_device/16_devices/model_parallel_FC/Llama2-13B/trace_8_FC_devices_seqlen_3456.txt
/home/aatmaj/CENT/aim_simulator/build/ramulator2 -f /home/aatmaj/CENT/aim_simulator/test/example.yaml -t /home/aatmaj/CENT/experiments/dda_full_sweep/traces/32_channels_per_device/16_devices/model_parallel/Llama2-13B/trace_16_FC_devices_seqlen_3456.txt
/home/aatmaj/CENT/aim_simulator/build/ramulator2 -f /home/aatmaj/CENT/aim_simulator/test/example.yaml -t /home/aatmaj/CENT/experiments/dda_full_sweep/traces/32_channels_per_device/16_devices/model_parallel_FC/Llama2-13B/trace_16_FC_devices_seqlen_3456.txt
/home/aatmaj/CENT/aim_simulator/build/ramulator2 -f /home/aatmaj/CENT/aim_simulator/test/example.yaml -t /home/aatmaj/CENT/experiments/dda_full_sweep/traces/32_channels_per_device/16_devices/model_parallel/Llama2-13B/trace_1_FC_devices_seqlen_3584.txt
/home/aatmaj/CENT/aim_simulator/build/ramulator2 -f /home/aatmaj/CENT/aim_simulator/test/example.yaml -t /home/aatmaj/CENT/experiments/dda_full_sweep/traces/32_channels_per_device/16_devices/model_parallel_FC/Llama2-13B/trace_1_FC_devices_seqlen_3584.txt
/home/aatmaj/CENT/aim_simulator/build/ramulator2 -f /home/aatmaj/CENT/aim_simulator/test/example.yaml -t /home/aatmaj/CENT/experiments/dda_full_sweep/traces/32_channels_per_device/16_devices/model_parallel/Llama2-13B/trace_2_FC_devices_seqlen_3584.txt
/home/aatmaj/CENT/aim_simulator/build/ramulator2 -f /home/aatmaj/CENT/aim_simulator/test/example.yaml -t /home/aatmaj/CENT/experiments/dda_full_sweep/traces/32_channels_per_device/16_devices/model_parallel_FC/Llama2-13B/trace_2_FC_devices_seqlen_3584.txt
/home/aatmaj/CENT/aim_simulator/build/ramulator2 -f /home/aatmaj/CENT/aim_simulator/test/example.yaml -t /home/aatmaj/CENT/experiments/dda_full_sweep/traces/32_channels_per_device/16_devices/model_parallel/Llama2-13B/trace_4_FC_devices_seqlen_3584.txt
/home/aatmaj/CENT/aim_simulator/build/ramulator2 -f /home/aatmaj/CENT/aim_simulator/test/example.yaml -t /home/aatmaj/CENT/experiments/dda_full_sweep/traces/32_channels_per_device/16_devices/model_parallel_FC/Llama2-13B/trace_4_FC_devices_seqlen_3584.txt
/home/aatmaj/CENT/aim_simulator/build/ramulator2 -f /home/aatmaj/CENT/aim_simulator/test/example.yaml -t /home/aatmaj/CENT/experiments/dda_full_sweep/traces/32_channels_per_device/16_devices/model_parallel/Llama2-13B/trace_8_FC_devices_seqlen_3584.txt
/home/aatmaj/CENT/aim_simulator/build/ramulator2 -f /home/aatmaj/CENT/aim_simulator/test/example.yaml -t /home/aatmaj/CENT/experiments/dda_full_sweep/traces/32_channels_per_device/16_devices/model_parallel_FC/Llama2-13B/trace_8_FC_devices_seqlen_3584.txt
/home/aatmaj/CENT/aim_simulator/build/ramulator2 -f /home/aatmaj/CENT/aim_simulator/test/example.yaml -t /home/aatmaj/CENT/experiments/dda_full_sweep/traces/32_channels_per_device/16_devices/model_parallel/Llama2-13B/trace_16_FC_devices_seqlen_3584.txt
/home/aatmaj/CENT/aim_simulator/build/ramulator2 -f /home/aatmaj/CENT/aim_simulator/test/example.yaml -t /home/aatmaj/CENT/experiments/dda_full_sweep/traces/32_channels_per_device/16_devices/model_parallel_FC/Llama2-13B/trace_16_FC_devices_seqlen_3584.txt
/home/aatmaj/CENT/aim_simulator/build/ramulator2 -f /home/aatmaj/CENT/aim_simulator/test/example.yaml -t /home/aatmaj/CENT/experiments/dda_full_sweep/traces/32_channels_per_device/16_devices/model_parallel/Llama2-13B/trace_1_FC_devices_seqlen_3712.txt
/home/aatmaj/CENT/aim_simulator/build/ramulator2 -f /home/aatmaj/CENT/aim_simulator/test/example.yaml -t /home/aatmaj/CENT/experiments/dda_full_sweep/traces/32_channels_per_device/16_devices/model_parallel_FC/Llama2-13B/trace_1_FC_devices_seqlen_3712.txt
/home/aatmaj/CENT/aim_simulator/build/ramulator2 -f /home/aatmaj/CENT/aim_simulator/test/example.yaml -t /home/aatmaj/CENT/experiments/dda_full_sweep/traces/32_channels_per_device/16_devices/model_parallel/Llama2-13B/trace_2_FC_devices_seqlen_3712.txt
/home/aatmaj/CENT/aim_simulator/build/ramulator2 -f /home/aatmaj/CENT/aim_simulator/test/example.yaml -t /home/aatmaj/CENT/experiments/dda_full_sweep/traces/32_channels_per_device/16_devices/model_parallel_FC/Llama2-13B/trace_2_FC_devices_seqlen_3712.txt
/home/aatmaj/CENT/aim_simulator/build/ramulator2 -f /home/aatmaj/CENT/aim_simulator/test/example.yaml -t /home/aatmaj/CENT/experiments/dda_full_sweep/traces/32_channels_per_device/16_devices/model_parallel/Llama2-13B/trace_4_FC_devices_seqlen_3712.txt
/home/aatmaj/CENT/aim_simulator/build/ramulator2 -f /home/aatmaj/CENT/aim_simulator/test/example.yaml -t /home/aatmaj/CENT/experiments/dda_full_sweep/traces/32_channels_per_device/16_devices/model_parallel_FC/Llama2-13B/trace_4_FC_devices_seqlen_3712.txt
/home/aatmaj/CENT/aim_simulator/build/ramulator2 -f /home/aatmaj/CENT/aim_simulator/test/example.yaml -t /home/aatmaj/CENT/experiments/dda_full_sweep/traces/32_channels_per_device/16_devices/model_parallel/Llama2-13B/trace_8_FC_devices_seqlen_3712.txt
/home/aatmaj/CENT/aim_simulator/build/ramulator2 -f /home/aatmaj/CENT/aim_simulator/test/example.yaml -t /home/aatmaj/CENT/experiments/dda_full_sweep/traces/32_channels_per_device/16_devices/model_parallel_FC/Llama2-13B/trace_8_FC_devices_seqlen_3712.txt
/home/aatmaj/CENT/aim_simulator/build/ramulator2 -f /home/aatmaj/CENT/aim_simulator/test/example.yaml -t /home/aatmaj/CENT/experiments/dda_full_sweep/traces/32_channels_per_device/16_devices/model_parallel/Llama2-13B/trace_16_FC_devices_seqlen_3712.txt
/home/aatmaj/CENT/aim_simulator/build/ramulator2 -f /home/aatmaj/CENT/aim_simulator/test/example.yaml -t /home/aatmaj/CENT/experiments/dda_full_sweep/traces/32_channels_per_device/16_devices/model_parallel_FC/Llama2-13B/trace_16_FC_devices_seqlen_3712.txt
/home/aatmaj/CENT/aim_simulator/build/ramulator2 -f /home/aatmaj/CENT/aim_simulator/test/example.yaml -t /home/aatmaj/CENT/experiments/dda_full_sweep/traces/32_channels_per_device/16_devices/model_parallel/Llama2-13B/trace_1_FC_devices_seqlen_3840.txt
/home/aatmaj/CENT/aim_simulator/build/ramulator2 -f /home/aatmaj/CENT/aim_simulator/test/example.yaml -t /home/aatmaj/CENT/experiments/dda_full_sweep/traces/32_channels_per_device/16_devices/model_parallel_FC/Llama2-13B/trace_1_FC_devices_seqlen_3840.txt
/home/aatmaj/CENT/aim_simulator/build/ramulator2 -f /home/aatmaj/CENT/aim_simulator/test/example.yaml -t /home/aatmaj/CENT/experiments/dda_full_sweep/traces/32_channels_per_device/16_devices/model_parallel/Llama2-13B/trace_2_FC_devices_seqlen_3840.txt
/home/aatmaj/CENT/aim_simulator/build/ramulator2 -f /home/aatmaj/CENT/aim_simulator/test/example.yaml -t /home/aatmaj/CENT/experiments/dda_full_sweep/traces/32_channels_per_device/16_devices/model_parallel_FC/Llama2-13B/trace_2_FC_devices_seqlen_3840.txt
/home/aatmaj/CENT/aim_simulator/build/ramulator2 -f /home/aatmaj/CENT/aim_simulator/test/example.yaml -t /home/aatmaj/CENT/experiments/dda_full_sweep/traces/32_channels_per_device/16_devices/model_parallel/Llama2-13B/trace_4_FC_devices_seqlen_3840.txt
/home/aatmaj/CENT/aim_simulator/build/ramulator2 -f /home/aatmaj/CENT/aim_simulator/test/example.yaml -t /home/aatmaj/CENT/experiments/dda_full_sweep/traces/32_channels_per_device/16_devices/model_parallel_FC/Llama2-13B/trace_4_FC_devices_seqlen_3840.txt
/home/aatmaj/CENT/aim_simulator/build/ramulator2 -f /home/aatmaj/CENT/aim_simulator/test/example.yaml -t /home/aatmaj/CENT/experiments/dda_full_sweep/traces/32_channels_per_device/16_devices/model_parallel/Llama2-13B/trace_8_FC_devices_seqlen_3840.txt
/home/aatmaj/CENT/aim_simulator/build/ramulator2 -f /home/aatmaj/CENT/aim_simulator/test/example.yaml -t /home/aatmaj/CENT/experiments/dda_full_sweep/traces/32_channels_per_device/16_devices/model_parallel_FC/Llama2-13B/trace_8_FC_devices_seqlen_3840.txt
/home/aatmaj/CENT/aim_simulator/build/ramulator2 -f /home/aatmaj/CENT/aim_simulator/test/example.yaml -t /home/aatmaj/CENT/experiments/dda_full_sweep/traces/32_channels_per_device/16_devices/model_parallel/Llama2-13B/trace_16_FC_devices_seqlen_3840.txt
/home/aatmaj/CENT/aim_simulator/build/ramulator2 -f /home/aatmaj/CENT/aim_simulator/test/example.yaml -t /home/aatmaj/CENT/experiments/dda_full_sweep/traces/32_channels_per_device/16_devices/model_parallel_FC/Llama2-13B/trace_16_FC_devices_seqlen_3840.txt
/home/aatmaj/CENT/aim_simulator/build/ramulator2 -f /home/aatmaj/CENT/aim_simulator/test/example.yaml -t /home/aatmaj/CENT/experiments/dda_full_sweep/traces/32_channels_per_device/16_devices/model_parallel/Llama2-13B/trace_1_FC_devices_seqlen_3968.txt
/home/aatmaj/CENT/aim_simulator/build/ramulator2 -f /home/aatmaj/CENT/aim_simulator/test/example.yaml -t /home/aatmaj/CENT/experiments/dda_full_sweep/traces/32_channels_per_device/16_devices/model_parallel_FC/Llama2-13B/trace_1_FC_devices_seqlen_3968.txt
/home/aatmaj/CENT/aim_simulator/build/ramulator2 -f /home/aatmaj/CENT/aim_simulator/test/example.yaml -t /home/aatmaj/CENT/experiments/dda_full_sweep/traces/32_channels_per_device/16_devices/model_parallel/Llama2-13B/trace_2_FC_devices_seqlen_3968.txt
/home/aatmaj/CENT/aim_simulator/build/ramulator2 -f /home/aatmaj/CENT/aim_simulator/test/example.yaml -t /home/aatmaj/CENT/experiments/dda_full_sweep/traces/32_channels_per_device/16_devices/model_parallel_FC/Llama2-13B/trace_2_FC_devices_seqlen_3968.txt
/home/aatmaj/CENT/aim_simulator/build/ramulator2 -f /home/aatmaj/CENT/aim_simulator/test/example.yaml -t /home/aatmaj/CENT/experiments/dda_full_sweep/traces/32_channels_per_device/16_devices/model_parallel/Llama2-13B/trace_4_FC_devices_seqlen_3968.txt
/home/aatmaj/CENT/aim_simulator/build/ramulator2 -f /home/aatmaj/CENT/aim_simulator/test/example.yaml -t /home/aatmaj/CENT/experiments/dda_full_sweep/traces/32_channels_per_device/16_devices/model_parallel_FC/Llama2-13B/trace_4_FC_devices_seqlen_3968.txt
/home/aatmaj/CENT/aim_simulator/build/ramulator2 -f /home/aatmaj/CENT/aim_simulator/test/example.yaml -t /home/aatmaj/CENT/experiments/dda_full_sweep/traces/32_channels_per_device/16_devices/model_parallel/Llama2-13B/trace_8_FC_devices_seqlen_3968.txt
/home/aatmaj/CENT/aim_simulator/build/ramulator2 -f /home/aatmaj/CENT/aim_simulator/test/example.yaml -t /home/aatmaj/CENT/experiments/dda_full_sweep/traces/32_channels_per_device/16_devices/model_parallel_FC/Llama2-13B/trace_8_FC_devices_seqlen_3968.txt
/home/aatmaj/CENT/aim_simulator/build/ramulator2 -f /home/aatmaj/CENT/aim_simulator/test/example.yaml -t /home/aatmaj/CENT/experiments/dda_full_sweep/traces/32_channels_per_device/16_devices/model_parallel/Llama2-13B/trace_16_FC_devices_seqlen_3968.txt
/home/aatmaj/CENT/aim_simulator/build/ramulator2 -f /home/aatmaj/CENT/aim_simulator/test/example.yaml -t /home/aatmaj/CENT/experiments/dda_full_sweep/traces/32_channels_per_device/16_devices/model_parallel_FC/Llama2-13B/trace_16_FC_devices_seqlen_3968.txt
/home/aatmaj/CENT/aim_simulator/build/ramulator2 -f /home/aatmaj/CENT/aim_simulator/test/example.yaml -t /home/aatmaj/CENT/experiments/dda_full_sweep/traces/32_channels_per_device/16_devices/model_parallel/Llama2-13B/trace_1_FC_devices_seqlen_4096.txt
/home/aatmaj/CENT/aim_simulator/build/ramulator2 -f /home/aatmaj/CENT/aim_simulator/test/example.yaml -t /home/aatmaj/CENT/experiments/dda_full_sweep/traces/32_channels_per_device/16_devices/model_parallel_FC/Llama2-13B/trace_1_FC_devices_seqlen_4096.txt
/home/aatmaj/CENT/aim_simulator/build/ramulator2 -f /home/aatmaj/CENT/aim_simulator/test/example.yaml -t /home/aatmaj/CENT/experiments/dda_full_sweep/traces/32_channels_per_device/16_devices/model_parallel/Llama2-13B/trace_2_FC_devices_seqlen_4096.txt
/home/aatmaj/CENT/aim_simulator/build/ramulator2 -f /home/aatmaj/CENT/aim_simulator/test/example.yaml -t /home/aatmaj/CENT/experiments/dda_full_sweep/traces/32_channels_per_device/16_devices/model_parallel_FC/Llama2-13B/trace_2_FC_devices_seqlen_4096.txt
/home/aatmaj/CENT/aim_simulator/build/ramulator2 -f /home/aatmaj/CENT/aim_simulator/test/example.yaml -t /home/aatmaj/CENT/experiments/dda_full_sweep/traces/32_channels_per_device/16_devices/model_parallel/Llama2-13B/trace_4_FC_devices_seqlen_4096.txt
/home/aatmaj/CENT/experiments/dda_full_sweep/simulation/run_sim_full32.py:430: FutureWarning: The behavior of DataFrame concatenation with empty or all-NA entries is deprecated. In a future version, this will no longer exclude empty or all-NA columns when determining the result dtypes. To retain the old behavior, exclude the relevant entries before the concat operation.
  results_df = pd.concat([results_df, new_df], ignore_index=True)
/home/aatmaj/CENT/aim_simulator/build/ramulator2 -f /home/aatmaj/CENT/aim_simulator/test/example.yaml -t /home/aatmaj/CENT/experiments/dda_full_sweep/traces/32_channels_per_device/16_devices/model_parallel_FC/Llama2-13B/trace_4_FC_devices_seqlen_4096.txt
/home/aatmaj/CENT/aim_simulator/build/ramulator2 -f /home/aatmaj/CENT/aim_simulator/test/example.yaml -t /home/aatmaj/CENT/experiments/dda_full_sweep/traces/32_channels_per_device/16_devices/model_parallel/Llama2-13B/trace_8_FC_devices_seqlen_4096.txt
/home/aatmaj/CENT/aim_simulator/build/ramulator2 -f /home/aatmaj/CENT/aim_simulator/test/example.yaml -t /home/aatmaj/CENT/experiments/dda_full_sweep/traces/32_channels_per_device/16_devices/model_parallel_FC/Llama2-13B/trace_8_FC_devices_seqlen_4096.txt
/home/aatmaj/CENT/aim_simulator/build/ramulator2 -f /home/aatmaj/CENT/aim_simulator/test/example.yaml -t /home/aatmaj/CENT/experiments/dda_full_sweep/traces/32_channels_per_device/16_devices/model_parallel/Llama2-13B/trace_16_FC_devices_seqlen_4096.txt
/home/aatmaj/CENT/aim_simulator/build/ramulator2 -f /home/aatmaj/CENT/aim_simulator/test/example.yaml -t /home/aatmaj/CENT/experiments/dda_full_sweep/traces/32_channels_per_device/16_devices/model_parallel_FC/Llama2-13B/trace_16_FC_devices_seqlen_4096.txt
Processing results...
Updating simulation results to CSV...
=== Llama2-13B | N=16 | mode=mp | re-scoring at 9 lanes/dev (standalone box) ===
/home/aatmaj/CENT/experiments/dda_full_sweep/simulation/run_sim_full32.py:430: FutureWarning: The behavior of DataFrame concatenation with empty or all-NA entries is deprecated. In a future version, this will no longer exclude empty or all-NA columns when determining the result dtypes. To retain the old behavior, exclude the relevant entries before the concat operation.
  results_df = pd.concat([results_df, new_df], ignore_index=True)
Updating simulation results to CSV...

=== Llama2-13B | N=20 | mode=pp | scoring at 4 lanes/dev (shared 32-dev fabric) ===
Generating traces for Llama2-13B (20 devices) ...
/home/aatmaj/CENT/aim_simulator/build/ramulator2 -f /home/aatmaj/CENT/aim_simulator/test/example.yaml -t /home/aatmaj/CENT/experiments/dda_full_sweep/traces/32_channels_per_device/20_devices/pipeline_parallel_embedding/Llama2-13B/trace_16_channels_per_block_seqlen_4096.txt
/home/aatmaj/CENT/aim_simulator/build/ramulator2 -f /home/aatmaj/CENT/aim_simulator/test/example.yaml -t /home/aatmaj/CENT/experiments/dda_full_sweep/traces/32_channels_per_device/20_devices/pipeline_parallel/Llama2-13B/trace_16_channels_per_block_seqlen_128.txt
/home/aatmaj/CENT/aim_simulator/build/ramulator2 -f /home/aatmaj/CENT/aim_simulator/test/example.yaml -t /home/aatmaj/CENT/experiments/dda_full_sweep/traces/32_channels_per_device/20_devices/pipeline_parallel/Llama2-13B/trace_16_channels_per_block_seqlen_256.txt
/home/aatmaj/CENT/aim_simulator/build/ramulator2 -f /home/aatmaj/CENT/aim_simulator/test/example.yaml -t /home/aatmaj/CENT/experiments/dda_full_sweep/traces/32_channels_per_device/20_devices/pipeline_parallel/Llama2-13B/trace_16_channels_per_block_seqlen_384.txt
/home/aatmaj/CENT/aim_simulator/build/ramulator2 -f /home/aatmaj/CENT/aim_simulator/test/example.yaml -t /home/aatmaj/CENT/experiments/dda_full_sweep/traces/32_channels_per_device/20_devices/pipeline_parallel/Llama2-13B/trace_16_channels_per_block_seqlen_512.txt
/home/aatmaj/CENT/aim_simulator/build/ramulator2 -f /home/aatmaj/CENT/aim_simulator/test/example.yaml -t /home/aatmaj/CENT/experiments/dda_full_sweep/traces/32_channels_per_device/20_devices/pipeline_parallel/Llama2-13B/trace_16_channels_per_block_seqlen_640.txt
/home/aatmaj/CENT/aim_simulator/build/ramulator2 -f /home/aatmaj/CENT/aim_simulator/test/example.yaml -t /home/aatmaj/CENT/experiments/dda_full_sweep/traces/32_channels_per_device/20_devices/pipeline_parallel/Llama2-13B/trace_16_channels_per_block_seqlen_768.txt
/home/aatmaj/CENT/aim_simulator/build/ramulator2 -f /home/aatmaj/CENT/aim_simulator/test/example.yaml -t /home/aatmaj/CENT/experiments/dda_full_sweep/traces/32_channels_per_device/20_devices/pipeline_parallel/Llama2-13B/trace_16_channels_per_block_seqlen_896.txt
/home/aatmaj/CENT/aim_simulator/build/ramulator2 -f /home/aatmaj/CENT/aim_simulator/test/example.yaml -t /home/aatmaj/CENT/experiments/dda_full_sweep/traces/32_channels_per_device/20_devices/pipeline_parallel/Llama2-13B/trace_16_channels_per_block_seqlen_1024.txt
/home/aatmaj/CENT/aim_simulator/build/ramulator2 -f /home/aatmaj/CENT/aim_simulator/test/example.yaml -t /home/aatmaj/CENT/experiments/dda_full_sweep/traces/32_channels_per_device/20_devices/pipeline_parallel/Llama2-13B/trace_16_channels_per_block_seqlen_1152.txt
/home/aatmaj/CENT/aim_simulator/build/ramulator2 -f /home/aatmaj/CENT/aim_simulator/test/example.yaml -t /home/aatmaj/CENT/experiments/dda_full_sweep/traces/32_channels_per_device/20_devices/pipeline_parallel/Llama2-13B/trace_16_channels_per_block_seqlen_1280.txt
/home/aatmaj/CENT/aim_simulator/build/ramulator2 -f /home/aatmaj/CENT/aim_simulator/test/example.yaml -t /home/aatmaj/CENT/experiments/dda_full_sweep/traces/32_channels_per_device/20_devices/pipeline_parallel/Llama2-13B/trace_16_channels_per_block_seqlen_1408.txt
/home/aatmaj/CENT/aim_simulator/build/ramulator2 -f /home/aatmaj/CENT/aim_simulator/test/example.yaml -t /home/aatmaj/CENT/experiments/dda_full_sweep/traces/32_channels_per_device/20_devices/pipeline_parallel/Llama2-13B/trace_16_channels_per_block_seqlen_1536.txt
/home/aatmaj/CENT/aim_simulator/build/ramulator2 -f /home/aatmaj/CENT/aim_simulator/test/example.yaml -t /home/aatmaj/CENT/experiments/dda_full_sweep/traces/32_channels_per_device/20_devices/pipeline_parallel/Llama2-13B/trace_16_channels_per_block_seqlen_1664.txt
/home/aatmaj/CENT/aim_simulator/build/ramulator2 -f /home/aatmaj/CENT/aim_simulator/test/example.yaml -t /home/aatmaj/CENT/experiments/dda_full_sweep/traces/32_channels_per_device/20_devices/pipeline_parallel/Llama2-13B/trace_16_channels_per_block_seqlen_1792.txt
/home/aatmaj/CENT/aim_simulator/build/ramulator2 -f /home/aatmaj/CENT/aim_simulator/test/example.yaml -t /home/aatmaj/CENT/experiments/dda_full_sweep/traces/32_channels_per_device/20_devices/pipeline_parallel/Llama2-13B/trace_16_channels_per_block_seqlen_1920.txt
/home/aatmaj/CENT/aim_simulator/build/ramulator2 -f /home/aatmaj/CENT/aim_simulator/test/example.yaml -t /home/aatmaj/CENT/experiments/dda_full_sweep/traces/32_channels_per_device/20_devices/pipeline_parallel/Llama2-13B/trace_16_channels_per_block_seqlen_2048.txt
/home/aatmaj/CENT/aim_simulator/build/ramulator2 -f /home/aatmaj/CENT/aim_simulator/test/example.yaml -t /home/aatmaj/CENT/experiments/dda_full_sweep/traces/32_channels_per_device/20_devices/pipeline_parallel/Llama2-13B/trace_16_channels_per_block_seqlen_2176.txt
/home/aatmaj/CENT/aim_simulator/build/ramulator2 -f /home/aatmaj/CENT/aim_simulator/test/example.yaml -t /home/aatmaj/CENT/experiments/dda_full_sweep/traces/32_channels_per_device/20_devices/pipeline_parallel/Llama2-13B/trace_16_channels_per_block_seqlen_2304.txt
/home/aatmaj/CENT/aim_simulator/build/ramulator2 -f /home/aatmaj/CENT/aim_simulator/test/example.yaml -t /home/aatmaj/CENT/experiments/dda_full_sweep/traces/32_channels_per_device/20_devices/pipeline_parallel/Llama2-13B/trace_16_channels_per_block_seqlen_2432.txt
/home/aatmaj/CENT/aim_simulator/build/ramulator2 -f /home/aatmaj/CENT/aim_simulator/test/example.yaml -t /home/aatmaj/CENT/experiments/dda_full_sweep/traces/32_channels_per_device/20_devices/pipeline_parallel/Llama2-13B/trace_16_channels_per_block_seqlen_2560.txt
/home/aatmaj/CENT/aim_simulator/build/ramulator2 -f /home/aatmaj/CENT/aim_simulator/test/example.yaml -t /home/aatmaj/CENT/experiments/dda_full_sweep/traces/32_channels_per_device/20_devices/pipeline_parallel/Llama2-13B/trace_16_channels_per_block_seqlen_2688.txt
/home/aatmaj/CENT/aim_simulator/build/ramulator2 -f /home/aatmaj/CENT/aim_simulator/test/example.yaml -t /home/aatmaj/CENT/experiments/dda_full_sweep/traces/32_channels_per_device/20_devices/pipeline_parallel/Llama2-13B/trace_16_channels_per_block_seqlen_2816.txt
/home/aatmaj/CENT/aim_simulator/build/ramulator2 -f /home/aatmaj/CENT/aim_simulator/test/example.yaml -t /home/aatmaj/CENT/experiments/dda_full_sweep/traces/32_channels_per_device/20_devices/pipeline_parallel/Llama2-13B/trace_16_channels_per_block_seqlen_2944.txt
/home/aatmaj/CENT/aim_simulator/build/ramulator2 -f /home/aatmaj/CENT/aim_simulator/test/example.yaml -t /home/aatmaj/CENT/experiments/dda_full_sweep/traces/32_channels_per_device/20_devices/pipeline_parallel/Llama2-13B/trace_16_channels_per_block_seqlen_3072.txt
/home/aatmaj/CENT/aim_simulator/build/ramulator2 -f /home/aatmaj/CENT/aim_simulator/test/example.yaml -t /home/aatmaj/CENT/experiments/dda_full_sweep/traces/32_channels_per_device/20_devices/pipeline_parallel/Llama2-13B/trace_16_channels_per_block_seqlen_3200.txt
/home/aatmaj/CENT/aim_simulator/build/ramulator2 -f /home/aatmaj/CENT/aim_simulator/test/example.yaml -t /home/aatmaj/CENT/experiments/dda_full_sweep/traces/32_channels_per_device/20_devices/pipeline_parallel/Llama2-13B/trace_16_channels_per_block_seqlen_3328.txt
/home/aatmaj/CENT/aim_simulator/build/ramulator2 -f /home/aatmaj/CENT/aim_simulator/test/example.yaml -t /home/aatmaj/CENT/experiments/dda_full_sweep/traces/32_channels_per_device/20_devices/pipeline_parallel/Llama2-13B/trace_16_channels_per_block_seqlen_3456.txt
/home/aatmaj/CENT/aim_simulator/build/ramulator2 -f /home/aatmaj/CENT/aim_simulator/test/example.yaml -t /home/aatmaj/CENT/experiments/dda_full_sweep/traces/32_channels_per_device/20_devices/pipeline_parallel/Llama2-13B/trace_16_channels_per_block_seqlen_3584.txt
/home/aatmaj/CENT/aim_simulator/build/ramulator2 -f /home/aatmaj/CENT/aim_simulator/test/example.yaml -t /home/aatmaj/CENT/experiments/dda_full_sweep/traces/32_channels_per_device/20_devices/pipeline_parallel/Llama2-13B/trace_16_channels_per_block_seqlen_3712.txt
/home/aatmaj/CENT/experiments/dda_full_sweep/simulation/run_sim_full32.py:443: FutureWarning: The behavior of DataFrame concatenation with empty or all-NA entries is deprecated. In a future version, this will no longer exclude empty or all-NA columns when determining the result dtypes. To retain the old behavior, exclude the relevant entries before the concat operation.
  results_df = pd.concat([results_df, new_df], ignore_index=True)
/home/aatmaj/CENT/aim_simulator/build/ramulator2 -f /home/aatmaj/CENT/aim_simulator/test/example.yaml -t /home/aatmaj/CENT/experiments/dda_full_sweep/traces/32_channels_per_device/20_devices/pipeline_parallel/Llama2-13B/trace_16_channels_per_block_seqlen_3840.txt
/home/aatmaj/CENT/aim_simulator/build/ramulator2 -f /home/aatmaj/CENT/aim_simulator/test/example.yaml -t /home/aatmaj/CENT/experiments/dda_full_sweep/traces/32_channels_per_device/20_devices/pipeline_parallel/Llama2-13B/trace_16_channels_per_block_seqlen_3968.txt
/home/aatmaj/CENT/aim_simulator/build/ramulator2 -f /home/aatmaj/CENT/aim_simulator/test/example.yaml -t /home/aatmaj/CENT/experiments/dda_full_sweep/traces/32_channels_per_device/20_devices/pipeline_parallel/Llama2-13B/trace_16_channels_per_block_seqlen_4096.txt
Processing results...
Updating simulation results to CSV...
=== Llama2-13B | N=20 | mode=pp | re-scoring at 7 lanes/dev (standalone box) ===
/home/aatmaj/CENT/experiments/dda_full_sweep/simulation/run_sim_full32.py:443: FutureWarning: The behavior of DataFrame concatenation with empty or all-NA entries is deprecated. In a future version, this will no longer exclude empty or all-NA columns when determining the result dtypes. To retain the old behavior, exclude the relevant entries before the concat operation.
  results_df = pd.concat([results_df, new_df], ignore_index=True)
Updating simulation results to CSV...

=== Llama2-13B | N=20 | mode=mp | scoring at 4 lanes/dev (shared 32-dev fabric) ===
Generating traces for Llama2-13B (20 devices) ...
/home/aatmaj/CENT/aim_simulator/build/ramulator2 -f /home/aatmaj/CENT/aim_simulator/test/example.yaml -t /home/aatmaj/CENT/experiments/dda_full_sweep/traces/32_channels_per_device/20_devices/model_parallel_embedding/Llama2-13B/trace_1_FC_devices_seqlen_4096.txt
/home/aatmaj/CENT/aim_simulator/build/ramulator2 -f /home/aatmaj/CENT/aim_simulator/test/example.yaml -t /home/aatmaj/CENT/experiments/dda_full_sweep/traces/32_channels_per_device/20_devices/model_parallel_embedding/Llama2-13B/trace_2_FC_devices_seqlen_4096.txt
/home/aatmaj/CENT/aim_simulator/build/ramulator2 -f /home/aatmaj/CENT/aim_simulator/test/example.yaml -t /home/aatmaj/CENT/experiments/dda_full_sweep/traces/32_channels_per_device/20_devices/model_parallel_embedding/Llama2-13B/trace_4_FC_devices_seqlen_4096.txt
/home/aatmaj/CENT/aim_simulator/build/ramulator2 -f /home/aatmaj/CENT/aim_simulator/test/example.yaml -t /home/aatmaj/CENT/experiments/dda_full_sweep/traces/32_channels_per_device/20_devices/model_parallel_embedding/Llama2-13B/trace_5_FC_devices_seqlen_4096.txt
/home/aatmaj/CENT/aim_simulator/build/ramulator2 -f /home/aatmaj/CENT/aim_simulator/test/example.yaml -t /home/aatmaj/CENT/experiments/dda_full_sweep/traces/32_channels_per_device/20_devices/model_parallel_embedding/Llama2-13B/trace_10_FC_devices_seqlen_4096.txt
/home/aatmaj/CENT/aim_simulator/build/ramulator2 -f /home/aatmaj/CENT/aim_simulator/test/example.yaml -t /home/aatmaj/CENT/experiments/dda_full_sweep/traces/32_channels_per_device/20_devices/model_parallel_embedding/Llama2-13B/trace_20_FC_devices_seqlen_4096.txt
/home/aatmaj/CENT/aim_simulator/build/ramulator2 -f /home/aatmaj/CENT/aim_simulator/test/example.yaml -t /home/aatmaj/CENT/experiments/dda_full_sweep/traces/32_channels_per_device/20_devices/model_parallel/Llama2-13B/trace_1_FC_devices_seqlen_128.txt
/home/aatmaj/CENT/aim_simulator/build/ramulator2 -f /home/aatmaj/CENT/aim_simulator/test/example.yaml -t /home/aatmaj/CENT/experiments/dda_full_sweep/traces/32_channels_per_device/20_devices/model_parallel_FC/Llama2-13B/trace_1_FC_devices_seqlen_128.txt
/home/aatmaj/CENT/aim_simulator/build/ramulator2 -f /home/aatmaj/CENT/aim_simulator/test/example.yaml -t /home/aatmaj/CENT/experiments/dda_full_sweep/traces/32_channels_per_device/20_devices/model_parallel/Llama2-13B/trace_2_FC_devices_seqlen_128.txt
/home/aatmaj/CENT/aim_simulator/build/ramulator2 -f /home/aatmaj/CENT/aim_simulator/test/example.yaml -t /home/aatmaj/CENT/experiments/dda_full_sweep/traces/32_channels_per_device/20_devices/model_parallel_FC/Llama2-13B/trace_2_FC_devices_seqlen_128.txt
/home/aatmaj/CENT/aim_simulator/build/ramulator2 -f /home/aatmaj/CENT/aim_simulator/test/example.yaml -t /home/aatmaj/CENT/experiments/dda_full_sweep/traces/32_channels_per_device/20_devices/model_parallel/Llama2-13B/trace_4_FC_devices_seqlen_128.txt
/home/aatmaj/CENT/aim_simulator/build/ramulator2 -f /home/aatmaj/CENT/aim_simulator/test/example.yaml -t /home/aatmaj/CENT/experiments/dda_full_sweep/traces/32_channels_per_device/20_devices/model_parallel_FC/Llama2-13B/trace_4_FC_devices_seqlen_128.txt
/home/aatmaj/CENT/aim_simulator/build/ramulator2 -f /home/aatmaj/CENT/aim_simulator/test/example.yaml -t /home/aatmaj/CENT/experiments/dda_full_sweep/traces/32_channels_per_device/20_devices/model_parallel/Llama2-13B/trace_5_FC_devices_seqlen_128.txt
/home/aatmaj/CENT/aim_simulator/build/ramulator2 -f /home/aatmaj/CENT/aim_simulator/test/example.yaml -t /home/aatmaj/CENT/experiments/dda_full_sweep/traces/32_channels_per_device/20_devices/model_parallel_FC/Llama2-13B/trace_5_FC_devices_seqlen_128.txt
/home/aatmaj/CENT/aim_simulator/build/ramulator2 -f /home/aatmaj/CENT/aim_simulator/test/example.yaml -t /home/aatmaj/CENT/experiments/dda_full_sweep/traces/32_channels_per_device/20_devices/model_parallel/Llama2-13B/trace_10_FC_devices_seqlen_128.txt
/home/aatmaj/CENT/aim_simulator/build/ramulator2 -f /home/aatmaj/CENT/aim_simulator/test/example.yaml -t /home/aatmaj/CENT/experiments/dda_full_sweep/traces/32_channels_per_device/20_devices/model_parallel_FC/Llama2-13B/trace_10_FC_devices_seqlen_128.txt
/home/aatmaj/CENT/aim_simulator/build/ramulator2 -f /home/aatmaj/CENT/aim_simulator/test/example.yaml -t /home/aatmaj/CENT/experiments/dda_full_sweep/traces/32_channels_per_device/20_devices/model_parallel/Llama2-13B/trace_20_FC_devices_seqlen_128.txt
/home/aatmaj/CENT/aim_simulator/build/ramulator2 -f /home/aatmaj/CENT/aim_simulator/test/example.yaml -t /home/aatmaj/CENT/experiments/dda_full_sweep/traces/32_channels_per_device/20_devices/model_parallel_FC/Llama2-13B/trace_20_FC_devices_seqlen_128.txt
/home/aatmaj/CENT/aim_simulator/build/ramulator2 -f /home/aatmaj/CENT/aim_simulator/test/example.yaml -t /home/aatmaj/CENT/experiments/dda_full_sweep/traces/32_channels_per_device/20_devices/model_parallel/Llama2-13B/trace_1_FC_devices_seqlen_256.txt
/home/aatmaj/CENT/aim_simulator/build/ramulator2 -f /home/aatmaj/CENT/aim_simulator/test/example.yaml -t /home/aatmaj/CENT/experiments/dda_full_sweep/traces/32_channels_per_device/20_devices/model_parallel_FC/Llama2-13B/trace_1_FC_devices_seqlen_256.txt
/home/aatmaj/CENT/aim_simulator/build/ramulator2 -f /home/aatmaj/CENT/aim_simulator/test/example.yaml -t /home/aatmaj/CENT/experiments/dda_full_sweep/traces/32_channels_per_device/20_devices/model_parallel/Llama2-13B/trace_2_FC_devices_seqlen_256.txt
/home/aatmaj/CENT/aim_simulator/build/ramulator2 -f /home/aatmaj/CENT/aim_simulator/test/example.yaml -t /home/aatmaj/CENT/experiments/dda_full_sweep/traces/32_channels_per_device/20_devices/model_parallel_FC/Llama2-13B/trace_2_FC_devices_seqlen_256.txt
/home/aatmaj/CENT/aim_simulator/build/ramulator2 -f /home/aatmaj/CENT/aim_simulator/test/example.yaml -t /home/aatmaj/CENT/experiments/dda_full_sweep/traces/32_channels_per_device/20_devices/model_parallel/Llama2-13B/trace_4_FC_devices_seqlen_256.txt
/home/aatmaj/CENT/aim_simulator/build/ramulator2 -f /home/aatmaj/CENT/aim_simulator/test/example.yaml -t /home/aatmaj/CENT/experiments/dda_full_sweep/traces/32_channels_per_device/20_devices/model_parallel_FC/Llama2-13B/trace_4_FC_devices_seqlen_256.txt
/home/aatmaj/CENT/aim_simulator/build/ramulator2 -f /home/aatmaj/CENT/aim_simulator/test/example.yaml -t /home/aatmaj/CENT/experiments/dda_full_sweep/traces/32_channels_per_device/20_devices/model_parallel/Llama2-13B/trace_5_FC_devices_seqlen_256.txt
/home/aatmaj/CENT/aim_simulator/build/ramulator2 -f /home/aatmaj/CENT/aim_simulator/test/example.yaml -t /home/aatmaj/CENT/experiments/dda_full_sweep/traces/32_channels_per_device/20_devices/model_parallel_FC/Llama2-13B/trace_5_FC_devices_seqlen_256.txt
/home/aatmaj/CENT/aim_simulator/build/ramulator2 -f /home/aatmaj/CENT/aim_simulator/test/example.yaml -t /home/aatmaj/CENT/experiments/dda_full_sweep/traces/32_channels_per_device/20_devices/model_parallel/Llama2-13B/trace_10_FC_devices_seqlen_256.txt
/home/aatmaj/CENT/aim_simulator/build/ramulator2 -f /home/aatmaj/CENT/aim_simulator/test/example.yaml -t /home/aatmaj/CENT/experiments/dda_full_sweep/traces/32_channels_per_device/20_devices/model_parallel_FC/Llama2-13B/trace_10_FC_devices_seqlen_256.txt
/home/aatmaj/CENT/aim_simulator/build/ramulator2 -f /home/aatmaj/CENT/aim_simulator/test/example.yaml -t /home/aatmaj/CENT/experiments/dda_full_sweep/traces/32_channels_per_device/20_devices/model_parallel/Llama2-13B/trace_20_FC_devices_seqlen_256.txt
/home/aatmaj/CENT/aim_simulator/build/ramulator2 -f /home/aatmaj/CENT/aim_simulator/test/example.yaml -t /home/aatmaj/CENT/experiments/dda_full_sweep/traces/32_channels_per_device/20_devices/model_parallel_FC/Llama2-13B/trace_20_FC_devices_seqlen_256.txt
/home/aatmaj/CENT/aim_simulator/build/ramulator2 -f /home/aatmaj/CENT/aim_simulator/test/example.yaml -t /home/aatmaj/CENT/experiments/dda_full_sweep/traces/32_channels_per_device/20_devices/model_parallel/Llama2-13B/trace_1_FC_devices_seqlen_384.txt
/home/aatmaj/CENT/aim_simulator/build/ramulator2 -f /home/aatmaj/CENT/aim_simulator/test/example.yaml -t /home/aatmaj/CENT/experiments/dda_full_sweep/traces/32_channels_per_device/20_devices/model_parallel_FC/Llama2-13B/trace_1_FC_devices_seqlen_384.txt
/home/aatmaj/CENT/aim_simulator/build/ramulator2 -f /home/aatmaj/CENT/aim_simulator/test/example.yaml -t /home/aatmaj/CENT/experiments/dda_full_sweep/traces/32_channels_per_device/20_devices/model_parallel/Llama2-13B/trace_2_FC_devices_seqlen_384.txt
/home/aatmaj/CENT/aim_simulator/build/ramulator2 -f /home/aatmaj/CENT/aim_simulator/test/example.yaml -t /home/aatmaj/CENT/experiments/dda_full_sweep/traces/32_channels_per_device/20_devices/model_parallel_FC/Llama2-13B/trace_2_FC_devices_seqlen_384.txt
/home/aatmaj/CENT/aim_simulator/build/ramulator2 -f /home/aatmaj/CENT/aim_simulator/test/example.yaml -t /home/aatmaj/CENT/experiments/dda_full_sweep/traces/32_channels_per_device/20_devices/model_parallel/Llama2-13B/trace_4_FC_devices_seqlen_384.txt
/home/aatmaj/CENT/aim_simulator/build/ramulator2 -f /home/aatmaj/CENT/aim_simulator/test/example.yaml -t /home/aatmaj/CENT/experiments/dda_full_sweep/traces/32_channels_per_device/20_devices/model_parallel_FC/Llama2-13B/trace_4_FC_devices_seqlen_384.txt
/home/aatmaj/CENT/aim_simulator/build/ramulator2 -f /home/aatmaj/CENT/aim_simulator/test/example.yaml -t /home/aatmaj/CENT/experiments/dda_full_sweep/traces/32_channels_per_device/20_devices/model_parallel/Llama2-13B/trace_5_FC_devices_seqlen_384.txt
/home/aatmaj/CENT/aim_simulator/build/ramulator2 -f /home/aatmaj/CENT/aim_simulator/test/example.yaml -t /home/aatmaj/CENT/experiments/dda_full_sweep/traces/32_channels_per_device/20_devices/model_parallel_FC/Llama2-13B/trace_5_FC_devices_seqlen_384.txt
/home/aatmaj/CENT/aim_simulator/build/ramulator2 -f /home/aatmaj/CENT/aim_simulator/test/example.yaml -t /home/aatmaj/CENT/experiments/dda_full_sweep/traces/32_channels_per_device/20_devices/model_parallel/Llama2-13B/trace_10_FC_devices_seqlen_384.txt
/home/aatmaj/CENT/aim_simulator/build/ramulator2 -f /home/aatmaj/CENT/aim_simulator/test/example.yaml -t /home/aatmaj/CENT/experiments/dda_full_sweep/traces/32_channels_per_device/20_devices/model_parallel_FC/Llama2-13B/trace_10_FC_devices_seqlen_384.txt
/home/aatmaj/CENT/aim_simulator/build/ramulator2 -f /home/aatmaj/CENT/aim_simulator/test/example.yaml -t /home/aatmaj/CENT/experiments/dda_full_sweep/traces/32_channels_per_device/20_devices/model_parallel/Llama2-13B/trace_20_FC_devices_seqlen_384.txt
/home/aatmaj/CENT/aim_simulator/build/ramulator2 -f /home/aatmaj/CENT/aim_simulator/test/example.yaml -t /home/aatmaj/CENT/experiments/dda_full_sweep/traces/32_channels_per_device/20_devices/model_parallel_FC/Llama2-13B/trace_20_FC_devices_seqlen_384.txt
/home/aatmaj/CENT/aim_simulator/build/ramulator2 -f /home/aatmaj/CENT/aim_simulator/test/example.yaml -t /home/aatmaj/CENT/experiments/dda_full_sweep/traces/32_channels_per_device/20_devices/model_parallel/Llama2-13B/trace_1_FC_devices_seqlen_512.txt
/home/aatmaj/CENT/aim_simulator/build/ramulator2 -f /home/aatmaj/CENT/aim_simulator/test/example.yaml -t /home/aatmaj/CENT/experiments/dda_full_sweep/traces/32_channels_per_device/20_devices/model_parallel_FC/Llama2-13B/trace_1_FC_devices_seqlen_512.txt
/home/aatmaj/CENT/aim_simulator/build/ramulator2 -f /home/aatmaj/CENT/aim_simulator/test/example.yaml -t /home/aatmaj/CENT/experiments/dda_full_sweep/traces/32_channels_per_device/20_devices/model_parallel/Llama2-13B/trace_2_FC_devices_seqlen_512.txt
/home/aatmaj/CENT/aim_simulator/build/ramulator2 -f /home/aatmaj/CENT/aim_simulator/test/example.yaml -t /home/aatmaj/CENT/experiments/dda_full_sweep/traces/32_channels_per_device/20_devices/model_parallel_FC/Llama2-13B/trace_2_FC_devices_seqlen_512.txt
/home/aatmaj/CENT/aim_simulator/build/ramulator2 -f /home/aatmaj/CENT/aim_simulator/test/example.yaml -t /home/aatmaj/CENT/experiments/dda_full_sweep/traces/32_channels_per_device/20_devices/model_parallel/Llama2-13B/trace_4_FC_devices_seqlen_512.txt
/home/aatmaj/CENT/aim_simulator/build/ramulator2 -f /home/aatmaj/CENT/aim_simulator/test/example.yaml -t /home/aatmaj/CENT/experiments/dda_full_sweep/traces/32_channels_per_device/20_devices/model_parallel_FC/Llama2-13B/trace_4_FC_devices_seqlen_512.txt
/home/aatmaj/CENT/aim_simulator/build/ramulator2 -f /home/aatmaj/CENT/aim_simulator/test/example.yaml -t /home/aatmaj/CENT/experiments/dda_full_sweep/traces/32_channels_per_device/20_devices/model_parallel/Llama2-13B/trace_5_FC_devices_seqlen_512.txt
/home/aatmaj/CENT/aim_simulator/build/ramulator2 -f /home/aatmaj/CENT/aim_simulator/test/example.yaml -t /home/aatmaj/CENT/experiments/dda_full_sweep/traces/32_channels_per_device/20_devices/model_parallel_FC/Llama2-13B/trace_5_FC_devices_seqlen_512.txt
/home/aatmaj/CENT/aim_simulator/build/ramulator2 -f /home/aatmaj/CENT/aim_simulator/test/example.yaml -t /home/aatmaj/CENT/experiments/dda_full_sweep/traces/32_channels_per_device/20_devices/model_parallel/Llama2-13B/trace_10_FC_devices_seqlen_512.txt
/home/aatmaj/CENT/aim_simulator/build/ramulator2 -f /home/aatmaj/CENT/aim_simulator/test/example.yaml -t /home/aatmaj/CENT/experiments/dda_full_sweep/traces/32_channels_per_device/20_devices/model_parallel_FC/Llama2-13B/trace_10_FC_devices_seqlen_512.txt
/home/aatmaj/CENT/aim_simulator/build/ramulator2 -f /home/aatmaj/CENT/aim_simulator/test/example.yaml -t /home/aatmaj/CENT/experiments/dda_full_sweep/traces/32_channels_per_device/20_devices/model_parallel/Llama2-13B/trace_20_FC_devices_seqlen_512.txt
/home/aatmaj/CENT/aim_simulator/build/ramulator2 -f /home/aatmaj/CENT/aim_simulator/test/example.yaml -t /home/aatmaj/CENT/experiments/dda_full_sweep/traces/32_channels_per_device/20_devices/model_parallel_FC/Llama2-13B/trace_20_FC_devices_seqlen_512.txt
/home/aatmaj/CENT/aim_simulator/build/ramulator2 -f /home/aatmaj/CENT/aim_simulator/test/example.yaml -t /home/aatmaj/CENT/experiments/dda_full_sweep/traces/32_channels_per_device/20_devices/model_parallel/Llama2-13B/trace_1_FC_devices_seqlen_640.txt
/home/aatmaj/CENT/aim_simulator/build/ramulator2 -f /home/aatmaj/CENT/aim_simulator/test/example.yaml -t /home/aatmaj/CENT/experiments/dda_full_sweep/traces/32_channels_per_device/20_devices/model_parallel_FC/Llama2-13B/trace_1_FC_devices_seqlen_640.txt
/home/aatmaj/CENT/aim_simulator/build/ramulator2 -f /home/aatmaj/CENT/aim_simulator/test/example.yaml -t /home/aatmaj/CENT/experiments/dda_full_sweep/traces/32_channels_per_device/20_devices/model_parallel/Llama2-13B/trace_2_FC_devices_seqlen_640.txt
/home/aatmaj/CENT/aim_simulator/build/ramulator2 -f /home/aatmaj/CENT/aim_simulator/test/example.yaml -t /home/aatmaj/CENT/experiments/dda_full_sweep/traces/32_channels_per_device/20_devices/model_parallel_FC/Llama2-13B/trace_2_FC_devices_seqlen_640.txt
/home/aatmaj/CENT/aim_simulator/build/ramulator2 -f /home/aatmaj/CENT/aim_simulator/test/example.yaml -t /home/aatmaj/CENT/experiments/dda_full_sweep/traces/32_channels_per_device/20_devices/model_parallel/Llama2-13B/trace_4_FC_devices_seqlen_640.txt
/home/aatmaj/CENT/aim_simulator/build/ramulator2 -f /home/aatmaj/CENT/aim_simulator/test/example.yaml -t /home/aatmaj/CENT/experiments/dda_full_sweep/traces/32_channels_per_device/20_devices/model_parallel_FC/Llama2-13B/trace_4_FC_devices_seqlen_640.txt
/home/aatmaj/CENT/aim_simulator/build/ramulator2 -f /home/aatmaj/CENT/aim_simulator/test/example.yaml -t /home/aatmaj/CENT/experiments/dda_full_sweep/traces/32_channels_per_device/20_devices/model_parallel/Llama2-13B/trace_5_FC_devices_seqlen_640.txt
/home/aatmaj/CENT/aim_simulator/build/ramulator2 -f /home/aatmaj/CENT/aim_simulator/test/example.yaml -t /home/aatmaj/CENT/experiments/dda_full_sweep/traces/32_channels_per_device/20_devices/model_parallel_FC/Llama2-13B/trace_5_FC_devices_seqlen_640.txt
/home/aatmaj/CENT/aim_simulator/build/ramulator2 -f /home/aatmaj/CENT/aim_simulator/test/example.yaml -t /home/aatmaj/CENT/experiments/dda_full_sweep/traces/32_channels_per_device/20_devices/model_parallel/Llama2-13B/trace_10_FC_devices_seqlen_640.txt
/home/aatmaj/CENT/aim_simulator/build/ramulator2 -f /home/aatmaj/CENT/aim_simulator/test/example.yaml -t /home/aatmaj/CENT/experiments/dda_full_sweep/traces/32_channels_per_device/20_devices/model_parallel_FC/Llama2-13B/trace_10_FC_devices_seqlen_640.txt
/home/aatmaj/CENT/aim_simulator/build/ramulator2 -f /home/aatmaj/CENT/aim_simulator/test/example.yaml -t /home/aatmaj/CENT/experiments/dda_full_sweep/traces/32_channels_per_device/20_devices/model_parallel/Llama2-13B/trace_20_FC_devices_seqlen_640.txt
/home/aatmaj/CENT/aim_simulator/build/ramulator2 -f /home/aatmaj/CENT/aim_simulator/test/example.yaml -t /home/aatmaj/CENT/experiments/dda_full_sweep/traces/32_channels_per_device/20_devices/model_parallel_FC/Llama2-13B/trace_20_FC_devices_seqlen_640.txt
/home/aatmaj/CENT/aim_simulator/build/ramulator2 -f /home/aatmaj/CENT/aim_simulator/test/example.yaml -t /home/aatmaj/CENT/experiments/dda_full_sweep/traces/32_channels_per_device/20_devices/model_parallel/Llama2-13B/trace_1_FC_devices_seqlen_768.txt
/home/aatmaj/CENT/aim_simulator/build/ramulator2 -f /home/aatmaj/CENT/aim_simulator/test/example.yaml -t /home/aatmaj/CENT/experiments/dda_full_sweep/traces/32_channels_per_device/20_devices/model_parallel_FC/Llama2-13B/trace_1_FC_devices_seqlen_768.txt
/home/aatmaj/CENT/aim_simulator/build/ramulator2 -f /home/aatmaj/CENT/aim_simulator/test/example.yaml -t /home/aatmaj/CENT/experiments/dda_full_sweep/traces/32_channels_per_device/20_devices/model_parallel/Llama2-13B/trace_2_FC_devices_seqlen_768.txt
/home/aatmaj/CENT/aim_simulator/build/ramulator2 -f /home/aatmaj/CENT/aim_simulator/test/example.yaml -t /home/aatmaj/CENT/experiments/dda_full_sweep/traces/32_channels_per_device/20_devices/model_parallel_FC/Llama2-13B/trace_2_FC_devices_seqlen_768.txt
/home/aatmaj/CENT/aim_simulator/build/ramulator2 -f /home/aatmaj/CENT/aim_simulator/test/example.yaml -t /home/aatmaj/CENT/experiments/dda_full_sweep/traces/32_channels_per_device/20_devices/model_parallel/Llama2-13B/trace_4_FC_devices_seqlen_768.txt
/home/aatmaj/CENT/aim_simulator/build/ramulator2 -f /home/aatmaj/CENT/aim_simulator/test/example.yaml -t /home/aatmaj/CENT/experiments/dda_full_sweep/traces/32_channels_per_device/20_devices/model_parallel_FC/Llama2-13B/trace_4_FC_devices_seqlen_768.txt
/home/aatmaj/CENT/aim_simulator/build/ramulator2 -f /home/aatmaj/CENT/aim_simulator/test/example.yaml -t /home/aatmaj/CENT/experiments/dda_full_sweep/traces/32_channels_per_device/20_devices/model_parallel/Llama2-13B/trace_5_FC_devices_seqlen_768.txt
/home/aatmaj/CENT/aim_simulator/build/ramulator2 -f /home/aatmaj/CENT/aim_simulator/test/example.yaml -t /home/aatmaj/CENT/experiments/dda_full_sweep/traces/32_channels_per_device/20_devices/model_parallel_FC/Llama2-13B/trace_5_FC_devices_seqlen_768.txt
/home/aatmaj/CENT/aim_simulator/build/ramulator2 -f /home/aatmaj/CENT/aim_simulator/test/example.yaml -t /home/aatmaj/CENT/experiments/dda_full_sweep/traces/32_channels_per_device/20_devices/model_parallel/Llama2-13B/trace_10_FC_devices_seqlen_768.txt
/home/aatmaj/CENT/aim_simulator/build/ramulator2 -f /home/aatmaj/CENT/aim_simulator/test/example.yaml -t /home/aatmaj/CENT/experiments/dda_full_sweep/traces/32_channels_per_device/20_devices/model_parallel_FC/Llama2-13B/trace_10_FC_devices_seqlen_768.txt
/home/aatmaj/CENT/aim_simulator/build/ramulator2 -f /home/aatmaj/CENT/aim_simulator/test/example.yaml -t /home/aatmaj/CENT/experiments/dda_full_sweep/traces/32_channels_per_device/20_devices/model_parallel/Llama2-13B/trace_20_FC_devices_seqlen_768.txt
/home/aatmaj/CENT/aim_simulator/build/ramulator2 -f /home/aatmaj/CENT/aim_simulator/test/example.yaml -t /home/aatmaj/CENT/experiments/dda_full_sweep/traces/32_channels_per_device/20_devices/model_parallel_FC/Llama2-13B/trace_20_FC_devices_seqlen_768.txt
/home/aatmaj/CENT/aim_simulator/build/ramulator2 -f /home/aatmaj/CENT/aim_simulator/test/example.yaml -t /home/aatmaj/CENT/experiments/dda_full_sweep/traces/32_channels_per_device/20_devices/model_parallel/Llama2-13B/trace_1_FC_devices_seqlen_896.txt
/home/aatmaj/CENT/aim_simulator/build/ramulator2 -f /home/aatmaj/CENT/aim_simulator/test/example.yaml -t /home/aatmaj/CENT/experiments/dda_full_sweep/traces/32_channels_per_device/20_devices/model_parallel_FC/Llama2-13B/trace_1_FC_devices_seqlen_896.txt
/home/aatmaj/CENT/aim_simulator/build/ramulator2 -f /home/aatmaj/CENT/aim_simulator/test/example.yaml -t /home/aatmaj/CENT/experiments/dda_full_sweep/traces/32_channels_per_device/20_devices/model_parallel/Llama2-13B/trace_2_FC_devices_seqlen_896.txt
/home/aatmaj/CENT/aim_simulator/build/ramulator2 -f /home/aatmaj/CENT/aim_simulator/test/example.yaml -t /home/aatmaj/CENT/experiments/dda_full_sweep/traces/32_channels_per_device/20_devices/model_parallel_FC/Llama2-13B/trace_2_FC_devices_seqlen_896.txt
/home/aatmaj/CENT/aim_simulator/build/ramulator2 -f /home/aatmaj/CENT/aim_simulator/test/example.yaml -t /home/aatmaj/CENT/experiments/dda_full_sweep/traces/32_channels_per_device/20_devices/model_parallel/Llama2-13B/trace_4_FC_devices_seqlen_896.txt
/home/aatmaj/CENT/aim_simulator/build/ramulator2 -f /home/aatmaj/CENT/aim_simulator/test/example.yaml -t /home/aatmaj/CENT/experiments/dda_full_sweep/traces/32_channels_per_device/20_devices/model_parallel_FC/Llama2-13B/trace_4_FC_devices_seqlen_896.txt
/home/aatmaj/CENT/aim_simulator/build/ramulator2 -f /home/aatmaj/CENT/aim_simulator/test/example.yaml -t /home/aatmaj/CENT/experiments/dda_full_sweep/traces/32_channels_per_device/20_devices/model_parallel/Llama2-13B/trace_5_FC_devices_seqlen_896.txt
/home/aatmaj/CENT/aim_simulator/build/ramulator2 -f /home/aatmaj/CENT/aim_simulator/test/example.yaml -t /home/aatmaj/CENT/experiments/dda_full_sweep/traces/32_channels_per_device/20_devices/model_parallel_FC/Llama2-13B/trace_5_FC_devices_seqlen_896.txt
/home/aatmaj/CENT/aim_simulator/build/ramulator2 -f /home/aatmaj/CENT/aim_simulator/test/example.yaml -t /home/aatmaj/CENT/experiments/dda_full_sweep/traces/32_channels_per_device/20_devices/model_parallel/Llama2-13B/trace_10_FC_devices_seqlen_896.txt
/home/aatmaj/CENT/aim_simulator/build/ramulator2 -f /home/aatmaj/CENT/aim_simulator/test/example.yaml -t /home/aatmaj/CENT/experiments/dda_full_sweep/traces/32_channels_per_device/20_devices/model_parallel_FC/Llama2-13B/trace_10_FC_devices_seqlen_896.txt
/home/aatmaj/CENT/aim_simulator/build/ramulator2 -f /home/aatmaj/CENT/aim_simulator/test/example.yaml -t /home/aatmaj/CENT/experiments/dda_full_sweep/traces/32_channels_per_device/20_devices/model_parallel/Llama2-13B/trace_20_FC_devices_seqlen_896.txt
/home/aatmaj/CENT/aim_simulator/build/ramulator2 -f /home/aatmaj/CENT/aim_simulator/test/example.yaml -t /home/aatmaj/CENT/experiments/dda_full_sweep/traces/32_channels_per_device/20_devices/model_parallel_FC/Llama2-13B/trace_20_FC_devices_seqlen_896.txt
/home/aatmaj/CENT/aim_simulator/build/ramulator2 -f /home/aatmaj/CENT/aim_simulator/test/example.yaml -t /home/aatmaj/CENT/experiments/dda_full_sweep/traces/32_channels_per_device/20_devices/model_parallel/Llama2-13B/trace_1_FC_devices_seqlen_1024.txt
/home/aatmaj/CENT/aim_simulator/build/ramulator2 -f /home/aatmaj/CENT/aim_simulator/test/example.yaml -t /home/aatmaj/CENT/experiments/dda_full_sweep/traces/32_channels_per_device/20_devices/model_parallel_FC/Llama2-13B/trace_1_FC_devices_seqlen_1024.txt
/home/aatmaj/CENT/aim_simulator/build/ramulator2 -f /home/aatmaj/CENT/aim_simulator/test/example.yaml -t /home/aatmaj/CENT/experiments/dda_full_sweep/traces/32_channels_per_device/20_devices/model_parallel/Llama2-13B/trace_2_FC_devices_seqlen_1024.txt
/home/aatmaj/CENT/aim_simulator/build/ramulator2 -f /home/aatmaj/CENT/aim_simulator/test/example.yaml -t /home/aatmaj/CENT/experiments/dda_full_sweep/traces/32_channels_per_device/20_devices/model_parallel_FC/Llama2-13B/trace_2_FC_devices_seqlen_1024.txt
/home/aatmaj/CENT/aim_simulator/build/ramulator2 -f /home/aatmaj/CENT/aim_simulator/test/example.yaml -t /home/aatmaj/CENT/experiments/dda_full_sweep/traces/32_channels_per_device/20_devices/model_parallel/Llama2-13B/trace_4_FC_devices_seqlen_1024.txt
/home/aatmaj/CENT/aim_simulator/build/ramulator2 -f /home/aatmaj/CENT/aim_simulator/test/example.yaml -t /home/aatmaj/CENT/experiments/dda_full_sweep/traces/32_channels_per_device/20_devices/model_parallel_FC/Llama2-13B/trace_4_FC_devices_seqlen_1024.txt
/home/aatmaj/CENT/aim_simulator/build/ramulator2 -f /home/aatmaj/CENT/aim_simulator/test/example.yaml -t /home/aatmaj/CENT/experiments/dda_full_sweep/traces/32_channels_per_device/20_devices/model_parallel/Llama2-13B/trace_5_FC_devices_seqlen_1024.txt
/home/aatmaj/CENT/aim_simulator/build/ramulator2 -f /home/aatmaj/CENT/aim_simulator/test/example.yaml -t /home/aatmaj/CENT/experiments/dda_full_sweep/traces/32_channels_per_device/20_devices/model_parallel_FC/Llama2-13B/trace_5_FC_devices_seqlen_1024.txt
/home/aatmaj/CENT/aim_simulator/build/ramulator2 -f /home/aatmaj/CENT/aim_simulator/test/example.yaml -t /home/aatmaj/CENT/experiments/dda_full_sweep/traces/32_channels_per_device/20_devices/model_parallel/Llama2-13B/trace_10_FC_devices_seqlen_1024.txt
/home/aatmaj/CENT/aim_simulator/build/ramulator2 -f /home/aatmaj/CENT/aim_simulator/test/example.yaml -t /home/aatmaj/CENT/experiments/dda_full_sweep/traces/32_channels_per_device/20_devices/model_parallel_FC/Llama2-13B/trace_10_FC_devices_seqlen_1024.txt
/home/aatmaj/CENT/aim_simulator/build/ramulator2 -f /home/aatmaj/CENT/aim_simulator/test/example.yaml -t /home/aatmaj/CENT/experiments/dda_full_sweep/traces/32_channels_per_device/20_devices/model_parallel/Llama2-13B/trace_20_FC_devices_seqlen_1024.txt
/home/aatmaj/CENT/aim_simulator/build/ramulator2 -f /home/aatmaj/CENT/aim_simulator/test/example.yaml -t /home/aatmaj/CENT/experiments/dda_full_sweep/traces/32_channels_per_device/20_devices/model_parallel_FC/Llama2-13B/trace_20_FC_devices_seqlen_1024.txt
/home/aatmaj/CENT/aim_simulator/build/ramulator2 -f /home/aatmaj/CENT/aim_simulator/test/example.yaml -t /home/aatmaj/CENT/experiments/dda_full_sweep/traces/32_channels_per_device/20_devices/model_parallel/Llama2-13B/trace_1_FC_devices_seqlen_1152.txt
/home/aatmaj/CENT/aim_simulator/build/ramulator2 -f /home/aatmaj/CENT/aim_simulator/test/example.yaml -t /home/aatmaj/CENT/experiments/dda_full_sweep/traces/32_channels_per_device/20_devices/model_parallel_FC/Llama2-13B/trace_1_FC_devices_seqlen_1152.txt
/home/aatmaj/CENT/aim_simulator/build/ramulator2 -f /home/aatmaj/CENT/aim_simulator/test/example.yaml -t /home/aatmaj/CENT/experiments/dda_full_sweep/traces/32_channels_per_device/20_devices/model_parallel/Llama2-13B/trace_2_FC_devices_seqlen_1152.txt
/home/aatmaj/CENT/aim_simulator/build/ramulator2 -f /home/aatmaj/CENT/aim_simulator/test/example.yaml -t /home/aatmaj/CENT/experiments/dda_full_sweep/traces/32_channels_per_device/20_devices/model_parallel_FC/Llama2-13B/trace_2_FC_devices_seqlen_1152.txt
/home/aatmaj/CENT/aim_simulator/build/ramulator2 -f /home/aatmaj/CENT/aim_simulator/test/example.yaml -t /home/aatmaj/CENT/experiments/dda_full_sweep/traces/32_channels_per_device/20_devices/model_parallel/Llama2-13B/trace_4_FC_devices_seqlen_1152.txt
/home/aatmaj/CENT/aim_simulator/build/ramulator2 -f /home/aatmaj/CENT/aim_simulator/test/example.yaml -t /home/aatmaj/CENT/experiments/dda_full_sweep/traces/32_channels_per_device/20_devices/model_parallel_FC/Llama2-13B/trace_4_FC_devices_seqlen_1152.txt
/home/aatmaj/CENT/aim_simulator/build/ramulator2 -f /home/aatmaj/CENT/aim_simulator/test/example.yaml -t /home/aatmaj/CENT/experiments/dda_full_sweep/traces/32_channels_per_device/20_devices/model_parallel/Llama2-13B/trace_5_FC_devices_seqlen_1152.txt
/home/aatmaj/CENT/aim_simulator/build/ramulator2 -f /home/aatmaj/CENT/aim_simulator/test/example.yaml -t /home/aatmaj/CENT/experiments/dda_full_sweep/traces/32_channels_per_device/20_devices/model_parallel_FC/Llama2-13B/trace_5_FC_devices_seqlen_1152.txt
/home/aatmaj/CENT/aim_simulator/build/ramulator2 -f /home/aatmaj/CENT/aim_simulator/test/example.yaml -t /home/aatmaj/CENT/experiments/dda_full_sweep/traces/32_channels_per_device/20_devices/model_parallel/Llama2-13B/trace_10_FC_devices_seqlen_1152.txt
/home/aatmaj/CENT/aim_simulator/build/ramulator2 -f /home/aatmaj/CENT/aim_simulator/test/example.yaml -t /home/aatmaj/CENT/experiments/dda_full_sweep/traces/32_channels_per_device/20_devices/model_parallel_FC/Llama2-13B/trace_10_FC_devices_seqlen_1152.txt
/home/aatmaj/CENT/aim_simulator/build/ramulator2 -f /home/aatmaj/CENT/aim_simulator/test/example.yaml -t /home/aatmaj/CENT/experiments/dda_full_sweep/traces/32_channels_per_device/20_devices/model_parallel/Llama2-13B/trace_20_FC_devices_seqlen_1152.txt
/home/aatmaj/CENT/aim_simulator/build/ramulator2 -f /home/aatmaj/CENT/aim_simulator/test/example.yaml -t /home/aatmaj/CENT/experiments/dda_full_sweep/traces/32_channels_per_device/20_devices/model_parallel_FC/Llama2-13B/trace_20_FC_devices_seqlen_1152.txt
/home/aatmaj/CENT/aim_simulator/build/ramulator2 -f /home/aatmaj/CENT/aim_simulator/test/example.yaml -t /home/aatmaj/CENT/experiments/dda_full_sweep/traces/32_channels_per_device/20_devices/model_parallel/Llama2-13B/trace_1_FC_devices_seqlen_1280.txt
/home/aatmaj/CENT/aim_simulator/build/ramulator2 -f /home/aatmaj/CENT/aim_simulator/test/example.yaml -t /home/aatmaj/CENT/experiments/dda_full_sweep/traces/32_channels_per_device/20_devices/model_parallel_FC/Llama2-13B/trace_1_FC_devices_seqlen_1280.txt
/home/aatmaj/CENT/aim_simulator/build/ramulator2 -f /home/aatmaj/CENT/aim_simulator/test/example.yaml -t /home/aatmaj/CENT/experiments/dda_full_sweep/traces/32_channels_per_device/20_devices/model_parallel/Llama2-13B/trace_2_FC_devices_seqlen_1280.txt
/home/aatmaj/CENT/aim_simulator/build/ramulator2 -f /home/aatmaj/CENT/aim_simulator/test/example.yaml -t /home/aatmaj/CENT/experiments/dda_full_sweep/traces/32_channels_per_device/20_devices/model_parallel_FC/Llama2-13B/trace_2_FC_devices_seqlen_1280.txt
/home/aatmaj/CENT/aim_simulator/build/ramulator2 -f /home/aatmaj/CENT/aim_simulator/test/example.yaml -t /home/aatmaj/CENT/experiments/dda_full_sweep/traces/32_channels_per_device/20_devices/model_parallel/Llama2-13B/trace_4_FC_devices_seqlen_1280.txt
/home/aatmaj/CENT/aim_simulator/build/ramulator2 -f /home/aatmaj/CENT/aim_simulator/test/example.yaml -t /home/aatmaj/CENT/experiments/dda_full_sweep/traces/32_channels_per_device/20_devices/model_parallel_FC/Llama2-13B/trace_4_FC_devices_seqlen_1280.txt
/home/aatmaj/CENT/aim_simulator/build/ramulator2 -f /home/aatmaj/CENT/aim_simulator/test/example.yaml -t /home/aatmaj/CENT/experiments/dda_full_sweep/traces/32_channels_per_device/20_devices/model_parallel/Llama2-13B/trace_5_FC_devices_seqlen_1280.txt
/home/aatmaj/CENT/aim_simulator/build/ramulator2 -f /home/aatmaj/CENT/aim_simulator/test/example.yaml -t /home/aatmaj/CENT/experiments/dda_full_sweep/traces/32_channels_per_device/20_devices/model_parallel_FC/Llama2-13B/trace_5_FC_devices_seqlen_1280.txt
/home/aatmaj/CENT/aim_simulator/build/ramulator2 -f /home/aatmaj/CENT/aim_simulator/test/example.yaml -t /home/aatmaj/CENT/experiments/dda_full_sweep/traces/32_channels_per_device/20_devices/model_parallel/Llama2-13B/trace_10_FC_devices_seqlen_1280.txt
/home/aatmaj/CENT/aim_simulator/build/ramulator2 -f /home/aatmaj/CENT/aim_simulator/test/example.yaml -t /home/aatmaj/CENT/experiments/dda_full_sweep/traces/32_channels_per_device/20_devices/model_parallel_FC/Llama2-13B/trace_10_FC_devices_seqlen_1280.txt
/home/aatmaj/CENT/aim_simulator/build/ramulator2 -f /home/aatmaj/CENT/aim_simulator/test/example.yaml -t /home/aatmaj/CENT/experiments/dda_full_sweep/traces/32_channels_per_device/20_devices/model_parallel/Llama2-13B/trace_20_FC_devices_seqlen_1280.txt
/home/aatmaj/CENT/aim_simulator/build/ramulator2 -f /home/aatmaj/CENT/aim_simulator/test/example.yaml -t /home/aatmaj/CENT/experiments/dda_full_sweep/traces/32_channels_per_device/20_devices/model_parallel_FC/Llama2-13B/trace_20_FC_devices_seqlen_1280.txt
/home/aatmaj/CENT/aim_simulator/build/ramulator2 -f /home/aatmaj/CENT/aim_simulator/test/example.yaml -t /home/aatmaj/CENT/experiments/dda_full_sweep/traces/32_channels_per_device/20_devices/model_parallel/Llama2-13B/trace_1_FC_devices_seqlen_1408.txt
/home/aatmaj/CENT/aim_simulator/build/ramulator2 -f /home/aatmaj/CENT/aim_simulator/test/example.yaml -t /home/aatmaj/CENT/experiments/dda_full_sweep/traces/32_channels_per_device/20_devices/model_parallel_FC/Llama2-13B/trace_1_FC_devices_seqlen_1408.txt
/home/aatmaj/CENT/aim_simulator/build/ramulator2 -f /home/aatmaj/CENT/aim_simulator/test/example.yaml -t /home/aatmaj/CENT/experiments/dda_full_sweep/traces/32_channels_per_device/20_devices/model_parallel/Llama2-13B/trace_2_FC_devices_seqlen_1408.txt
/home/aatmaj/CENT/aim_simulator/build/ramulator2 -f /home/aatmaj/CENT/aim_simulator/test/example.yaml -t /home/aatmaj/CENT/experiments/dda_full_sweep/traces/32_channels_per_device/20_devices/model_parallel_FC/Llama2-13B/trace_2_FC_devices_seqlen_1408.txt
/home/aatmaj/CENT/aim_simulator/build/ramulator2 -f /home/aatmaj/CENT/aim_simulator/test/example.yaml -t /home/aatmaj/CENT/experiments/dda_full_sweep/traces/32_channels_per_device/20_devices/model_parallel/Llama2-13B/trace_4_FC_devices_seqlen_1408.txt
/home/aatmaj/CENT/aim_simulator/build/ramulator2 -f /home/aatmaj/CENT/aim_simulator/test/example.yaml -t /home/aatmaj/CENT/experiments/dda_full_sweep/traces/32_channels_per_device/20_devices/model_parallel_FC/Llama2-13B/trace_4_FC_devices_seqlen_1408.txt
/home/aatmaj/CENT/aim_simulator/build/ramulator2 -f /home/aatmaj/CENT/aim_simulator/test/example.yaml -t /home/aatmaj/CENT/experiments/dda_full_sweep/traces/32_channels_per_device/20_devices/model_parallel/Llama2-13B/trace_5_FC_devices_seqlen_1408.txt
/home/aatmaj/CENT/aim_simulator/build/ramulator2 -f /home/aatmaj/CENT/aim_simulator/test/example.yaml -t /home/aatmaj/CENT/experiments/dda_full_sweep/traces/32_channels_per_device/20_devices/model_parallel_FC/Llama2-13B/trace_5_FC_devices_seqlen_1408.txt
/home/aatmaj/CENT/aim_simulator/build/ramulator2 -f /home/aatmaj/CENT/aim_simulator/test/example.yaml -t /home/aatmaj/CENT/experiments/dda_full_sweep/traces/32_channels_per_device/20_devices/model_parallel/Llama2-13B/trace_10_FC_devices_seqlen_1408.txt
/home/aatmaj/CENT/aim_simulator/build/ramulator2 -f /home/aatmaj/CENT/aim_simulator/test/example.yaml -t /home/aatmaj/CENT/experiments/dda_full_sweep/traces/32_channels_per_device/20_devices/model_parallel_FC/Llama2-13B/trace_10_FC_devices_seqlen_1408.txt
/home/aatmaj/CENT/aim_simulator/build/ramulator2 -f /home/aatmaj/CENT/aim_simulator/test/example.yaml -t /home/aatmaj/CENT/experiments/dda_full_sweep/traces/32_channels_per_device/20_devices/model_parallel/Llama2-13B/trace_20_FC_devices_seqlen_1408.txt
/home/aatmaj/CENT/aim_simulator/build/ramulator2 -f /home/aatmaj/CENT/aim_simulator/test/example.yaml -t /home/aatmaj/CENT/experiments/dda_full_sweep/traces/32_channels_per_device/20_devices/model_parallel_FC/Llama2-13B/trace_20_FC_devices_seqlen_1408.txt
/home/aatmaj/CENT/aim_simulator/build/ramulator2 -f /home/aatmaj/CENT/aim_simulator/test/example.yaml -t /home/aatmaj/CENT/experiments/dda_full_sweep/traces/32_channels_per_device/20_devices/model_parallel/Llama2-13B/trace_1_FC_devices_seqlen_1536.txt
/home/aatmaj/CENT/aim_simulator/build/ramulator2 -f /home/aatmaj/CENT/aim_simulator/test/example.yaml -t /home/aatmaj/CENT/experiments/dda_full_sweep/traces/32_channels_per_device/20_devices/model_parallel_FC/Llama2-13B/trace_1_FC_devices_seqlen_1536.txt
/home/aatmaj/CENT/aim_simulator/build/ramulator2 -f /home/aatmaj/CENT/aim_simulator/test/example.yaml -t /home/aatmaj/CENT/experiments/dda_full_sweep/traces/32_channels_per_device/20_devices/model_parallel/Llama2-13B/trace_2_FC_devices_seqlen_1536.txt
/home/aatmaj/CENT/aim_simulator/build/ramulator2 -f /home/aatmaj/CENT/aim_simulator/test/example.yaml -t /home/aatmaj/CENT/experiments/dda_full_sweep/traces/32_channels_per_device/20_devices/model_parallel_FC/Llama2-13B/trace_2_FC_devices_seqlen_1536.txt
/home/aatmaj/CENT/aim_simulator/build/ramulator2 -f /home/aatmaj/CENT/aim_simulator/test/example.yaml -t /home/aatmaj/CENT/experiments/dda_full_sweep/traces/32_channels_per_device/20_devices/model_parallel/Llama2-13B/trace_4_FC_devices_seqlen_1536.txt
/home/aatmaj/CENT/aim_simulator/build/ramulator2 -f /home/aatmaj/CENT/aim_simulator/test/example.yaml -t /home/aatmaj/CENT/experiments/dda_full_sweep/traces/32_channels_per_device/20_devices/model_parallel_FC/Llama2-13B/trace_4_FC_devices_seqlen_1536.txt
/home/aatmaj/CENT/aim_simulator/build/ramulator2 -f /home/aatmaj/CENT/aim_simulator/test/example.yaml -t /home/aatmaj/CENT/experiments/dda_full_sweep/traces/32_channels_per_device/20_devices/model_parallel/Llama2-13B/trace_5_FC_devices_seqlen_1536.txt
/home/aatmaj/CENT/aim_simulator/build/ramulator2 -f /home/aatmaj/CENT/aim_simulator/test/example.yaml -t /home/aatmaj/CENT/experiments/dda_full_sweep/traces/32_channels_per_device/20_devices/model_parallel_FC/Llama2-13B/trace_5_FC_devices_seqlen_1536.txt
/home/aatmaj/CENT/aim_simulator/build/ramulator2 -f /home/aatmaj/CENT/aim_simulator/test/example.yaml -t /home/aatmaj/CENT/experiments/dda_full_sweep/traces/32_channels_per_device/20_devices/model_parallel/Llama2-13B/trace_10_FC_devices_seqlen_1536.txt
/home/aatmaj/CENT/aim_simulator/build/ramulator2 -f /home/aatmaj/CENT/aim_simulator/test/example.yaml -t /home/aatmaj/CENT/experiments/dda_full_sweep/traces/32_channels_per_device/20_devices/model_parallel_FC/Llama2-13B/trace_10_FC_devices_seqlen_1536.txt
/home/aatmaj/CENT/aim_simulator/build/ramulator2 -f /home/aatmaj/CENT/aim_simulator/test/example.yaml -t /home/aatmaj/CENT/experiments/dda_full_sweep/traces/32_channels_per_device/20_devices/model_parallel/Llama2-13B/trace_20_FC_devices_seqlen_1536.txt
/home/aatmaj/CENT/aim_simulator/build/ramulator2 -f /home/aatmaj/CENT/aim_simulator/test/example.yaml -t /home/aatmaj/CENT/experiments/dda_full_sweep/traces/32_channels_per_device/20_devices/model_parallel_FC/Llama2-13B/trace_20_FC_devices_seqlen_1536.txt
/home/aatmaj/CENT/aim_simulator/build/ramulator2 -f /home/aatmaj/CENT/aim_simulator/test/example.yaml -t /home/aatmaj/CENT/experiments/dda_full_sweep/traces/32_channels_per_device/20_devices/model_parallel/Llama2-13B/trace_1_FC_devices_seqlen_1664.txt
/home/aatmaj/CENT/aim_simulator/build/ramulator2 -f /home/aatmaj/CENT/aim_simulator/test/example.yaml -t /home/aatmaj/CENT/experiments/dda_full_sweep/traces/32_channels_per_device/20_devices/model_parallel_FC/Llama2-13B/trace_1_FC_devices_seqlen_1664.txt
/home/aatmaj/CENT/aim_simulator/build/ramulator2 -f /home/aatmaj/CENT/aim_simulator/test/example.yaml -t /home/aatmaj/CENT/experiments/dda_full_sweep/traces/32_channels_per_device/20_devices/model_parallel/Llama2-13B/trace_2_FC_devices_seqlen_1664.txt
/home/aatmaj/CENT/aim_simulator/build/ramulator2 -f /home/aatmaj/CENT/aim_simulator/test/example.yaml -t /home/aatmaj/CENT/experiments/dda_full_sweep/traces/32_channels_per_device/20_devices/model_parallel_FC/Llama2-13B/trace_2_FC_devices_seqlen_1664.txt
/home/aatmaj/CENT/aim_simulator/build/ramulator2 -f /home/aatmaj/CENT/aim_simulator/test/example.yaml -t /home/aatmaj/CENT/experiments/dda_full_sweep/traces/32_channels_per_device/20_devices/model_parallel/Llama2-13B/trace_4_FC_devices_seqlen_1664.txt
/home/aatmaj/CENT/aim_simulator/build/ramulator2 -f /home/aatmaj/CENT/aim_simulator/test/example.yaml -t /home/aatmaj/CENT/experiments/dda_full_sweep/traces/32_channels_per_device/20_devices/model_parallel_FC/Llama2-13B/trace_4_FC_devices_seqlen_1664.txt
/home/aatmaj/CENT/aim_simulator/build/ramulator2 -f /home/aatmaj/CENT/aim_simulator/test/example.yaml -t /home/aatmaj/CENT/experiments/dda_full_sweep/traces/32_channels_per_device/20_devices/model_parallel/Llama2-13B/trace_5_FC_devices_seqlen_1664.txt
/home/aatmaj/CENT/aim_simulator/build/ramulator2 -f /home/aatmaj/CENT/aim_simulator/test/example.yaml -t /home/aatmaj/CENT/experiments/dda_full_sweep/traces/32_channels_per_device/20_devices/model_parallel_FC/Llama2-13B/trace_5_FC_devices_seqlen_1664.txt
/home/aatmaj/CENT/aim_simulator/build/ramulator2 -f /home/aatmaj/CENT/aim_simulator/test/example.yaml -t /home/aatmaj/CENT/experiments/dda_full_sweep/traces/32_channels_per_device/20_devices/model_parallel/Llama2-13B/trace_10_FC_devices_seqlen_1664.txt
/home/aatmaj/CENT/aim_simulator/build/ramulator2 -f /home/aatmaj/CENT/aim_simulator/test/example.yaml -t /home/aatmaj/CENT/experiments/dda_full_sweep/traces/32_channels_per_device/20_devices/model_parallel_FC/Llama2-13B/trace_10_FC_devices_seqlen_1664.txt
/home/aatmaj/CENT/aim_simulator/build/ramulator2 -f /home/aatmaj/CENT/aim_simulator/test/example.yaml -t /home/aatmaj/CENT/experiments/dda_full_sweep/traces/32_channels_per_device/20_devices/model_parallel/Llama2-13B/trace_20_FC_devices_seqlen_1664.txt
/home/aatmaj/CENT/aim_simulator/build/ramulator2 -f /home/aatmaj/CENT/aim_simulator/test/example.yaml -t /home/aatmaj/CENT/experiments/dda_full_sweep/traces/32_channels_per_device/20_devices/model_parallel_FC/Llama2-13B/trace_20_FC_devices_seqlen_1664.txt
/home/aatmaj/CENT/aim_simulator/build/ramulator2 -f /home/aatmaj/CENT/aim_simulator/test/example.yaml -t /home/aatmaj/CENT/experiments/dda_full_sweep/traces/32_channels_per_device/20_devices/model_parallel/Llama2-13B/trace_1_FC_devices_seqlen_1792.txt
/home/aatmaj/CENT/aim_simulator/build/ramulator2 -f /home/aatmaj/CENT/aim_simulator/test/example.yaml -t /home/aatmaj/CENT/experiments/dda_full_sweep/traces/32_channels_per_device/20_devices/model_parallel_FC/Llama2-13B/trace_1_FC_devices_seqlen_1792.txt
/home/aatmaj/CENT/aim_simulator/build/ramulator2 -f /home/aatmaj/CENT/aim_simulator/test/example.yaml -t /home/aatmaj/CENT/experiments/dda_full_sweep/traces/32_channels_per_device/20_devices/model_parallel/Llama2-13B/trace_2_FC_devices_seqlen_1792.txt
/home/aatmaj/CENT/aim_simulator/build/ramulator2 -f /home/aatmaj/CENT/aim_simulator/test/example.yaml -t /home/aatmaj/CENT/experiments/dda_full_sweep/traces/32_channels_per_device/20_devices/model_parallel_FC/Llama2-13B/trace_2_FC_devices_seqlen_1792.txt
/home/aatmaj/CENT/aim_simulator/build/ramulator2 -f /home/aatmaj/CENT/aim_simulator/test/example.yaml -t /home/aatmaj/CENT/experiments/dda_full_sweep/traces/32_channels_per_device/20_devices/model_parallel/Llama2-13B/trace_4_FC_devices_seqlen_1792.txt
/home/aatmaj/CENT/aim_simulator/build/ramulator2 -f /home/aatmaj/CENT/aim_simulator/test/example.yaml -t /home/aatmaj/CENT/experiments/dda_full_sweep/traces/32_channels_per_device/20_devices/model_parallel_FC/Llama2-13B/trace_4_FC_devices_seqlen_1792.txt
/home/aatmaj/CENT/aim_simulator/build/ramulator2 -f /home/aatmaj/CENT/aim_simulator/test/example.yaml -t /home/aatmaj/CENT/experiments/dda_full_sweep/traces/32_channels_per_device/20_devices/model_parallel/Llama2-13B/trace_5_FC_devices_seqlen_1792.txt
/home/aatmaj/CENT/aim_simulator/build/ramulator2 -f /home/aatmaj/CENT/aim_simulator/test/example.yaml -t /home/aatmaj/CENT/experiments/dda_full_sweep/traces/32_channels_per_device/20_devices/model_parallel_FC/Llama2-13B/trace_5_FC_devices_seqlen_1792.txt
/home/aatmaj/CENT/aim_simulator/build/ramulator2 -f /home/aatmaj/CENT/aim_simulator/test/example.yaml -t /home/aatmaj/CENT/experiments/dda_full_sweep/traces/32_channels_per_device/20_devices/model_parallel/Llama2-13B/trace_10_FC_devices_seqlen_1792.txt
/home/aatmaj/CENT/aim_simulator/build/ramulator2 -f /home/aatmaj/CENT/aim_simulator/test/example.yaml -t /home/aatmaj/CENT/experiments/dda_full_sweep/traces/32_channels_per_device/20_devices/model_parallel_FC/Llama2-13B/trace_10_FC_devices_seqlen_1792.txt
/home/aatmaj/CENT/aim_simulator/build/ramulator2 -f /home/aatmaj/CENT/aim_simulator/test/example.yaml -t /home/aatmaj/CENT/experiments/dda_full_sweep/traces/32_channels_per_device/20_devices/model_parallel/Llama2-13B/trace_20_FC_devices_seqlen_1792.txt
/home/aatmaj/CENT/aim_simulator/build/ramulator2 -f /home/aatmaj/CENT/aim_simulator/test/example.yaml -t /home/aatmaj/CENT/experiments/dda_full_sweep/traces/32_channels_per_device/20_devices/model_parallel_FC/Llama2-13B/trace_20_FC_devices_seqlen_1792.txt
/home/aatmaj/CENT/aim_simulator/build/ramulator2 -f /home/aatmaj/CENT/aim_simulator/test/example.yaml -t /home/aatmaj/CENT/experiments/dda_full_sweep/traces/32_channels_per_device/20_devices/model_parallel/Llama2-13B/trace_1_FC_devices_seqlen_1920.txt
/home/aatmaj/CENT/aim_simulator/build/ramulator2 -f /home/aatmaj/CENT/aim_simulator/test/example.yaml -t /home/aatmaj/CENT/experiments/dda_full_sweep/traces/32_channels_per_device/20_devices/model_parallel_FC/Llama2-13B/trace_1_FC_devices_seqlen_1920.txt
/home/aatmaj/CENT/aim_simulator/build/ramulator2 -f /home/aatmaj/CENT/aim_simulator/test/example.yaml -t /home/aatmaj/CENT/experiments/dda_full_sweep/traces/32_channels_per_device/20_devices/model_parallel/Llama2-13B/trace_2_FC_devices_seqlen_1920.txt
/home/aatmaj/CENT/aim_simulator/build/ramulator2 -f /home/aatmaj/CENT/aim_simulator/test/example.yaml -t /home/aatmaj/CENT/experiments/dda_full_sweep/traces/32_channels_per_device/20_devices/model_parallel_FC/Llama2-13B/trace_2_FC_devices_seqlen_1920.txt
/home/aatmaj/CENT/aim_simulator/build/ramulator2 -f /home/aatmaj/CENT/aim_simulator/test/example.yaml -t /home/aatmaj/CENT/experiments/dda_full_sweep/traces/32_channels_per_device/20_devices/model_parallel/Llama2-13B/trace_4_FC_devices_seqlen_1920.txt
/home/aatmaj/CENT/aim_simulator/build/ramulator2 -f /home/aatmaj/CENT/aim_simulator/test/example.yaml -t /home/aatmaj/CENT/experiments/dda_full_sweep/traces/32_channels_per_device/20_devices/model_parallel_FC/Llama2-13B/trace_4_FC_devices_seqlen_1920.txt
/home/aatmaj/CENT/aim_simulator/build/ramulator2 -f /home/aatmaj/CENT/aim_simulator/test/example.yaml -t /home/aatmaj/CENT/experiments/dda_full_sweep/traces/32_channels_per_device/20_devices/model_parallel/Llama2-13B/trace_5_FC_devices_seqlen_1920.txt
/home/aatmaj/CENT/aim_simulator/build/ramulator2 -f /home/aatmaj/CENT/aim_simulator/test/example.yaml -t /home/aatmaj/CENT/experiments/dda_full_sweep/traces/32_channels_per_device/20_devices/model_parallel_FC/Llama2-13B/trace_5_FC_devices_seqlen_1920.txt
/home/aatmaj/CENT/aim_simulator/build/ramulator2 -f /home/aatmaj/CENT/aim_simulator/test/example.yaml -t /home/aatmaj/CENT/experiments/dda_full_sweep/traces/32_channels_per_device/20_devices/model_parallel/Llama2-13B/trace_10_FC_devices_seqlen_1920.txt
/home/aatmaj/CENT/aim_simulator/build/ramulator2 -f /home/aatmaj/CENT/aim_simulator/test/example.yaml -t /home/aatmaj/CENT/experiments/dda_full_sweep/traces/32_channels_per_device/20_devices/model_parallel_FC/Llama2-13B/trace_10_FC_devices_seqlen_1920.txt
/home/aatmaj/CENT/aim_simulator/build/ramulator2 -f /home/aatmaj/CENT/aim_simulator/test/example.yaml -t /home/aatmaj/CENT/experiments/dda_full_sweep/traces/32_channels_per_device/20_devices/model_parallel/Llama2-13B/trace_20_FC_devices_seqlen_1920.txt
/home/aatmaj/CENT/aim_simulator/build/ramulator2 -f /home/aatmaj/CENT/aim_simulator/test/example.yaml -t /home/aatmaj/CENT/experiments/dda_full_sweep/traces/32_channels_per_device/20_devices/model_parallel_FC/Llama2-13B/trace_20_FC_devices_seqlen_1920.txt
/home/aatmaj/CENT/aim_simulator/build/ramulator2 -f /home/aatmaj/CENT/aim_simulator/test/example.yaml -t /home/aatmaj/CENT/experiments/dda_full_sweep/traces/32_channels_per_device/20_devices/model_parallel/Llama2-13B/trace_1_FC_devices_seqlen_2048.txt
/home/aatmaj/CENT/aim_simulator/build/ramulator2 -f /home/aatmaj/CENT/aim_simulator/test/example.yaml -t /home/aatmaj/CENT/experiments/dda_full_sweep/traces/32_channels_per_device/20_devices/model_parallel_FC/Llama2-13B/trace_1_FC_devices_seqlen_2048.txt
/home/aatmaj/CENT/aim_simulator/build/ramulator2 -f /home/aatmaj/CENT/aim_simulator/test/example.yaml -t /home/aatmaj/CENT/experiments/dda_full_sweep/traces/32_channels_per_device/20_devices/model_parallel/Llama2-13B/trace_2_FC_devices_seqlen_2048.txt
/home/aatmaj/CENT/aim_simulator/build/ramulator2 -f /home/aatmaj/CENT/aim_simulator/test/example.yaml -t /home/aatmaj/CENT/experiments/dda_full_sweep/traces/32_channels_per_device/20_devices/model_parallel_FC/Llama2-13B/trace_2_FC_devices_seqlen_2048.txt
/home/aatmaj/CENT/aim_simulator/build/ramulator2 -f /home/aatmaj/CENT/aim_simulator/test/example.yaml -t /home/aatmaj/CENT/experiments/dda_full_sweep/traces/32_channels_per_device/20_devices/model_parallel/Llama2-13B/trace_4_FC_devices_seqlen_2048.txt
/home/aatmaj/CENT/aim_simulator/build/ramulator2 -f /home/aatmaj/CENT/aim_simulator/test/example.yaml -t /home/aatmaj/CENT/experiments/dda_full_sweep/traces/32_channels_per_device/20_devices/model_parallel_FC/Llama2-13B/trace_4_FC_devices_seqlen_2048.txt
/home/aatmaj/CENT/aim_simulator/build/ramulator2 -f /home/aatmaj/CENT/aim_simulator/test/example.yaml -t /home/aatmaj/CENT/experiments/dda_full_sweep/traces/32_channels_per_device/20_devices/model_parallel/Llama2-13B/trace_5_FC_devices_seqlen_2048.txt
/home/aatmaj/CENT/aim_simulator/build/ramulator2 -f /home/aatmaj/CENT/aim_simulator/test/example.yaml -t /home/aatmaj/CENT/experiments/dda_full_sweep/traces/32_channels_per_device/20_devices/model_parallel_FC/Llama2-13B/trace_5_FC_devices_seqlen_2048.txt
/home/aatmaj/CENT/aim_simulator/build/ramulator2 -f /home/aatmaj/CENT/aim_simulator/test/example.yaml -t /home/aatmaj/CENT/experiments/dda_full_sweep/traces/32_channels_per_device/20_devices/model_parallel/Llama2-13B/trace_10_FC_devices_seqlen_2048.txt
/home/aatmaj/CENT/aim_simulator/build/ramulator2 -f /home/aatmaj/CENT/aim_simulator/test/example.yaml -t /home/aatmaj/CENT/experiments/dda_full_sweep/traces/32_channels_per_device/20_devices/model_parallel_FC/Llama2-13B/trace_10_FC_devices_seqlen_2048.txt
/home/aatmaj/CENT/aim_simulator/build/ramulator2 -f /home/aatmaj/CENT/aim_simulator/test/example.yaml -t /home/aatmaj/CENT/experiments/dda_full_sweep/traces/32_channels_per_device/20_devices/model_parallel/Llama2-13B/trace_20_FC_devices_seqlen_2048.txt
/home/aatmaj/CENT/aim_simulator/build/ramulator2 -f /home/aatmaj/CENT/aim_simulator/test/example.yaml -t /home/aatmaj/CENT/experiments/dda_full_sweep/traces/32_channels_per_device/20_devices/model_parallel_FC/Llama2-13B/trace_20_FC_devices_seqlen_2048.txt
/home/aatmaj/CENT/aim_simulator/build/ramulator2 -f /home/aatmaj/CENT/aim_simulator/test/example.yaml -t /home/aatmaj/CENT/experiments/dda_full_sweep/traces/32_channels_per_device/20_devices/model_parallel/Llama2-13B/trace_1_FC_devices_seqlen_2176.txt
/home/aatmaj/CENT/aim_simulator/build/ramulator2 -f /home/aatmaj/CENT/aim_simulator/test/example.yaml -t /home/aatmaj/CENT/experiments/dda_full_sweep/traces/32_channels_per_device/20_devices/model_parallel_FC/Llama2-13B/trace_1_FC_devices_seqlen_2176.txt
/home/aatmaj/CENT/aim_simulator/build/ramulator2 -f /home/aatmaj/CENT/aim_simulator/test/example.yaml -t /home/aatmaj/CENT/experiments/dda_full_sweep/traces/32_channels_per_device/20_devices/model_parallel/Llama2-13B/trace_2_FC_devices_seqlen_2176.txt
/home/aatmaj/CENT/aim_simulator/build/ramulator2 -f /home/aatmaj/CENT/aim_simulator/test/example.yaml -t /home/aatmaj/CENT/experiments/dda_full_sweep/traces/32_channels_per_device/20_devices/model_parallel_FC/Llama2-13B/trace_2_FC_devices_seqlen_2176.txt
/home/aatmaj/CENT/aim_simulator/build/ramulator2 -f /home/aatmaj/CENT/aim_simulator/test/example.yaml -t /home/aatmaj/CENT/experiments/dda_full_sweep/traces/32_channels_per_device/20_devices/model_parallel/Llama2-13B/trace_4_FC_devices_seqlen_2176.txt
/home/aatmaj/CENT/aim_simulator/build/ramulator2 -f /home/aatmaj/CENT/aim_simulator/test/example.yaml -t /home/aatmaj/CENT/experiments/dda_full_sweep/traces/32_channels_per_device/20_devices/model_parallel_FC/Llama2-13B/trace_4_FC_devices_seqlen_2176.txt
/home/aatmaj/CENT/aim_simulator/build/ramulator2 -f /home/aatmaj/CENT/aim_simulator/test/example.yaml -t /home/aatmaj/CENT/experiments/dda_full_sweep/traces/32_channels_per_device/20_devices/model_parallel/Llama2-13B/trace_5_FC_devices_seqlen_2176.txt
/home/aatmaj/CENT/aim_simulator/build/ramulator2 -f /home/aatmaj/CENT/aim_simulator/test/example.yaml -t /home/aatmaj/CENT/experiments/dda_full_sweep/traces/32_channels_per_device/20_devices/model_parallel_FC/Llama2-13B/trace_5_FC_devices_seqlen_2176.txt
/home/aatmaj/CENT/aim_simulator/build/ramulator2 -f /home/aatmaj/CENT/aim_simulator/test/example.yaml -t /home/aatmaj/CENT/experiments/dda_full_sweep/traces/32_channels_per_device/20_devices/model_parallel/Llama2-13B/trace_10_FC_devices_seqlen_2176.txt
/home/aatmaj/CENT/aim_simulator/build/ramulator2 -f /home/aatmaj/CENT/aim_simulator/test/example.yaml -t /home/aatmaj/CENT/experiments/dda_full_sweep/traces/32_channels_per_device/20_devices/model_parallel_FC/Llama2-13B/trace_10_FC_devices_seqlen_2176.txt
/home/aatmaj/CENT/aim_simulator/build/ramulator2 -f /home/aatmaj/CENT/aim_simulator/test/example.yaml -t /home/aatmaj/CENT/experiments/dda_full_sweep/traces/32_channels_per_device/20_devices/model_parallel/Llama2-13B/trace_20_FC_devices_seqlen_2176.txt
/home/aatmaj/CENT/aim_simulator/build/ramulator2 -f /home/aatmaj/CENT/aim_simulator/test/example.yaml -t /home/aatmaj/CENT/experiments/dda_full_sweep/traces/32_channels_per_device/20_devices/model_parallel_FC/Llama2-13B/trace_20_FC_devices_seqlen_2176.txt
/home/aatmaj/CENT/aim_simulator/build/ramulator2 -f /home/aatmaj/CENT/aim_simulator/test/example.yaml -t /home/aatmaj/CENT/experiments/dda_full_sweep/traces/32_channels_per_device/20_devices/model_parallel/Llama2-13B/trace_1_FC_devices_seqlen_2304.txt
/home/aatmaj/CENT/aim_simulator/build/ramulator2 -f /home/aatmaj/CENT/aim_simulator/test/example.yaml -t /home/aatmaj/CENT/experiments/dda_full_sweep/traces/32_channels_per_device/20_devices/model_parallel_FC/Llama2-13B/trace_1_FC_devices_seqlen_2304.txt
/home/aatmaj/CENT/aim_simulator/build/ramulator2 -f /home/aatmaj/CENT/aim_simulator/test/example.yaml -t /home/aatmaj/CENT/experiments/dda_full_sweep/traces/32_channels_per_device/20_devices/model_parallel/Llama2-13B/trace_2_FC_devices_seqlen_2304.txt
/home/aatmaj/CENT/aim_simulator/build/ramulator2 -f /home/aatmaj/CENT/aim_simulator/test/example.yaml -t /home/aatmaj/CENT/experiments/dda_full_sweep/traces/32_channels_per_device/20_devices/model_parallel_FC/Llama2-13B/trace_2_FC_devices_seqlen_2304.txt
/home/aatmaj/CENT/aim_simulator/build/ramulator2 -f /home/aatmaj/CENT/aim_simulator/test/example.yaml -t /home/aatmaj/CENT/experiments/dda_full_sweep/traces/32_channels_per_device/20_devices/model_parallel/Llama2-13B/trace_4_FC_devices_seqlen_2304.txt
/home/aatmaj/CENT/aim_simulator/build/ramulator2 -f /home/aatmaj/CENT/aim_simulator/test/example.yaml -t /home/aatmaj/CENT/experiments/dda_full_sweep/traces/32_channels_per_device/20_devices/model_parallel_FC/Llama2-13B/trace_4_FC_devices_seqlen_2304.txt
/home/aatmaj/CENT/aim_simulator/build/ramulator2 -f /home/aatmaj/CENT/aim_simulator/test/example.yaml -t /home/aatmaj/CENT/experiments/dda_full_sweep/traces/32_channels_per_device/20_devices/model_parallel/Llama2-13B/trace_5_FC_devices_seqlen_2304.txt
/home/aatmaj/CENT/aim_simulator/build/ramulator2 -f /home/aatmaj/CENT/aim_simulator/test/example.yaml -t /home/aatmaj/CENT/experiments/dda_full_sweep/traces/32_channels_per_device/20_devices/model_parallel_FC/Llama2-13B/trace_5_FC_devices_seqlen_2304.txt
/home/aatmaj/CENT/aim_simulator/build/ramulator2 -f /home/aatmaj/CENT/aim_simulator/test/example.yaml -t /home/aatmaj/CENT/experiments/dda_full_sweep/traces/32_channels_per_device/20_devices/model_parallel/Llama2-13B/trace_10_FC_devices_seqlen_2304.txt
/home/aatmaj/CENT/aim_simulator/build/ramulator2 -f /home/aatmaj/CENT/aim_simulator/test/example.yaml -t /home/aatmaj/CENT/experiments/dda_full_sweep/traces/32_channels_per_device/20_devices/model_parallel_FC/Llama2-13B/trace_10_FC_devices_seqlen_2304.txt
/home/aatmaj/CENT/aim_simulator/build/ramulator2 -f /home/aatmaj/CENT/aim_simulator/test/example.yaml -t /home/aatmaj/CENT/experiments/dda_full_sweep/traces/32_channels_per_device/20_devices/model_parallel/Llama2-13B/trace_20_FC_devices_seqlen_2304.txt
/home/aatmaj/CENT/aim_simulator/build/ramulator2 -f /home/aatmaj/CENT/aim_simulator/test/example.yaml -t /home/aatmaj/CENT/experiments/dda_full_sweep/traces/32_channels_per_device/20_devices/model_parallel_FC/Llama2-13B/trace_20_FC_devices_seqlen_2304.txt
/home/aatmaj/CENT/aim_simulator/build/ramulator2 -f /home/aatmaj/CENT/aim_simulator/test/example.yaml -t /home/aatmaj/CENT/experiments/dda_full_sweep/traces/32_channels_per_device/20_devices/model_parallel/Llama2-13B/trace_1_FC_devices_seqlen_2432.txt
/home/aatmaj/CENT/aim_simulator/build/ramulator2 -f /home/aatmaj/CENT/aim_simulator/test/example.yaml -t /home/aatmaj/CENT/experiments/dda_full_sweep/traces/32_channels_per_device/20_devices/model_parallel_FC/Llama2-13B/trace_1_FC_devices_seqlen_2432.txt
/home/aatmaj/CENT/aim_simulator/build/ramulator2 -f /home/aatmaj/CENT/aim_simulator/test/example.yaml -t /home/aatmaj/CENT/experiments/dda_full_sweep/traces/32_channels_per_device/20_devices/model_parallel/Llama2-13B/trace_2_FC_devices_seqlen_2432.txt
/home/aatmaj/CENT/aim_simulator/build/ramulator2 -f /home/aatmaj/CENT/aim_simulator/test/example.yaml -t /home/aatmaj/CENT/experiments/dda_full_sweep/traces/32_channels_per_device/20_devices/model_parallel_FC/Llama2-13B/trace_2_FC_devices_seqlen_2432.txt
/home/aatmaj/CENT/aim_simulator/build/ramulator2 -f /home/aatmaj/CENT/aim_simulator/test/example.yaml -t /home/aatmaj/CENT/experiments/dda_full_sweep/traces/32_channels_per_device/20_devices/model_parallel/Llama2-13B/trace_4_FC_devices_seqlen_2432.txt
/home/aatmaj/CENT/aim_simulator/build/ramulator2 -f /home/aatmaj/CENT/aim_simulator/test/example.yaml -t /home/aatmaj/CENT/experiments/dda_full_sweep/traces/32_channels_per_device/20_devices/model_parallel_FC/Llama2-13B/trace_4_FC_devices_seqlen_2432.txt
/home/aatmaj/CENT/aim_simulator/build/ramulator2 -f /home/aatmaj/CENT/aim_simulator/test/example.yaml -t /home/aatmaj/CENT/experiments/dda_full_sweep/traces/32_channels_per_device/20_devices/model_parallel/Llama2-13B/trace_5_FC_devices_seqlen_2432.txt
/home/aatmaj/CENT/aim_simulator/build/ramulator2 -f /home/aatmaj/CENT/aim_simulator/test/example.yaml -t /home/aatmaj/CENT/experiments/dda_full_sweep/traces/32_channels_per_device/20_devices/model_parallel_FC/Llama2-13B/trace_5_FC_devices_seqlen_2432.txt
/home/aatmaj/CENT/aim_simulator/build/ramulator2 -f /home/aatmaj/CENT/aim_simulator/test/example.yaml -t /home/aatmaj/CENT/experiments/dda_full_sweep/traces/32_channels_per_device/20_devices/model_parallel/Llama2-13B/trace_10_FC_devices_seqlen_2432.txt
/home/aatmaj/CENT/aim_simulator/build/ramulator2 -f /home/aatmaj/CENT/aim_simulator/test/example.yaml -t /home/aatmaj/CENT/experiments/dda_full_sweep/traces/32_channels_per_device/20_devices/model_parallel_FC/Llama2-13B/trace_10_FC_devices_seqlen_2432.txt
/home/aatmaj/CENT/aim_simulator/build/ramulator2 -f /home/aatmaj/CENT/aim_simulator/test/example.yaml -t /home/aatmaj/CENT/experiments/dda_full_sweep/traces/32_channels_per_device/20_devices/model_parallel/Llama2-13B/trace_20_FC_devices_seqlen_2432.txt
/home/aatmaj/CENT/aim_simulator/build/ramulator2 -f /home/aatmaj/CENT/aim_simulator/test/example.yaml -t /home/aatmaj/CENT/experiments/dda_full_sweep/traces/32_channels_per_device/20_devices/model_parallel_FC/Llama2-13B/trace_20_FC_devices_seqlen_2432.txt
/home/aatmaj/CENT/aim_simulator/build/ramulator2 -f /home/aatmaj/CENT/aim_simulator/test/example.yaml -t /home/aatmaj/CENT/experiments/dda_full_sweep/traces/32_channels_per_device/20_devices/model_parallel/Llama2-13B/trace_1_FC_devices_seqlen_2560.txt
/home/aatmaj/CENT/aim_simulator/build/ramulator2 -f /home/aatmaj/CENT/aim_simulator/test/example.yaml -t /home/aatmaj/CENT/experiments/dda_full_sweep/traces/32_channels_per_device/20_devices/model_parallel_FC/Llama2-13B/trace_1_FC_devices_seqlen_2560.txt
/home/aatmaj/CENT/aim_simulator/build/ramulator2 -f /home/aatmaj/CENT/aim_simulator/test/example.yaml -t /home/aatmaj/CENT/experiments/dda_full_sweep/traces/32_channels_per_device/20_devices/model_parallel/Llama2-13B/trace_2_FC_devices_seqlen_2560.txt
/home/aatmaj/CENT/aim_simulator/build/ramulator2 -f /home/aatmaj/CENT/aim_simulator/test/example.yaml -t /home/aatmaj/CENT/experiments/dda_full_sweep/traces/32_channels_per_device/20_devices/model_parallel_FC/Llama2-13B/trace_2_FC_devices_seqlen_2560.txt
/home/aatmaj/CENT/aim_simulator/build/ramulator2 -f /home/aatmaj/CENT/aim_simulator/test/example.yaml -t /home/aatmaj/CENT/experiments/dda_full_sweep/traces/32_channels_per_device/20_devices/model_parallel/Llama2-13B/trace_4_FC_devices_seqlen_2560.txt
/home/aatmaj/CENT/aim_simulator/build/ramulator2 -f /home/aatmaj/CENT/aim_simulator/test/example.yaml -t /home/aatmaj/CENT/experiments/dda_full_sweep/traces/32_channels_per_device/20_devices/model_parallel_FC/Llama2-13B/trace_4_FC_devices_seqlen_2560.txt
/home/aatmaj/CENT/aim_simulator/build/ramulator2 -f /home/aatmaj/CENT/aim_simulator/test/example.yaml -t /home/aatmaj/CENT/experiments/dda_full_sweep/traces/32_channels_per_device/20_devices/model_parallel/Llama2-13B/trace_5_FC_devices_seqlen_2560.txt
/home/aatmaj/CENT/aim_simulator/build/ramulator2 -f /home/aatmaj/CENT/aim_simulator/test/example.yaml -t /home/aatmaj/CENT/experiments/dda_full_sweep/traces/32_channels_per_device/20_devices/model_parallel_FC/Llama2-13B/trace_5_FC_devices_seqlen_2560.txt
/home/aatmaj/CENT/aim_simulator/build/ramulator2 -f /home/aatmaj/CENT/aim_simulator/test/example.yaml -t /home/aatmaj/CENT/experiments/dda_full_sweep/traces/32_channels_per_device/20_devices/model_parallel/Llama2-13B/trace_10_FC_devices_seqlen_2560.txt
/home/aatmaj/CENT/aim_simulator/build/ramulator2 -f /home/aatmaj/CENT/aim_simulator/test/example.yaml -t /home/aatmaj/CENT/experiments/dda_full_sweep/traces/32_channels_per_device/20_devices/model_parallel_FC/Llama2-13B/trace_10_FC_devices_seqlen_2560.txt
/home/aatmaj/CENT/aim_simulator/build/ramulator2 -f /home/aatmaj/CENT/aim_simulator/test/example.yaml -t /home/aatmaj/CENT/experiments/dda_full_sweep/traces/32_channels_per_device/20_devices/model_parallel/Llama2-13B/trace_20_FC_devices_seqlen_2560.txt
/home/aatmaj/CENT/aim_simulator/build/ramulator2 -f /home/aatmaj/CENT/aim_simulator/test/example.yaml -t /home/aatmaj/CENT/experiments/dda_full_sweep/traces/32_channels_per_device/20_devices/model_parallel_FC/Llama2-13B/trace_20_FC_devices_seqlen_2560.txt
/home/aatmaj/CENT/aim_simulator/build/ramulator2 -f /home/aatmaj/CENT/aim_simulator/test/example.yaml -t /home/aatmaj/CENT/experiments/dda_full_sweep/traces/32_channels_per_device/20_devices/model_parallel/Llama2-13B/trace_1_FC_devices_seqlen_2688.txt
/home/aatmaj/CENT/aim_simulator/build/ramulator2 -f /home/aatmaj/CENT/aim_simulator/test/example.yaml -t /home/aatmaj/CENT/experiments/dda_full_sweep/traces/32_channels_per_device/20_devices/model_parallel_FC/Llama2-13B/trace_1_FC_devices_seqlen_2688.txt
/home/aatmaj/CENT/aim_simulator/build/ramulator2 -f /home/aatmaj/CENT/aim_simulator/test/example.yaml -t /home/aatmaj/CENT/experiments/dda_full_sweep/traces/32_channels_per_device/20_devices/model_parallel/Llama2-13B/trace_2_FC_devices_seqlen_2688.txt
/home/aatmaj/CENT/aim_simulator/build/ramulator2 -f /home/aatmaj/CENT/aim_simulator/test/example.yaml -t /home/aatmaj/CENT/experiments/dda_full_sweep/traces/32_channels_per_device/20_devices/model_parallel_FC/Llama2-13B/trace_2_FC_devices_seqlen_2688.txt
/home/aatmaj/CENT/aim_simulator/build/ramulator2 -f /home/aatmaj/CENT/aim_simulator/test/example.yaml -t /home/aatmaj/CENT/experiments/dda_full_sweep/traces/32_channels_per_device/20_devices/model_parallel/Llama2-13B/trace_4_FC_devices_seqlen_2688.txt
/home/aatmaj/CENT/aim_simulator/build/ramulator2 -f /home/aatmaj/CENT/aim_simulator/test/example.yaml -t /home/aatmaj/CENT/experiments/dda_full_sweep/traces/32_channels_per_device/20_devices/model_parallel_FC/Llama2-13B/trace_4_FC_devices_seqlen_2688.txt
/home/aatmaj/CENT/aim_simulator/build/ramulator2 -f /home/aatmaj/CENT/aim_simulator/test/example.yaml -t /home/aatmaj/CENT/experiments/dda_full_sweep/traces/32_channels_per_device/20_devices/model_parallel/Llama2-13B/trace_5_FC_devices_seqlen_2688.txt
/home/aatmaj/CENT/aim_simulator/build/ramulator2 -f /home/aatmaj/CENT/aim_simulator/test/example.yaml -t /home/aatmaj/CENT/experiments/dda_full_sweep/traces/32_channels_per_device/20_devices/model_parallel_FC/Llama2-13B/trace_5_FC_devices_seqlen_2688.txt
/home/aatmaj/CENT/aim_simulator/build/ramulator2 -f /home/aatmaj/CENT/aim_simulator/test/example.yaml -t /home/aatmaj/CENT/experiments/dda_full_sweep/traces/32_channels_per_device/20_devices/model_parallel/Llama2-13B/trace_10_FC_devices_seqlen_2688.txt
/home/aatmaj/CENT/aim_simulator/build/ramulator2 -f /home/aatmaj/CENT/aim_simulator/test/example.yaml -t /home/aatmaj/CENT/experiments/dda_full_sweep/traces/32_channels_per_device/20_devices/model_parallel_FC/Llama2-13B/trace_10_FC_devices_seqlen_2688.txt
/home/aatmaj/CENT/aim_simulator/build/ramulator2 -f /home/aatmaj/CENT/aim_simulator/test/example.yaml -t /home/aatmaj/CENT/experiments/dda_full_sweep/traces/32_channels_per_device/20_devices/model_parallel/Llama2-13B/trace_20_FC_devices_seqlen_2688.txt
/home/aatmaj/CENT/aim_simulator/build/ramulator2 -f /home/aatmaj/CENT/aim_simulator/test/example.yaml -t /home/aatmaj/CENT/experiments/dda_full_sweep/traces/32_channels_per_device/20_devices/model_parallel_FC/Llama2-13B/trace_20_FC_devices_seqlen_2688.txt
/home/aatmaj/CENT/aim_simulator/build/ramulator2 -f /home/aatmaj/CENT/aim_simulator/test/example.yaml -t /home/aatmaj/CENT/experiments/dda_full_sweep/traces/32_channels_per_device/20_devices/model_parallel/Llama2-13B/trace_1_FC_devices_seqlen_2816.txt
/home/aatmaj/CENT/aim_simulator/build/ramulator2 -f /home/aatmaj/CENT/aim_simulator/test/example.yaml -t /home/aatmaj/CENT/experiments/dda_full_sweep/traces/32_channels_per_device/20_devices/model_parallel_FC/Llama2-13B/trace_1_FC_devices_seqlen_2816.txt
/home/aatmaj/CENT/aim_simulator/build/ramulator2 -f /home/aatmaj/CENT/aim_simulator/test/example.yaml -t /home/aatmaj/CENT/experiments/dda_full_sweep/traces/32_channels_per_device/20_devices/model_parallel/Llama2-13B/trace_2_FC_devices_seqlen_2816.txt
/home/aatmaj/CENT/aim_simulator/build/ramulator2 -f /home/aatmaj/CENT/aim_simulator/test/example.yaml -t /home/aatmaj/CENT/experiments/dda_full_sweep/traces/32_channels_per_device/20_devices/model_parallel_FC/Llama2-13B/trace_2_FC_devices_seqlen_2816.txt
/home/aatmaj/CENT/aim_simulator/build/ramulator2 -f /home/aatmaj/CENT/aim_simulator/test/example.yaml -t /home/aatmaj/CENT/experiments/dda_full_sweep/traces/32_channels_per_device/20_devices/model_parallel/Llama2-13B/trace_4_FC_devices_seqlen_2816.txt
/home/aatmaj/CENT/aim_simulator/build/ramulator2 -f /home/aatmaj/CENT/aim_simulator/test/example.yaml -t /home/aatmaj/CENT/experiments/dda_full_sweep/traces/32_channels_per_device/20_devices/model_parallel_FC/Llama2-13B/trace_4_FC_devices_seqlen_2816.txt
/home/aatmaj/CENT/aim_simulator/build/ramulator2 -f /home/aatmaj/CENT/aim_simulator/test/example.yaml -t /home/aatmaj/CENT/experiments/dda_full_sweep/traces/32_channels_per_device/20_devices/model_parallel/Llama2-13B/trace_5_FC_devices_seqlen_2816.txt
/home/aatmaj/CENT/aim_simulator/build/ramulator2 -f /home/aatmaj/CENT/aim_simulator/test/example.yaml -t /home/aatmaj/CENT/experiments/dda_full_sweep/traces/32_channels_per_device/20_devices/model_parallel_FC/Llama2-13B/trace_5_FC_devices_seqlen_2816.txt
/home/aatmaj/CENT/aim_simulator/build/ramulator2 -f /home/aatmaj/CENT/aim_simulator/test/example.yaml -t /home/aatmaj/CENT/experiments/dda_full_sweep/traces/32_channels_per_device/20_devices/model_parallel/Llama2-13B/trace_10_FC_devices_seqlen_2816.txt
/home/aatmaj/CENT/aim_simulator/build/ramulator2 -f /home/aatmaj/CENT/aim_simulator/test/example.yaml -t /home/aatmaj/CENT/experiments/dda_full_sweep/traces/32_channels_per_device/20_devices/model_parallel_FC/Llama2-13B/trace_10_FC_devices_seqlen_2816.txt
/home/aatmaj/CENT/aim_simulator/build/ramulator2 -f /home/aatmaj/CENT/aim_simulator/test/example.yaml -t /home/aatmaj/CENT/experiments/dda_full_sweep/traces/32_channels_per_device/20_devices/model_parallel/Llama2-13B/trace_20_FC_devices_seqlen_2816.txt
/home/aatmaj/CENT/aim_simulator/build/ramulator2 -f /home/aatmaj/CENT/aim_simulator/test/example.yaml -t /home/aatmaj/CENT/experiments/dda_full_sweep/traces/32_channels_per_device/20_devices/model_parallel_FC/Llama2-13B/trace_20_FC_devices_seqlen_2816.txt
/home/aatmaj/CENT/aim_simulator/build/ramulator2 -f /home/aatmaj/CENT/aim_simulator/test/example.yaml -t /home/aatmaj/CENT/experiments/dda_full_sweep/traces/32_channels_per_device/20_devices/model_parallel/Llama2-13B/trace_1_FC_devices_seqlen_2944.txt
/home/aatmaj/CENT/aim_simulator/build/ramulator2 -f /home/aatmaj/CENT/aim_simulator/test/example.yaml -t /home/aatmaj/CENT/experiments/dda_full_sweep/traces/32_channels_per_device/20_devices/model_parallel_FC/Llama2-13B/trace_1_FC_devices_seqlen_2944.txt
/home/aatmaj/CENT/aim_simulator/build/ramulator2 -f /home/aatmaj/CENT/aim_simulator/test/example.yaml -t /home/aatmaj/CENT/experiments/dda_full_sweep/traces/32_channels_per_device/20_devices/model_parallel/Llama2-13B/trace_2_FC_devices_seqlen_2944.txt
/home/aatmaj/CENT/aim_simulator/build/ramulator2 -f /home/aatmaj/CENT/aim_simulator/test/example.yaml -t /home/aatmaj/CENT/experiments/dda_full_sweep/traces/32_channels_per_device/20_devices/model_parallel_FC/Llama2-13B/trace_2_FC_devices_seqlen_2944.txt
/home/aatmaj/CENT/aim_simulator/build/ramulator2 -f /home/aatmaj/CENT/aim_simulator/test/example.yaml -t /home/aatmaj/CENT/experiments/dda_full_sweep/traces/32_channels_per_device/20_devices/model_parallel/Llama2-13B/trace_4_FC_devices_seqlen_2944.txt
/home/aatmaj/CENT/aim_simulator/build/ramulator2 -f /home/aatmaj/CENT/aim_simulator/test/example.yaml -t /home/aatmaj/CENT/experiments/dda_full_sweep/traces/32_channels_per_device/20_devices/model_parallel_FC/Llama2-13B/trace_4_FC_devices_seqlen_2944.txt
/home/aatmaj/CENT/aim_simulator/build/ramulator2 -f /home/aatmaj/CENT/aim_simulator/test/example.yaml -t /home/aatmaj/CENT/experiments/dda_full_sweep/traces/32_channels_per_device/20_devices/model_parallel/Llama2-13B/trace_5_FC_devices_seqlen_2944.txt
/home/aatmaj/CENT/aim_simulator/build/ramulator2 -f /home/aatmaj/CENT/aim_simulator/test/example.yaml -t /home/aatmaj/CENT/experiments/dda_full_sweep/traces/32_channels_per_device/20_devices/model_parallel_FC/Llama2-13B/trace_5_FC_devices_seqlen_2944.txt
/home/aatmaj/CENT/aim_simulator/build/ramulator2 -f /home/aatmaj/CENT/aim_simulator/test/example.yaml -t /home/aatmaj/CENT/experiments/dda_full_sweep/traces/32_channels_per_device/20_devices/model_parallel/Llama2-13B/trace_10_FC_devices_seqlen_2944.txt
/home/aatmaj/CENT/aim_simulator/build/ramulator2 -f /home/aatmaj/CENT/aim_simulator/test/example.yaml -t /home/aatmaj/CENT/experiments/dda_full_sweep/traces/32_channels_per_device/20_devices/model_parallel_FC/Llama2-13B/trace_10_FC_devices_seqlen_2944.txt
/home/aatmaj/CENT/aim_simulator/build/ramulator2 -f /home/aatmaj/CENT/aim_simulator/test/example.yaml -t /home/aatmaj/CENT/experiments/dda_full_sweep/traces/32_channels_per_device/20_devices/model_parallel/Llama2-13B/trace_20_FC_devices_seqlen_2944.txt
/home/aatmaj/CENT/aim_simulator/build/ramulator2 -f /home/aatmaj/CENT/aim_simulator/test/example.yaml -t /home/aatmaj/CENT/experiments/dda_full_sweep/traces/32_channels_per_device/20_devices/model_parallel_FC/Llama2-13B/trace_20_FC_devices_seqlen_2944.txt
/home/aatmaj/CENT/aim_simulator/build/ramulator2 -f /home/aatmaj/CENT/aim_simulator/test/example.yaml -t /home/aatmaj/CENT/experiments/dda_full_sweep/traces/32_channels_per_device/20_devices/model_parallel/Llama2-13B/trace_1_FC_devices_seqlen_3072.txt
/home/aatmaj/CENT/aim_simulator/build/ramulator2 -f /home/aatmaj/CENT/aim_simulator/test/example.yaml -t /home/aatmaj/CENT/experiments/dda_full_sweep/traces/32_channels_per_device/20_devices/model_parallel_FC/Llama2-13B/trace_1_FC_devices_seqlen_3072.txt
/home/aatmaj/CENT/aim_simulator/build/ramulator2 -f /home/aatmaj/CENT/aim_simulator/test/example.yaml -t /home/aatmaj/CENT/experiments/dda_full_sweep/traces/32_channels_per_device/20_devices/model_parallel/Llama2-13B/trace_2_FC_devices_seqlen_3072.txt
/home/aatmaj/CENT/aim_simulator/build/ramulator2 -f /home/aatmaj/CENT/aim_simulator/test/example.yaml -t /home/aatmaj/CENT/experiments/dda_full_sweep/traces/32_channels_per_device/20_devices/model_parallel_FC/Llama2-13B/trace_2_FC_devices_seqlen_3072.txt
/home/aatmaj/CENT/aim_simulator/build/ramulator2 -f /home/aatmaj/CENT/aim_simulator/test/example.yaml -t /home/aatmaj/CENT/experiments/dda_full_sweep/traces/32_channels_per_device/20_devices/model_parallel/Llama2-13B/trace_4_FC_devices_seqlen_3072.txt
/home/aatmaj/CENT/aim_simulator/build/ramulator2 -f /home/aatmaj/CENT/aim_simulator/test/example.yaml -t /home/aatmaj/CENT/experiments/dda_full_sweep/traces/32_channels_per_device/20_devices/model_parallel_FC/Llama2-13B/trace_4_FC_devices_seqlen_3072.txt
/home/aatmaj/CENT/aim_simulator/build/ramulator2 -f /home/aatmaj/CENT/aim_simulator/test/example.yaml -t /home/aatmaj/CENT/experiments/dda_full_sweep/traces/32_channels_per_device/20_devices/model_parallel/Llama2-13B/trace_5_FC_devices_seqlen_3072.txt
/home/aatmaj/CENT/aim_simulator/build/ramulator2 -f /home/aatmaj/CENT/aim_simulator/test/example.yaml -t /home/aatmaj/CENT/experiments/dda_full_sweep/traces/32_channels_per_device/20_devices/model_parallel_FC/Llama2-13B/trace_5_FC_devices_seqlen_3072.txt
/home/aatmaj/CENT/aim_simulator/build/ramulator2 -f /home/aatmaj/CENT/aim_simulator/test/example.yaml -t /home/aatmaj/CENT/experiments/dda_full_sweep/traces/32_channels_per_device/20_devices/model_parallel/Llama2-13B/trace_10_FC_devices_seqlen_3072.txt
/home/aatmaj/CENT/aim_simulator/build/ramulator2 -f /home/aatmaj/CENT/aim_simulator/test/example.yaml -t /home/aatmaj/CENT/experiments/dda_full_sweep/traces/32_channels_per_device/20_devices/model_parallel_FC/Llama2-13B/trace_10_FC_devices_seqlen_3072.txt
/home/aatmaj/CENT/aim_simulator/build/ramulator2 -f /home/aatmaj/CENT/aim_simulator/test/example.yaml -t /home/aatmaj/CENT/experiments/dda_full_sweep/traces/32_channels_per_device/20_devices/model_parallel/Llama2-13B/trace_20_FC_devices_seqlen_3072.txt
/home/aatmaj/CENT/aim_simulator/build/ramulator2 -f /home/aatmaj/CENT/aim_simulator/test/example.yaml -t /home/aatmaj/CENT/experiments/dda_full_sweep/traces/32_channels_per_device/20_devices/model_parallel_FC/Llama2-13B/trace_20_FC_devices_seqlen_3072.txt
/home/aatmaj/CENT/aim_simulator/build/ramulator2 -f /home/aatmaj/CENT/aim_simulator/test/example.yaml -t /home/aatmaj/CENT/experiments/dda_full_sweep/traces/32_channels_per_device/20_devices/model_parallel/Llama2-13B/trace_1_FC_devices_seqlen_3200.txt
/home/aatmaj/CENT/aim_simulator/build/ramulator2 -f /home/aatmaj/CENT/aim_simulator/test/example.yaml -t /home/aatmaj/CENT/experiments/dda_full_sweep/traces/32_channels_per_device/20_devices/model_parallel_FC/Llama2-13B/trace_1_FC_devices_seqlen_3200.txt
/home/aatmaj/CENT/aim_simulator/build/ramulator2 -f /home/aatmaj/CENT/aim_simulator/test/example.yaml -t /home/aatmaj/CENT/experiments/dda_full_sweep/traces/32_channels_per_device/20_devices/model_parallel/Llama2-13B/trace_2_FC_devices_seqlen_3200.txt
/home/aatmaj/CENT/aim_simulator/build/ramulator2 -f /home/aatmaj/CENT/aim_simulator/test/example.yaml -t /home/aatmaj/CENT/experiments/dda_full_sweep/traces/32_channels_per_device/20_devices/model_parallel_FC/Llama2-13B/trace_2_FC_devices_seqlen_3200.txt
/home/aatmaj/CENT/aim_simulator/build/ramulator2 -f /home/aatmaj/CENT/aim_simulator/test/example.yaml -t /home/aatmaj/CENT/experiments/dda_full_sweep/traces/32_channels_per_device/20_devices/model_parallel/Llama2-13B/trace_4_FC_devices_seqlen_3200.txt
/home/aatmaj/CENT/aim_simulator/build/ramulator2 -f /home/aatmaj/CENT/aim_simulator/test/example.yaml -t /home/aatmaj/CENT/experiments/dda_full_sweep/traces/32_channels_per_device/20_devices/model_parallel_FC/Llama2-13B/trace_4_FC_devices_seqlen_3200.txt
/home/aatmaj/CENT/aim_simulator/build/ramulator2 -f /home/aatmaj/CENT/aim_simulator/test/example.yaml -t /home/aatmaj/CENT/experiments/dda_full_sweep/traces/32_channels_per_device/20_devices/model_parallel/Llama2-13B/trace_5_FC_devices_seqlen_3200.txt
/home/aatmaj/CENT/aim_simulator/build/ramulator2 -f /home/aatmaj/CENT/aim_simulator/test/example.yaml -t /home/aatmaj/CENT/experiments/dda_full_sweep/traces/32_channels_per_device/20_devices/model_parallel_FC/Llama2-13B/trace_5_FC_devices_seqlen_3200.txt
/home/aatmaj/CENT/aim_simulator/build/ramulator2 -f /home/aatmaj/CENT/aim_simulator/test/example.yaml -t /home/aatmaj/CENT/experiments/dda_full_sweep/traces/32_channels_per_device/20_devices/model_parallel/Llama2-13B/trace_10_FC_devices_seqlen_3200.txt
/home/aatmaj/CENT/aim_simulator/build/ramulator2 -f /home/aatmaj/CENT/aim_simulator/test/example.yaml -t /home/aatmaj/CENT/experiments/dda_full_sweep/traces/32_channels_per_device/20_devices/model_parallel_FC/Llama2-13B/trace_10_FC_devices_seqlen_3200.txt
/home/aatmaj/CENT/aim_simulator/build/ramulator2 -f /home/aatmaj/CENT/aim_simulator/test/example.yaml -t /home/aatmaj/CENT/experiments/dda_full_sweep/traces/32_channels_per_device/20_devices/model_parallel/Llama2-13B/trace_20_FC_devices_seqlen_3200.txt
/home/aatmaj/CENT/aim_simulator/build/ramulator2 -f /home/aatmaj/CENT/aim_simulator/test/example.yaml -t /home/aatmaj/CENT/experiments/dda_full_sweep/traces/32_channels_per_device/20_devices/model_parallel_FC/Llama2-13B/trace_20_FC_devices_seqlen_3200.txt
/home/aatmaj/CENT/aim_simulator/build/ramulator2 -f /home/aatmaj/CENT/aim_simulator/test/example.yaml -t /home/aatmaj/CENT/experiments/dda_full_sweep/traces/32_channels_per_device/20_devices/model_parallel/Llama2-13B/trace_1_FC_devices_seqlen_3328.txt
/home/aatmaj/CENT/aim_simulator/build/ramulator2 -f /home/aatmaj/CENT/aim_simulator/test/example.yaml -t /home/aatmaj/CENT/experiments/dda_full_sweep/traces/32_channels_per_device/20_devices/model_parallel_FC/Llama2-13B/trace_1_FC_devices_seqlen_3328.txt
/home/aatmaj/CENT/aim_simulator/build/ramulator2 -f /home/aatmaj/CENT/aim_simulator/test/example.yaml -t /home/aatmaj/CENT/experiments/dda_full_sweep/traces/32_channels_per_device/20_devices/model_parallel/Llama2-13B/trace_2_FC_devices_seqlen_3328.txt
/home/aatmaj/CENT/aim_simulator/build/ramulator2 -f /home/aatmaj/CENT/aim_simulator/test/example.yaml -t /home/aatmaj/CENT/experiments/dda_full_sweep/traces/32_channels_per_device/20_devices/model_parallel_FC/Llama2-13B/trace_2_FC_devices_seqlen_3328.txt
/home/aatmaj/CENT/aim_simulator/build/ramulator2 -f /home/aatmaj/CENT/aim_simulator/test/example.yaml -t /home/aatmaj/CENT/experiments/dda_full_sweep/traces/32_channels_per_device/20_devices/model_parallel/Llama2-13B/trace_4_FC_devices_seqlen_3328.txt
/home/aatmaj/CENT/aim_simulator/build/ramulator2 -f /home/aatmaj/CENT/aim_simulator/test/example.yaml -t /home/aatmaj/CENT/experiments/dda_full_sweep/traces/32_channels_per_device/20_devices/model_parallel_FC/Llama2-13B/trace_4_FC_devices_seqlen_3328.txt
/home/aatmaj/CENT/aim_simulator/build/ramulator2 -f /home/aatmaj/CENT/aim_simulator/test/example.yaml -t /home/aatmaj/CENT/experiments/dda_full_sweep/traces/32_channels_per_device/20_devices/model_parallel/Llama2-13B/trace_5_FC_devices_seqlen_3328.txt
/home/aatmaj/CENT/aim_simulator/build/ramulator2 -f /home/aatmaj/CENT/aim_simulator/test/example.yaml -t /home/aatmaj/CENT/experiments/dda_full_sweep/traces/32_channels_per_device/20_devices/model_parallel_FC/Llama2-13B/trace_5_FC_devices_seqlen_3328.txt
/home/aatmaj/CENT/aim_simulator/build/ramulator2 -f /home/aatmaj/CENT/aim_simulator/test/example.yaml -t /home/aatmaj/CENT/experiments/dda_full_sweep/traces/32_channels_per_device/20_devices/model_parallel/Llama2-13B/trace_10_FC_devices_seqlen_3328.txt
/home/aatmaj/CENT/aim_simulator/build/ramulator2 -f /home/aatmaj/CENT/aim_simulator/test/example.yaml -t /home/aatmaj/CENT/experiments/dda_full_sweep/traces/32_channels_per_device/20_devices/model_parallel_FC/Llama2-13B/trace_10_FC_devices_seqlen_3328.txt
/home/aatmaj/CENT/aim_simulator/build/ramulator2 -f /home/aatmaj/CENT/aim_simulator/test/example.yaml -t /home/aatmaj/CENT/experiments/dda_full_sweep/traces/32_channels_per_device/20_devices/model_parallel/Llama2-13B/trace_20_FC_devices_seqlen_3328.txt
/home/aatmaj/CENT/aim_simulator/build/ramulator2 -f /home/aatmaj/CENT/aim_simulator/test/example.yaml -t /home/aatmaj/CENT/experiments/dda_full_sweep/traces/32_channels_per_device/20_devices/model_parallel_FC/Llama2-13B/trace_20_FC_devices_seqlen_3328.txt
/home/aatmaj/CENT/aim_simulator/build/ramulator2 -f /home/aatmaj/CENT/aim_simulator/test/example.yaml -t /home/aatmaj/CENT/experiments/dda_full_sweep/traces/32_channels_per_device/20_devices/model_parallel/Llama2-13B/trace_1_FC_devices_seqlen_3456.txt
/home/aatmaj/CENT/aim_simulator/build/ramulator2 -f /home/aatmaj/CENT/aim_simulator/test/example.yaml -t /home/aatmaj/CENT/experiments/dda_full_sweep/traces/32_channels_per_device/20_devices/model_parallel_FC/Llama2-13B/trace_1_FC_devices_seqlen_3456.txt
/home/aatmaj/CENT/aim_simulator/build/ramulator2 -f /home/aatmaj/CENT/aim_simulator/test/example.yaml -t /home/aatmaj/CENT/experiments/dda_full_sweep/traces/32_channels_per_device/20_devices/model_parallel/Llama2-13B/trace_2_FC_devices_seqlen_3456.txt
/home/aatmaj/CENT/aim_simulator/build/ramulator2 -f /home/aatmaj/CENT/aim_simulator/test/example.yaml -t /home/aatmaj/CENT/experiments/dda_full_sweep/traces/32_channels_per_device/20_devices/model_parallel_FC/Llama2-13B/trace_2_FC_devices_seqlen_3456.txt
/home/aatmaj/CENT/aim_simulator/build/ramulator2 -f /home/aatmaj/CENT/aim_simulator/test/example.yaml -t /home/aatmaj/CENT/experiments/dda_full_sweep/traces/32_channels_per_device/20_devices/model_parallel/Llama2-13B/trace_4_FC_devices_seqlen_3456.txt
/home/aatmaj/CENT/aim_simulator/build/ramulator2 -f /home/aatmaj/CENT/aim_simulator/test/example.yaml -t /home/aatmaj/CENT/experiments/dda_full_sweep/traces/32_channels_per_device/20_devices/model_parallel_FC/Llama2-13B/trace_4_FC_devices_seqlen_3456.txt
/home/aatmaj/CENT/aim_simulator/build/ramulator2 -f /home/aatmaj/CENT/aim_simulator/test/example.yaml -t /home/aatmaj/CENT/experiments/dda_full_sweep/traces/32_channels_per_device/20_devices/model_parallel/Llama2-13B/trace_5_FC_devices_seqlen_3456.txt
/home/aatmaj/CENT/aim_simulator/build/ramulator2 -f /home/aatmaj/CENT/aim_simulator/test/example.yaml -t /home/aatmaj/CENT/experiments/dda_full_sweep/traces/32_channels_per_device/20_devices/model_parallel_FC/Llama2-13B/trace_5_FC_devices_seqlen_3456.txt
/home/aatmaj/CENT/aim_simulator/build/ramulator2 -f /home/aatmaj/CENT/aim_simulator/test/example.yaml -t /home/aatmaj/CENT/experiments/dda_full_sweep/traces/32_channels_per_device/20_devices/model_parallel/Llama2-13B/trace_10_FC_devices_seqlen_3456.txt
/home/aatmaj/CENT/aim_simulator/build/ramulator2 -f /home/aatmaj/CENT/aim_simulator/test/example.yaml -t /home/aatmaj/CENT/experiments/dda_full_sweep/traces/32_channels_per_device/20_devices/model_parallel_FC/Llama2-13B/trace_10_FC_devices_seqlen_3456.txt
/home/aatmaj/CENT/aim_simulator/build/ramulator2 -f /home/aatmaj/CENT/aim_simulator/test/example.yaml -t /home/aatmaj/CENT/experiments/dda_full_sweep/traces/32_channels_per_device/20_devices/model_parallel/Llama2-13B/trace_20_FC_devices_seqlen_3456.txt
/home/aatmaj/CENT/aim_simulator/build/ramulator2 -f /home/aatmaj/CENT/aim_simulator/test/example.yaml -t /home/aatmaj/CENT/experiments/dda_full_sweep/traces/32_channels_per_device/20_devices/model_parallel_FC/Llama2-13B/trace_20_FC_devices_seqlen_3456.txt
/home/aatmaj/CENT/aim_simulator/build/ramulator2 -f /home/aatmaj/CENT/aim_simulator/test/example.yaml -t /home/aatmaj/CENT/experiments/dda_full_sweep/traces/32_channels_per_device/20_devices/model_parallel/Llama2-13B/trace_1_FC_devices_seqlen_3584.txt
/home/aatmaj/CENT/aim_simulator/build/ramulator2 -f /home/aatmaj/CENT/aim_simulator/test/example.yaml -t /home/aatmaj/CENT/experiments/dda_full_sweep/traces/32_channels_per_device/20_devices/model_parallel_FC/Llama2-13B/trace_1_FC_devices_seqlen_3584.txt
/home/aatmaj/CENT/aim_simulator/build/ramulator2 -f /home/aatmaj/CENT/aim_simulator/test/example.yaml -t /home/aatmaj/CENT/experiments/dda_full_sweep/traces/32_channels_per_device/20_devices/model_parallel/Llama2-13B/trace_2_FC_devices_seqlen_3584.txt
/home/aatmaj/CENT/aim_simulator/build/ramulator2 -f /home/aatmaj/CENT/aim_simulator/test/example.yaml -t /home/aatmaj/CENT/experiments/dda_full_sweep/traces/32_channels_per_device/20_devices/model_parallel_FC/Llama2-13B/trace_2_FC_devices_seqlen_3584.txt
/home/aatmaj/CENT/aim_simulator/build/ramulator2 -f /home/aatmaj/CENT/aim_simulator/test/example.yaml -t /home/aatmaj/CENT/experiments/dda_full_sweep/traces/32_channels_per_device/20_devices/model_parallel/Llama2-13B/trace_4_FC_devices_seqlen_3584.txt
/home/aatmaj/CENT/aim_simulator/build/ramulator2 -f /home/aatmaj/CENT/aim_simulator/test/example.yaml -t /home/aatmaj/CENT/experiments/dda_full_sweep/traces/32_channels_per_device/20_devices/model_parallel_FC/Llama2-13B/trace_4_FC_devices_seqlen_3584.txt
/home/aatmaj/CENT/aim_simulator/build/ramulator2 -f /home/aatmaj/CENT/aim_simulator/test/example.yaml -t /home/aatmaj/CENT/experiments/dda_full_sweep/traces/32_channels_per_device/20_devices/model_parallel/Llama2-13B/trace_5_FC_devices_seqlen_3584.txt
/home/aatmaj/CENT/aim_simulator/build/ramulator2 -f /home/aatmaj/CENT/aim_simulator/test/example.yaml -t /home/aatmaj/CENT/experiments/dda_full_sweep/traces/32_channels_per_device/20_devices/model_parallel_FC/Llama2-13B/trace_5_FC_devices_seqlen_3584.txt
/home/aatmaj/CENT/aim_simulator/build/ramulator2 -f /home/aatmaj/CENT/aim_simulator/test/example.yaml -t /home/aatmaj/CENT/experiments/dda_full_sweep/traces/32_channels_per_device/20_devices/model_parallel/Llama2-13B/trace_10_FC_devices_seqlen_3584.txt
/home/aatmaj/CENT/aim_simulator/build/ramulator2 -f /home/aatmaj/CENT/aim_simulator/test/example.yaml -t /home/aatmaj/CENT/experiments/dda_full_sweep/traces/32_channels_per_device/20_devices/model_parallel_FC/Llama2-13B/trace_10_FC_devices_seqlen_3584.txt
/home/aatmaj/CENT/aim_simulator/build/ramulator2 -f /home/aatmaj/CENT/aim_simulator/test/example.yaml -t /home/aatmaj/CENT/experiments/dda_full_sweep/traces/32_channels_per_device/20_devices/model_parallel/Llama2-13B/trace_20_FC_devices_seqlen_3584.txt
/home/aatmaj/CENT/aim_simulator/build/ramulator2 -f /home/aatmaj/CENT/aim_simulator/test/example.yaml -t /home/aatmaj/CENT/experiments/dda_full_sweep/traces/32_channels_per_device/20_devices/model_parallel_FC/Llama2-13B/trace_20_FC_devices_seqlen_3584.txt
/home/aatmaj/CENT/aim_simulator/build/ramulator2 -f /home/aatmaj/CENT/aim_simulator/test/example.yaml -t /home/aatmaj/CENT/experiments/dda_full_sweep/traces/32_channels_per_device/20_devices/model_parallel/Llama2-13B/trace_1_FC_devices_seqlen_3712.txt
/home/aatmaj/CENT/aim_simulator/build/ramulator2 -f /home/aatmaj/CENT/aim_simulator/test/example.yaml -t /home/aatmaj/CENT/experiments/dda_full_sweep/traces/32_channels_per_device/20_devices/model_parallel_FC/Llama2-13B/trace_1_FC_devices_seqlen_3712.txt
/home/aatmaj/CENT/aim_simulator/build/ramulator2 -f /home/aatmaj/CENT/aim_simulator/test/example.yaml -t /home/aatmaj/CENT/experiments/dda_full_sweep/traces/32_channels_per_device/20_devices/model_parallel/Llama2-13B/trace_2_FC_devices_seqlen_3712.txt
/home/aatmaj/CENT/aim_simulator/build/ramulator2 -f /home/aatmaj/CENT/aim_simulator/test/example.yaml -t /home/aatmaj/CENT/experiments/dda_full_sweep/traces/32_channels_per_device/20_devices/model_parallel_FC/Llama2-13B/trace_2_FC_devices_seqlen_3712.txt
/home/aatmaj/CENT/aim_simulator/build/ramulator2 -f /home/aatmaj/CENT/aim_simulator/test/example.yaml -t /home/aatmaj/CENT/experiments/dda_full_sweep/traces/32_channels_per_device/20_devices/model_parallel/Llama2-13B/trace_4_FC_devices_seqlen_3712.txt
/home/aatmaj/CENT/aim_simulator/build/ramulator2 -f /home/aatmaj/CENT/aim_simulator/test/example.yaml -t /home/aatmaj/CENT/experiments/dda_full_sweep/traces/32_channels_per_device/20_devices/model_parallel_FC/Llama2-13B/trace_4_FC_devices_seqlen_3712.txt
/home/aatmaj/CENT/aim_simulator/build/ramulator2 -f /home/aatmaj/CENT/aim_simulator/test/example.yaml -t /home/aatmaj/CENT/experiments/dda_full_sweep/traces/32_channels_per_device/20_devices/model_parallel/Llama2-13B/trace_5_FC_devices_seqlen_3712.txt
/home/aatmaj/CENT/aim_simulator/build/ramulator2 -f /home/aatmaj/CENT/aim_simulator/test/example.yaml -t /home/aatmaj/CENT/experiments/dda_full_sweep/traces/32_channels_per_device/20_devices/model_parallel_FC/Llama2-13B/trace_5_FC_devices_seqlen_3712.txt
/home/aatmaj/CENT/aim_simulator/build/ramulator2 -f /home/aatmaj/CENT/aim_simulator/test/example.yaml -t /home/aatmaj/CENT/experiments/dda_full_sweep/traces/32_channels_per_device/20_devices/model_parallel/Llama2-13B/trace_10_FC_devices_seqlen_3712.txt
/home/aatmaj/CENT/aim_simulator/build/ramulator2 -f /home/aatmaj/CENT/aim_simulator/test/example.yaml -t /home/aatmaj/CENT/experiments/dda_full_sweep/traces/32_channels_per_device/20_devices/model_parallel_FC/Llama2-13B/trace_10_FC_devices_seqlen_3712.txt
/home/aatmaj/CENT/aim_simulator/build/ramulator2 -f /home/aatmaj/CENT/aim_simulator/test/example.yaml -t /home/aatmaj/CENT/experiments/dda_full_sweep/traces/32_channels_per_device/20_devices/model_parallel/Llama2-13B/trace_20_FC_devices_seqlen_3712.txt
/home/aatmaj/CENT/aim_simulator/build/ramulator2 -f /home/aatmaj/CENT/aim_simulator/test/example.yaml -t /home/aatmaj/CENT/experiments/dda_full_sweep/traces/32_channels_per_device/20_devices/model_parallel_FC/Llama2-13B/trace_20_FC_devices_seqlen_3712.txt
/home/aatmaj/CENT/aim_simulator/build/ramulator2 -f /home/aatmaj/CENT/aim_simulator/test/example.yaml -t /home/aatmaj/CENT/experiments/dda_full_sweep/traces/32_channels_per_device/20_devices/model_parallel/Llama2-13B/trace_1_FC_devices_seqlen_3840.txt
/home/aatmaj/CENT/aim_simulator/build/ramulator2 -f /home/aatmaj/CENT/aim_simulator/test/example.yaml -t /home/aatmaj/CENT/experiments/dda_full_sweep/traces/32_channels_per_device/20_devices/model_parallel_FC/Llama2-13B/trace_1_FC_devices_seqlen_3840.txt
/home/aatmaj/CENT/aim_simulator/build/ramulator2 -f /home/aatmaj/CENT/aim_simulator/test/example.yaml -t /home/aatmaj/CENT/experiments/dda_full_sweep/traces/32_channels_per_device/20_devices/model_parallel/Llama2-13B/trace_2_FC_devices_seqlen_3840.txt
/home/aatmaj/CENT/aim_simulator/build/ramulator2 -f /home/aatmaj/CENT/aim_simulator/test/example.yaml -t /home/aatmaj/CENT/experiments/dda_full_sweep/traces/32_channels_per_device/20_devices/model_parallel_FC/Llama2-13B/trace_2_FC_devices_seqlen_3840.txt
/home/aatmaj/CENT/aim_simulator/build/ramulator2 -f /home/aatmaj/CENT/aim_simulator/test/example.yaml -t /home/aatmaj/CENT/experiments/dda_full_sweep/traces/32_channels_per_device/20_devices/model_parallel/Llama2-13B/trace_4_FC_devices_seqlen_3840.txt
/home/aatmaj/CENT/aim_simulator/build/ramulator2 -f /home/aatmaj/CENT/aim_simulator/test/example.yaml -t /home/aatmaj/CENT/experiments/dda_full_sweep/traces/32_channels_per_device/20_devices/model_parallel_FC/Llama2-13B/trace_4_FC_devices_seqlen_3840.txt
/home/aatmaj/CENT/aim_simulator/build/ramulator2 -f /home/aatmaj/CENT/aim_simulator/test/example.yaml -t /home/aatmaj/CENT/experiments/dda_full_sweep/traces/32_channels_per_device/20_devices/model_parallel/Llama2-13B/trace_5_FC_devices_seqlen_3840.txt
/home/aatmaj/CENT/aim_simulator/build/ramulator2 -f /home/aatmaj/CENT/aim_simulator/test/example.yaml -t /home/aatmaj/CENT/experiments/dda_full_sweep/traces/32_channels_per_device/20_devices/model_parallel_FC/Llama2-13B/trace_5_FC_devices_seqlen_3840.txt
/home/aatmaj/CENT/aim_simulator/build/ramulator2 -f /home/aatmaj/CENT/aim_simulator/test/example.yaml -t /home/aatmaj/CENT/experiments/dda_full_sweep/traces/32_channels_per_device/20_devices/model_parallel/Llama2-13B/trace_10_FC_devices_seqlen_3840.txt
/home/aatmaj/CENT/aim_simulator/build/ramulator2 -f /home/aatmaj/CENT/aim_simulator/test/example.yaml -t /home/aatmaj/CENT/experiments/dda_full_sweep/traces/32_channels_per_device/20_devices/model_parallel_FC/Llama2-13B/trace_10_FC_devices_seqlen_3840.txt
/home/aatmaj/CENT/aim_simulator/build/ramulator2 -f /home/aatmaj/CENT/aim_simulator/test/example.yaml -t /home/aatmaj/CENT/experiments/dda_full_sweep/traces/32_channels_per_device/20_devices/model_parallel/Llama2-13B/trace_20_FC_devices_seqlen_3840.txt
/home/aatmaj/CENT/aim_simulator/build/ramulator2 -f /home/aatmaj/CENT/aim_simulator/test/example.yaml -t /home/aatmaj/CENT/experiments/dda_full_sweep/traces/32_channels_per_device/20_devices/model_parallel_FC/Llama2-13B/trace_20_FC_devices_seqlen_3840.txt
/home/aatmaj/CENT/aim_simulator/build/ramulator2 -f /home/aatmaj/CENT/aim_simulator/test/example.yaml -t /home/aatmaj/CENT/experiments/dda_full_sweep/traces/32_channels_per_device/20_devices/model_parallel/Llama2-13B/trace_1_FC_devices_seqlen_3968.txt
/home/aatmaj/CENT/aim_simulator/build/ramulator2 -f /home/aatmaj/CENT/aim_simulator/test/example.yaml -t /home/aatmaj/CENT/experiments/dda_full_sweep/traces/32_channels_per_device/20_devices/model_parallel_FC/Llama2-13B/trace_1_FC_devices_seqlen_3968.txt
/home/aatmaj/CENT/aim_simulator/build/ramulator2 -f /home/aatmaj/CENT/aim_simulator/test/example.yaml -t /home/aatmaj/CENT/experiments/dda_full_sweep/traces/32_channels_per_device/20_devices/model_parallel/Llama2-13B/trace_2_FC_devices_seqlen_3968.txt
/home/aatmaj/CENT/aim_simulator/build/ramulator2 -f /home/aatmaj/CENT/aim_simulator/test/example.yaml -t /home/aatmaj/CENT/experiments/dda_full_sweep/traces/32_channels_per_device/20_devices/model_parallel_FC/Llama2-13B/trace_2_FC_devices_seqlen_3968.txt
/home/aatmaj/CENT/aim_simulator/build/ramulator2 -f /home/aatmaj/CENT/aim_simulator/test/example.yaml -t /home/aatmaj/CENT/experiments/dda_full_sweep/traces/32_channels_per_device/20_devices/model_parallel/Llama2-13B/trace_4_FC_devices_seqlen_3968.txt
/home/aatmaj/CENT/aim_simulator/build/ramulator2 -f /home/aatmaj/CENT/aim_simulator/test/example.yaml -t /home/aatmaj/CENT/experiments/dda_full_sweep/traces/32_channels_per_device/20_devices/model_parallel_FC/Llama2-13B/trace_4_FC_devices_seqlen_3968.txt
/home/aatmaj/CENT/aim_simulator/build/ramulator2 -f /home/aatmaj/CENT/aim_simulator/test/example.yaml -t /home/aatmaj/CENT/experiments/dda_full_sweep/traces/32_channels_per_device/20_devices/model_parallel/Llama2-13B/trace_5_FC_devices_seqlen_3968.txt
/home/aatmaj/CENT/aim_simulator/build/ramulator2 -f /home/aatmaj/CENT/aim_simulator/test/example.yaml -t /home/aatmaj/CENT/experiments/dda_full_sweep/traces/32_channels_per_device/20_devices/model_parallel_FC/Llama2-13B/trace_5_FC_devices_seqlen_3968.txt
/home/aatmaj/CENT/aim_simulator/build/ramulator2 -f /home/aatmaj/CENT/aim_simulator/test/example.yaml -t /home/aatmaj/CENT/experiments/dda_full_sweep/traces/32_channels_per_device/20_devices/model_parallel/Llama2-13B/trace_10_FC_devices_seqlen_3968.txt
/home/aatmaj/CENT/aim_simulator/build/ramulator2 -f /home/aatmaj/CENT/aim_simulator/test/example.yaml -t /home/aatmaj/CENT/experiments/dda_full_sweep/traces/32_channels_per_device/20_devices/model_parallel_FC/Llama2-13B/trace_10_FC_devices_seqlen_3968.txt
/home/aatmaj/CENT/aim_simulator/build/ramulator2 -f /home/aatmaj/CENT/aim_simulator/test/example.yaml -t /home/aatmaj/CENT/experiments/dda_full_sweep/traces/32_channels_per_device/20_devices/model_parallel/Llama2-13B/trace_20_FC_devices_seqlen_3968.txt
/home/aatmaj/CENT/aim_simulator/build/ramulator2 -f /home/aatmaj/CENT/aim_simulator/test/example.yaml -t /home/aatmaj/CENT/experiments/dda_full_sweep/traces/32_channels_per_device/20_devices/model_parallel_FC/Llama2-13B/trace_20_FC_devices_seqlen_3968.txt
/home/aatmaj/CENT/aim_simulator/build/ramulator2 -f /home/aatmaj/CENT/aim_simulator/test/example.yaml -t /home/aatmaj/CENT/experiments/dda_full_sweep/traces/32_channels_per_device/20_devices/model_parallel/Llama2-13B/trace_1_FC_devices_seqlen_4096.txt
/home/aatmaj/CENT/aim_simulator/build/ramulator2 -f /home/aatmaj/CENT/aim_simulator/test/example.yaml -t /home/aatmaj/CENT/experiments/dda_full_sweep/traces/32_channels_per_device/20_devices/model_parallel_FC/Llama2-13B/trace_1_FC_devices_seqlen_4096.txt
/home/aatmaj/CENT/aim_simulator/build/ramulator2 -f /home/aatmaj/CENT/aim_simulator/test/example.yaml -t /home/aatmaj/CENT/experiments/dda_full_sweep/traces/32_channels_per_device/20_devices/model_parallel/Llama2-13B/trace_2_FC_devices_seqlen_4096.txt
/home/aatmaj/CENT/aim_simulator/build/ramulator2 -f /home/aatmaj/CENT/aim_simulator/test/example.yaml -t /home/aatmaj/CENT/experiments/dda_full_sweep/traces/32_channels_per_device/20_devices/model_parallel_FC/Llama2-13B/trace_2_FC_devices_seqlen_4096.txt
/home/aatmaj/CENT/aim_simulator/build/ramulator2 -f /home/aatmaj/CENT/aim_simulator/test/example.yaml -t /home/aatmaj/CENT/experiments/dda_full_sweep/traces/32_channels_per_device/20_devices/model_parallel/Llama2-13B/trace_4_FC_devices_seqlen_4096.txt
/home/aatmaj/CENT/experiments/dda_full_sweep/simulation/run_sim_full32.py:430: FutureWarning: The behavior of DataFrame concatenation with empty or all-NA entries is deprecated. In a future version, this will no longer exclude empty or all-NA columns when determining the result dtypes. To retain the old behavior, exclude the relevant entries before the concat operation.
  results_df = pd.concat([results_df, new_df], ignore_index=True)
/home/aatmaj/CENT/aim_simulator/build/ramulator2 -f /home/aatmaj/CENT/aim_simulator/test/example.yaml -t /home/aatmaj/CENT/experiments/dda_full_sweep/traces/32_channels_per_device/20_devices/model_parallel_FC/Llama2-13B/trace_4_FC_devices_seqlen_4096.txt
/home/aatmaj/CENT/aim_simulator/build/ramulator2 -f /home/aatmaj/CENT/aim_simulator/test/example.yaml -t /home/aatmaj/CENT/experiments/dda_full_sweep/traces/32_channels_per_device/20_devices/model_parallel/Llama2-13B/trace_5_FC_devices_seqlen_4096.txt
/home/aatmaj/CENT/aim_simulator/build/ramulator2 -f /home/aatmaj/CENT/aim_simulator/test/example.yaml -t /home/aatmaj/CENT/experiments/dda_full_sweep/traces/32_channels_per_device/20_devices/model_parallel_FC/Llama2-13B/trace_5_FC_devices_seqlen_4096.txt
/home/aatmaj/CENT/aim_simulator/build/ramulator2 -f /home/aatmaj/CENT/aim_simulator/test/example.yaml -t /home/aatmaj/CENT/experiments/dda_full_sweep/traces/32_channels_per_device/20_devices/model_parallel/Llama2-13B/trace_10_FC_devices_seqlen_4096.txt
/home/aatmaj/CENT/aim_simulator/build/ramulator2 -f /home/aatmaj/CENT/aim_simulator/test/example.yaml -t /home/aatmaj/CENT/experiments/dda_full_sweep/traces/32_channels_per_device/20_devices/model_parallel_FC/Llama2-13B/trace_10_FC_devices_seqlen_4096.txt
/home/aatmaj/CENT/aim_simulator/build/ramulator2 -f /home/aatmaj/CENT/aim_simulator/test/example.yaml -t /home/aatmaj/CENT/experiments/dda_full_sweep/traces/32_channels_per_device/20_devices/model_parallel/Llama2-13B/trace_20_FC_devices_seqlen_4096.txt
/home/aatmaj/CENT/aim_simulator/build/ramulator2 -f /home/aatmaj/CENT/aim_simulator/test/example.yaml -t /home/aatmaj/CENT/experiments/dda_full_sweep/traces/32_channels_per_device/20_devices/model_parallel_FC/Llama2-13B/trace_20_FC_devices_seqlen_4096.txt
Processing results...
Updating simulation results to CSV...
=== Llama2-13B | N=20 | mode=mp | re-scoring at 7 lanes/dev (standalone box) ===
/home/aatmaj/CENT/experiments/dda_full_sweep/simulation/run_sim_full32.py:430: FutureWarning: The behavior of DataFrame concatenation with empty or all-NA entries is deprecated. In a future version, this will no longer exclude empty or all-NA columns when determining the result dtypes. To retain the old behavior, exclude the relevant entries before the concat operation.
  results_df = pd.concat([results_df, new_df], ignore_index=True)
Updating simulation results to CSV...

=== Llama2-13B | N=32 | mode=pp | scoring at 4 lanes/dev (shared 32-dev fabric) ===
Generating traces for Llama2-13B (32 devices) ...
/home/aatmaj/CENT/aim_simulator/build/ramulator2 -f /home/aatmaj/CENT/aim_simulator/test/example.yaml -t /home/aatmaj/CENT/experiments/dda_full_sweep/traces/32_channels_per_device/32_devices/pipeline_parallel_embedding/Llama2-13B/trace_16_channels_per_block_seqlen_4096.txt
/home/aatmaj/CENT/aim_simulator/build/ramulator2 -f /home/aatmaj/CENT/aim_simulator/test/example.yaml -t /home/aatmaj/CENT/experiments/dda_full_sweep/traces/32_channels_per_device/32_devices/pipeline_parallel/Llama2-13B/trace_16_channels_per_block_seqlen_128.txt
/home/aatmaj/CENT/aim_simulator/build/ramulator2 -f /home/aatmaj/CENT/aim_simulator/test/example.yaml -t /home/aatmaj/CENT/experiments/dda_full_sweep/traces/32_channels_per_device/32_devices/pipeline_parallel/Llama2-13B/trace_16_channels_per_block_seqlen_256.txt
/home/aatmaj/CENT/aim_simulator/build/ramulator2 -f /home/aatmaj/CENT/aim_simulator/test/example.yaml -t /home/aatmaj/CENT/experiments/dda_full_sweep/traces/32_channels_per_device/32_devices/pipeline_parallel/Llama2-13B/trace_16_channels_per_block_seqlen_384.txt
/home/aatmaj/CENT/aim_simulator/build/ramulator2 -f /home/aatmaj/CENT/aim_simulator/test/example.yaml -t /home/aatmaj/CENT/experiments/dda_full_sweep/traces/32_channels_per_device/32_devices/pipeline_parallel/Llama2-13B/trace_16_channels_per_block_seqlen_512.txt
/home/aatmaj/CENT/aim_simulator/build/ramulator2 -f /home/aatmaj/CENT/aim_simulator/test/example.yaml -t /home/aatmaj/CENT/experiments/dda_full_sweep/traces/32_channels_per_device/32_devices/pipeline_parallel/Llama2-13B/trace_16_channels_per_block_seqlen_640.txt
/home/aatmaj/CENT/aim_simulator/build/ramulator2 -f /home/aatmaj/CENT/aim_simulator/test/example.yaml -t /home/aatmaj/CENT/experiments/dda_full_sweep/traces/32_channels_per_device/32_devices/pipeline_parallel/Llama2-13B/trace_16_channels_per_block_seqlen_768.txt
/home/aatmaj/CENT/aim_simulator/build/ramulator2 -f /home/aatmaj/CENT/aim_simulator/test/example.yaml -t /home/aatmaj/CENT/experiments/dda_full_sweep/traces/32_channels_per_device/32_devices/pipeline_parallel/Llama2-13B/trace_16_channels_per_block_seqlen_896.txt
/home/aatmaj/CENT/aim_simulator/build/ramulator2 -f /home/aatmaj/CENT/aim_simulator/test/example.yaml -t /home/aatmaj/CENT/experiments/dda_full_sweep/traces/32_channels_per_device/32_devices/pipeline_parallel/Llama2-13B/trace_16_channels_per_block_seqlen_1024.txt
/home/aatmaj/CENT/aim_simulator/build/ramulator2 -f /home/aatmaj/CENT/aim_simulator/test/example.yaml -t /home/aatmaj/CENT/experiments/dda_full_sweep/traces/32_channels_per_device/32_devices/pipeline_parallel/Llama2-13B/trace_16_channels_per_block_seqlen_1152.txt
/home/aatmaj/CENT/aim_simulator/build/ramulator2 -f /home/aatmaj/CENT/aim_simulator/test/example.yaml -t /home/aatmaj/CENT/experiments/dda_full_sweep/traces/32_channels_per_device/32_devices/pipeline_parallel/Llama2-13B/trace_16_channels_per_block_seqlen_1280.txt
/home/aatmaj/CENT/aim_simulator/build/ramulator2 -f /home/aatmaj/CENT/aim_simulator/test/example.yaml -t /home/aatmaj/CENT/experiments/dda_full_sweep/traces/32_channels_per_device/32_devices/pipeline_parallel/Llama2-13B/trace_16_channels_per_block_seqlen_1408.txt
/home/aatmaj/CENT/aim_simulator/build/ramulator2 -f /home/aatmaj/CENT/aim_simulator/test/example.yaml -t /home/aatmaj/CENT/experiments/dda_full_sweep/traces/32_channels_per_device/32_devices/pipeline_parallel/Llama2-13B/trace_16_channels_per_block_seqlen_1536.txt
/home/aatmaj/CENT/aim_simulator/build/ramulator2 -f /home/aatmaj/CENT/aim_simulator/test/example.yaml -t /home/aatmaj/CENT/experiments/dda_full_sweep/traces/32_channels_per_device/32_devices/pipeline_parallel/Llama2-13B/trace_16_channels_per_block_seqlen_1664.txt
/home/aatmaj/CENT/aim_simulator/build/ramulator2 -f /home/aatmaj/CENT/aim_simulator/test/example.yaml -t /home/aatmaj/CENT/experiments/dda_full_sweep/traces/32_channels_per_device/32_devices/pipeline_parallel/Llama2-13B/trace_16_channels_per_block_seqlen_1792.txt
/home/aatmaj/CENT/aim_simulator/build/ramulator2 -f /home/aatmaj/CENT/aim_simulator/test/example.yaml -t /home/aatmaj/CENT/experiments/dda_full_sweep/traces/32_channels_per_device/32_devices/pipeline_parallel/Llama2-13B/trace_16_channels_per_block_seqlen_1920.txt
/home/aatmaj/CENT/aim_simulator/build/ramulator2 -f /home/aatmaj/CENT/aim_simulator/test/example.yaml -t /home/aatmaj/CENT/experiments/dda_full_sweep/traces/32_channels_per_device/32_devices/pipeline_parallel/Llama2-13B/trace_16_channels_per_block_seqlen_2048.txt
/home/aatmaj/CENT/aim_simulator/build/ramulator2 -f /home/aatmaj/CENT/aim_simulator/test/example.yaml -t /home/aatmaj/CENT/experiments/dda_full_sweep/traces/32_channels_per_device/32_devices/pipeline_parallel/Llama2-13B/trace_16_channels_per_block_seqlen_2176.txt
/home/aatmaj/CENT/aim_simulator/build/ramulator2 -f /home/aatmaj/CENT/aim_simulator/test/example.yaml -t /home/aatmaj/CENT/experiments/dda_full_sweep/traces/32_channels_per_device/32_devices/pipeline_parallel/Llama2-13B/trace_16_channels_per_block_seqlen_2304.txt
/home/aatmaj/CENT/aim_simulator/build/ramulator2 -f /home/aatmaj/CENT/aim_simulator/test/example.yaml -t /home/aatmaj/CENT/experiments/dda_full_sweep/traces/32_channels_per_device/32_devices/pipeline_parallel/Llama2-13B/trace_16_channels_per_block_seqlen_2432.txt
/home/aatmaj/CENT/aim_simulator/build/ramulator2 -f /home/aatmaj/CENT/aim_simulator/test/example.yaml -t /home/aatmaj/CENT/experiments/dda_full_sweep/traces/32_channels_per_device/32_devices/pipeline_parallel/Llama2-13B/trace_16_channels_per_block_seqlen_2560.txt
/home/aatmaj/CENT/aim_simulator/build/ramulator2 -f /home/aatmaj/CENT/aim_simulator/test/example.yaml -t /home/aatmaj/CENT/experiments/dda_full_sweep/traces/32_channels_per_device/32_devices/pipeline_parallel/Llama2-13B/trace_16_channels_per_block_seqlen_2688.txt
/home/aatmaj/CENT/aim_simulator/build/ramulator2 -f /home/aatmaj/CENT/aim_simulator/test/example.yaml -t /home/aatmaj/CENT/experiments/dda_full_sweep/traces/32_channels_per_device/32_devices/pipeline_parallel/Llama2-13B/trace_16_channels_per_block_seqlen_2816.txt
/home/aatmaj/CENT/aim_simulator/build/ramulator2 -f /home/aatmaj/CENT/aim_simulator/test/example.yaml -t /home/aatmaj/CENT/experiments/dda_full_sweep/traces/32_channels_per_device/32_devices/pipeline_parallel/Llama2-13B/trace_16_channels_per_block_seqlen_2944.txt
/home/aatmaj/CENT/aim_simulator/build/ramulator2 -f /home/aatmaj/CENT/aim_simulator/test/example.yaml -t /home/aatmaj/CENT/experiments/dda_full_sweep/traces/32_channels_per_device/32_devices/pipeline_parallel/Llama2-13B/trace_16_channels_per_block_seqlen_3072.txt
/home/aatmaj/CENT/aim_simulator/build/ramulator2 -f /home/aatmaj/CENT/aim_simulator/test/example.yaml -t /home/aatmaj/CENT/experiments/dda_full_sweep/traces/32_channels_per_device/32_devices/pipeline_parallel/Llama2-13B/trace_16_channels_per_block_seqlen_3200.txt
/home/aatmaj/CENT/aim_simulator/build/ramulator2 -f /home/aatmaj/CENT/aim_simulator/test/example.yaml -t /home/aatmaj/CENT/experiments/dda_full_sweep/traces/32_channels_per_device/32_devices/pipeline_parallel/Llama2-13B/trace_16_channels_per_block_seqlen_3328.txt
/home/aatmaj/CENT/aim_simulator/build/ramulator2 -f /home/aatmaj/CENT/aim_simulator/test/example.yaml -t /home/aatmaj/CENT/experiments/dda_full_sweep/traces/32_channels_per_device/32_devices/pipeline_parallel/Llama2-13B/trace_16_channels_per_block_seqlen_3456.txt
/home/aatmaj/CENT/aim_simulator/build/ramulator2 -f /home/aatmaj/CENT/aim_simulator/test/example.yaml -t /home/aatmaj/CENT/experiments/dda_full_sweep/traces/32_channels_per_device/32_devices/pipeline_parallel/Llama2-13B/trace_16_channels_per_block_seqlen_3584.txt
/home/aatmaj/CENT/aim_simulator/build/ramulator2 -f /home/aatmaj/CENT/aim_simulator/test/example.yaml -t /home/aatmaj/CENT/experiments/dda_full_sweep/traces/32_channels_per_device/32_devices/pipeline_parallel/Llama2-13B/trace_16_channels_per_block_seqlen_3712.txt
/home/aatmaj/CENT/experiments/dda_full_sweep/simulation/run_sim_full32.py:443: FutureWarning: The behavior of DataFrame concatenation with empty or all-NA entries is deprecated. In a future version, this will no longer exclude empty or all-NA columns when determining the result dtypes. To retain the old behavior, exclude the relevant entries before the concat operation.
  results_df = pd.concat([results_df, new_df], ignore_index=True)
/home/aatmaj/CENT/aim_simulator/build/ramulator2 -f /home/aatmaj/CENT/aim_simulator/test/example.yaml -t /home/aatmaj/CENT/experiments/dda_full_sweep/traces/32_channels_per_device/32_devices/pipeline_parallel/Llama2-13B/trace_16_channels_per_block_seqlen_3840.txt
/home/aatmaj/CENT/aim_simulator/build/ramulator2 -f /home/aatmaj/CENT/aim_simulator/test/example.yaml -t /home/aatmaj/CENT/experiments/dda_full_sweep/traces/32_channels_per_device/32_devices/pipeline_parallel/Llama2-13B/trace_16_channels_per_block_seqlen_3968.txt
/home/aatmaj/CENT/aim_simulator/build/ramulator2 -f /home/aatmaj/CENT/aim_simulator/test/example.yaml -t /home/aatmaj/CENT/experiments/dda_full_sweep/traces/32_channels_per_device/32_devices/pipeline_parallel/Llama2-13B/trace_16_channels_per_block_seqlen_4096.txt
Processing results...
Updating simulation results to CSV...
=== Llama2-13B | N=32 | mode=pp | re-scoring at 4 lanes/dev (standalone box) ===
/home/aatmaj/CENT/experiments/dda_full_sweep/simulation/run_sim_full32.py:443: FutureWarning: The behavior of DataFrame concatenation with empty or all-NA entries is deprecated. In a future version, this will no longer exclude empty or all-NA columns when determining the result dtypes. To retain the old behavior, exclude the relevant entries before the concat operation.
  results_df = pd.concat([results_df, new_df], ignore_index=True)
Updating simulation results to CSV...

=== Llama2-13B | N=32 | mode=mp | scoring at 4 lanes/dev (shared 32-dev fabric) ===
Generating traces for Llama2-13B (32 devices) ...
/home/aatmaj/CENT/aim_simulator/build/ramulator2 -f /home/aatmaj/CENT/aim_simulator/test/example.yaml -t /home/aatmaj/CENT/experiments/dda_full_sweep/traces/32_channels_per_device/32_devices/model_parallel_embedding/Llama2-13B/trace_1_FC_devices_seqlen_4096.txt
/home/aatmaj/CENT/aim_simulator/build/ramulator2 -f /home/aatmaj/CENT/aim_simulator/test/example.yaml -t /home/aatmaj/CENT/experiments/dda_full_sweep/traces/32_channels_per_device/32_devices/model_parallel_embedding/Llama2-13B/trace_2_FC_devices_seqlen_4096.txt
/home/aatmaj/CENT/aim_simulator/build/ramulator2 -f /home/aatmaj/CENT/aim_simulator/test/example.yaml -t /home/aatmaj/CENT/experiments/dda_full_sweep/traces/32_channels_per_device/32_devices/model_parallel_embedding/Llama2-13B/trace_4_FC_devices_seqlen_4096.txt
/home/aatmaj/CENT/aim_simulator/build/ramulator2 -f /home/aatmaj/CENT/aim_simulator/test/example.yaml -t /home/aatmaj/CENT/experiments/dda_full_sweep/traces/32_channels_per_device/32_devices/model_parallel_embedding/Llama2-13B/trace_8_FC_devices_seqlen_4096.txt
/home/aatmaj/CENT/aim_simulator/build/ramulator2 -f /home/aatmaj/CENT/aim_simulator/test/example.yaml -t /home/aatmaj/CENT/experiments/dda_full_sweep/traces/32_channels_per_device/32_devices/model_parallel_embedding/Llama2-13B/trace_16_FC_devices_seqlen_4096.txt
/home/aatmaj/CENT/aim_simulator/build/ramulator2 -f /home/aatmaj/CENT/aim_simulator/test/example.yaml -t /home/aatmaj/CENT/experiments/dda_full_sweep/traces/32_channels_per_device/32_devices/model_parallel_embedding/Llama2-13B/trace_32_FC_devices_seqlen_4096.txt
/home/aatmaj/CENT/aim_simulator/build/ramulator2 -f /home/aatmaj/CENT/aim_simulator/test/example.yaml -t /home/aatmaj/CENT/experiments/dda_full_sweep/traces/32_channels_per_device/32_devices/model_parallel/Llama2-13B/trace_1_FC_devices_seqlen_128.txt
/home/aatmaj/CENT/aim_simulator/build/ramulator2 -f /home/aatmaj/CENT/aim_simulator/test/example.yaml -t /home/aatmaj/CENT/experiments/dda_full_sweep/traces/32_channels_per_device/32_devices/model_parallel_FC/Llama2-13B/trace_1_FC_devices_seqlen_128.txt
/home/aatmaj/CENT/aim_simulator/build/ramulator2 -f /home/aatmaj/CENT/aim_simulator/test/example.yaml -t /home/aatmaj/CENT/experiments/dda_full_sweep/traces/32_channels_per_device/32_devices/model_parallel/Llama2-13B/trace_2_FC_devices_seqlen_128.txt
/home/aatmaj/CENT/aim_simulator/build/ramulator2 -f /home/aatmaj/CENT/aim_simulator/test/example.yaml -t /home/aatmaj/CENT/experiments/dda_full_sweep/traces/32_channels_per_device/32_devices/model_parallel_FC/Llama2-13B/trace_2_FC_devices_seqlen_128.txt
/home/aatmaj/CENT/aim_simulator/build/ramulator2 -f /home/aatmaj/CENT/aim_simulator/test/example.yaml -t /home/aatmaj/CENT/experiments/dda_full_sweep/traces/32_channels_per_device/32_devices/model_parallel/Llama2-13B/trace_4_FC_devices_seqlen_128.txt
/home/aatmaj/CENT/aim_simulator/build/ramulator2 -f /home/aatmaj/CENT/aim_simulator/test/example.yaml -t /home/aatmaj/CENT/experiments/dda_full_sweep/traces/32_channels_per_device/32_devices/model_parallel_FC/Llama2-13B/trace_4_FC_devices_seqlen_128.txt
/home/aatmaj/CENT/aim_simulator/build/ramulator2 -f /home/aatmaj/CENT/aim_simulator/test/example.yaml -t /home/aatmaj/CENT/experiments/dda_full_sweep/traces/32_channels_per_device/32_devices/model_parallel/Llama2-13B/trace_8_FC_devices_seqlen_128.txt
/home/aatmaj/CENT/aim_simulator/build/ramulator2 -f /home/aatmaj/CENT/aim_simulator/test/example.yaml -t /home/aatmaj/CENT/experiments/dda_full_sweep/traces/32_channels_per_device/32_devices/model_parallel_FC/Llama2-13B/trace_8_FC_devices_seqlen_128.txt
/home/aatmaj/CENT/aim_simulator/build/ramulator2 -f /home/aatmaj/CENT/aim_simulator/test/example.yaml -t /home/aatmaj/CENT/experiments/dda_full_sweep/traces/32_channels_per_device/32_devices/model_parallel/Llama2-13B/trace_16_FC_devices_seqlen_128.txt
/home/aatmaj/CENT/aim_simulator/build/ramulator2 -f /home/aatmaj/CENT/aim_simulator/test/example.yaml -t /home/aatmaj/CENT/experiments/dda_full_sweep/traces/32_channels_per_device/32_devices/model_parallel_FC/Llama2-13B/trace_16_FC_devices_seqlen_128.txt
/home/aatmaj/CENT/aim_simulator/build/ramulator2 -f /home/aatmaj/CENT/aim_simulator/test/example.yaml -t /home/aatmaj/CENT/experiments/dda_full_sweep/traces/32_channels_per_device/32_devices/model_parallel/Llama2-13B/trace_32_FC_devices_seqlen_128.txt
/home/aatmaj/CENT/aim_simulator/build/ramulator2 -f /home/aatmaj/CENT/aim_simulator/test/example.yaml -t /home/aatmaj/CENT/experiments/dda_full_sweep/traces/32_channels_per_device/32_devices/model_parallel_FC/Llama2-13B/trace_32_FC_devices_seqlen_128.txt
/home/aatmaj/CENT/aim_simulator/build/ramulator2 -f /home/aatmaj/CENT/aim_simulator/test/example.yaml -t /home/aatmaj/CENT/experiments/dda_full_sweep/traces/32_channels_per_device/32_devices/model_parallel/Llama2-13B/trace_1_FC_devices_seqlen_256.txt
/home/aatmaj/CENT/aim_simulator/build/ramulator2 -f /home/aatmaj/CENT/aim_simulator/test/example.yaml -t /home/aatmaj/CENT/experiments/dda_full_sweep/traces/32_channels_per_device/32_devices/model_parallel_FC/Llama2-13B/trace_1_FC_devices_seqlen_256.txt
/home/aatmaj/CENT/aim_simulator/build/ramulator2 -f /home/aatmaj/CENT/aim_simulator/test/example.yaml -t /home/aatmaj/CENT/experiments/dda_full_sweep/traces/32_channels_per_device/32_devices/model_parallel/Llama2-13B/trace_2_FC_devices_seqlen_256.txt
/home/aatmaj/CENT/aim_simulator/build/ramulator2 -f /home/aatmaj/CENT/aim_simulator/test/example.yaml -t /home/aatmaj/CENT/experiments/dda_full_sweep/traces/32_channels_per_device/32_devices/model_parallel_FC/Llama2-13B/trace_2_FC_devices_seqlen_256.txt
/home/aatmaj/CENT/aim_simulator/build/ramulator2 -f /home/aatmaj/CENT/aim_simulator/test/example.yaml -t /home/aatmaj/CENT/experiments/dda_full_sweep/traces/32_channels_per_device/32_devices/model_parallel/Llama2-13B/trace_4_FC_devices_seqlen_256.txt
/home/aatmaj/CENT/aim_simulator/build/ramulator2 -f /home/aatmaj/CENT/aim_simulator/test/example.yaml -t /home/aatmaj/CENT/experiments/dda_full_sweep/traces/32_channels_per_device/32_devices/model_parallel_FC/Llama2-13B/trace_4_FC_devices_seqlen_256.txt
/home/aatmaj/CENT/aim_simulator/build/ramulator2 -f /home/aatmaj/CENT/aim_simulator/test/example.yaml -t /home/aatmaj/CENT/experiments/dda_full_sweep/traces/32_channels_per_device/32_devices/model_parallel/Llama2-13B/trace_8_FC_devices_seqlen_256.txt
/home/aatmaj/CENT/aim_simulator/build/ramulator2 -f /home/aatmaj/CENT/aim_simulator/test/example.yaml -t /home/aatmaj/CENT/experiments/dda_full_sweep/traces/32_channels_per_device/32_devices/model_parallel_FC/Llama2-13B/trace_8_FC_devices_seqlen_256.txt
/home/aatmaj/CENT/aim_simulator/build/ramulator2 -f /home/aatmaj/CENT/aim_simulator/test/example.yaml -t /home/aatmaj/CENT/experiments/dda_full_sweep/traces/32_channels_per_device/32_devices/model_parallel/Llama2-13B/trace_16_FC_devices_seqlen_256.txt
/home/aatmaj/CENT/aim_simulator/build/ramulator2 -f /home/aatmaj/CENT/aim_simulator/test/example.yaml -t /home/aatmaj/CENT/experiments/dda_full_sweep/traces/32_channels_per_device/32_devices/model_parallel_FC/Llama2-13B/trace_16_FC_devices_seqlen_256.txt
/home/aatmaj/CENT/aim_simulator/build/ramulator2 -f /home/aatmaj/CENT/aim_simulator/test/example.yaml -t /home/aatmaj/CENT/experiments/dda_full_sweep/traces/32_channels_per_device/32_devices/model_parallel/Llama2-13B/trace_32_FC_devices_seqlen_256.txt
/home/aatmaj/CENT/aim_simulator/build/ramulator2 -f /home/aatmaj/CENT/aim_simulator/test/example.yaml -t /home/aatmaj/CENT/experiments/dda_full_sweep/traces/32_channels_per_device/32_devices/model_parallel_FC/Llama2-13B/trace_32_FC_devices_seqlen_256.txt
/home/aatmaj/CENT/aim_simulator/build/ramulator2 -f /home/aatmaj/CENT/aim_simulator/test/example.yaml -t /home/aatmaj/CENT/experiments/dda_full_sweep/traces/32_channels_per_device/32_devices/model_parallel/Llama2-13B/trace_1_FC_devices_seqlen_384.txt
/home/aatmaj/CENT/aim_simulator/build/ramulator2 -f /home/aatmaj/CENT/aim_simulator/test/example.yaml -t /home/aatmaj/CENT/experiments/dda_full_sweep/traces/32_channels_per_device/32_devices/model_parallel_FC/Llama2-13B/trace_1_FC_devices_seqlen_384.txt
/home/aatmaj/CENT/aim_simulator/build/ramulator2 -f /home/aatmaj/CENT/aim_simulator/test/example.yaml -t /home/aatmaj/CENT/experiments/dda_full_sweep/traces/32_channels_per_device/32_devices/model_parallel/Llama2-13B/trace_2_FC_devices_seqlen_384.txt
/home/aatmaj/CENT/aim_simulator/build/ramulator2 -f /home/aatmaj/CENT/aim_simulator/test/example.yaml -t /home/aatmaj/CENT/experiments/dda_full_sweep/traces/32_channels_per_device/32_devices/model_parallel_FC/Llama2-13B/trace_2_FC_devices_seqlen_384.txt
/home/aatmaj/CENT/aim_simulator/build/ramulator2 -f /home/aatmaj/CENT/aim_simulator/test/example.yaml -t /home/aatmaj/CENT/experiments/dda_full_sweep/traces/32_channels_per_device/32_devices/model_parallel/Llama2-13B/trace_4_FC_devices_seqlen_384.txt
/home/aatmaj/CENT/aim_simulator/build/ramulator2 -f /home/aatmaj/CENT/aim_simulator/test/example.yaml -t /home/aatmaj/CENT/experiments/dda_full_sweep/traces/32_channels_per_device/32_devices/model_parallel_FC/Llama2-13B/trace_4_FC_devices_seqlen_384.txt
/home/aatmaj/CENT/aim_simulator/build/ramulator2 -f /home/aatmaj/CENT/aim_simulator/test/example.yaml -t /home/aatmaj/CENT/experiments/dda_full_sweep/traces/32_channels_per_device/32_devices/model_parallel/Llama2-13B/trace_8_FC_devices_seqlen_384.txt
/home/aatmaj/CENT/aim_simulator/build/ramulator2 -f /home/aatmaj/CENT/aim_simulator/test/example.yaml -t /home/aatmaj/CENT/experiments/dda_full_sweep/traces/32_channels_per_device/32_devices/model_parallel_FC/Llama2-13B/trace_8_FC_devices_seqlen_384.txt
/home/aatmaj/CENT/aim_simulator/build/ramulator2 -f /home/aatmaj/CENT/aim_simulator/test/example.yaml -t /home/aatmaj/CENT/experiments/dda_full_sweep/traces/32_channels_per_device/32_devices/model_parallel/Llama2-13B/trace_16_FC_devices_seqlen_384.txt
/home/aatmaj/CENT/aim_simulator/build/ramulator2 -f /home/aatmaj/CENT/aim_simulator/test/example.yaml -t /home/aatmaj/CENT/experiments/dda_full_sweep/traces/32_channels_per_device/32_devices/model_parallel_FC/Llama2-13B/trace_16_FC_devices_seqlen_384.txt
/home/aatmaj/CENT/aim_simulator/build/ramulator2 -f /home/aatmaj/CENT/aim_simulator/test/example.yaml -t /home/aatmaj/CENT/experiments/dda_full_sweep/traces/32_channels_per_device/32_devices/model_parallel/Llama2-13B/trace_32_FC_devices_seqlen_384.txt
/home/aatmaj/CENT/aim_simulator/build/ramulator2 -f /home/aatmaj/CENT/aim_simulator/test/example.yaml -t /home/aatmaj/CENT/experiments/dda_full_sweep/traces/32_channels_per_device/32_devices/model_parallel_FC/Llama2-13B/trace_32_FC_devices_seqlen_384.txt
/home/aatmaj/CENT/aim_simulator/build/ramulator2 -f /home/aatmaj/CENT/aim_simulator/test/example.yaml -t /home/aatmaj/CENT/experiments/dda_full_sweep/traces/32_channels_per_device/32_devices/model_parallel/Llama2-13B/trace_1_FC_devices_seqlen_512.txt
/home/aatmaj/CENT/aim_simulator/build/ramulator2 -f /home/aatmaj/CENT/aim_simulator/test/example.yaml -t /home/aatmaj/CENT/experiments/dda_full_sweep/traces/32_channels_per_device/32_devices/model_parallel_FC/Llama2-13B/trace_1_FC_devices_seqlen_512.txt
/home/aatmaj/CENT/aim_simulator/build/ramulator2 -f /home/aatmaj/CENT/aim_simulator/test/example.yaml -t /home/aatmaj/CENT/experiments/dda_full_sweep/traces/32_channels_per_device/32_devices/model_parallel/Llama2-13B/trace_2_FC_devices_seqlen_512.txt
/home/aatmaj/CENT/aim_simulator/build/ramulator2 -f /home/aatmaj/CENT/aim_simulator/test/example.yaml -t /home/aatmaj/CENT/experiments/dda_full_sweep/traces/32_channels_per_device/32_devices/model_parallel_FC/Llama2-13B/trace_2_FC_devices_seqlen_512.txt
/home/aatmaj/CENT/aim_simulator/build/ramulator2 -f /home/aatmaj/CENT/aim_simulator/test/example.yaml -t /home/aatmaj/CENT/experiments/dda_full_sweep/traces/32_channels_per_device/32_devices/model_parallel/Llama2-13B/trace_4_FC_devices_seqlen_512.txt
/home/aatmaj/CENT/aim_simulator/build/ramulator2 -f /home/aatmaj/CENT/aim_simulator/test/example.yaml -t /home/aatmaj/CENT/experiments/dda_full_sweep/traces/32_channels_per_device/32_devices/model_parallel_FC/Llama2-13B/trace_4_FC_devices_seqlen_512.txt
/home/aatmaj/CENT/aim_simulator/build/ramulator2 -f /home/aatmaj/CENT/aim_simulator/test/example.yaml -t /home/aatmaj/CENT/experiments/dda_full_sweep/traces/32_channels_per_device/32_devices/model_parallel/Llama2-13B/trace_8_FC_devices_seqlen_512.txt
/home/aatmaj/CENT/aim_simulator/build/ramulator2 -f /home/aatmaj/CENT/aim_simulator/test/example.yaml -t /home/aatmaj/CENT/experiments/dda_full_sweep/traces/32_channels_per_device/32_devices/model_parallel_FC/Llama2-13B/trace_8_FC_devices_seqlen_512.txt
/home/aatmaj/CENT/aim_simulator/build/ramulator2 -f /home/aatmaj/CENT/aim_simulator/test/example.yaml -t /home/aatmaj/CENT/experiments/dda_full_sweep/traces/32_channels_per_device/32_devices/model_parallel/Llama2-13B/trace_16_FC_devices_seqlen_512.txt
/home/aatmaj/CENT/aim_simulator/build/ramulator2 -f /home/aatmaj/CENT/aim_simulator/test/example.yaml -t /home/aatmaj/CENT/experiments/dda_full_sweep/traces/32_channels_per_device/32_devices/model_parallel_FC/Llama2-13B/trace_16_FC_devices_seqlen_512.txt
/home/aatmaj/CENT/aim_simulator/build/ramulator2 -f /home/aatmaj/CENT/aim_simulator/test/example.yaml -t /home/aatmaj/CENT/experiments/dda_full_sweep/traces/32_channels_per_device/32_devices/model_parallel/Llama2-13B/trace_32_FC_devices_seqlen_512.txt
/home/aatmaj/CENT/aim_simulator/build/ramulator2 -f /home/aatmaj/CENT/aim_simulator/test/example.yaml -t /home/aatmaj/CENT/experiments/dda_full_sweep/traces/32_channels_per_device/32_devices/model_parallel_FC/Llama2-13B/trace_32_FC_devices_seqlen_512.txt
/home/aatmaj/CENT/aim_simulator/build/ramulator2 -f /home/aatmaj/CENT/aim_simulator/test/example.yaml -t /home/aatmaj/CENT/experiments/dda_full_sweep/traces/32_channels_per_device/32_devices/model_parallel/Llama2-13B/trace_1_FC_devices_seqlen_640.txt
/home/aatmaj/CENT/aim_simulator/build/ramulator2 -f /home/aatmaj/CENT/aim_simulator/test/example.yaml -t /home/aatmaj/CENT/experiments/dda_full_sweep/traces/32_channels_per_device/32_devices/model_parallel_FC/Llama2-13B/trace_1_FC_devices_seqlen_640.txt
/home/aatmaj/CENT/aim_simulator/build/ramulator2 -f /home/aatmaj/CENT/aim_simulator/test/example.yaml -t /home/aatmaj/CENT/experiments/dda_full_sweep/traces/32_channels_per_device/32_devices/model_parallel/Llama2-13B/trace_2_FC_devices_seqlen_640.txt
/home/aatmaj/CENT/aim_simulator/build/ramulator2 -f /home/aatmaj/CENT/aim_simulator/test/example.yaml -t /home/aatmaj/CENT/experiments/dda_full_sweep/traces/32_channels_per_device/32_devices/model_parallel_FC/Llama2-13B/trace_2_FC_devices_seqlen_640.txt
/home/aatmaj/CENT/aim_simulator/build/ramulator2 -f /home/aatmaj/CENT/aim_simulator/test/example.yaml -t /home/aatmaj/CENT/experiments/dda_full_sweep/traces/32_channels_per_device/32_devices/model_parallel/Llama2-13B/trace_4_FC_devices_seqlen_640.txt
/home/aatmaj/CENT/aim_simulator/build/ramulator2 -f /home/aatmaj/CENT/aim_simulator/test/example.yaml -t /home/aatmaj/CENT/experiments/dda_full_sweep/traces/32_channels_per_device/32_devices/model_parallel_FC/Llama2-13B/trace_4_FC_devices_seqlen_640.txt
/home/aatmaj/CENT/aim_simulator/build/ramulator2 -f /home/aatmaj/CENT/aim_simulator/test/example.yaml -t /home/aatmaj/CENT/experiments/dda_full_sweep/traces/32_channels_per_device/32_devices/model_parallel/Llama2-13B/trace_8_FC_devices_seqlen_640.txt
/home/aatmaj/CENT/aim_simulator/build/ramulator2 -f /home/aatmaj/CENT/aim_simulator/test/example.yaml -t /home/aatmaj/CENT/experiments/dda_full_sweep/traces/32_channels_per_device/32_devices/model_parallel_FC/Llama2-13B/trace_8_FC_devices_seqlen_640.txt
/home/aatmaj/CENT/aim_simulator/build/ramulator2 -f /home/aatmaj/CENT/aim_simulator/test/example.yaml -t /home/aatmaj/CENT/experiments/dda_full_sweep/traces/32_channels_per_device/32_devices/model_parallel/Llama2-13B/trace_16_FC_devices_seqlen_640.txt
/home/aatmaj/CENT/aim_simulator/build/ramulator2 -f /home/aatmaj/CENT/aim_simulator/test/example.yaml -t /home/aatmaj/CENT/experiments/dda_full_sweep/traces/32_channels_per_device/32_devices/model_parallel_FC/Llama2-13B/trace_16_FC_devices_seqlen_640.txt
/home/aatmaj/CENT/aim_simulator/build/ramulator2 -f /home/aatmaj/CENT/aim_simulator/test/example.yaml -t /home/aatmaj/CENT/experiments/dda_full_sweep/traces/32_channels_per_device/32_devices/model_parallel/Llama2-13B/trace_32_FC_devices_seqlen_640.txt
/home/aatmaj/CENT/aim_simulator/build/ramulator2 -f /home/aatmaj/CENT/aim_simulator/test/example.yaml -t /home/aatmaj/CENT/experiments/dda_full_sweep/traces/32_channels_per_device/32_devices/model_parallel_FC/Llama2-13B/trace_32_FC_devices_seqlen_640.txt
/home/aatmaj/CENT/aim_simulator/build/ramulator2 -f /home/aatmaj/CENT/aim_simulator/test/example.yaml -t /home/aatmaj/CENT/experiments/dda_full_sweep/traces/32_channels_per_device/32_devices/model_parallel/Llama2-13B/trace_1_FC_devices_seqlen_768.txt
/home/aatmaj/CENT/aim_simulator/build/ramulator2 -f /home/aatmaj/CENT/aim_simulator/test/example.yaml -t /home/aatmaj/CENT/experiments/dda_full_sweep/traces/32_channels_per_device/32_devices/model_parallel_FC/Llama2-13B/trace_1_FC_devices_seqlen_768.txt
/home/aatmaj/CENT/aim_simulator/build/ramulator2 -f /home/aatmaj/CENT/aim_simulator/test/example.yaml -t /home/aatmaj/CENT/experiments/dda_full_sweep/traces/32_channels_per_device/32_devices/model_parallel/Llama2-13B/trace_2_FC_devices_seqlen_768.txt
/home/aatmaj/CENT/aim_simulator/build/ramulator2 -f /home/aatmaj/CENT/aim_simulator/test/example.yaml -t /home/aatmaj/CENT/experiments/dda_full_sweep/traces/32_channels_per_device/32_devices/model_parallel_FC/Llama2-13B/trace_2_FC_devices_seqlen_768.txt
/home/aatmaj/CENT/aim_simulator/build/ramulator2 -f /home/aatmaj/CENT/aim_simulator/test/example.yaml -t /home/aatmaj/CENT/experiments/dda_full_sweep/traces/32_channels_per_device/32_devices/model_parallel/Llama2-13B/trace_4_FC_devices_seqlen_768.txt
/home/aatmaj/CENT/aim_simulator/build/ramulator2 -f /home/aatmaj/CENT/aim_simulator/test/example.yaml -t /home/aatmaj/CENT/experiments/dda_full_sweep/traces/32_channels_per_device/32_devices/model_parallel_FC/Llama2-13B/trace_4_FC_devices_seqlen_768.txt
/home/aatmaj/CENT/aim_simulator/build/ramulator2 -f /home/aatmaj/CENT/aim_simulator/test/example.yaml -t /home/aatmaj/CENT/experiments/dda_full_sweep/traces/32_channels_per_device/32_devices/model_parallel/Llama2-13B/trace_8_FC_devices_seqlen_768.txt
/home/aatmaj/CENT/aim_simulator/build/ramulator2 -f /home/aatmaj/CENT/aim_simulator/test/example.yaml -t /home/aatmaj/CENT/experiments/dda_full_sweep/traces/32_channels_per_device/32_devices/model_parallel_FC/Llama2-13B/trace_8_FC_devices_seqlen_768.txt
/home/aatmaj/CENT/aim_simulator/build/ramulator2 -f /home/aatmaj/CENT/aim_simulator/test/example.yaml -t /home/aatmaj/CENT/experiments/dda_full_sweep/traces/32_channels_per_device/32_devices/model_parallel/Llama2-13B/trace_16_FC_devices_seqlen_768.txt
/home/aatmaj/CENT/aim_simulator/build/ramulator2 -f /home/aatmaj/CENT/aim_simulator/test/example.yaml -t /home/aatmaj/CENT/experiments/dda_full_sweep/traces/32_channels_per_device/32_devices/model_parallel_FC/Llama2-13B/trace_16_FC_devices_seqlen_768.txt
/home/aatmaj/CENT/aim_simulator/build/ramulator2 -f /home/aatmaj/CENT/aim_simulator/test/example.yaml -t /home/aatmaj/CENT/experiments/dda_full_sweep/traces/32_channels_per_device/32_devices/model_parallel/Llama2-13B/trace_32_FC_devices_seqlen_768.txt
/home/aatmaj/CENT/aim_simulator/build/ramulator2 -f /home/aatmaj/CENT/aim_simulator/test/example.yaml -t /home/aatmaj/CENT/experiments/dda_full_sweep/traces/32_channels_per_device/32_devices/model_parallel_FC/Llama2-13B/trace_32_FC_devices_seqlen_768.txt
/home/aatmaj/CENT/aim_simulator/build/ramulator2 -f /home/aatmaj/CENT/aim_simulator/test/example.yaml -t /home/aatmaj/CENT/experiments/dda_full_sweep/traces/32_channels_per_device/32_devices/model_parallel/Llama2-13B/trace_1_FC_devices_seqlen_896.txt
/home/aatmaj/CENT/aim_simulator/build/ramulator2 -f /home/aatmaj/CENT/aim_simulator/test/example.yaml -t /home/aatmaj/CENT/experiments/dda_full_sweep/traces/32_channels_per_device/32_devices/model_parallel_FC/Llama2-13B/trace_1_FC_devices_seqlen_896.txt
/home/aatmaj/CENT/aim_simulator/build/ramulator2 -f /home/aatmaj/CENT/aim_simulator/test/example.yaml -t /home/aatmaj/CENT/experiments/dda_full_sweep/traces/32_channels_per_device/32_devices/model_parallel/Llama2-13B/trace_2_FC_devices_seqlen_896.txt
/home/aatmaj/CENT/aim_simulator/build/ramulator2 -f /home/aatmaj/CENT/aim_simulator/test/example.yaml -t /home/aatmaj/CENT/experiments/dda_full_sweep/traces/32_channels_per_device/32_devices/model_parallel_FC/Llama2-13B/trace_2_FC_devices_seqlen_896.txt
/home/aatmaj/CENT/aim_simulator/build/ramulator2 -f /home/aatmaj/CENT/aim_simulator/test/example.yaml -t /home/aatmaj/CENT/experiments/dda_full_sweep/traces/32_channels_per_device/32_devices/model_parallel/Llama2-13B/trace_4_FC_devices_seqlen_896.txt
/home/aatmaj/CENT/aim_simulator/build/ramulator2 -f /home/aatmaj/CENT/aim_simulator/test/example.yaml -t /home/aatmaj/CENT/experiments/dda_full_sweep/traces/32_channels_per_device/32_devices/model_parallel_FC/Llama2-13B/trace_4_FC_devices_seqlen_896.txt
/home/aatmaj/CENT/aim_simulator/build/ramulator2 -f /home/aatmaj/CENT/aim_simulator/test/example.yaml -t /home/aatmaj/CENT/experiments/dda_full_sweep/traces/32_channels_per_device/32_devices/model_parallel/Llama2-13B/trace_8_FC_devices_seqlen_896.txt
/home/aatmaj/CENT/aim_simulator/build/ramulator2 -f /home/aatmaj/CENT/aim_simulator/test/example.yaml -t /home/aatmaj/CENT/experiments/dda_full_sweep/traces/32_channels_per_device/32_devices/model_parallel_FC/Llama2-13B/trace_8_FC_devices_seqlen_896.txt
/home/aatmaj/CENT/aim_simulator/build/ramulator2 -f /home/aatmaj/CENT/aim_simulator/test/example.yaml -t /home/aatmaj/CENT/experiments/dda_full_sweep/traces/32_channels_per_device/32_devices/model_parallel/Llama2-13B/trace_16_FC_devices_seqlen_896.txt
/home/aatmaj/CENT/aim_simulator/build/ramulator2 -f /home/aatmaj/CENT/aim_simulator/test/example.yaml -t /home/aatmaj/CENT/experiments/dda_full_sweep/traces/32_channels_per_device/32_devices/model_parallel_FC/Llama2-13B/trace_16_FC_devices_seqlen_896.txt
/home/aatmaj/CENT/aim_simulator/build/ramulator2 -f /home/aatmaj/CENT/aim_simulator/test/example.yaml -t /home/aatmaj/CENT/experiments/dda_full_sweep/traces/32_channels_per_device/32_devices/model_parallel/Llama2-13B/trace_32_FC_devices_seqlen_896.txt
/home/aatmaj/CENT/aim_simulator/build/ramulator2 -f /home/aatmaj/CENT/aim_simulator/test/example.yaml -t /home/aatmaj/CENT/experiments/dda_full_sweep/traces/32_channels_per_device/32_devices/model_parallel_FC/Llama2-13B/trace_32_FC_devices_seqlen_896.txt
/home/aatmaj/CENT/aim_simulator/build/ramulator2 -f /home/aatmaj/CENT/aim_simulator/test/example.yaml -t /home/aatmaj/CENT/experiments/dda_full_sweep/traces/32_channels_per_device/32_devices/model_parallel/Llama2-13B/trace_1_FC_devices_seqlen_1024.txt
/home/aatmaj/CENT/aim_simulator/build/ramulator2 -f /home/aatmaj/CENT/aim_simulator/test/example.yaml -t /home/aatmaj/CENT/experiments/dda_full_sweep/traces/32_channels_per_device/32_devices/model_parallel_FC/Llama2-13B/trace_1_FC_devices_seqlen_1024.txt
/home/aatmaj/CENT/aim_simulator/build/ramulator2 -f /home/aatmaj/CENT/aim_simulator/test/example.yaml -t /home/aatmaj/CENT/experiments/dda_full_sweep/traces/32_channels_per_device/32_devices/model_parallel/Llama2-13B/trace_2_FC_devices_seqlen_1024.txt
/home/aatmaj/CENT/aim_simulator/build/ramulator2 -f /home/aatmaj/CENT/aim_simulator/test/example.yaml -t /home/aatmaj/CENT/experiments/dda_full_sweep/traces/32_channels_per_device/32_devices/model_parallel_FC/Llama2-13B/trace_2_FC_devices_seqlen_1024.txt
/home/aatmaj/CENT/aim_simulator/build/ramulator2 -f /home/aatmaj/CENT/aim_simulator/test/example.yaml -t /home/aatmaj/CENT/experiments/dda_full_sweep/traces/32_channels_per_device/32_devices/model_parallel/Llama2-13B/trace_4_FC_devices_seqlen_1024.txt
/home/aatmaj/CENT/aim_simulator/build/ramulator2 -f /home/aatmaj/CENT/aim_simulator/test/example.yaml -t /home/aatmaj/CENT/experiments/dda_full_sweep/traces/32_channels_per_device/32_devices/model_parallel_FC/Llama2-13B/trace_4_FC_devices_seqlen_1024.txt
/home/aatmaj/CENT/aim_simulator/build/ramulator2 -f /home/aatmaj/CENT/aim_simulator/test/example.yaml -t /home/aatmaj/CENT/experiments/dda_full_sweep/traces/32_channels_per_device/32_devices/model_parallel/Llama2-13B/trace_8_FC_devices_seqlen_1024.txt
/home/aatmaj/CENT/aim_simulator/build/ramulator2 -f /home/aatmaj/CENT/aim_simulator/test/example.yaml -t /home/aatmaj/CENT/experiments/dda_full_sweep/traces/32_channels_per_device/32_devices/model_parallel_FC/Llama2-13B/trace_8_FC_devices_seqlen_1024.txt
/home/aatmaj/CENT/aim_simulator/build/ramulator2 -f /home/aatmaj/CENT/aim_simulator/test/example.yaml -t /home/aatmaj/CENT/experiments/dda_full_sweep/traces/32_channels_per_device/32_devices/model_parallel/Llama2-13B/trace_16_FC_devices_seqlen_1024.txt
/home/aatmaj/CENT/aim_simulator/build/ramulator2 -f /home/aatmaj/CENT/aim_simulator/test/example.yaml -t /home/aatmaj/CENT/experiments/dda_full_sweep/traces/32_channels_per_device/32_devices/model_parallel_FC/Llama2-13B/trace_16_FC_devices_seqlen_1024.txt
/home/aatmaj/CENT/aim_simulator/build/ramulator2 -f /home/aatmaj/CENT/aim_simulator/test/example.yaml -t /home/aatmaj/CENT/experiments/dda_full_sweep/traces/32_channels_per_device/32_devices/model_parallel/Llama2-13B/trace_32_FC_devices_seqlen_1024.txt
/home/aatmaj/CENT/aim_simulator/build/ramulator2 -f /home/aatmaj/CENT/aim_simulator/test/example.yaml -t /home/aatmaj/CENT/experiments/dda_full_sweep/traces/32_channels_per_device/32_devices/model_parallel_FC/Llama2-13B/trace_32_FC_devices_seqlen_1024.txt
/home/aatmaj/CENT/aim_simulator/build/ramulator2 -f /home/aatmaj/CENT/aim_simulator/test/example.yaml -t /home/aatmaj/CENT/experiments/dda_full_sweep/traces/32_channels_per_device/32_devices/model_parallel/Llama2-13B/trace_1_FC_devices_seqlen_1152.txt
/home/aatmaj/CENT/aim_simulator/build/ramulator2 -f /home/aatmaj/CENT/aim_simulator/test/example.yaml -t /home/aatmaj/CENT/experiments/dda_full_sweep/traces/32_channels_per_device/32_devices/model_parallel_FC/Llama2-13B/trace_1_FC_devices_seqlen_1152.txt
/home/aatmaj/CENT/aim_simulator/build/ramulator2 -f /home/aatmaj/CENT/aim_simulator/test/example.yaml -t /home/aatmaj/CENT/experiments/dda_full_sweep/traces/32_channels_per_device/32_devices/model_parallel/Llama2-13B/trace_2_FC_devices_seqlen_1152.txt
/home/aatmaj/CENT/aim_simulator/build/ramulator2 -f /home/aatmaj/CENT/aim_simulator/test/example.yaml -t /home/aatmaj/CENT/experiments/dda_full_sweep/traces/32_channels_per_device/32_devices/model_parallel_FC/Llama2-13B/trace_2_FC_devices_seqlen_1152.txt
/home/aatmaj/CENT/aim_simulator/build/ramulator2 -f /home/aatmaj/CENT/aim_simulator/test/example.yaml -t /home/aatmaj/CENT/experiments/dda_full_sweep/traces/32_channels_per_device/32_devices/model_parallel/Llama2-13B/trace_4_FC_devices_seqlen_1152.txt
/home/aatmaj/CENT/aim_simulator/build/ramulator2 -f /home/aatmaj/CENT/aim_simulator/test/example.yaml -t /home/aatmaj/CENT/experiments/dda_full_sweep/traces/32_channels_per_device/32_devices/model_parallel_FC/Llama2-13B/trace_4_FC_devices_seqlen_1152.txt
/home/aatmaj/CENT/aim_simulator/build/ramulator2 -f /home/aatmaj/CENT/aim_simulator/test/example.yaml -t /home/aatmaj/CENT/experiments/dda_full_sweep/traces/32_channels_per_device/32_devices/model_parallel/Llama2-13B/trace_8_FC_devices_seqlen_1152.txt
/home/aatmaj/CENT/aim_simulator/build/ramulator2 -f /home/aatmaj/CENT/aim_simulator/test/example.yaml -t /home/aatmaj/CENT/experiments/dda_full_sweep/traces/32_channels_per_device/32_devices/model_parallel_FC/Llama2-13B/trace_8_FC_devices_seqlen_1152.txt
/home/aatmaj/CENT/aim_simulator/build/ramulator2 -f /home/aatmaj/CENT/aim_simulator/test/example.yaml -t /home/aatmaj/CENT/experiments/dda_full_sweep/traces/32_channels_per_device/32_devices/model_parallel/Llama2-13B/trace_16_FC_devices_seqlen_1152.txt
/home/aatmaj/CENT/aim_simulator/build/ramulator2 -f /home/aatmaj/CENT/aim_simulator/test/example.yaml -t /home/aatmaj/CENT/experiments/dda_full_sweep/traces/32_channels_per_device/32_devices/model_parallel_FC/Llama2-13B/trace_16_FC_devices_seqlen_1152.txt
/home/aatmaj/CENT/aim_simulator/build/ramulator2 -f /home/aatmaj/CENT/aim_simulator/test/example.yaml -t /home/aatmaj/CENT/experiments/dda_full_sweep/traces/32_channels_per_device/32_devices/model_parallel/Llama2-13B/trace_32_FC_devices_seqlen_1152.txt
/home/aatmaj/CENT/aim_simulator/build/ramulator2 -f /home/aatmaj/CENT/aim_simulator/test/example.yaml -t /home/aatmaj/CENT/experiments/dda_full_sweep/traces/32_channels_per_device/32_devices/model_parallel_FC/Llama2-13B/trace_32_FC_devices_seqlen_1152.txt
/home/aatmaj/CENT/aim_simulator/build/ramulator2 -f /home/aatmaj/CENT/aim_simulator/test/example.yaml -t /home/aatmaj/CENT/experiments/dda_full_sweep/traces/32_channels_per_device/32_devices/model_parallel/Llama2-13B/trace_1_FC_devices_seqlen_1280.txt
/home/aatmaj/CENT/aim_simulator/build/ramulator2 -f /home/aatmaj/CENT/aim_simulator/test/example.yaml -t /home/aatmaj/CENT/experiments/dda_full_sweep/traces/32_channels_per_device/32_devices/model_parallel_FC/Llama2-13B/trace_1_FC_devices_seqlen_1280.txt
/home/aatmaj/CENT/aim_simulator/build/ramulator2 -f /home/aatmaj/CENT/aim_simulator/test/example.yaml -t /home/aatmaj/CENT/experiments/dda_full_sweep/traces/32_channels_per_device/32_devices/model_parallel/Llama2-13B/trace_2_FC_devices_seqlen_1280.txt
/home/aatmaj/CENT/aim_simulator/build/ramulator2 -f /home/aatmaj/CENT/aim_simulator/test/example.yaml -t /home/aatmaj/CENT/experiments/dda_full_sweep/traces/32_channels_per_device/32_devices/model_parallel_FC/Llama2-13B/trace_2_FC_devices_seqlen_1280.txt
/home/aatmaj/CENT/aim_simulator/build/ramulator2 -f /home/aatmaj/CENT/aim_simulator/test/example.yaml -t /home/aatmaj/CENT/experiments/dda_full_sweep/traces/32_channels_per_device/32_devices/model_parallel/Llama2-13B/trace_4_FC_devices_seqlen_1280.txt
/home/aatmaj/CENT/aim_simulator/build/ramulator2 -f /home/aatmaj/CENT/aim_simulator/test/example.yaml -t /home/aatmaj/CENT/experiments/dda_full_sweep/traces/32_channels_per_device/32_devices/model_parallel_FC/Llama2-13B/trace_4_FC_devices_seqlen_1280.txt
/home/aatmaj/CENT/aim_simulator/build/ramulator2 -f /home/aatmaj/CENT/aim_simulator/test/example.yaml -t /home/aatmaj/CENT/experiments/dda_full_sweep/traces/32_channels_per_device/32_devices/model_parallel/Llama2-13B/trace_8_FC_devices_seqlen_1280.txt
/home/aatmaj/CENT/aim_simulator/build/ramulator2 -f /home/aatmaj/CENT/aim_simulator/test/example.yaml -t /home/aatmaj/CENT/experiments/dda_full_sweep/traces/32_channels_per_device/32_devices/model_parallel_FC/Llama2-13B/trace_8_FC_devices_seqlen_1280.txt
/home/aatmaj/CENT/aim_simulator/build/ramulator2 -f /home/aatmaj/CENT/aim_simulator/test/example.yaml -t /home/aatmaj/CENT/experiments/dda_full_sweep/traces/32_channels_per_device/32_devices/model_parallel/Llama2-13B/trace_16_FC_devices_seqlen_1280.txt
/home/aatmaj/CENT/aim_simulator/build/ramulator2 -f /home/aatmaj/CENT/aim_simulator/test/example.yaml -t /home/aatmaj/CENT/experiments/dda_full_sweep/traces/32_channels_per_device/32_devices/model_parallel_FC/Llama2-13B/trace_16_FC_devices_seqlen_1280.txt
/home/aatmaj/CENT/aim_simulator/build/ramulator2 -f /home/aatmaj/CENT/aim_simulator/test/example.yaml -t /home/aatmaj/CENT/experiments/dda_full_sweep/traces/32_channels_per_device/32_devices/model_parallel/Llama2-13B/trace_32_FC_devices_seqlen_1280.txt
/home/aatmaj/CENT/aim_simulator/build/ramulator2 -f /home/aatmaj/CENT/aim_simulator/test/example.yaml -t /home/aatmaj/CENT/experiments/dda_full_sweep/traces/32_channels_per_device/32_devices/model_parallel_FC/Llama2-13B/trace_32_FC_devices_seqlen_1280.txt
/home/aatmaj/CENT/aim_simulator/build/ramulator2 -f /home/aatmaj/CENT/aim_simulator/test/example.yaml -t /home/aatmaj/CENT/experiments/dda_full_sweep/traces/32_channels_per_device/32_devices/model_parallel/Llama2-13B/trace_1_FC_devices_seqlen_1408.txt
/home/aatmaj/CENT/aim_simulator/build/ramulator2 -f /home/aatmaj/CENT/aim_simulator/test/example.yaml -t /home/aatmaj/CENT/experiments/dda_full_sweep/traces/32_channels_per_device/32_devices/model_parallel_FC/Llama2-13B/trace_1_FC_devices_seqlen_1408.txt
/home/aatmaj/CENT/aim_simulator/build/ramulator2 -f /home/aatmaj/CENT/aim_simulator/test/example.yaml -t /home/aatmaj/CENT/experiments/dda_full_sweep/traces/32_channels_per_device/32_devices/model_parallel/Llama2-13B/trace_2_FC_devices_seqlen_1408.txt
/home/aatmaj/CENT/aim_simulator/build/ramulator2 -f /home/aatmaj/CENT/aim_simulator/test/example.yaml -t /home/aatmaj/CENT/experiments/dda_full_sweep/traces/32_channels_per_device/32_devices/model_parallel_FC/Llama2-13B/trace_2_FC_devices_seqlen_1408.txt
/home/aatmaj/CENT/aim_simulator/build/ramulator2 -f /home/aatmaj/CENT/aim_simulator/test/example.yaml -t /home/aatmaj/CENT/experiments/dda_full_sweep/traces/32_channels_per_device/32_devices/model_parallel/Llama2-13B/trace_4_FC_devices_seqlen_1408.txt
/home/aatmaj/CENT/aim_simulator/build/ramulator2 -f /home/aatmaj/CENT/aim_simulator/test/example.yaml -t /home/aatmaj/CENT/experiments/dda_full_sweep/traces/32_channels_per_device/32_devices/model_parallel_FC/Llama2-13B/trace_4_FC_devices_seqlen_1408.txt
/home/aatmaj/CENT/aim_simulator/build/ramulator2 -f /home/aatmaj/CENT/aim_simulator/test/example.yaml -t /home/aatmaj/CENT/experiments/dda_full_sweep/traces/32_channels_per_device/32_devices/model_parallel/Llama2-13B/trace_8_FC_devices_seqlen_1408.txt
/home/aatmaj/CENT/aim_simulator/build/ramulator2 -f /home/aatmaj/CENT/aim_simulator/test/example.yaml -t /home/aatmaj/CENT/experiments/dda_full_sweep/traces/32_channels_per_device/32_devices/model_parallel_FC/Llama2-13B/trace_8_FC_devices_seqlen_1408.txt
/home/aatmaj/CENT/aim_simulator/build/ramulator2 -f /home/aatmaj/CENT/aim_simulator/test/example.yaml -t /home/aatmaj/CENT/experiments/dda_full_sweep/traces/32_channels_per_device/32_devices/model_parallel/Llama2-13B/trace_16_FC_devices_seqlen_1408.txt
/home/aatmaj/CENT/aim_simulator/build/ramulator2 -f /home/aatmaj/CENT/aim_simulator/test/example.yaml -t /home/aatmaj/CENT/experiments/dda_full_sweep/traces/32_channels_per_device/32_devices/model_parallel_FC/Llama2-13B/trace_16_FC_devices_seqlen_1408.txt
/home/aatmaj/CENT/aim_simulator/build/ramulator2 -f /home/aatmaj/CENT/aim_simulator/test/example.yaml -t /home/aatmaj/CENT/experiments/dda_full_sweep/traces/32_channels_per_device/32_devices/model_parallel/Llama2-13B/trace_32_FC_devices_seqlen_1408.txt
/home/aatmaj/CENT/aim_simulator/build/ramulator2 -f /home/aatmaj/CENT/aim_simulator/test/example.yaml -t /home/aatmaj/CENT/experiments/dda_full_sweep/traces/32_channels_per_device/32_devices/model_parallel_FC/Llama2-13B/trace_32_FC_devices_seqlen_1408.txt
/home/aatmaj/CENT/aim_simulator/build/ramulator2 -f /home/aatmaj/CENT/aim_simulator/test/example.yaml -t /home/aatmaj/CENT/experiments/dda_full_sweep/traces/32_channels_per_device/32_devices/model_parallel/Llama2-13B/trace_1_FC_devices_seqlen_1536.txt
/home/aatmaj/CENT/aim_simulator/build/ramulator2 -f /home/aatmaj/CENT/aim_simulator/test/example.yaml -t /home/aatmaj/CENT/experiments/dda_full_sweep/traces/32_channels_per_device/32_devices/model_parallel_FC/Llama2-13B/trace_1_FC_devices_seqlen_1536.txt
/home/aatmaj/CENT/aim_simulator/build/ramulator2 -f /home/aatmaj/CENT/aim_simulator/test/example.yaml -t /home/aatmaj/CENT/experiments/dda_full_sweep/traces/32_channels_per_device/32_devices/model_parallel/Llama2-13B/trace_2_FC_devices_seqlen_1536.txt
/home/aatmaj/CENT/aim_simulator/build/ramulator2 -f /home/aatmaj/CENT/aim_simulator/test/example.yaml -t /home/aatmaj/CENT/experiments/dda_full_sweep/traces/32_channels_per_device/32_devices/model_parallel_FC/Llama2-13B/trace_2_FC_devices_seqlen_1536.txt
/home/aatmaj/CENT/aim_simulator/build/ramulator2 -f /home/aatmaj/CENT/aim_simulator/test/example.yaml -t /home/aatmaj/CENT/experiments/dda_full_sweep/traces/32_channels_per_device/32_devices/model_parallel/Llama2-13B/trace_4_FC_devices_seqlen_1536.txt
/home/aatmaj/CENT/aim_simulator/build/ramulator2 -f /home/aatmaj/CENT/aim_simulator/test/example.yaml -t /home/aatmaj/CENT/experiments/dda_full_sweep/traces/32_channels_per_device/32_devices/model_parallel_FC/Llama2-13B/trace_4_FC_devices_seqlen_1536.txt
/home/aatmaj/CENT/aim_simulator/build/ramulator2 -f /home/aatmaj/CENT/aim_simulator/test/example.yaml -t /home/aatmaj/CENT/experiments/dda_full_sweep/traces/32_channels_per_device/32_devices/model_parallel/Llama2-13B/trace_8_FC_devices_seqlen_1536.txt
/home/aatmaj/CENT/aim_simulator/build/ramulator2 -f /home/aatmaj/CENT/aim_simulator/test/example.yaml -t /home/aatmaj/CENT/experiments/dda_full_sweep/traces/32_channels_per_device/32_devices/model_parallel_FC/Llama2-13B/trace_8_FC_devices_seqlen_1536.txt
/home/aatmaj/CENT/aim_simulator/build/ramulator2 -f /home/aatmaj/CENT/aim_simulator/test/example.yaml -t /home/aatmaj/CENT/experiments/dda_full_sweep/traces/32_channels_per_device/32_devices/model_parallel/Llama2-13B/trace_16_FC_devices_seqlen_1536.txt
/home/aatmaj/CENT/aim_simulator/build/ramulator2 -f /home/aatmaj/CENT/aim_simulator/test/example.yaml -t /home/aatmaj/CENT/experiments/dda_full_sweep/traces/32_channels_per_device/32_devices/model_parallel_FC/Llama2-13B/trace_16_FC_devices_seqlen_1536.txt
/home/aatmaj/CENT/aim_simulator/build/ramulator2 -f /home/aatmaj/CENT/aim_simulator/test/example.yaml -t /home/aatmaj/CENT/experiments/dda_full_sweep/traces/32_channels_per_device/32_devices/model_parallel/Llama2-13B/trace_32_FC_devices_seqlen_1536.txt
/home/aatmaj/CENT/aim_simulator/build/ramulator2 -f /home/aatmaj/CENT/aim_simulator/test/example.yaml -t /home/aatmaj/CENT/experiments/dda_full_sweep/traces/32_channels_per_device/32_devices/model_parallel_FC/Llama2-13B/trace_32_FC_devices_seqlen_1536.txt
/home/aatmaj/CENT/aim_simulator/build/ramulator2 -f /home/aatmaj/CENT/aim_simulator/test/example.yaml -t /home/aatmaj/CENT/experiments/dda_full_sweep/traces/32_channels_per_device/32_devices/model_parallel/Llama2-13B/trace_1_FC_devices_seqlen_1664.txt
/home/aatmaj/CENT/aim_simulator/build/ramulator2 -f /home/aatmaj/CENT/aim_simulator/test/example.yaml -t /home/aatmaj/CENT/experiments/dda_full_sweep/traces/32_channels_per_device/32_devices/model_parallel_FC/Llama2-13B/trace_1_FC_devices_seqlen_1664.txt
/home/aatmaj/CENT/aim_simulator/build/ramulator2 -f /home/aatmaj/CENT/aim_simulator/test/example.yaml -t /home/aatmaj/CENT/experiments/dda_full_sweep/traces/32_channels_per_device/32_devices/model_parallel/Llama2-13B/trace_2_FC_devices_seqlen_1664.txt
/home/aatmaj/CENT/aim_simulator/build/ramulator2 -f /home/aatmaj/CENT/aim_simulator/test/example.yaml -t /home/aatmaj/CENT/experiments/dda_full_sweep/traces/32_channels_per_device/32_devices/model_parallel_FC/Llama2-13B/trace_2_FC_devices_seqlen_1664.txt
/home/aatmaj/CENT/aim_simulator/build/ramulator2 -f /home/aatmaj/CENT/aim_simulator/test/example.yaml -t /home/aatmaj/CENT/experiments/dda_full_sweep/traces/32_channels_per_device/32_devices/model_parallel/Llama2-13B/trace_4_FC_devices_seqlen_1664.txt
/home/aatmaj/CENT/aim_simulator/build/ramulator2 -f /home/aatmaj/CENT/aim_simulator/test/example.yaml -t /home/aatmaj/CENT/experiments/dda_full_sweep/traces/32_channels_per_device/32_devices/model_parallel_FC/Llama2-13B/trace_4_FC_devices_seqlen_1664.txt
/home/aatmaj/CENT/aim_simulator/build/ramulator2 -f /home/aatmaj/CENT/aim_simulator/test/example.yaml -t /home/aatmaj/CENT/experiments/dda_full_sweep/traces/32_channels_per_device/32_devices/model_parallel/Llama2-13B/trace_8_FC_devices_seqlen_1664.txt
/home/aatmaj/CENT/aim_simulator/build/ramulator2 -f /home/aatmaj/CENT/aim_simulator/test/example.yaml -t /home/aatmaj/CENT/experiments/dda_full_sweep/traces/32_channels_per_device/32_devices/model_parallel_FC/Llama2-13B/trace_8_FC_devices_seqlen_1664.txt
/home/aatmaj/CENT/aim_simulator/build/ramulator2 -f /home/aatmaj/CENT/aim_simulator/test/example.yaml -t /home/aatmaj/CENT/experiments/dda_full_sweep/traces/32_channels_per_device/32_devices/model_parallel/Llama2-13B/trace_16_FC_devices_seqlen_1664.txt
/home/aatmaj/CENT/aim_simulator/build/ramulator2 -f /home/aatmaj/CENT/aim_simulator/test/example.yaml -t /home/aatmaj/CENT/experiments/dda_full_sweep/traces/32_channels_per_device/32_devices/model_parallel_FC/Llama2-13B/trace_16_FC_devices_seqlen_1664.txt
/home/aatmaj/CENT/aim_simulator/build/ramulator2 -f /home/aatmaj/CENT/aim_simulator/test/example.yaml -t /home/aatmaj/CENT/experiments/dda_full_sweep/traces/32_channels_per_device/32_devices/model_parallel/Llama2-13B/trace_32_FC_devices_seqlen_1664.txt
/home/aatmaj/CENT/aim_simulator/build/ramulator2 -f /home/aatmaj/CENT/aim_simulator/test/example.yaml -t /home/aatmaj/CENT/experiments/dda_full_sweep/traces/32_channels_per_device/32_devices/model_parallel_FC/Llama2-13B/trace_32_FC_devices_seqlen_1664.txt
/home/aatmaj/CENT/aim_simulator/build/ramulator2 -f /home/aatmaj/CENT/aim_simulator/test/example.yaml -t /home/aatmaj/CENT/experiments/dda_full_sweep/traces/32_channels_per_device/32_devices/model_parallel/Llama2-13B/trace_1_FC_devices_seqlen_1792.txt
/home/aatmaj/CENT/aim_simulator/build/ramulator2 -f /home/aatmaj/CENT/aim_simulator/test/example.yaml -t /home/aatmaj/CENT/experiments/dda_full_sweep/traces/32_channels_per_device/32_devices/model_parallel_FC/Llama2-13B/trace_1_FC_devices_seqlen_1792.txt
/home/aatmaj/CENT/aim_simulator/build/ramulator2 -f /home/aatmaj/CENT/aim_simulator/test/example.yaml -t /home/aatmaj/CENT/experiments/dda_full_sweep/traces/32_channels_per_device/32_devices/model_parallel/Llama2-13B/trace_2_FC_devices_seqlen_1792.txt
/home/aatmaj/CENT/aim_simulator/build/ramulator2 -f /home/aatmaj/CENT/aim_simulator/test/example.yaml -t /home/aatmaj/CENT/experiments/dda_full_sweep/traces/32_channels_per_device/32_devices/model_parallel_FC/Llama2-13B/trace_2_FC_devices_seqlen_1792.txt
/home/aatmaj/CENT/aim_simulator/build/ramulator2 -f /home/aatmaj/CENT/aim_simulator/test/example.yaml -t /home/aatmaj/CENT/experiments/dda_full_sweep/traces/32_channels_per_device/32_devices/model_parallel/Llama2-13B/trace_4_FC_devices_seqlen_1792.txt
/home/aatmaj/CENT/aim_simulator/build/ramulator2 -f /home/aatmaj/CENT/aim_simulator/test/example.yaml -t /home/aatmaj/CENT/experiments/dda_full_sweep/traces/32_channels_per_device/32_devices/model_parallel_FC/Llama2-13B/trace_4_FC_devices_seqlen_1792.txt
/home/aatmaj/CENT/aim_simulator/build/ramulator2 -f /home/aatmaj/CENT/aim_simulator/test/example.yaml -t /home/aatmaj/CENT/experiments/dda_full_sweep/traces/32_channels_per_device/32_devices/model_parallel/Llama2-13B/trace_8_FC_devices_seqlen_1792.txt
/home/aatmaj/CENT/aim_simulator/build/ramulator2 -f /home/aatmaj/CENT/aim_simulator/test/example.yaml -t /home/aatmaj/CENT/experiments/dda_full_sweep/traces/32_channels_per_device/32_devices/model_parallel_FC/Llama2-13B/trace_8_FC_devices_seqlen_1792.txt
/home/aatmaj/CENT/aim_simulator/build/ramulator2 -f /home/aatmaj/CENT/aim_simulator/test/example.yaml -t /home/aatmaj/CENT/experiments/dda_full_sweep/traces/32_channels_per_device/32_devices/model_parallel/Llama2-13B/trace_16_FC_devices_seqlen_1792.txt
/home/aatmaj/CENT/aim_simulator/build/ramulator2 -f /home/aatmaj/CENT/aim_simulator/test/example.yaml -t /home/aatmaj/CENT/experiments/dda_full_sweep/traces/32_channels_per_device/32_devices/model_parallel_FC/Llama2-13B/trace_16_FC_devices_seqlen_1792.txt
/home/aatmaj/CENT/aim_simulator/build/ramulator2 -f /home/aatmaj/CENT/aim_simulator/test/example.yaml -t /home/aatmaj/CENT/experiments/dda_full_sweep/traces/32_channels_per_device/32_devices/model_parallel/Llama2-13B/trace_32_FC_devices_seqlen_1792.txt
/home/aatmaj/CENT/aim_simulator/build/ramulator2 -f /home/aatmaj/CENT/aim_simulator/test/example.yaml -t /home/aatmaj/CENT/experiments/dda_full_sweep/traces/32_channels_per_device/32_devices/model_parallel_FC/Llama2-13B/trace_32_FC_devices_seqlen_1792.txt
/home/aatmaj/CENT/aim_simulator/build/ramulator2 -f /home/aatmaj/CENT/aim_simulator/test/example.yaml -t /home/aatmaj/CENT/experiments/dda_full_sweep/traces/32_channels_per_device/32_devices/model_parallel/Llama2-13B/trace_1_FC_devices_seqlen_1920.txt
/home/aatmaj/CENT/aim_simulator/build/ramulator2 -f /home/aatmaj/CENT/aim_simulator/test/example.yaml -t /home/aatmaj/CENT/experiments/dda_full_sweep/traces/32_channels_per_device/32_devices/model_parallel_FC/Llama2-13B/trace_1_FC_devices_seqlen_1920.txt
/home/aatmaj/CENT/aim_simulator/build/ramulator2 -f /home/aatmaj/CENT/aim_simulator/test/example.yaml -t /home/aatmaj/CENT/experiments/dda_full_sweep/traces/32_channels_per_device/32_devices/model_parallel/Llama2-13B/trace_2_FC_devices_seqlen_1920.txt
/home/aatmaj/CENT/aim_simulator/build/ramulator2 -f /home/aatmaj/CENT/aim_simulator/test/example.yaml -t /home/aatmaj/CENT/experiments/dda_full_sweep/traces/32_channels_per_device/32_devices/model_parallel_FC/Llama2-13B/trace_2_FC_devices_seqlen_1920.txt
/home/aatmaj/CENT/aim_simulator/build/ramulator2 -f /home/aatmaj/CENT/aim_simulator/test/example.yaml -t /home/aatmaj/CENT/experiments/dda_full_sweep/traces/32_channels_per_device/32_devices/model_parallel/Llama2-13B/trace_4_FC_devices_seqlen_1920.txt
/home/aatmaj/CENT/aim_simulator/build/ramulator2 -f /home/aatmaj/CENT/aim_simulator/test/example.yaml -t /home/aatmaj/CENT/experiments/dda_full_sweep/traces/32_channels_per_device/32_devices/model_parallel_FC/Llama2-13B/trace_4_FC_devices_seqlen_1920.txt
/home/aatmaj/CENT/aim_simulator/build/ramulator2 -f /home/aatmaj/CENT/aim_simulator/test/example.yaml -t /home/aatmaj/CENT/experiments/dda_full_sweep/traces/32_channels_per_device/32_devices/model_parallel/Llama2-13B/trace_8_FC_devices_seqlen_1920.txt
/home/aatmaj/CENT/aim_simulator/build/ramulator2 -f /home/aatmaj/CENT/aim_simulator/test/example.yaml -t /home/aatmaj/CENT/experiments/dda_full_sweep/traces/32_channels_per_device/32_devices/model_parallel_FC/Llama2-13B/trace_8_FC_devices_seqlen_1920.txt
/home/aatmaj/CENT/aim_simulator/build/ramulator2 -f /home/aatmaj/CENT/aim_simulator/test/example.yaml -t /home/aatmaj/CENT/experiments/dda_full_sweep/traces/32_channels_per_device/32_devices/model_parallel/Llama2-13B/trace_16_FC_devices_seqlen_1920.txt
/home/aatmaj/CENT/aim_simulator/build/ramulator2 -f /home/aatmaj/CENT/aim_simulator/test/example.yaml -t /home/aatmaj/CENT/experiments/dda_full_sweep/traces/32_channels_per_device/32_devices/model_parallel_FC/Llama2-13B/trace_16_FC_devices_seqlen_1920.txt
/home/aatmaj/CENT/aim_simulator/build/ramulator2 -f /home/aatmaj/CENT/aim_simulator/test/example.yaml -t /home/aatmaj/CENT/experiments/dda_full_sweep/traces/32_channels_per_device/32_devices/model_parallel/Llama2-13B/trace_32_FC_devices_seqlen_1920.txt
/home/aatmaj/CENT/aim_simulator/build/ramulator2 -f /home/aatmaj/CENT/aim_simulator/test/example.yaml -t /home/aatmaj/CENT/experiments/dda_full_sweep/traces/32_channels_per_device/32_devices/model_parallel_FC/Llama2-13B/trace_32_FC_devices_seqlen_1920.txt
/home/aatmaj/CENT/aim_simulator/build/ramulator2 -f /home/aatmaj/CENT/aim_simulator/test/example.yaml -t /home/aatmaj/CENT/experiments/dda_full_sweep/traces/32_channels_per_device/32_devices/model_parallel/Llama2-13B/trace_1_FC_devices_seqlen_2048.txt
/home/aatmaj/CENT/aim_simulator/build/ramulator2 -f /home/aatmaj/CENT/aim_simulator/test/example.yaml -t /home/aatmaj/CENT/experiments/dda_full_sweep/traces/32_channels_per_device/32_devices/model_parallel_FC/Llama2-13B/trace_1_FC_devices_seqlen_2048.txt
/home/aatmaj/CENT/aim_simulator/build/ramulator2 -f /home/aatmaj/CENT/aim_simulator/test/example.yaml -t /home/aatmaj/CENT/experiments/dda_full_sweep/traces/32_channels_per_device/32_devices/model_parallel/Llama2-13B/trace_2_FC_devices_seqlen_2048.txt
/home/aatmaj/CENT/aim_simulator/build/ramulator2 -f /home/aatmaj/CENT/aim_simulator/test/example.yaml -t /home/aatmaj/CENT/experiments/dda_full_sweep/traces/32_channels_per_device/32_devices/model_parallel_FC/Llama2-13B/trace_2_FC_devices_seqlen_2048.txt
/home/aatmaj/CENT/aim_simulator/build/ramulator2 -f /home/aatmaj/CENT/aim_simulator/test/example.yaml -t /home/aatmaj/CENT/experiments/dda_full_sweep/traces/32_channels_per_device/32_devices/model_parallel/Llama2-13B/trace_4_FC_devices_seqlen_2048.txt
/home/aatmaj/CENT/aim_simulator/build/ramulator2 -f /home/aatmaj/CENT/aim_simulator/test/example.yaml -t /home/aatmaj/CENT/experiments/dda_full_sweep/traces/32_channels_per_device/32_devices/model_parallel_FC/Llama2-13B/trace_4_FC_devices_seqlen_2048.txt
/home/aatmaj/CENT/aim_simulator/build/ramulator2 -f /home/aatmaj/CENT/aim_simulator/test/example.yaml -t /home/aatmaj/CENT/experiments/dda_full_sweep/traces/32_channels_per_device/32_devices/model_parallel/Llama2-13B/trace_8_FC_devices_seqlen_2048.txt
/home/aatmaj/CENT/aim_simulator/build/ramulator2 -f /home/aatmaj/CENT/aim_simulator/test/example.yaml -t /home/aatmaj/CENT/experiments/dda_full_sweep/traces/32_channels_per_device/32_devices/model_parallel_FC/Llama2-13B/trace_8_FC_devices_seqlen_2048.txt
/home/aatmaj/CENT/aim_simulator/build/ramulator2 -f /home/aatmaj/CENT/aim_simulator/test/example.yaml -t /home/aatmaj/CENT/experiments/dda_full_sweep/traces/32_channels_per_device/32_devices/model_parallel/Llama2-13B/trace_16_FC_devices_seqlen_2048.txt
/home/aatmaj/CENT/aim_simulator/build/ramulator2 -f /home/aatmaj/CENT/aim_simulator/test/example.yaml -t /home/aatmaj/CENT/experiments/dda_full_sweep/traces/32_channels_per_device/32_devices/model_parallel_FC/Llama2-13B/trace_16_FC_devices_seqlen_2048.txt
/home/aatmaj/CENT/aim_simulator/build/ramulator2 -f /home/aatmaj/CENT/aim_simulator/test/example.yaml -t /home/aatmaj/CENT/experiments/dda_full_sweep/traces/32_channels_per_device/32_devices/model_parallel/Llama2-13B/trace_32_FC_devices_seqlen_2048.txt
/home/aatmaj/CENT/aim_simulator/build/ramulator2 -f /home/aatmaj/CENT/aim_simulator/test/example.yaml -t /home/aatmaj/CENT/experiments/dda_full_sweep/traces/32_channels_per_device/32_devices/model_parallel_FC/Llama2-13B/trace_32_FC_devices_seqlen_2048.txt
/home/aatmaj/CENT/aim_simulator/build/ramulator2 -f /home/aatmaj/CENT/aim_simulator/test/example.yaml -t /home/aatmaj/CENT/experiments/dda_full_sweep/traces/32_channels_per_device/32_devices/model_parallel/Llama2-13B/trace_1_FC_devices_seqlen_2176.txt
/home/aatmaj/CENT/aim_simulator/build/ramulator2 -f /home/aatmaj/CENT/aim_simulator/test/example.yaml -t /home/aatmaj/CENT/experiments/dda_full_sweep/traces/32_channels_per_device/32_devices/model_parallel_FC/Llama2-13B/trace_1_FC_devices_seqlen_2176.txt
/home/aatmaj/CENT/aim_simulator/build/ramulator2 -f /home/aatmaj/CENT/aim_simulator/test/example.yaml -t /home/aatmaj/CENT/experiments/dda_full_sweep/traces/32_channels_per_device/32_devices/model_parallel/Llama2-13B/trace_2_FC_devices_seqlen_2176.txt
/home/aatmaj/CENT/aim_simulator/build/ramulator2 -f /home/aatmaj/CENT/aim_simulator/test/example.yaml -t /home/aatmaj/CENT/experiments/dda_full_sweep/traces/32_channels_per_device/32_devices/model_parallel_FC/Llama2-13B/trace_2_FC_devices_seqlen_2176.txt
/home/aatmaj/CENT/aim_simulator/build/ramulator2 -f /home/aatmaj/CENT/aim_simulator/test/example.yaml -t /home/aatmaj/CENT/experiments/dda_full_sweep/traces/32_channels_per_device/32_devices/model_parallel/Llama2-13B/trace_4_FC_devices_seqlen_2176.txt
/home/aatmaj/CENT/aim_simulator/build/ramulator2 -f /home/aatmaj/CENT/aim_simulator/test/example.yaml -t /home/aatmaj/CENT/experiments/dda_full_sweep/traces/32_channels_per_device/32_devices/model_parallel_FC/Llama2-13B/trace_4_FC_devices_seqlen_2176.txt
/home/aatmaj/CENT/aim_simulator/build/ramulator2 -f /home/aatmaj/CENT/aim_simulator/test/example.yaml -t /home/aatmaj/CENT/experiments/dda_full_sweep/traces/32_channels_per_device/32_devices/model_parallel/Llama2-13B/trace_8_FC_devices_seqlen_2176.txt
/home/aatmaj/CENT/aim_simulator/build/ramulator2 -f /home/aatmaj/CENT/aim_simulator/test/example.yaml -t /home/aatmaj/CENT/experiments/dda_full_sweep/traces/32_channels_per_device/32_devices/model_parallel_FC/Llama2-13B/trace_8_FC_devices_seqlen_2176.txt
/home/aatmaj/CENT/aim_simulator/build/ramulator2 -f /home/aatmaj/CENT/aim_simulator/test/example.yaml -t /home/aatmaj/CENT/experiments/dda_full_sweep/traces/32_channels_per_device/32_devices/model_parallel/Llama2-13B/trace_16_FC_devices_seqlen_2176.txt
/home/aatmaj/CENT/aim_simulator/build/ramulator2 -f /home/aatmaj/CENT/aim_simulator/test/example.yaml -t /home/aatmaj/CENT/experiments/dda_full_sweep/traces/32_channels_per_device/32_devices/model_parallel_FC/Llama2-13B/trace_16_FC_devices_seqlen_2176.txt
/home/aatmaj/CENT/aim_simulator/build/ramulator2 -f /home/aatmaj/CENT/aim_simulator/test/example.yaml -t /home/aatmaj/CENT/experiments/dda_full_sweep/traces/32_channels_per_device/32_devices/model_parallel/Llama2-13B/trace_32_FC_devices_seqlen_2176.txt
/home/aatmaj/CENT/aim_simulator/build/ramulator2 -f /home/aatmaj/CENT/aim_simulator/test/example.yaml -t /home/aatmaj/CENT/experiments/dda_full_sweep/traces/32_channels_per_device/32_devices/model_parallel_FC/Llama2-13B/trace_32_FC_devices_seqlen_2176.txt
/home/aatmaj/CENT/aim_simulator/build/ramulator2 -f /home/aatmaj/CENT/aim_simulator/test/example.yaml -t /home/aatmaj/CENT/experiments/dda_full_sweep/traces/32_channels_per_device/32_devices/model_parallel/Llama2-13B/trace_1_FC_devices_seqlen_2304.txt
/home/aatmaj/CENT/aim_simulator/build/ramulator2 -f /home/aatmaj/CENT/aim_simulator/test/example.yaml -t /home/aatmaj/CENT/experiments/dda_full_sweep/traces/32_channels_per_device/32_devices/model_parallel_FC/Llama2-13B/trace_1_FC_devices_seqlen_2304.txt
/home/aatmaj/CENT/aim_simulator/build/ramulator2 -f /home/aatmaj/CENT/aim_simulator/test/example.yaml -t /home/aatmaj/CENT/experiments/dda_full_sweep/traces/32_channels_per_device/32_devices/model_parallel/Llama2-13B/trace_2_FC_devices_seqlen_2304.txt
/home/aatmaj/CENT/aim_simulator/build/ramulator2 -f /home/aatmaj/CENT/aim_simulator/test/example.yaml -t /home/aatmaj/CENT/experiments/dda_full_sweep/traces/32_channels_per_device/32_devices/model_parallel_FC/Llama2-13B/trace_2_FC_devices_seqlen_2304.txt
/home/aatmaj/CENT/aim_simulator/build/ramulator2 -f /home/aatmaj/CENT/aim_simulator/test/example.yaml -t /home/aatmaj/CENT/experiments/dda_full_sweep/traces/32_channels_per_device/32_devices/model_parallel/Llama2-13B/trace_4_FC_devices_seqlen_2304.txt
/home/aatmaj/CENT/aim_simulator/build/ramulator2 -f /home/aatmaj/CENT/aim_simulator/test/example.yaml -t /home/aatmaj/CENT/experiments/dda_full_sweep/traces/32_channels_per_device/32_devices/model_parallel_FC/Llama2-13B/trace_4_FC_devices_seqlen_2304.txt
/home/aatmaj/CENT/aim_simulator/build/ramulator2 -f /home/aatmaj/CENT/aim_simulator/test/example.yaml -t /home/aatmaj/CENT/experiments/dda_full_sweep/traces/32_channels_per_device/32_devices/model_parallel/Llama2-13B/trace_8_FC_devices_seqlen_2304.txt
/home/aatmaj/CENT/aim_simulator/build/ramulator2 -f /home/aatmaj/CENT/aim_simulator/test/example.yaml -t /home/aatmaj/CENT/experiments/dda_full_sweep/traces/32_channels_per_device/32_devices/model_parallel_FC/Llama2-13B/trace_8_FC_devices_seqlen_2304.txt
/home/aatmaj/CENT/aim_simulator/build/ramulator2 -f /home/aatmaj/CENT/aim_simulator/test/example.yaml -t /home/aatmaj/CENT/experiments/dda_full_sweep/traces/32_channels_per_device/32_devices/model_parallel/Llama2-13B/trace_16_FC_devices_seqlen_2304.txt
/home/aatmaj/CENT/aim_simulator/build/ramulator2 -f /home/aatmaj/CENT/aim_simulator/test/example.yaml -t /home/aatmaj/CENT/experiments/dda_full_sweep/traces/32_channels_per_device/32_devices/model_parallel_FC/Llama2-13B/trace_16_FC_devices_seqlen_2304.txt
/home/aatmaj/CENT/aim_simulator/build/ramulator2 -f /home/aatmaj/CENT/aim_simulator/test/example.yaml -t /home/aatmaj/CENT/experiments/dda_full_sweep/traces/32_channels_per_device/32_devices/model_parallel/Llama2-13B/trace_32_FC_devices_seqlen_2304.txt
/home/aatmaj/CENT/aim_simulator/build/ramulator2 -f /home/aatmaj/CENT/aim_simulator/test/example.yaml -t /home/aatmaj/CENT/experiments/dda_full_sweep/traces/32_channels_per_device/32_devices/model_parallel_FC/Llama2-13B/trace_32_FC_devices_seqlen_2304.txt
/home/aatmaj/CENT/aim_simulator/build/ramulator2 -f /home/aatmaj/CENT/aim_simulator/test/example.yaml -t /home/aatmaj/CENT/experiments/dda_full_sweep/traces/32_channels_per_device/32_devices/model_parallel/Llama2-13B/trace_1_FC_devices_seqlen_2432.txt
/home/aatmaj/CENT/aim_simulator/build/ramulator2 -f /home/aatmaj/CENT/aim_simulator/test/example.yaml -t /home/aatmaj/CENT/experiments/dda_full_sweep/traces/32_channels_per_device/32_devices/model_parallel_FC/Llama2-13B/trace_1_FC_devices_seqlen_2432.txt
/home/aatmaj/CENT/aim_simulator/build/ramulator2 -f /home/aatmaj/CENT/aim_simulator/test/example.yaml -t /home/aatmaj/CENT/experiments/dda_full_sweep/traces/32_channels_per_device/32_devices/model_parallel/Llama2-13B/trace_2_FC_devices_seqlen_2432.txt
/home/aatmaj/CENT/aim_simulator/build/ramulator2 -f /home/aatmaj/CENT/aim_simulator/test/example.yaml -t /home/aatmaj/CENT/experiments/dda_full_sweep/traces/32_channels_per_device/32_devices/model_parallel_FC/Llama2-13B/trace_2_FC_devices_seqlen_2432.txt
/home/aatmaj/CENT/aim_simulator/build/ramulator2 -f /home/aatmaj/CENT/aim_simulator/test/example.yaml -t /home/aatmaj/CENT/experiments/dda_full_sweep/traces/32_channels_per_device/32_devices/model_parallel/Llama2-13B/trace_4_FC_devices_seqlen_2432.txt
/home/aatmaj/CENT/aim_simulator/build/ramulator2 -f /home/aatmaj/CENT/aim_simulator/test/example.yaml -t /home/aatmaj/CENT/experiments/dda_full_sweep/traces/32_channels_per_device/32_devices/model_parallel_FC/Llama2-13B/trace_4_FC_devices_seqlen_2432.txt
/home/aatmaj/CENT/aim_simulator/build/ramulator2 -f /home/aatmaj/CENT/aim_simulator/test/example.yaml -t /home/aatmaj/CENT/experiments/dda_full_sweep/traces/32_channels_per_device/32_devices/model_parallel/Llama2-13B/trace_8_FC_devices_seqlen_2432.txt
/home/aatmaj/CENT/aim_simulator/build/ramulator2 -f /home/aatmaj/CENT/aim_simulator/test/example.yaml -t /home/aatmaj/CENT/experiments/dda_full_sweep/traces/32_channels_per_device/32_devices/model_parallel_FC/Llama2-13B/trace_8_FC_devices_seqlen_2432.txt
/home/aatmaj/CENT/aim_simulator/build/ramulator2 -f /home/aatmaj/CENT/aim_simulator/test/example.yaml -t /home/aatmaj/CENT/experiments/dda_full_sweep/traces/32_channels_per_device/32_devices/model_parallel/Llama2-13B/trace_16_FC_devices_seqlen_2432.txt
/home/aatmaj/CENT/aim_simulator/build/ramulator2 -f /home/aatmaj/CENT/aim_simulator/test/example.yaml -t /home/aatmaj/CENT/experiments/dda_full_sweep/traces/32_channels_per_device/32_devices/model_parallel_FC/Llama2-13B/trace_16_FC_devices_seqlen_2432.txt
/home/aatmaj/CENT/aim_simulator/build/ramulator2 -f /home/aatmaj/CENT/aim_simulator/test/example.yaml -t /home/aatmaj/CENT/experiments/dda_full_sweep/traces/32_channels_per_device/32_devices/model_parallel/Llama2-13B/trace_32_FC_devices_seqlen_2432.txt
/home/aatmaj/CENT/aim_simulator/build/ramulator2 -f /home/aatmaj/CENT/aim_simulator/test/example.yaml -t /home/aatmaj/CENT/experiments/dda_full_sweep/traces/32_channels_per_device/32_devices/model_parallel_FC/Llama2-13B/trace_32_FC_devices_seqlen_2432.txt
/home/aatmaj/CENT/aim_simulator/build/ramulator2 -f /home/aatmaj/CENT/aim_simulator/test/example.yaml -t /home/aatmaj/CENT/experiments/dda_full_sweep/traces/32_channels_per_device/32_devices/model_parallel/Llama2-13B/trace_1_FC_devices_seqlen_2560.txt
/home/aatmaj/CENT/aim_simulator/build/ramulator2 -f /home/aatmaj/CENT/aim_simulator/test/example.yaml -t /home/aatmaj/CENT/experiments/dda_full_sweep/traces/32_channels_per_device/32_devices/model_parallel_FC/Llama2-13B/trace_1_FC_devices_seqlen_2560.txt
/home/aatmaj/CENT/aim_simulator/build/ramulator2 -f /home/aatmaj/CENT/aim_simulator/test/example.yaml -t /home/aatmaj/CENT/experiments/dda_full_sweep/traces/32_channels_per_device/32_devices/model_parallel/Llama2-13B/trace_2_FC_devices_seqlen_2560.txt
/home/aatmaj/CENT/aim_simulator/build/ramulator2 -f /home/aatmaj/CENT/aim_simulator/test/example.yaml -t /home/aatmaj/CENT/experiments/dda_full_sweep/traces/32_channels_per_device/32_devices/model_parallel_FC/Llama2-13B/trace_2_FC_devices_seqlen_2560.txt
/home/aatmaj/CENT/aim_simulator/build/ramulator2 -f /home/aatmaj/CENT/aim_simulator/test/example.yaml -t /home/aatmaj/CENT/experiments/dda_full_sweep/traces/32_channels_per_device/32_devices/model_parallel/Llama2-13B/trace_4_FC_devices_seqlen_2560.txt
/home/aatmaj/CENT/aim_simulator/build/ramulator2 -f /home/aatmaj/CENT/aim_simulator/test/example.yaml -t /home/aatmaj/CENT/experiments/dda_full_sweep/traces/32_channels_per_device/32_devices/model_parallel_FC/Llama2-13B/trace_4_FC_devices_seqlen_2560.txt
/home/aatmaj/CENT/aim_simulator/build/ramulator2 -f /home/aatmaj/CENT/aim_simulator/test/example.yaml -t /home/aatmaj/CENT/experiments/dda_full_sweep/traces/32_channels_per_device/32_devices/model_parallel/Llama2-13B/trace_8_FC_devices_seqlen_2560.txt
/home/aatmaj/CENT/aim_simulator/build/ramulator2 -f /home/aatmaj/CENT/aim_simulator/test/example.yaml -t /home/aatmaj/CENT/experiments/dda_full_sweep/traces/32_channels_per_device/32_devices/model_parallel_FC/Llama2-13B/trace_8_FC_devices_seqlen_2560.txt
/home/aatmaj/CENT/aim_simulator/build/ramulator2 -f /home/aatmaj/CENT/aim_simulator/test/example.yaml -t /home/aatmaj/CENT/experiments/dda_full_sweep/traces/32_channels_per_device/32_devices/model_parallel/Llama2-13B/trace_16_FC_devices_seqlen_2560.txt
/home/aatmaj/CENT/aim_simulator/build/ramulator2 -f /home/aatmaj/CENT/aim_simulator/test/example.yaml -t /home/aatmaj/CENT/experiments/dda_full_sweep/traces/32_channels_per_device/32_devices/model_parallel_FC/Llama2-13B/trace_16_FC_devices_seqlen_2560.txt
/home/aatmaj/CENT/aim_simulator/build/ramulator2 -f /home/aatmaj/CENT/aim_simulator/test/example.yaml -t /home/aatmaj/CENT/experiments/dda_full_sweep/traces/32_channels_per_device/32_devices/model_parallel/Llama2-13B/trace_32_FC_devices_seqlen_2560.txt
/home/aatmaj/CENT/aim_simulator/build/ramulator2 -f /home/aatmaj/CENT/aim_simulator/test/example.yaml -t /home/aatmaj/CENT/experiments/dda_full_sweep/traces/32_channels_per_device/32_devices/model_parallel_FC/Llama2-13B/trace_32_FC_devices_seqlen_2560.txt
/home/aatmaj/CENT/aim_simulator/build/ramulator2 -f /home/aatmaj/CENT/aim_simulator/test/example.yaml -t /home/aatmaj/CENT/experiments/dda_full_sweep/traces/32_channels_per_device/32_devices/model_parallel/Llama2-13B/trace_1_FC_devices_seqlen_2688.txt
/home/aatmaj/CENT/aim_simulator/build/ramulator2 -f /home/aatmaj/CENT/aim_simulator/test/example.yaml -t /home/aatmaj/CENT/experiments/dda_full_sweep/traces/32_channels_per_device/32_devices/model_parallel_FC/Llama2-13B/trace_1_FC_devices_seqlen_2688.txt
/home/aatmaj/CENT/aim_simulator/build/ramulator2 -f /home/aatmaj/CENT/aim_simulator/test/example.yaml -t /home/aatmaj/CENT/experiments/dda_full_sweep/traces/32_channels_per_device/32_devices/model_parallel/Llama2-13B/trace_2_FC_devices_seqlen_2688.txt
/home/aatmaj/CENT/aim_simulator/build/ramulator2 -f /home/aatmaj/CENT/aim_simulator/test/example.yaml -t /home/aatmaj/CENT/experiments/dda_full_sweep/traces/32_channels_per_device/32_devices/model_parallel_FC/Llama2-13B/trace_2_FC_devices_seqlen_2688.txt
/home/aatmaj/CENT/aim_simulator/build/ramulator2 -f /home/aatmaj/CENT/aim_simulator/test/example.yaml -t /home/aatmaj/CENT/experiments/dda_full_sweep/traces/32_channels_per_device/32_devices/model_parallel/Llama2-13B/trace_4_FC_devices_seqlen_2688.txt
/home/aatmaj/CENT/aim_simulator/build/ramulator2 -f /home/aatmaj/CENT/aim_simulator/test/example.yaml -t /home/aatmaj/CENT/experiments/dda_full_sweep/traces/32_channels_per_device/32_devices/model_parallel_FC/Llama2-13B/trace_4_FC_devices_seqlen_2688.txt
/home/aatmaj/CENT/aim_simulator/build/ramulator2 -f /home/aatmaj/CENT/aim_simulator/test/example.yaml -t /home/aatmaj/CENT/experiments/dda_full_sweep/traces/32_channels_per_device/32_devices/model_parallel/Llama2-13B/trace_8_FC_devices_seqlen_2688.txt
/home/aatmaj/CENT/aim_simulator/build/ramulator2 -f /home/aatmaj/CENT/aim_simulator/test/example.yaml -t /home/aatmaj/CENT/experiments/dda_full_sweep/traces/32_channels_per_device/32_devices/model_parallel_FC/Llama2-13B/trace_8_FC_devices_seqlen_2688.txt
/home/aatmaj/CENT/aim_simulator/build/ramulator2 -f /home/aatmaj/CENT/aim_simulator/test/example.yaml -t /home/aatmaj/CENT/experiments/dda_full_sweep/traces/32_channels_per_device/32_devices/model_parallel/Llama2-13B/trace_16_FC_devices_seqlen_2688.txt
/home/aatmaj/CENT/aim_simulator/build/ramulator2 -f /home/aatmaj/CENT/aim_simulator/test/example.yaml -t /home/aatmaj/CENT/experiments/dda_full_sweep/traces/32_channels_per_device/32_devices/model_parallel_FC/Llama2-13B/trace_16_FC_devices_seqlen_2688.txt
/home/aatmaj/CENT/aim_simulator/build/ramulator2 -f /home/aatmaj/CENT/aim_simulator/test/example.yaml -t /home/aatmaj/CENT/experiments/dda_full_sweep/traces/32_channels_per_device/32_devices/model_parallel/Llama2-13B/trace_32_FC_devices_seqlen_2688.txt
/home/aatmaj/CENT/aim_simulator/build/ramulator2 -f /home/aatmaj/CENT/aim_simulator/test/example.yaml -t /home/aatmaj/CENT/experiments/dda_full_sweep/traces/32_channels_per_device/32_devices/model_parallel_FC/Llama2-13B/trace_32_FC_devices_seqlen_2688.txt
/home/aatmaj/CENT/aim_simulator/build/ramulator2 -f /home/aatmaj/CENT/aim_simulator/test/example.yaml -t /home/aatmaj/CENT/experiments/dda_full_sweep/traces/32_channels_per_device/32_devices/model_parallel/Llama2-13B/trace_1_FC_devices_seqlen_2816.txt
/home/aatmaj/CENT/aim_simulator/build/ramulator2 -f /home/aatmaj/CENT/aim_simulator/test/example.yaml -t /home/aatmaj/CENT/experiments/dda_full_sweep/traces/32_channels_per_device/32_devices/model_parallel_FC/Llama2-13B/trace_1_FC_devices_seqlen_2816.txt
/home/aatmaj/CENT/aim_simulator/build/ramulator2 -f /home/aatmaj/CENT/aim_simulator/test/example.yaml -t /home/aatmaj/CENT/experiments/dda_full_sweep/traces/32_channels_per_device/32_devices/model_parallel/Llama2-13B/trace_2_FC_devices_seqlen_2816.txt
/home/aatmaj/CENT/aim_simulator/build/ramulator2 -f /home/aatmaj/CENT/aim_simulator/test/example.yaml -t /home/aatmaj/CENT/experiments/dda_full_sweep/traces/32_channels_per_device/32_devices/model_parallel_FC/Llama2-13B/trace_2_FC_devices_seqlen_2816.txt
/home/aatmaj/CENT/aim_simulator/build/ramulator2 -f /home/aatmaj/CENT/aim_simulator/test/example.yaml -t /home/aatmaj/CENT/experiments/dda_full_sweep/traces/32_channels_per_device/32_devices/model_parallel/Llama2-13B/trace_4_FC_devices_seqlen_2816.txt
/home/aatmaj/CENT/aim_simulator/build/ramulator2 -f /home/aatmaj/CENT/aim_simulator/test/example.yaml -t /home/aatmaj/CENT/experiments/dda_full_sweep/traces/32_channels_per_device/32_devices/model_parallel_FC/Llama2-13B/trace_4_FC_devices_seqlen_2816.txt
/home/aatmaj/CENT/aim_simulator/build/ramulator2 -f /home/aatmaj/CENT/aim_simulator/test/example.yaml -t /home/aatmaj/CENT/experiments/dda_full_sweep/traces/32_channels_per_device/32_devices/model_parallel/Llama2-13B/trace_8_FC_devices_seqlen_2816.txt
/home/aatmaj/CENT/aim_simulator/build/ramulator2 -f /home/aatmaj/CENT/aim_simulator/test/example.yaml -t /home/aatmaj/CENT/experiments/dda_full_sweep/traces/32_channels_per_device/32_devices/model_parallel_FC/Llama2-13B/trace_8_FC_devices_seqlen_2816.txt
/home/aatmaj/CENT/aim_simulator/build/ramulator2 -f /home/aatmaj/CENT/aim_simulator/test/example.yaml -t /home/aatmaj/CENT/experiments/dda_full_sweep/traces/32_channels_per_device/32_devices/model_parallel/Llama2-13B/trace_16_FC_devices_seqlen_2816.txt
/home/aatmaj/CENT/aim_simulator/build/ramulator2 -f /home/aatmaj/CENT/aim_simulator/test/example.yaml -t /home/aatmaj/CENT/experiments/dda_full_sweep/traces/32_channels_per_device/32_devices/model_parallel_FC/Llama2-13B/trace_16_FC_devices_seqlen_2816.txt
/home/aatmaj/CENT/aim_simulator/build/ramulator2 -f /home/aatmaj/CENT/aim_simulator/test/example.yaml -t /home/aatmaj/CENT/experiments/dda_full_sweep/traces/32_channels_per_device/32_devices/model_parallel/Llama2-13B/trace_32_FC_devices_seqlen_2816.txt
/home/aatmaj/CENT/aim_simulator/build/ramulator2 -f /home/aatmaj/CENT/aim_simulator/test/example.yaml -t /home/aatmaj/CENT/experiments/dda_full_sweep/traces/32_channels_per_device/32_devices/model_parallel_FC/Llama2-13B/trace_32_FC_devices_seqlen_2816.txt
/home/aatmaj/CENT/aim_simulator/build/ramulator2 -f /home/aatmaj/CENT/aim_simulator/test/example.yaml -t /home/aatmaj/CENT/experiments/dda_full_sweep/traces/32_channels_per_device/32_devices/model_parallel/Llama2-13B/trace_1_FC_devices_seqlen_2944.txt
/home/aatmaj/CENT/aim_simulator/build/ramulator2 -f /home/aatmaj/CENT/aim_simulator/test/example.yaml -t /home/aatmaj/CENT/experiments/dda_full_sweep/traces/32_channels_per_device/32_devices/model_parallel_FC/Llama2-13B/trace_1_FC_devices_seqlen_2944.txt
/home/aatmaj/CENT/aim_simulator/build/ramulator2 -f /home/aatmaj/CENT/aim_simulator/test/example.yaml -t /home/aatmaj/CENT/experiments/dda_full_sweep/traces/32_channels_per_device/32_devices/model_parallel/Llama2-13B/trace_2_FC_devices_seqlen_2944.txt
/home/aatmaj/CENT/aim_simulator/build/ramulator2 -f /home/aatmaj/CENT/aim_simulator/test/example.yaml -t /home/aatmaj/CENT/experiments/dda_full_sweep/traces/32_channels_per_device/32_devices/model_parallel_FC/Llama2-13B/trace_2_FC_devices_seqlen_2944.txt
/home/aatmaj/CENT/aim_simulator/build/ramulator2 -f /home/aatmaj/CENT/aim_simulator/test/example.yaml -t /home/aatmaj/CENT/experiments/dda_full_sweep/traces/32_channels_per_device/32_devices/model_parallel/Llama2-13B/trace_4_FC_devices_seqlen_2944.txt
/home/aatmaj/CENT/aim_simulator/build/ramulator2 -f /home/aatmaj/CENT/aim_simulator/test/example.yaml -t /home/aatmaj/CENT/experiments/dda_full_sweep/traces/32_channels_per_device/32_devices/model_parallel_FC/Llama2-13B/trace_4_FC_devices_seqlen_2944.txt
/home/aatmaj/CENT/aim_simulator/build/ramulator2 -f /home/aatmaj/CENT/aim_simulator/test/example.yaml -t /home/aatmaj/CENT/experiments/dda_full_sweep/traces/32_channels_per_device/32_devices/model_parallel/Llama2-13B/trace_8_FC_devices_seqlen_2944.txt
/home/aatmaj/CENT/aim_simulator/build/ramulator2 -f /home/aatmaj/CENT/aim_simulator/test/example.yaml -t /home/aatmaj/CENT/experiments/dda_full_sweep/traces/32_channels_per_device/32_devices/model_parallel_FC/Llama2-13B/trace_8_FC_devices_seqlen_2944.txt
/home/aatmaj/CENT/aim_simulator/build/ramulator2 -f /home/aatmaj/CENT/aim_simulator/test/example.yaml -t /home/aatmaj/CENT/experiments/dda_full_sweep/traces/32_channels_per_device/32_devices/model_parallel/Llama2-13B/trace_16_FC_devices_seqlen_2944.txt
/home/aatmaj/CENT/aim_simulator/build/ramulator2 -f /home/aatmaj/CENT/aim_simulator/test/example.yaml -t /home/aatmaj/CENT/experiments/dda_full_sweep/traces/32_channels_per_device/32_devices/model_parallel_FC/Llama2-13B/trace_16_FC_devices_seqlen_2944.txt
/home/aatmaj/CENT/aim_simulator/build/ramulator2 -f /home/aatmaj/CENT/aim_simulator/test/example.yaml -t /home/aatmaj/CENT/experiments/dda_full_sweep/traces/32_channels_per_device/32_devices/model_parallel/Llama2-13B/trace_32_FC_devices_seqlen_2944.txt
/home/aatmaj/CENT/aim_simulator/build/ramulator2 -f /home/aatmaj/CENT/aim_simulator/test/example.yaml -t /home/aatmaj/CENT/experiments/dda_full_sweep/traces/32_channels_per_device/32_devices/model_parallel_FC/Llama2-13B/trace_32_FC_devices_seqlen_2944.txt
/home/aatmaj/CENT/aim_simulator/build/ramulator2 -f /home/aatmaj/CENT/aim_simulator/test/example.yaml -t /home/aatmaj/CENT/experiments/dda_full_sweep/traces/32_channels_per_device/32_devices/model_parallel/Llama2-13B/trace_1_FC_devices_seqlen_3072.txt
/home/aatmaj/CENT/aim_simulator/build/ramulator2 -f /home/aatmaj/CENT/aim_simulator/test/example.yaml -t /home/aatmaj/CENT/experiments/dda_full_sweep/traces/32_channels_per_device/32_devices/model_parallel_FC/Llama2-13B/trace_1_FC_devices_seqlen_3072.txt
/home/aatmaj/CENT/aim_simulator/build/ramulator2 -f /home/aatmaj/CENT/aim_simulator/test/example.yaml -t /home/aatmaj/CENT/experiments/dda_full_sweep/traces/32_channels_per_device/32_devices/model_parallel/Llama2-13B/trace_2_FC_devices_seqlen_3072.txt
/home/aatmaj/CENT/aim_simulator/build/ramulator2 -f /home/aatmaj/CENT/aim_simulator/test/example.yaml -t /home/aatmaj/CENT/experiments/dda_full_sweep/traces/32_channels_per_device/32_devices/model_parallel_FC/Llama2-13B/trace_2_FC_devices_seqlen_3072.txt
/home/aatmaj/CENT/aim_simulator/build/ramulator2 -f /home/aatmaj/CENT/aim_simulator/test/example.yaml -t /home/aatmaj/CENT/experiments/dda_full_sweep/traces/32_channels_per_device/32_devices/model_parallel/Llama2-13B/trace_4_FC_devices_seqlen_3072.txt
/home/aatmaj/CENT/aim_simulator/build/ramulator2 -f /home/aatmaj/CENT/aim_simulator/test/example.yaml -t /home/aatmaj/CENT/experiments/dda_full_sweep/traces/32_channels_per_device/32_devices/model_parallel_FC/Llama2-13B/trace_4_FC_devices_seqlen_3072.txt
/home/aatmaj/CENT/aim_simulator/build/ramulator2 -f /home/aatmaj/CENT/aim_simulator/test/example.yaml -t /home/aatmaj/CENT/experiments/dda_full_sweep/traces/32_channels_per_device/32_devices/model_parallel/Llama2-13B/trace_8_FC_devices_seqlen_3072.txt
/home/aatmaj/CENT/aim_simulator/build/ramulator2 -f /home/aatmaj/CENT/aim_simulator/test/example.yaml -t /home/aatmaj/CENT/experiments/dda_full_sweep/traces/32_channels_per_device/32_devices/model_parallel_FC/Llama2-13B/trace_8_FC_devices_seqlen_3072.txt
/home/aatmaj/CENT/aim_simulator/build/ramulator2 -f /home/aatmaj/CENT/aim_simulator/test/example.yaml -t /home/aatmaj/CENT/experiments/dda_full_sweep/traces/32_channels_per_device/32_devices/model_parallel/Llama2-13B/trace_16_FC_devices_seqlen_3072.txt
/home/aatmaj/CENT/aim_simulator/build/ramulator2 -f /home/aatmaj/CENT/aim_simulator/test/example.yaml -t /home/aatmaj/CENT/experiments/dda_full_sweep/traces/32_channels_per_device/32_devices/model_parallel_FC/Llama2-13B/trace_16_FC_devices_seqlen_3072.txt
/home/aatmaj/CENT/aim_simulator/build/ramulator2 -f /home/aatmaj/CENT/aim_simulator/test/example.yaml -t /home/aatmaj/CENT/experiments/dda_full_sweep/traces/32_channels_per_device/32_devices/model_parallel/Llama2-13B/trace_32_FC_devices_seqlen_3072.txt
/home/aatmaj/CENT/aim_simulator/build/ramulator2 -f /home/aatmaj/CENT/aim_simulator/test/example.yaml -t /home/aatmaj/CENT/experiments/dda_full_sweep/traces/32_channels_per_device/32_devices/model_parallel_FC/Llama2-13B/trace_32_FC_devices_seqlen_3072.txt
/home/aatmaj/CENT/aim_simulator/build/ramulator2 -f /home/aatmaj/CENT/aim_simulator/test/example.yaml -t /home/aatmaj/CENT/experiments/dda_full_sweep/traces/32_channels_per_device/32_devices/model_parallel/Llama2-13B/trace_1_FC_devices_seqlen_3200.txt
/home/aatmaj/CENT/aim_simulator/build/ramulator2 -f /home/aatmaj/CENT/aim_simulator/test/example.yaml -t /home/aatmaj/CENT/experiments/dda_full_sweep/traces/32_channels_per_device/32_devices/model_parallel_FC/Llama2-13B/trace_1_FC_devices_seqlen_3200.txt
/home/aatmaj/CENT/aim_simulator/build/ramulator2 -f /home/aatmaj/CENT/aim_simulator/test/example.yaml -t /home/aatmaj/CENT/experiments/dda_full_sweep/traces/32_channels_per_device/32_devices/model_parallel/Llama2-13B/trace_2_FC_devices_seqlen_3200.txt
/home/aatmaj/CENT/aim_simulator/build/ramulator2 -f /home/aatmaj/CENT/aim_simulator/test/example.yaml -t /home/aatmaj/CENT/experiments/dda_full_sweep/traces/32_channels_per_device/32_devices/model_parallel_FC/Llama2-13B/trace_2_FC_devices_seqlen_3200.txt
/home/aatmaj/CENT/aim_simulator/build/ramulator2 -f /home/aatmaj/CENT/aim_simulator/test/example.yaml -t /home/aatmaj/CENT/experiments/dda_full_sweep/traces/32_channels_per_device/32_devices/model_parallel/Llama2-13B/trace_4_FC_devices_seqlen_3200.txt
/home/aatmaj/CENT/aim_simulator/build/ramulator2 -f /home/aatmaj/CENT/aim_simulator/test/example.yaml -t /home/aatmaj/CENT/experiments/dda_full_sweep/traces/32_channels_per_device/32_devices/model_parallel_FC/Llama2-13B/trace_4_FC_devices_seqlen_3200.txt
/home/aatmaj/CENT/aim_simulator/build/ramulator2 -f /home/aatmaj/CENT/aim_simulator/test/example.yaml -t /home/aatmaj/CENT/experiments/dda_full_sweep/traces/32_channels_per_device/32_devices/model_parallel/Llama2-13B/trace_8_FC_devices_seqlen_3200.txt
/home/aatmaj/CENT/aim_simulator/build/ramulator2 -f /home/aatmaj/CENT/aim_simulator/test/example.yaml -t /home/aatmaj/CENT/experiments/dda_full_sweep/traces/32_channels_per_device/32_devices/model_parallel_FC/Llama2-13B/trace_8_FC_devices_seqlen_3200.txt
/home/aatmaj/CENT/aim_simulator/build/ramulator2 -f /home/aatmaj/CENT/aim_simulator/test/example.yaml -t /home/aatmaj/CENT/experiments/dda_full_sweep/traces/32_channels_per_device/32_devices/model_parallel/Llama2-13B/trace_16_FC_devices_seqlen_3200.txt
/home/aatmaj/CENT/aim_simulator/build/ramulator2 -f /home/aatmaj/CENT/aim_simulator/test/example.yaml -t /home/aatmaj/CENT/experiments/dda_full_sweep/traces/32_channels_per_device/32_devices/model_parallel_FC/Llama2-13B/trace_16_FC_devices_seqlen_3200.txt
/home/aatmaj/CENT/aim_simulator/build/ramulator2 -f /home/aatmaj/CENT/aim_simulator/test/example.yaml -t /home/aatmaj/CENT/experiments/dda_full_sweep/traces/32_channels_per_device/32_devices/model_parallel/Llama2-13B/trace_32_FC_devices_seqlen_3200.txt
/home/aatmaj/CENT/aim_simulator/build/ramulator2 -f /home/aatmaj/CENT/aim_simulator/test/example.yaml -t /home/aatmaj/CENT/experiments/dda_full_sweep/traces/32_channels_per_device/32_devices/model_parallel_FC/Llama2-13B/trace_32_FC_devices_seqlen_3200.txt
/home/aatmaj/CENT/aim_simulator/build/ramulator2 -f /home/aatmaj/CENT/aim_simulator/test/example.yaml -t /home/aatmaj/CENT/experiments/dda_full_sweep/traces/32_channels_per_device/32_devices/model_parallel/Llama2-13B/trace_1_FC_devices_seqlen_3328.txt
/home/aatmaj/CENT/aim_simulator/build/ramulator2 -f /home/aatmaj/CENT/aim_simulator/test/example.yaml -t /home/aatmaj/CENT/experiments/dda_full_sweep/traces/32_channels_per_device/32_devices/model_parallel_FC/Llama2-13B/trace_1_FC_devices_seqlen_3328.txt
/home/aatmaj/CENT/aim_simulator/build/ramulator2 -f /home/aatmaj/CENT/aim_simulator/test/example.yaml -t /home/aatmaj/CENT/experiments/dda_full_sweep/traces/32_channels_per_device/32_devices/model_parallel/Llama2-13B/trace_2_FC_devices_seqlen_3328.txt
/home/aatmaj/CENT/aim_simulator/build/ramulator2 -f /home/aatmaj/CENT/aim_simulator/test/example.yaml -t /home/aatmaj/CENT/experiments/dda_full_sweep/traces/32_channels_per_device/32_devices/model_parallel_FC/Llama2-13B/trace_2_FC_devices_seqlen_3328.txt
/home/aatmaj/CENT/aim_simulator/build/ramulator2 -f /home/aatmaj/CENT/aim_simulator/test/example.yaml -t /home/aatmaj/CENT/experiments/dda_full_sweep/traces/32_channels_per_device/32_devices/model_parallel/Llama2-13B/trace_4_FC_devices_seqlen_3328.txt
/home/aatmaj/CENT/aim_simulator/build/ramulator2 -f /home/aatmaj/CENT/aim_simulator/test/example.yaml -t /home/aatmaj/CENT/experiments/dda_full_sweep/traces/32_channels_per_device/32_devices/model_parallel_FC/Llama2-13B/trace_4_FC_devices_seqlen_3328.txt
/home/aatmaj/CENT/aim_simulator/build/ramulator2 -f /home/aatmaj/CENT/aim_simulator/test/example.yaml -t /home/aatmaj/CENT/experiments/dda_full_sweep/traces/32_channels_per_device/32_devices/model_parallel/Llama2-13B/trace_8_FC_devices_seqlen_3328.txt
/home/aatmaj/CENT/aim_simulator/build/ramulator2 -f /home/aatmaj/CENT/aim_simulator/test/example.yaml -t /home/aatmaj/CENT/experiments/dda_full_sweep/traces/32_channels_per_device/32_devices/model_parallel_FC/Llama2-13B/trace_8_FC_devices_seqlen_3328.txt
/home/aatmaj/CENT/aim_simulator/build/ramulator2 -f /home/aatmaj/CENT/aim_simulator/test/example.yaml -t /home/aatmaj/CENT/experiments/dda_full_sweep/traces/32_channels_per_device/32_devices/model_parallel/Llama2-13B/trace_16_FC_devices_seqlen_3328.txt
/home/aatmaj/CENT/aim_simulator/build/ramulator2 -f /home/aatmaj/CENT/aim_simulator/test/example.yaml -t /home/aatmaj/CENT/experiments/dda_full_sweep/traces/32_channels_per_device/32_devices/model_parallel_FC/Llama2-13B/trace_16_FC_devices_seqlen_3328.txt
/home/aatmaj/CENT/aim_simulator/build/ramulator2 -f /home/aatmaj/CENT/aim_simulator/test/example.yaml -t /home/aatmaj/CENT/experiments/dda_full_sweep/traces/32_channels_per_device/32_devices/model_parallel/Llama2-13B/trace_32_FC_devices_seqlen_3328.txt
/home/aatmaj/CENT/aim_simulator/build/ramulator2 -f /home/aatmaj/CENT/aim_simulator/test/example.yaml -t /home/aatmaj/CENT/experiments/dda_full_sweep/traces/32_channels_per_device/32_devices/model_parallel_FC/Llama2-13B/trace_32_FC_devices_seqlen_3328.txt
/home/aatmaj/CENT/aim_simulator/build/ramulator2 -f /home/aatmaj/CENT/aim_simulator/test/example.yaml -t /home/aatmaj/CENT/experiments/dda_full_sweep/traces/32_channels_per_device/32_devices/model_parallel/Llama2-13B/trace_1_FC_devices_seqlen_3456.txt
/home/aatmaj/CENT/aim_simulator/build/ramulator2 -f /home/aatmaj/CENT/aim_simulator/test/example.yaml -t /home/aatmaj/CENT/experiments/dda_full_sweep/traces/32_channels_per_device/32_devices/model_parallel_FC/Llama2-13B/trace_1_FC_devices_seqlen_3456.txt
/home/aatmaj/CENT/aim_simulator/build/ramulator2 -f /home/aatmaj/CENT/aim_simulator/test/example.yaml -t /home/aatmaj/CENT/experiments/dda_full_sweep/traces/32_channels_per_device/32_devices/model_parallel/Llama2-13B/trace_2_FC_devices_seqlen_3456.txt
/home/aatmaj/CENT/aim_simulator/build/ramulator2 -f /home/aatmaj/CENT/aim_simulator/test/example.yaml -t /home/aatmaj/CENT/experiments/dda_full_sweep/traces/32_channels_per_device/32_devices/model_parallel_FC/Llama2-13B/trace_2_FC_devices_seqlen_3456.txt
/home/aatmaj/CENT/aim_simulator/build/ramulator2 -f /home/aatmaj/CENT/aim_simulator/test/example.yaml -t /home/aatmaj/CENT/experiments/dda_full_sweep/traces/32_channels_per_device/32_devices/model_parallel/Llama2-13B/trace_4_FC_devices_seqlen_3456.txt
/home/aatmaj/CENT/aim_simulator/build/ramulator2 -f /home/aatmaj/CENT/aim_simulator/test/example.yaml -t /home/aatmaj/CENT/experiments/dda_full_sweep/traces/32_channels_per_device/32_devices/model_parallel_FC/Llama2-13B/trace_4_FC_devices_seqlen_3456.txt
/home/aatmaj/CENT/aim_simulator/build/ramulator2 -f /home/aatmaj/CENT/aim_simulator/test/example.yaml -t /home/aatmaj/CENT/experiments/dda_full_sweep/traces/32_channels_per_device/32_devices/model_parallel/Llama2-13B/trace_8_FC_devices_seqlen_3456.txt
/home/aatmaj/CENT/aim_simulator/build/ramulator2 -f /home/aatmaj/CENT/aim_simulator/test/example.yaml -t /home/aatmaj/CENT/experiments/dda_full_sweep/traces/32_channels_per_device/32_devices/model_parallel_FC/Llama2-13B/trace_8_FC_devices_seqlen_3456.txt
/home/aatmaj/CENT/aim_simulator/build/ramulator2 -f /home/aatmaj/CENT/aim_simulator/test/example.yaml -t /home/aatmaj/CENT/experiments/dda_full_sweep/traces/32_channels_per_device/32_devices/model_parallel/Llama2-13B/trace_16_FC_devices_seqlen_3456.txt
/home/aatmaj/CENT/aim_simulator/build/ramulator2 -f /home/aatmaj/CENT/aim_simulator/test/example.yaml -t /home/aatmaj/CENT/experiments/dda_full_sweep/traces/32_channels_per_device/32_devices/model_parallel_FC/Llama2-13B/trace_16_FC_devices_seqlen_3456.txt
/home/aatmaj/CENT/aim_simulator/build/ramulator2 -f /home/aatmaj/CENT/aim_simulator/test/example.yaml -t /home/aatmaj/CENT/experiments/dda_full_sweep/traces/32_channels_per_device/32_devices/model_parallel/Llama2-13B/trace_32_FC_devices_seqlen_3456.txt
/home/aatmaj/CENT/aim_simulator/build/ramulator2 -f /home/aatmaj/CENT/aim_simulator/test/example.yaml -t /home/aatmaj/CENT/experiments/dda_full_sweep/traces/32_channels_per_device/32_devices/model_parallel_FC/Llama2-13B/trace_32_FC_devices_seqlen_3456.txt
/home/aatmaj/CENT/aim_simulator/build/ramulator2 -f /home/aatmaj/CENT/aim_simulator/test/example.yaml -t /home/aatmaj/CENT/experiments/dda_full_sweep/traces/32_channels_per_device/32_devices/model_parallel/Llama2-13B/trace_1_FC_devices_seqlen_3584.txt
/home/aatmaj/CENT/aim_simulator/build/ramulator2 -f /home/aatmaj/CENT/aim_simulator/test/example.yaml -t /home/aatmaj/CENT/experiments/dda_full_sweep/traces/32_channels_per_device/32_devices/model_parallel_FC/Llama2-13B/trace_1_FC_devices_seqlen_3584.txt
/home/aatmaj/CENT/aim_simulator/build/ramulator2 -f /home/aatmaj/CENT/aim_simulator/test/example.yaml -t /home/aatmaj/CENT/experiments/dda_full_sweep/traces/32_channels_per_device/32_devices/model_parallel/Llama2-13B/trace_2_FC_devices_seqlen_3584.txt
/home/aatmaj/CENT/aim_simulator/build/ramulator2 -f /home/aatmaj/CENT/aim_simulator/test/example.yaml -t /home/aatmaj/CENT/experiments/dda_full_sweep/traces/32_channels_per_device/32_devices/model_parallel_FC/Llama2-13B/trace_2_FC_devices_seqlen_3584.txt
/home/aatmaj/CENT/aim_simulator/build/ramulator2 -f /home/aatmaj/CENT/aim_simulator/test/example.yaml -t /home/aatmaj/CENT/experiments/dda_full_sweep/traces/32_channels_per_device/32_devices/model_parallel/Llama2-13B/trace_4_FC_devices_seqlen_3584.txt
/home/aatmaj/CENT/aim_simulator/build/ramulator2 -f /home/aatmaj/CENT/aim_simulator/test/example.yaml -t /home/aatmaj/CENT/experiments/dda_full_sweep/traces/32_channels_per_device/32_devices/model_parallel_FC/Llama2-13B/trace_4_FC_devices_seqlen_3584.txt
/home/aatmaj/CENT/aim_simulator/build/ramulator2 -f /home/aatmaj/CENT/aim_simulator/test/example.yaml -t /home/aatmaj/CENT/experiments/dda_full_sweep/traces/32_channels_per_device/32_devices/model_parallel/Llama2-13B/trace_8_FC_devices_seqlen_3584.txt
/home/aatmaj/CENT/aim_simulator/build/ramulator2 -f /home/aatmaj/CENT/aim_simulator/test/example.yaml -t /home/aatmaj/CENT/experiments/dda_full_sweep/traces/32_channels_per_device/32_devices/model_parallel_FC/Llama2-13B/trace_8_FC_devices_seqlen_3584.txt
/home/aatmaj/CENT/aim_simulator/build/ramulator2 -f /home/aatmaj/CENT/aim_simulator/test/example.yaml -t /home/aatmaj/CENT/experiments/dda_full_sweep/traces/32_channels_per_device/32_devices/model_parallel/Llama2-13B/trace_16_FC_devices_seqlen_3584.txt
/home/aatmaj/CENT/aim_simulator/build/ramulator2 -f /home/aatmaj/CENT/aim_simulator/test/example.yaml -t /home/aatmaj/CENT/experiments/dda_full_sweep/traces/32_channels_per_device/32_devices/model_parallel_FC/Llama2-13B/trace_16_FC_devices_seqlen_3584.txt
/home/aatmaj/CENT/aim_simulator/build/ramulator2 -f /home/aatmaj/CENT/aim_simulator/test/example.yaml -t /home/aatmaj/CENT/experiments/dda_full_sweep/traces/32_channels_per_device/32_devices/model_parallel/Llama2-13B/trace_32_FC_devices_seqlen_3584.txt
/home/aatmaj/CENT/aim_simulator/build/ramulator2 -f /home/aatmaj/CENT/aim_simulator/test/example.yaml -t /home/aatmaj/CENT/experiments/dda_full_sweep/traces/32_channels_per_device/32_devices/model_parallel_FC/Llama2-13B/trace_32_FC_devices_seqlen_3584.txt
/home/aatmaj/CENT/aim_simulator/build/ramulator2 -f /home/aatmaj/CENT/aim_simulator/test/example.yaml -t /home/aatmaj/CENT/experiments/dda_full_sweep/traces/32_channels_per_device/32_devices/model_parallel/Llama2-13B/trace_1_FC_devices_seqlen_3712.txt
/home/aatmaj/CENT/aim_simulator/build/ramulator2 -f /home/aatmaj/CENT/aim_simulator/test/example.yaml -t /home/aatmaj/CENT/experiments/dda_full_sweep/traces/32_channels_per_device/32_devices/model_parallel_FC/Llama2-13B/trace_1_FC_devices_seqlen_3712.txt
/home/aatmaj/CENT/aim_simulator/build/ramulator2 -f /home/aatmaj/CENT/aim_simulator/test/example.yaml -t /home/aatmaj/CENT/experiments/dda_full_sweep/traces/32_channels_per_device/32_devices/model_parallel/Llama2-13B/trace_2_FC_devices_seqlen_3712.txt
/home/aatmaj/CENT/aim_simulator/build/ramulator2 -f /home/aatmaj/CENT/aim_simulator/test/example.yaml -t /home/aatmaj/CENT/experiments/dda_full_sweep/traces/32_channels_per_device/32_devices/model_parallel_FC/Llama2-13B/trace_2_FC_devices_seqlen_3712.txt
/home/aatmaj/CENT/aim_simulator/build/ramulator2 -f /home/aatmaj/CENT/aim_simulator/test/example.yaml -t /home/aatmaj/CENT/experiments/dda_full_sweep/traces/32_channels_per_device/32_devices/model_parallel/Llama2-13B/trace_4_FC_devices_seqlen_3712.txt
/home/aatmaj/CENT/aim_simulator/build/ramulator2 -f /home/aatmaj/CENT/aim_simulator/test/example.yaml -t /home/aatmaj/CENT/experiments/dda_full_sweep/traces/32_channels_per_device/32_devices/model_parallel_FC/Llama2-13B/trace_4_FC_devices_seqlen_3712.txt
/home/aatmaj/CENT/aim_simulator/build/ramulator2 -f /home/aatmaj/CENT/aim_simulator/test/example.yaml -t /home/aatmaj/CENT/experiments/dda_full_sweep/traces/32_channels_per_device/32_devices/model_parallel/Llama2-13B/trace_8_FC_devices_seqlen_3712.txt
/home/aatmaj/CENT/aim_simulator/build/ramulator2 -f /home/aatmaj/CENT/aim_simulator/test/example.yaml -t /home/aatmaj/CENT/experiments/dda_full_sweep/traces/32_channels_per_device/32_devices/model_parallel_FC/Llama2-13B/trace_8_FC_devices_seqlen_3712.txt
/home/aatmaj/CENT/aim_simulator/build/ramulator2 -f /home/aatmaj/CENT/aim_simulator/test/example.yaml -t /home/aatmaj/CENT/experiments/dda_full_sweep/traces/32_channels_per_device/32_devices/model_parallel/Llama2-13B/trace_16_FC_devices_seqlen_3712.txt
/home/aatmaj/CENT/aim_simulator/build/ramulator2 -f /home/aatmaj/CENT/aim_simulator/test/example.yaml -t /home/aatmaj/CENT/experiments/dda_full_sweep/traces/32_channels_per_device/32_devices/model_parallel_FC/Llama2-13B/trace_16_FC_devices_seqlen_3712.txt
/home/aatmaj/CENT/aim_simulator/build/ramulator2 -f /home/aatmaj/CENT/aim_simulator/test/example.yaml -t /home/aatmaj/CENT/experiments/dda_full_sweep/traces/32_channels_per_device/32_devices/model_parallel/Llama2-13B/trace_32_FC_devices_seqlen_3712.txt
/home/aatmaj/CENT/aim_simulator/build/ramulator2 -f /home/aatmaj/CENT/aim_simulator/test/example.yaml -t /home/aatmaj/CENT/experiments/dda_full_sweep/traces/32_channels_per_device/32_devices/model_parallel_FC/Llama2-13B/trace_32_FC_devices_seqlen_3712.txt
/home/aatmaj/CENT/aim_simulator/build/ramulator2 -f /home/aatmaj/CENT/aim_simulator/test/example.yaml -t /home/aatmaj/CENT/experiments/dda_full_sweep/traces/32_channels_per_device/32_devices/model_parallel/Llama2-13B/trace_1_FC_devices_seqlen_3840.txt
/home/aatmaj/CENT/aim_simulator/build/ramulator2 -f /home/aatmaj/CENT/aim_simulator/test/example.yaml -t /home/aatmaj/CENT/experiments/dda_full_sweep/traces/32_channels_per_device/32_devices/model_parallel_FC/Llama2-13B/trace_1_FC_devices_seqlen_3840.txt
/home/aatmaj/CENT/aim_simulator/build/ramulator2 -f /home/aatmaj/CENT/aim_simulator/test/example.yaml -t /home/aatmaj/CENT/experiments/dda_full_sweep/traces/32_channels_per_device/32_devices/model_parallel/Llama2-13B/trace_2_FC_devices_seqlen_3840.txt
/home/aatmaj/CENT/aim_simulator/build/ramulator2 -f /home/aatmaj/CENT/aim_simulator/test/example.yaml -t /home/aatmaj/CENT/experiments/dda_full_sweep/traces/32_channels_per_device/32_devices/model_parallel_FC/Llama2-13B/trace_2_FC_devices_seqlen_3840.txt
/home/aatmaj/CENT/aim_simulator/build/ramulator2 -f /home/aatmaj/CENT/aim_simulator/test/example.yaml -t /home/aatmaj/CENT/experiments/dda_full_sweep/traces/32_channels_per_device/32_devices/model_parallel/Llama2-13B/trace_4_FC_devices_seqlen_3840.txt
/home/aatmaj/CENT/aim_simulator/build/ramulator2 -f /home/aatmaj/CENT/aim_simulator/test/example.yaml -t /home/aatmaj/CENT/experiments/dda_full_sweep/traces/32_channels_per_device/32_devices/model_parallel_FC/Llama2-13B/trace_4_FC_devices_seqlen_3840.txt
/home/aatmaj/CENT/aim_simulator/build/ramulator2 -f /home/aatmaj/CENT/aim_simulator/test/example.yaml -t /home/aatmaj/CENT/experiments/dda_full_sweep/traces/32_channels_per_device/32_devices/model_parallel/Llama2-13B/trace_8_FC_devices_seqlen_3840.txt
/home/aatmaj/CENT/aim_simulator/build/ramulator2 -f /home/aatmaj/CENT/aim_simulator/test/example.yaml -t /home/aatmaj/CENT/experiments/dda_full_sweep/traces/32_channels_per_device/32_devices/model_parallel_FC/Llama2-13B/trace_8_FC_devices_seqlen_3840.txt
/home/aatmaj/CENT/aim_simulator/build/ramulator2 -f /home/aatmaj/CENT/aim_simulator/test/example.yaml -t /home/aatmaj/CENT/experiments/dda_full_sweep/traces/32_channels_per_device/32_devices/model_parallel/Llama2-13B/trace_16_FC_devices_seqlen_3840.txt
/home/aatmaj/CENT/aim_simulator/build/ramulator2 -f /home/aatmaj/CENT/aim_simulator/test/example.yaml -t /home/aatmaj/CENT/experiments/dda_full_sweep/traces/32_channels_per_device/32_devices/model_parallel_FC/Llama2-13B/trace_16_FC_devices_seqlen_3840.txt
/home/aatmaj/CENT/aim_simulator/build/ramulator2 -f /home/aatmaj/CENT/aim_simulator/test/example.yaml -t /home/aatmaj/CENT/experiments/dda_full_sweep/traces/32_channels_per_device/32_devices/model_parallel/Llama2-13B/trace_32_FC_devices_seqlen_3840.txt
/home/aatmaj/CENT/aim_simulator/build/ramulator2 -f /home/aatmaj/CENT/aim_simulator/test/example.yaml -t /home/aatmaj/CENT/experiments/dda_full_sweep/traces/32_channels_per_device/32_devices/model_parallel_FC/Llama2-13B/trace_32_FC_devices_seqlen_3840.txt
/home/aatmaj/CENT/aim_simulator/build/ramulator2 -f /home/aatmaj/CENT/aim_simulator/test/example.yaml -t /home/aatmaj/CENT/experiments/dda_full_sweep/traces/32_channels_per_device/32_devices/model_parallel/Llama2-13B/trace_1_FC_devices_seqlen_3968.txt
/home/aatmaj/CENT/aim_simulator/build/ramulator2 -f /home/aatmaj/CENT/aim_simulator/test/example.yaml -t /home/aatmaj/CENT/experiments/dda_full_sweep/traces/32_channels_per_device/32_devices/model_parallel_FC/Llama2-13B/trace_1_FC_devices_seqlen_3968.txt
/home/aatmaj/CENT/aim_simulator/build/ramulator2 -f /home/aatmaj/CENT/aim_simulator/test/example.yaml -t /home/aatmaj/CENT/experiments/dda_full_sweep/traces/32_channels_per_device/32_devices/model_parallel/Llama2-13B/trace_2_FC_devices_seqlen_3968.txt
/home/aatmaj/CENT/aim_simulator/build/ramulator2 -f /home/aatmaj/CENT/aim_simulator/test/example.yaml -t /home/aatmaj/CENT/experiments/dda_full_sweep/traces/32_channels_per_device/32_devices/model_parallel_FC/Llama2-13B/trace_2_FC_devices_seqlen_3968.txt
/home/aatmaj/CENT/aim_simulator/build/ramulator2 -f /home/aatmaj/CENT/aim_simulator/test/example.yaml -t /home/aatmaj/CENT/experiments/dda_full_sweep/traces/32_channels_per_device/32_devices/model_parallel/Llama2-13B/trace_4_FC_devices_seqlen_3968.txt
/home/aatmaj/CENT/aim_simulator/build/ramulator2 -f /home/aatmaj/CENT/aim_simulator/test/example.yaml -t /home/aatmaj/CENT/experiments/dda_full_sweep/traces/32_channels_per_device/32_devices/model_parallel_FC/Llama2-13B/trace_4_FC_devices_seqlen_3968.txt
/home/aatmaj/CENT/aim_simulator/build/ramulator2 -f /home/aatmaj/CENT/aim_simulator/test/example.yaml -t /home/aatmaj/CENT/experiments/dda_full_sweep/traces/32_channels_per_device/32_devices/model_parallel/Llama2-13B/trace_8_FC_devices_seqlen_3968.txt
/home/aatmaj/CENT/aim_simulator/build/ramulator2 -f /home/aatmaj/CENT/aim_simulator/test/example.yaml -t /home/aatmaj/CENT/experiments/dda_full_sweep/traces/32_channels_per_device/32_devices/model_parallel_FC/Llama2-13B/trace_8_FC_devices_seqlen_3968.txt
/home/aatmaj/CENT/aim_simulator/build/ramulator2 -f /home/aatmaj/CENT/aim_simulator/test/example.yaml -t /home/aatmaj/CENT/experiments/dda_full_sweep/traces/32_channels_per_device/32_devices/model_parallel/Llama2-13B/trace_16_FC_devices_seqlen_3968.txt
/home/aatmaj/CENT/aim_simulator/build/ramulator2 -f /home/aatmaj/CENT/aim_simulator/test/example.yaml -t /home/aatmaj/CENT/experiments/dda_full_sweep/traces/32_channels_per_device/32_devices/model_parallel_FC/Llama2-13B/trace_16_FC_devices_seqlen_3968.txt
/home/aatmaj/CENT/aim_simulator/build/ramulator2 -f /home/aatmaj/CENT/aim_simulator/test/example.yaml -t /home/aatmaj/CENT/experiments/dda_full_sweep/traces/32_channels_per_device/32_devices/model_parallel/Llama2-13B/trace_32_FC_devices_seqlen_3968.txt
/home/aatmaj/CENT/aim_simulator/build/ramulator2 -f /home/aatmaj/CENT/aim_simulator/test/example.yaml -t /home/aatmaj/CENT/experiments/dda_full_sweep/traces/32_channels_per_device/32_devices/model_parallel_FC/Llama2-13B/trace_32_FC_devices_seqlen_3968.txt
/home/aatmaj/CENT/aim_simulator/build/ramulator2 -f /home/aatmaj/CENT/aim_simulator/test/example.yaml -t /home/aatmaj/CENT/experiments/dda_full_sweep/traces/32_channels_per_device/32_devices/model_parallel/Llama2-13B/trace_1_FC_devices_seqlen_4096.txt
/home/aatmaj/CENT/aim_simulator/build/ramulator2 -f /home/aatmaj/CENT/aim_simulator/test/example.yaml -t /home/aatmaj/CENT/experiments/dda_full_sweep/traces/32_channels_per_device/32_devices/model_parallel_FC/Llama2-13B/trace_1_FC_devices_seqlen_4096.txt
/home/aatmaj/CENT/aim_simulator/build/ramulator2 -f /home/aatmaj/CENT/aim_simulator/test/example.yaml -t /home/aatmaj/CENT/experiments/dda_full_sweep/traces/32_channels_per_device/32_devices/model_parallel/Llama2-13B/trace_2_FC_devices_seqlen_4096.txt
/home/aatmaj/CENT/aim_simulator/build/ramulator2 -f /home/aatmaj/CENT/aim_simulator/test/example.yaml -t /home/aatmaj/CENT/experiments/dda_full_sweep/traces/32_channels_per_device/32_devices/model_parallel_FC/Llama2-13B/trace_2_FC_devices_seqlen_4096.txt
/home/aatmaj/CENT/aim_simulator/build/ramulator2 -f /home/aatmaj/CENT/aim_simulator/test/example.yaml -t /home/aatmaj/CENT/experiments/dda_full_sweep/traces/32_channels_per_device/32_devices/model_parallel/Llama2-13B/trace_4_FC_devices_seqlen_4096.txt
/home/aatmaj/CENT/experiments/dda_full_sweep/simulation/run_sim_full32.py:430: FutureWarning: The behavior of DataFrame concatenation with empty or all-NA entries is deprecated. In a future version, this will no longer exclude empty or all-NA columns when determining the result dtypes. To retain the old behavior, exclude the relevant entries before the concat operation.
  results_df = pd.concat([results_df, new_df], ignore_index=True)
/home/aatmaj/CENT/aim_simulator/build/ramulator2 -f /home/aatmaj/CENT/aim_simulator/test/example.yaml -t /home/aatmaj/CENT/experiments/dda_full_sweep/traces/32_channels_per_device/32_devices/model_parallel_FC/Llama2-13B/trace_4_FC_devices_seqlen_4096.txt
/home/aatmaj/CENT/aim_simulator/build/ramulator2 -f /home/aatmaj/CENT/aim_simulator/test/example.yaml -t /home/aatmaj/CENT/experiments/dda_full_sweep/traces/32_channels_per_device/32_devices/model_parallel/Llama2-13B/trace_8_FC_devices_seqlen_4096.txt
/home/aatmaj/CENT/aim_simulator/build/ramulator2 -f /home/aatmaj/CENT/aim_simulator/test/example.yaml -t /home/aatmaj/CENT/experiments/dda_full_sweep/traces/32_channels_per_device/32_devices/model_parallel_FC/Llama2-13B/trace_8_FC_devices_seqlen_4096.txt
/home/aatmaj/CENT/aim_simulator/build/ramulator2 -f /home/aatmaj/CENT/aim_simulator/test/example.yaml -t /home/aatmaj/CENT/experiments/dda_full_sweep/traces/32_channels_per_device/32_devices/model_parallel/Llama2-13B/trace_16_FC_devices_seqlen_4096.txt
/home/aatmaj/CENT/aim_simulator/build/ramulator2 -f /home/aatmaj/CENT/aim_simulator/test/example.yaml -t /home/aatmaj/CENT/experiments/dda_full_sweep/traces/32_channels_per_device/32_devices/model_parallel_FC/Llama2-13B/trace_16_FC_devices_seqlen_4096.txt
/home/aatmaj/CENT/aim_simulator/build/ramulator2 -f /home/aatmaj/CENT/aim_simulator/test/example.yaml -t /home/aatmaj/CENT/experiments/dda_full_sweep/traces/32_channels_per_device/32_devices/model_parallel/Llama2-13B/trace_32_FC_devices_seqlen_4096.txt
/home/aatmaj/CENT/aim_simulator/build/ramulator2 -f /home/aatmaj/CENT/aim_simulator/test/example.yaml -t /home/aatmaj/CENT/experiments/dda_full_sweep/traces/32_channels_per_device/32_devices/model_parallel_FC/Llama2-13B/trace_32_FC_devices_seqlen_4096.txt
Processing results...
Updating simulation results to CSV...
=== Llama2-13B | N=32 | mode=mp | re-scoring at 4 lanes/dev (standalone box) ===
/home/aatmaj/CENT/experiments/dda_full_sweep/simulation/run_sim_full32.py:430: FutureWarning: The behavior of DataFrame concatenation with empty or all-NA entries is deprecated. In a future version, this will no longer exclude empty or all-NA columns when determining the result dtypes. To retain the old behavior, exclude the relevant entries before the concat operation.
  results_df = pd.concat([results_df, new_df], ignore_index=True)
Updating simulation results to CSV...

=== full-32 sweep complete ===
../results/sim_Llama2-13B_mp_16dev_lanes32.csv
../results/sim_Llama2-13B_mp_16dev_lanesN.csv
../results/sim_Llama2-13B_mp_20dev_lanes32.csv
../results/sim_Llama2-13B_mp_20dev_lanesN.csv
../results/sim_Llama2-13B_mp_32dev_lanes32.csv
../results/sim_Llama2-13B_mp_32dev_lanesN.csv
../results/sim_Llama2-13B_pp_16dev_lanes32.csv
../results/sim_Llama2-13B_pp_16dev_lanesN.csv
../results/sim_Llama2-13B_pp_20dev_lanes32.csv
../results/sim_Llama2-13B_pp_20dev_lanesN.csv
../results/sim_Llama2-13B_pp_32dev_lanes32.csv
../results/sim_Llama2-13B_pp_32dev_lanesN.csv
../results/sim_Llama2-7B_mp_16dev_lanes32.csv
../results/sim_Llama2-7B_mp_16dev_lanesN.csv
../results/sim_Llama2-7B_mp_32dev_lanes32.csv
../results/sim_Llama2-7B_mp_32dev_lanesN.csv
../results/sim_Llama2-7B_mp_8dev_lanes32.csv
../results/sim_Llama2-7B_mp_8dev_lanesN.csv
../results/sim_Llama2-7B_pp_16dev_lanes32.csv
../results/sim_Llama2-7B_pp_16dev_lanesN.csv
../results/sim_Llama2-7B_pp_32dev_lanes32.csv
../results/sim_Llama2-7B_pp_32dev_lanesN.csv
../results/sim_Llama2-7B_pp_8dev_lanes32.csv
../results/sim_Llama2-7B_pp_8dev_lanesN.csv
